Copyright 1986-2022 Xilinx, Inc. All Rights Reserved.
-----------------------------------------------------------------------------------------------------------------------------------
| Tool Version : Vivado v.2022.2 (win64) Build 3671981 Fri Oct 14 05:00:03 MDT 2022
| Date         : Sun Sep  6 17:22:16 2026
| Host         : LAPTOP-A7P3RQOS running 64-bit major release  (build 9200)
| Command      : report_methodology -file D:/code/FPGA/vivado/ultra_scalar_top_tcm_xc7z020/reports/impl_ooc_100mhz/methodology.rpt
| Design       : riscv_tcm_top
| Device       : xc7z020clg400-1
| Speed File   : -1
| Design State : Fully Routed
-----------------------------------------------------------------------------------------------------------------------------------

Report Methodology

Table of Contents
-----------------
1. REPORT SUMMARY
2. REPORT DETAILS

1. REPORT SUMMARY
-----------------
            Netlist: riscv_tcm_top
          Floorplan: design_1
      Design limits: <entire design considered>
             Max violations: <unlimited>
             Violations found: 1255
+-----------+----------+-------------------------------------+------------+
| Rule      | Severity | Description                         | Violations |
+-----------+----------+-------------------------------------+------------+
| DPIR-1    | Warning  | Asynchronous driver check           | 135        |
| SYNTH-10  | Warning  | Wide multiplier                     | 4          |
| SYNTH-15  | Warning  | Byte wide write enable not inferred | 16         |
| TIMING-16 | Warning  | Large setup violation               | 748        |
| TIMING-18 | Warning  | Missing input or output delay       | 352        |
+-----------+----------+-------------------------------------+------------+

2. REPORT DETAILS
-----------------
DPIR-1#1 Warning
Asynchronous driver check  
DSP u_core/u_mul/mult_result_w input pin u_core/u_mul/mult_result_w/A[0] is connected to registers with an asynchronous reset. This is preventing the possibility of merging these registers in to the DSP Block since the DSP block registers only possess synchronous reset capability.  It is suggested to recode or change these registers to remove the reset or use a synchronous reset to get the best optimization for performance, power and area.
Related violations: <none>

DPIR-1#2 Warning
Asynchronous driver check  
DSP u_core/u_mul/mult_result_w input pin u_core/u_mul/mult_result_w/A[10] is connected to registers with an asynchronous reset. This is preventing the possibility of merging these registers in to the DSP Block since the DSP block registers only possess synchronous reset capability.  It is suggested to recode or change these registers to remove the reset or use a synchronous reset to get the best optimization for performance, power and area.
Related violations: <none>

DPIR-1#3 Warning
Asynchronous driver check  
DSP u_core/u_mul/mult_result_w input pin u_core/u_mul/mult_result_w/A[11] is connected to registers with an asynchronous reset. This is preventing the possibility of merging these registers in to the DSP Block since the DSP block registers only possess synchronous reset capability.  It is suggested to recode or change these registers to remove the reset or use a synchronous reset to get the best optimization for performance, power and area.
Related violations: <none>

DPIR-1#4 Warning
Asynchronous driver check  
DSP u_core/u_mul/mult_result_w input pin u_core/u_mul/mult_result_w/A[12] is connected to registers with an asynchronous reset. This is preventing the possibility of merging these registers in to the DSP Block since the DSP block registers only possess synchronous reset capability.  It is suggested to recode or change these registers to remove the reset or use a synchronous reset to get the best optimization for performance, power and area.
Related violations: <none>

DPIR-1#5 Warning
Asynchronous driver check  
DSP u_core/u_mul/mult_result_w input pin u_core/u_mul/mult_result_w/A[13] is connected to registers with an asynchronous reset. This is preventing the possibility of merging these registers in to the DSP Block since the DSP block registers only possess synchronous reset capability.  It is suggested to recode or change these registers to remove the reset or use a synchronous reset to get the best optimization for performance, power and area.
Related violations: <none>

DPIR-1#6 Warning
Asynchronous driver check  
DSP u_core/u_mul/mult_result_w input pin u_core/u_mul/mult_result_w/A[14] is connected to registers with an asynchronous reset. This is preventing the possibility of merging these registers in to the DSP Block since the DSP block registers only possess synchronous reset capability.  It is suggested to recode or change these registers to remove the reset or use a synchronous reset to get the best optimization for performance, power and area.
Related violations: <none>

DPIR-1#7 Warning
Asynchronous driver check  
DSP u_core/u_mul/mult_result_w input pin u_core/u_mul/mult_result_w/A[15] is connected to registers with an asynchronous reset. This is preventing the possibility of merging these registers in to the DSP Block since the DSP block registers only possess synchronous reset capability.  It is suggested to recode or change these registers to remove the reset or use a synchronous reset to get the best optimization for performance, power and area.
Related violations: <none>

DPIR-1#8 Warning
Asynchronous driver check  
DSP u_core/u_mul/mult_result_w input pin u_core/u_mul/mult_result_w/A[16] is connected to registers with an asynchronous reset. This is preventing the possibility of merging these registers in to the DSP Block since the DSP block registers only possess synchronous reset capability.  It is suggested to recode or change these registers to remove the reset or use a synchronous reset to get the best optimization for performance, power and area.
Related violations: <none>

DPIR-1#9 Warning
Asynchronous driver check  
DSP u_core/u_mul/mult_result_w input pin u_core/u_mul/mult_result_w/A[1] is connected to registers with an asynchronous reset. This is preventing the possibility of merging these registers in to the DSP Block since the DSP block registers only possess synchronous reset capability.  It is suggested to recode or change these registers to remove the reset or use a synchronous reset to get the best optimization for performance, power and area.
Related violations: <none>

DPIR-1#10 Warning
Asynchronous driver check  
DSP u_core/u_mul/mult_result_w input pin u_core/u_mul/mult_result_w/A[2] is connected to registers with an asynchronous reset. This is preventing the possibility of merging these registers in to the DSP Block since the DSP block registers only possess synchronous reset capability.  It is suggested to recode or change these registers to remove the reset or use a synchronous reset to get the best optimization for performance, power and area.
Related violations: <none>

DPIR-1#11 Warning
Asynchronous driver check  
DSP u_core/u_mul/mult_result_w input pin u_core/u_mul/mult_result_w/A[3] is connected to registers with an asynchronous reset. This is preventing the possibility of merging these registers in to the DSP Block since the DSP block registers only possess synchronous reset capability.  It is suggested to recode or change these registers to remove the reset or use a synchronous reset to get the best optimization for performance, power and area.
Related violations: <none>

DPIR-1#12 Warning
Asynchronous driver check  
DSP u_core/u_mul/mult_result_w input pin u_core/u_mul/mult_result_w/A[4] is connected to registers with an asynchronous reset. This is preventing the possibility of merging these registers in to the DSP Block since the DSP block registers only possess synchronous reset capability.  It is suggested to recode or change these registers to remove the reset or use a synchronous reset to get the best optimization for performance, power and area.
Related violations: <none>

DPIR-1#13 Warning
Asynchronous driver check  
DSP u_core/u_mul/mult_result_w input pin u_core/u_mul/mult_result_w/A[5] is connected to registers with an asynchronous reset. This is preventing the possibility of merging these registers in to the DSP Block since the DSP block registers only possess synchronous reset capability.  It is suggested to recode or change these registers to remove the reset or use a synchronous reset to get the best optimization for performance, power and area.
Related violations: <none>

DPIR-1#14 Warning
Asynchronous driver check  
DSP u_core/u_mul/mult_result_w input pin u_core/u_mul/mult_result_w/A[6] is connected to registers with an asynchronous reset. This is preventing the possibility of merging these registers in to the DSP Block since the DSP block registers only possess synchronous reset capability.  It is suggested to recode or change these registers to remove the reset or use a synchronous reset to get the best optimization for performance, power and area.
Related violations: <none>

DPIR-1#15 Warning
Asynchronous driver check  
DSP u_core/u_mul/mult_result_w input pin u_core/u_mul/mult_result_w/A[7] is connected to registers with an asynchronous reset. This is preventing the possibility of merging these registers in to the DSP Block since the DSP block registers only possess synchronous reset capability.  It is suggested to recode or change these registers to remove the reset or use a synchronous reset to get the best optimization for performance, power and area.
Related violations: <none>

DPIR-1#16 Warning
Asynchronous driver check  
DSP u_core/u_mul/mult_result_w input pin u_core/u_mul/mult_result_w/A[8] is connected to registers with an asynchronous reset. This is preventing the possibility of merging these registers in to the DSP Block since the DSP block registers only possess synchronous reset capability.  It is suggested to recode or change these registers to remove the reset or use a synchronous reset to get the best optimization for performance, power and area.
Related violations: <none>

DPIR-1#17 Warning
Asynchronous driver check  
DSP u_core/u_mul/mult_result_w input pin u_core/u_mul/mult_result_w/A[9] is connected to registers with an asynchronous reset. This is preventing the possibility of merging these registers in to the DSP Block since the DSP block registers only possess synchronous reset capability.  It is suggested to recode or change these registers to remove the reset or use a synchronous reset to get the best optimization for performance, power and area.
Related violations: <none>

DPIR-1#18 Warning
Asynchronous driver check  
DSP u_core/u_mul/mult_result_w input pin u_core/u_mul/mult_result_w/B[0] is connected to registers with an asynchronous reset. This is preventing the possibility of merging these registers in to the DSP Block since the DSP block registers only possess synchronous reset capability.  It is suggested to recode or change these registers to remove the reset or use a synchronous reset to get the best optimization for performance, power and area.
Related violations: <none>

DPIR-1#19 Warning
Asynchronous driver check  
DSP u_core/u_mul/mult_result_w input pin u_core/u_mul/mult_result_w/B[10] is connected to registers with an asynchronous reset. This is preventing the possibility of merging these registers in to the DSP Block since the DSP block registers only possess synchronous reset capability.  It is suggested to recode or change these registers to remove the reset or use a synchronous reset to get the best optimization for performance, power and area.
Related violations: <none>

DPIR-1#20 Warning
Asynchronous driver check  
DSP u_core/u_mul/mult_result_w input pin u_core/u_mul/mult_result_w/B[11] is connected to registers with an asynchronous reset. This is preventing the possibility of merging these registers in to the DSP Block since the DSP block registers only possess synchronous reset capability.  It is suggested to recode or change these registers to remove the reset or use a synchronous reset to get the best optimization for performance, power and area.
Related violations: <none>

DPIR-1#21 Warning
Asynchronous driver check  
DSP u_core/u_mul/mult_result_w input pin u_core/u_mul/mult_result_w/B[12] is connected to registers with an asynchronous reset. This is preventing the possibility of merging these registers in to the DSP Block since the DSP block registers only possess synchronous reset capability.  It is suggested to recode or change these registers to remove the reset or use a synchronous reset to get the best optimization for performance, power and area.
Related violations: <none>

DPIR-1#22 Warning
Asynchronous driver check  
DSP u_core/u_mul/mult_result_w input pin u_core/u_mul/mult_result_w/B[13] is connected to registers with an asynchronous reset. This is preventing the possibility of merging these registers in to the DSP Block since the DSP block registers only possess synchronous reset capability.  It is suggested to recode or change these registers to remove the reset or use a synchronous reset to get the best optimization for performance, power and area.
Related violations: <none>

DPIR-1#23 Warning
Asynchronous driver check  
DSP u_core/u_mul/mult_result_w input pin u_core/u_mul/mult_result_w/B[14] is connected to registers with an asynchronous reset. This is preventing the possibility of merging these registers in to the DSP Block since the DSP block registers only possess synchronous reset capability.  It is suggested to recode or change these registers to remove the reset or use a synchronous reset to get the best optimization for performance, power and area.
Related violations: <none>

DPIR-1#24 Warning
Asynchronous driver check  
DSP u_core/u_mul/mult_result_w input pin u_core/u_mul/mult_result_w/B[15] is connected to registers with an asynchronous reset. This is preventing the possibility of merging these registers in to the DSP Block since the DSP block registers only possess synchronous reset capability.  It is suggested to recode or change these registers to remove the reset or use a synchronous reset to get the best optimization for performance, power and area.
Related violations: <none>

DPIR-1#25 Warning
Asynchronous driver check  
DSP u_core/u_mul/mult_result_w input pin u_core/u_mul/mult_result_w/B[16] is connected to registers with an asynchronous reset. This is preventing the possibility of merging these registers in to the DSP Block since the DSP block registers only possess synchronous reset capability.  It is suggested to recode or change these registers to remove the reset or use a synchronous reset to get the best optimization for performance, power and area.
Related violations: <none>

DPIR-1#26 Warning
Asynchronous driver check  
DSP u_core/u_mul/mult_result_w input pin u_core/u_mul/mult_result_w/B[17] is connected to registers with an asynchronous reset. This is preventing the possibility of merging these registers in to the DSP Block since the DSP block registers only possess synchronous reset capability.  It is suggested to recode or change these registers to remove the reset or use a synchronous reset to get the best optimization for performance, power and area.
Related violations: <none>

DPIR-1#27 Warning
Asynchronous driver check  
DSP u_core/u_mul/mult_result_w input pin u_core/u_mul/mult_result_w/B[1] is connected to registers with an asynchronous reset. This is preventing the possibility of merging these registers in to the DSP Block since the DSP block registers only possess synchronous reset capability.  It is suggested to recode or change these registers to remove the reset or use a synchronous reset to get the best optimization for performance, power and area.
Related violations: <none>

DPIR-1#28 Warning
Asynchronous driver check  
DSP u_core/u_mul/mult_result_w input pin u_core/u_mul/mult_result_w/B[2] is connected to registers with an asynchronous reset. This is preventing the possibility of merging these registers in to the DSP Block since the DSP block registers only possess synchronous reset capability.  It is suggested to recode or change these registers to remove the reset or use a synchronous reset to get the best optimization for performance, power and area.
Related violations: <none>

DPIR-1#29 Warning
Asynchronous driver check  
DSP u_core/u_mul/mult_result_w input pin u_core/u_mul/mult_result_w/B[3] is connected to registers with an asynchronous reset. This is preventing the possibility of merging these registers in to the DSP Block since the DSP block registers only possess synchronous reset capability.  It is suggested to recode or change these registers to remove the reset or use a synchronous reset to get the best optimization for performance, power and area.
Related violations: <none>

DPIR-1#30 Warning
Asynchronous driver check  
DSP u_core/u_mul/mult_result_w input pin u_core/u_mul/mult_result_w/B[4] is connected to registers with an asynchronous reset. This is preventing the possibility of merging these registers in to the DSP Block since the DSP block registers only possess synchronous reset capability.  It is suggested to recode or change these registers to remove the reset or use a synchronous reset to get the best optimization for performance, power and area.
Related violations: <none>

DPIR-1#31 Warning
Asynchronous driver check  
DSP u_core/u_mul/mult_result_w input pin u_core/u_mul/mult_result_w/B[5] is connected to registers with an asynchronous reset. This is preventing the possibility of merging these registers in to the DSP Block since the DSP block registers only possess synchronous reset capability.  It is suggested to recode or change these registers to remove the reset or use a synchronous reset to get the best optimization for performance, power and area.
Related violations: <none>

DPIR-1#32 Warning
Asynchronous driver check  
DSP u_core/u_mul/mult_result_w input pin u_core/u_mul/mult_result_w/B[6] is connected to registers with an asynchronous reset. This is preventing the possibility of merging these registers in to the DSP Block since the DSP block registers only possess synchronous reset capability.  It is suggested to recode or change these registers to remove the reset or use a synchronous reset to get the best optimization for performance, power and area.
Related violations: <none>

DPIR-1#33 Warning
Asynchronous driver check  
DSP u_core/u_mul/mult_result_w input pin u_core/u_mul/mult_result_w/B[7] is connected to registers with an asynchronous reset. This is preventing the possibility of merging these registers in to the DSP Block since the DSP block registers only possess synchronous reset capability.  It is suggested to recode or change these registers to remove the reset or use a synchronous reset to get the best optimization for performance, power and area.
Related violations: <none>

DPIR-1#34 Warning
Asynchronous driver check  
DSP u_core/u_mul/mult_result_w input pin u_core/u_mul/mult_result_w/B[8] is connected to registers with an asynchronous reset. This is preventing the possibility of merging these registers in to the DSP Block since the DSP block registers only possess synchronous reset capability.  It is suggested to recode or change these registers to remove the reset or use a synchronous reset to get the best optimization for performance, power and area.
Related violations: <none>

DPIR-1#35 Warning
Asynchronous driver check  
DSP u_core/u_mul/mult_result_w input pin u_core/u_mul/mult_result_w/B[9] is connected to registers with an asynchronous reset. This is preventing the possibility of merging these registers in to the DSP Block since the DSP block registers only possess synchronous reset capability.  It is suggested to recode or change these registers to remove the reset or use a synchronous reset to get the best optimization for performance, power and area.
Related violations: <none>

DPIR-1#36 Warning
Asynchronous driver check  
DSP u_core/u_mul/mult_result_w__0 input pin u_core/u_mul/mult_result_w__0/A[0] is connected to registers with an asynchronous reset. This is preventing the possibility of merging these registers in to the DSP Block since the DSP block registers only possess synchronous reset capability.  It is suggested to recode or change these registers to remove the reset or use a synchronous reset to get the best optimization for performance, power and area.
Related violations: <none>

DPIR-1#37 Warning
Asynchronous driver check  
DSP u_core/u_mul/mult_result_w__0 input pin u_core/u_mul/mult_result_w__0/A[10] is connected to registers with an asynchronous reset. This is preventing the possibility of merging these registers in to the DSP Block since the DSP block registers only possess synchronous reset capability.  It is suggested to recode or change these registers to remove the reset or use a synchronous reset to get the best optimization for performance, power and area.
Related violations: <none>

DPIR-1#38 Warning
Asynchronous driver check  
DSP u_core/u_mul/mult_result_w__0 input pin u_core/u_mul/mult_result_w__0/A[11] is connected to registers with an asynchronous reset. This is preventing the possibility of merging these registers in to the DSP Block since the DSP block registers only possess synchronous reset capability.  It is suggested to recode or change these registers to remove the reset or use a synchronous reset to get the best optimization for performance, power and area.
Related violations: <none>

DPIR-1#39 Warning
Asynchronous driver check  
DSP u_core/u_mul/mult_result_w__0 input pin u_core/u_mul/mult_result_w__0/A[12] is connected to registers with an asynchronous reset. This is preventing the possibility of merging these registers in to the DSP Block since the DSP block registers only possess synchronous reset capability.  It is suggested to recode or change these registers to remove the reset or use a synchronous reset to get the best optimization for performance, power and area.
Related violations: <none>

DPIR-1#40 Warning
Asynchronous driver check  
DSP u_core/u_mul/mult_result_w__0 input pin u_core/u_mul/mult_result_w__0/A[13] is connected to registers with an asynchronous reset. This is preventing the possibility of merging these registers in to the DSP Block since the DSP block registers only possess synchronous reset capability.  It is suggested to recode or change these registers to remove the reset or use a synchronous reset to get the best optimization for performance, power and area.
Related violations: <none>

DPIR-1#41 Warning
Asynchronous driver check  
DSP u_core/u_mul/mult_result_w__0 input pin u_core/u_mul/mult_result_w__0/A[14] is connected to registers with an asynchronous reset. This is preventing the possibility of merging these registers in to the DSP Block since the DSP block registers only possess synchronous reset capability.  It is suggested to recode or change these registers to remove the reset or use a synchronous reset to get the best optimization for performance, power and area.
Related violations: <none>

DPIR-1#42 Warning
Asynchronous driver check  
DSP u_core/u_mul/mult_result_w__0 input pin u_core/u_mul/mult_result_w__0/A[15] is connected to registers with an asynchronous reset. This is preventing the possibility of merging these registers in to the DSP Block since the DSP block registers only possess synchronous reset capability.  It is suggested to recode or change these registers to remove the reset or use a synchronous reset to get the best optimization for performance, power and area.
Related violations: <none>

DPIR-1#43 Warning
Asynchronous driver check  
DSP u_core/u_mul/mult_result_w__0 input pin u_core/u_mul/mult_result_w__0/A[16] is connected to registers with an asynchronous reset. This is preventing the possibility of merging these registers in to the DSP Block since the DSP block registers only possess synchronous reset capability.  It is suggested to recode or change these registers to remove the reset or use a synchronous reset to get the best optimization for performance, power and area.
Related violations: <none>

DPIR-1#44 Warning
Asynchronous driver check  
DSP u_core/u_mul/mult_result_w__0 input pin u_core/u_mul/mult_result_w__0/A[17] is connected to registers with an asynchronous reset. This is preventing the possibility of merging these registers in to the DSP Block since the DSP block registers only possess synchronous reset capability.  It is suggested to recode or change these registers to remove the reset or use a synchronous reset to get the best optimization for performance, power and area.
Related violations: <none>

DPIR-1#45 Warning
Asynchronous driver check  
DSP u_core/u_mul/mult_result_w__0 input pin u_core/u_mul/mult_result_w__0/A[18] is connected to registers with an asynchronous reset. This is preventing the possibility of merging these registers in to the DSP Block since the DSP block registers only possess synchronous reset capability.  It is suggested to recode or change these registers to remove the reset or use a synchronous reset to get the best optimization for performance, power and area.
Related violations: <none>

DPIR-1#46 Warning
Asynchronous driver check  
DSP u_core/u_mul/mult_result_w__0 input pin u_core/u_mul/mult_result_w__0/A[19] is connected to registers with an asynchronous reset. This is preventing the possibility of merging these registers in to the DSP Block since the DSP block registers only possess synchronous reset capability.  It is suggested to recode or change these registers to remove the reset or use a synchronous reset to get the best optimization for performance, power and area.
Related violations: <none>

DPIR-1#47 Warning
Asynchronous driver check  
DSP u_core/u_mul/mult_result_w__0 input pin u_core/u_mul/mult_result_w__0/A[1] is connected to registers with an asynchronous reset. This is preventing the possibility of merging these registers in to the DSP Block since the DSP block registers only possess synchronous reset capability.  It is suggested to recode or change these registers to remove the reset or use a synchronous reset to get the best optimization for performance, power and area.
Related violations: <none>

DPIR-1#48 Warning
Asynchronous driver check  
DSP u_core/u_mul/mult_result_w__0 input pin u_core/u_mul/mult_result_w__0/A[20] is connected to registers with an asynchronous reset. This is preventing the possibility of merging these registers in to the DSP Block since the DSP block registers only possess synchronous reset capability.  It is suggested to recode or change these registers to remove the reset or use a synchronous reset to get the best optimization for performance, power and area.
Related violations: <none>

DPIR-1#49 Warning
Asynchronous driver check  
DSP u_core/u_mul/mult_result_w__0 input pin u_core/u_mul/mult_result_w__0/A[21] is connected to registers with an asynchronous reset. This is preventing the possibility of merging these registers in to the DSP Block since the DSP block registers only possess synchronous reset capability.  It is suggested to recode or change these registers to remove the reset or use a synchronous reset to get the best optimization for performance, power and area.
Related violations: <none>

DPIR-1#50 Warning
Asynchronous driver check  
DSP u_core/u_mul/mult_result_w__0 input pin u_core/u_mul/mult_result_w__0/A[22] is connected to registers with an asynchronous reset. This is preventing the possibility of merging these registers in to the DSP Block since the DSP block registers only possess synchronous reset capability.  It is suggested to recode or change these registers to remove the reset or use a synchronous reset to get the best optimization for performance, power and area.
Related violations: <none>

DPIR-1#51 Warning
Asynchronous driver check  
DSP u_core/u_mul/mult_result_w__0 input pin u_core/u_mul/mult_result_w__0/A[23] is connected to registers with an asynchronous reset. This is preventing the possibility of merging these registers in to the DSP Block since the DSP block registers only possess synchronous reset capability.  It is suggested to recode or change these registers to remove the reset or use a synchronous reset to get the best optimization for performance, power and area.
Related violations: <none>

DPIR-1#52 Warning
Asynchronous driver check  
DSP u_core/u_mul/mult_result_w__0 input pin u_core/u_mul/mult_result_w__0/A[24] is connected to registers with an asynchronous reset. This is preventing the possibility of merging these registers in to the DSP Block since the DSP block registers only possess synchronous reset capability.  It is suggested to recode or change these registers to remove the reset or use a synchronous reset to get the best optimization for performance, power and area.
Related violations: <none>

DPIR-1#53 Warning
Asynchronous driver check  
DSP u_core/u_mul/mult_result_w__0 input pin u_core/u_mul/mult_result_w__0/A[25] is connected to registers with an asynchronous reset. This is preventing the possibility of merging these registers in to the DSP Block since the DSP block registers only possess synchronous reset capability.  It is suggested to recode or change these registers to remove the reset or use a synchronous reset to get the best optimization for performance, power and area.
Related violations: <none>

DPIR-1#54 Warning
Asynchronous driver check  
DSP u_core/u_mul/mult_result_w__0 input pin u_core/u_mul/mult_result_w__0/A[26] is connected to registers with an asynchronous reset. This is preventing the possibility of merging these registers in to the DSP Block since the DSP block registers only possess synchronous reset capability.  It is suggested to recode or change these registers to remove the reset or use a synchronous reset to get the best optimization for performance, power and area.
Related violations: <none>

DPIR-1#55 Warning
Asynchronous driver check  
DSP u_core/u_mul/mult_result_w__0 input pin u_core/u_mul/mult_result_w__0/A[27] is connected to registers with an asynchronous reset. This is preventing the possibility of merging these registers in to the DSP Block since the DSP block registers only possess synchronous reset capability.  It is suggested to recode or change these registers to remove the reset or use a synchronous reset to get the best optimization for performance, power and area.
Related violations: <none>

DPIR-1#56 Warning
Asynchronous driver check  
DSP u_core/u_mul/mult_result_w__0 input pin u_core/u_mul/mult_result_w__0/A[28] is connected to registers with an asynchronous reset. This is preventing the possibility of merging these registers in to the DSP Block since the DSP block registers only possess synchronous reset capability.  It is suggested to recode or change these registers to remove the reset or use a synchronous reset to get the best optimization for performance, power and area.
Related violations: <none>

DPIR-1#57 Warning
Asynchronous driver check  
DSP u_core/u_mul/mult_result_w__0 input pin u_core/u_mul/mult_result_w__0/A[29] is connected to registers with an asynchronous reset. This is preventing the possibility of merging these registers in to the DSP Block since the DSP block registers only possess synchronous reset capability.  It is suggested to recode or change these registers to remove the reset or use a synchronous reset to get the best optimization for performance, power and area.
Related violations: <none>

DPIR-1#58 Warning
Asynchronous driver check  
DSP u_core/u_mul/mult_result_w__0 input pin u_core/u_mul/mult_result_w__0/A[2] is connected to registers with an asynchronous reset. This is preventing the possibility of merging these registers in to the DSP Block since the DSP block registers only possess synchronous reset capability.  It is suggested to recode or change these registers to remove the reset or use a synchronous reset to get the best optimization for performance, power and area.
Related violations: <none>

DPIR-1#59 Warning
Asynchronous driver check  
DSP u_core/u_mul/mult_result_w__0 input pin u_core/u_mul/mult_result_w__0/A[3] is connected to registers with an asynchronous reset. This is preventing the possibility of merging these registers in to the DSP Block since the DSP block registers only possess synchronous reset capability.  It is suggested to recode or change these registers to remove the reset or use a synchronous reset to get the best optimization for performance, power and area.
Related violations: <none>

DPIR-1#60 Warning
Asynchronous driver check  
DSP u_core/u_mul/mult_result_w__0 input pin u_core/u_mul/mult_result_w__0/A[4] is connected to registers with an asynchronous reset. This is preventing the possibility of merging these registers in to the DSP Block since the DSP block registers only possess synchronous reset capability.  It is suggested to recode or change these registers to remove the reset or use a synchronous reset to get the best optimization for performance, power and area.
Related violations: <none>

DPIR-1#61 Warning
Asynchronous driver check  
DSP u_core/u_mul/mult_result_w__0 input pin u_core/u_mul/mult_result_w__0/A[5] is connected to registers with an asynchronous reset. This is preventing the possibility of merging these registers in to the DSP Block since the DSP block registers only possess synchronous reset capability.  It is suggested to recode or change these registers to remove the reset or use a synchronous reset to get the best optimization for performance, power and area.
Related violations: <none>

DPIR-1#62 Warning
Asynchronous driver check  
DSP u_core/u_mul/mult_result_w__0 input pin u_core/u_mul/mult_result_w__0/A[6] is connected to registers with an asynchronous reset. This is preventing the possibility of merging these registers in to the DSP Block since the DSP block registers only possess synchronous reset capability.  It is suggested to recode or change these registers to remove the reset or use a synchronous reset to get the best optimization for performance, power and area.
Related violations: <none>

DPIR-1#63 Warning
Asynchronous driver check  
DSP u_core/u_mul/mult_result_w__0 input pin u_core/u_mul/mult_result_w__0/A[7] is connected to registers with an asynchronous reset. This is preventing the possibility of merging these registers in to the DSP Block since the DSP block registers only possess synchronous reset capability.  It is suggested to recode or change these registers to remove the reset or use a synchronous reset to get the best optimization for performance, power and area.
Related violations: <none>

DPIR-1#64 Warning
Asynchronous driver check  
DSP u_core/u_mul/mult_result_w__0 input pin u_core/u_mul/mult_result_w__0/A[8] is connected to registers with an asynchronous reset. This is preventing the possibility of merging these registers in to the DSP Block since the DSP block registers only possess synchronous reset capability.  It is suggested to recode or change these registers to remove the reset or use a synchronous reset to get the best optimization for performance, power and area.
Related violations: <none>

DPIR-1#65 Warning
Asynchronous driver check  
DSP u_core/u_mul/mult_result_w__0 input pin u_core/u_mul/mult_result_w__0/A[9] is connected to registers with an asynchronous reset. This is preventing the possibility of merging these registers in to the DSP Block since the DSP block registers only possess synchronous reset capability.  It is suggested to recode or change these registers to remove the reset or use a synchronous reset to get the best optimization for performance, power and area.
Related violations: <none>

DPIR-1#66 Warning
Asynchronous driver check  
DSP u_core/u_mul/mult_result_w__0 input pin u_core/u_mul/mult_result_w__0/B[0] is connected to registers with an asynchronous reset. This is preventing the possibility of merging these registers in to the DSP Block since the DSP block registers only possess synchronous reset capability.  It is suggested to recode or change these registers to remove the reset or use a synchronous reset to get the best optimization for performance, power and area.
Related violations: <none>

DPIR-1#67 Warning
Asynchronous driver check  
DSP u_core/u_mul/mult_result_w__0 input pin u_core/u_mul/mult_result_w__0/B[10] is connected to registers with an asynchronous reset. This is preventing the possibility of merging these registers in to the DSP Block since the DSP block registers only possess synchronous reset capability.  It is suggested to recode or change these registers to remove the reset or use a synchronous reset to get the best optimization for performance, power and area.
Related violations: <none>

DPIR-1#68 Warning
Asynchronous driver check  
DSP u_core/u_mul/mult_result_w__0 input pin u_core/u_mul/mult_result_w__0/B[11] is connected to registers with an asynchronous reset. This is preventing the possibility of merging these registers in to the DSP Block since the DSP block registers only possess synchronous reset capability.  It is suggested to recode or change these registers to remove the reset or use a synchronous reset to get the best optimization for performance, power and area.
Related violations: <none>

DPIR-1#69 Warning
Asynchronous driver check  
DSP u_core/u_mul/mult_result_w__0 input pin u_core/u_mul/mult_result_w__0/B[12] is connected to registers with an asynchronous reset. This is preventing the possibility of merging these registers in to the DSP Block since the DSP block registers only possess synchronous reset capability.  It is suggested to recode or change these registers to remove the reset or use a synchronous reset to get the best optimization for performance, power and area.
Related violations: <none>

DPIR-1#70 Warning
Asynchronous driver check  
DSP u_core/u_mul/mult_result_w__0 input pin u_core/u_mul/mult_result_w__0/B[13] is connected to registers with an asynchronous reset. This is preventing the possibility of merging these registers in to the DSP Block since the DSP block registers only possess synchronous reset capability.  It is suggested to recode or change these registers to remove the reset or use a synchronous reset to get the best optimization for performance, power and area.
Related violations: <none>

DPIR-1#71 Warning
Asynchronous driver check  
DSP u_core/u_mul/mult_result_w__0 input pin u_core/u_mul/mult_result_w__0/B[14] is connected to registers with an asynchronous reset. This is preventing the possibility of merging these registers in to the DSP Block since the DSP block registers only possess synchronous reset capability.  It is suggested to recode or change these registers to remove the reset or use a synchronous reset to get the best optimization for performance, power and area.
Related violations: <none>

DPIR-1#72 Warning
Asynchronous driver check  
DSP u_core/u_mul/mult_result_w__0 input pin u_core/u_mul/mult_result_w__0/B[15] is connected to registers with an asynchronous reset. This is preventing the possibility of merging these registers in to the DSP Block since the DSP block registers only possess synchronous reset capability.  It is suggested to recode or change these registers to remove the reset or use a synchronous reset to get the best optimization for performance, power and area.
Related violations: <none>

DPIR-1#73 Warning
Asynchronous driver check  
DSP u_core/u_mul/mult_result_w__0 input pin u_core/u_mul/mult_result_w__0/B[16] is connected to registers with an asynchronous reset. This is preventing the possibility of merging these registers in to the DSP Block since the DSP block registers only possess synchronous reset capability.  It is suggested to recode or change these registers to remove the reset or use a synchronous reset to get the best optimization for performance, power and area.
Related violations: <none>

DPIR-1#74 Warning
Asynchronous driver check  
DSP u_core/u_mul/mult_result_w__0 input pin u_core/u_mul/mult_result_w__0/B[17] is connected to registers with an asynchronous reset. This is preventing the possibility of merging these registers in to the DSP Block since the DSP block registers only possess synchronous reset capability.  It is suggested to recode or change these registers to remove the reset or use a synchronous reset to get the best optimization for performance, power and area.
Related violations: <none>

DPIR-1#75 Warning
Asynchronous driver check  
DSP u_core/u_mul/mult_result_w__0 input pin u_core/u_mul/mult_result_w__0/B[1] is connected to registers with an asynchronous reset. This is preventing the possibility of merging these registers in to the DSP Block since the DSP block registers only possess synchronous reset capability.  It is suggested to recode or change these registers to remove the reset or use a synchronous reset to get the best optimization for performance, power and area.
Related violations: <none>

DPIR-1#76 Warning
Asynchronous driver check  
DSP u_core/u_mul/mult_result_w__0 input pin u_core/u_mul/mult_result_w__0/B[2] is connected to registers with an asynchronous reset. This is preventing the possibility of merging these registers in to the DSP Block since the DSP block registers only possess synchronous reset capability.  It is suggested to recode or change these registers to remove the reset or use a synchronous reset to get the best optimization for performance, power and area.
Related violations: <none>

DPIR-1#77 Warning
Asynchronous driver check  
DSP u_core/u_mul/mult_result_w__0 input pin u_core/u_mul/mult_result_w__0/B[3] is connected to registers with an asynchronous reset. This is preventing the possibility of merging these registers in to the DSP Block since the DSP block registers only possess synchronous reset capability.  It is suggested to recode or change these registers to remove the reset or use a synchronous reset to get the best optimization for performance, power and area.
Related violations: <none>

DPIR-1#78 Warning
Asynchronous driver check  
DSP u_core/u_mul/mult_result_w__0 input pin u_core/u_mul/mult_result_w__0/B[4] is connected to registers with an asynchronous reset. This is preventing the possibility of merging these registers in to the DSP Block since the DSP block registers only possess synchronous reset capability.  It is suggested to recode or change these registers to remove the reset or use a synchronous reset to get the best optimization for performance, power and area.
Related violations: <none>

DPIR-1#79 Warning
Asynchronous driver check  
DSP u_core/u_mul/mult_result_w__0 input pin u_core/u_mul/mult_result_w__0/B[5] is connected to registers with an asynchronous reset. This is preventing the possibility of merging these registers in to the DSP Block since the DSP block registers only possess synchronous reset capability.  It is suggested to recode or change these registers to remove the reset or use a synchronous reset to get the best optimization for performance, power and area.
Related violations: <none>

DPIR-1#80 Warning
Asynchronous driver check  
DSP u_core/u_mul/mult_result_w__0 input pin u_core/u_mul/mult_result_w__0/B[6] is connected to registers with an asynchronous reset. This is preventing the possibility of merging these registers in to the DSP Block since the DSP block registers only possess synchronous reset capability.  It is suggested to recode or change these registers to remove the reset or use a synchronous reset to get the best optimization for performance, power and area.
Related violations: <none>

DPIR-1#81 Warning
Asynchronous driver check  
DSP u_core/u_mul/mult_result_w__0 input pin u_core/u_mul/mult_result_w__0/B[7] is connected to registers with an asynchronous reset. This is preventing the possibility of merging these registers in to the DSP Block since the DSP block registers only possess synchronous reset capability.  It is suggested to recode or change these registers to remove the reset or use a synchronous reset to get the best optimization for performance, power and area.
Related violations: <none>

DPIR-1#82 Warning
Asynchronous driver check  
DSP u_core/u_mul/mult_result_w__0 input pin u_core/u_mul/mult_result_w__0/B[8] is connected to registers with an asynchronous reset. This is preventing the possibility of merging these registers in to the DSP Block since the DSP block registers only possess synchronous reset capability.  It is suggested to recode or change these registers to remove the reset or use a synchronous reset to get the best optimization for performance, power and area.
Related violations: <none>

DPIR-1#83 Warning
Asynchronous driver check  
DSP u_core/u_mul/mult_result_w__0 input pin u_core/u_mul/mult_result_w__0/B[9] is connected to registers with an asynchronous reset. This is preventing the possibility of merging these registers in to the DSP Block since the DSP block registers only possess synchronous reset capability.  It is suggested to recode or change these registers to remove the reset or use a synchronous reset to get the best optimization for performance, power and area.
Related violations: <none>

DPIR-1#84 Warning
Asynchronous driver check  
DSP u_core/u_mul/mult_result_w__1 input pin u_core/u_mul/mult_result_w__1/A[0] is connected to registers with an asynchronous reset. This is preventing the possibility of merging these registers in to the DSP Block since the DSP block registers only possess synchronous reset capability.  It is suggested to recode or change these registers to remove the reset or use a synchronous reset to get the best optimization for performance, power and area.
Related violations: <none>

DPIR-1#85 Warning
Asynchronous driver check  
DSP u_core/u_mul/mult_result_w__1 input pin u_core/u_mul/mult_result_w__1/A[10] is connected to registers with an asynchronous reset. This is preventing the possibility of merging these registers in to the DSP Block since the DSP block registers only possess synchronous reset capability.  It is suggested to recode or change these registers to remove the reset or use a synchronous reset to get the best optimization for performance, power and area.
Related violations: <none>

DPIR-1#86 Warning
Asynchronous driver check  
DSP u_core/u_mul/mult_result_w__1 input pin u_core/u_mul/mult_result_w__1/A[11] is connected to registers with an asynchronous reset. This is preventing the possibility of merging these registers in to the DSP Block since the DSP block registers only possess synchronous reset capability.  It is suggested to recode or change these registers to remove the reset or use a synchronous reset to get the best optimization for performance, power and area.
Related violations: <none>

DPIR-1#87 Warning
Asynchronous driver check  
DSP u_core/u_mul/mult_result_w__1 input pin u_core/u_mul/mult_result_w__1/A[12] is connected to registers with an asynchronous reset. This is preventing the possibility of merging these registers in to the DSP Block since the DSP block registers only possess synchronous reset capability.  It is suggested to recode or change these registers to remove the reset or use a synchronous reset to get the best optimization for performance, power and area.
Related violations: <none>

DPIR-1#88 Warning
Asynchronous driver check  
DSP u_core/u_mul/mult_result_w__1 input pin u_core/u_mul/mult_result_w__1/A[13] is connected to registers with an asynchronous reset. This is preventing the possibility of merging these registers in to the DSP Block since the DSP block registers only possess synchronous reset capability.  It is suggested to recode or change these registers to remove the reset or use a synchronous reset to get the best optimization for performance, power and area.
Related violations: <none>

DPIR-1#89 Warning
Asynchronous driver check  
DSP u_core/u_mul/mult_result_w__1 input pin u_core/u_mul/mult_result_w__1/A[14] is connected to registers with an asynchronous reset. This is preventing the possibility of merging these registers in to the DSP Block since the DSP block registers only possess synchronous reset capability.  It is suggested to recode or change these registers to remove the reset or use a synchronous reset to get the best optimization for performance, power and area.
Related violations: <none>

DPIR-1#90 Warning
Asynchronous driver check  
DSP u_core/u_mul/mult_result_w__1 input pin u_core/u_mul/mult_result_w__1/A[15] is connected to registers with an asynchronous reset. This is preventing the possibility of merging these registers in to the DSP Block since the DSP block registers only possess synchronous reset capability.  It is suggested to recode or change these registers to remove the reset or use a synchronous reset to get the best optimization for performance, power and area.
Related violations: <none>

DPIR-1#91 Warning
Asynchronous driver check  
DSP u_core/u_mul/mult_result_w__1 input pin u_core/u_mul/mult_result_w__1/A[16] is connected to registers with an asynchronous reset. This is preventing the possibility of merging these registers in to the DSP Block since the DSP block registers only possess synchronous reset capability.  It is suggested to recode or change these registers to remove the reset or use a synchronous reset to get the best optimization for performance, power and area.
Related violations: <none>

DPIR-1#92 Warning
Asynchronous driver check  
DSP u_core/u_mul/mult_result_w__1 input pin u_core/u_mul/mult_result_w__1/A[1] is connected to registers with an asynchronous reset. This is preventing the possibility of merging these registers in to the DSP Block since the DSP block registers only possess synchronous reset capability.  It is suggested to recode or change these registers to remove the reset or use a synchronous reset to get the best optimization for performance, power and area.
Related violations: <none>

DPIR-1#93 Warning
Asynchronous driver check  
DSP u_core/u_mul/mult_result_w__1 input pin u_core/u_mul/mult_result_w__1/A[2] is connected to registers with an asynchronous reset. This is preventing the possibility of merging these registers in to the DSP Block since the DSP block registers only possess synchronous reset capability.  It is suggested to recode or change these registers to remove the reset or use a synchronous reset to get the best optimization for performance, power and area.
Related violations: <none>

DPIR-1#94 Warning
Asynchronous driver check  
DSP u_core/u_mul/mult_result_w__1 input pin u_core/u_mul/mult_result_w__1/A[3] is connected to registers with an asynchronous reset. This is preventing the possibility of merging these registers in to the DSP Block since the DSP block registers only possess synchronous reset capability.  It is suggested to recode or change these registers to remove the reset or use a synchronous reset to get the best optimization for performance, power and area.
Related violations: <none>

DPIR-1#95 Warning
Asynchronous driver check  
DSP u_core/u_mul/mult_result_w__1 input pin u_core/u_mul/mult_result_w__1/A[4] is connected to registers with an asynchronous reset. This is preventing the possibility of merging these registers in to the DSP Block since the DSP block registers only possess synchronous reset capability.  It is suggested to recode or change these registers to remove the reset or use a synchronous reset to get the best optimization for performance, power and area.
Related violations: <none>

DPIR-1#96 Warning
Asynchronous driver check  
DSP u_core/u_mul/mult_result_w__1 input pin u_core/u_mul/mult_result_w__1/A[5] is connected to registers with an asynchronous reset. This is preventing the possibility of merging these registers in to the DSP Block since the DSP block registers only possess synchronous reset capability.  It is suggested to recode or change these registers to remove the reset or use a synchronous reset to get the best optimization for performance, power and area.
Related violations: <none>

DPIR-1#97 Warning
Asynchronous driver check  
DSP u_core/u_mul/mult_result_w__1 input pin u_core/u_mul/mult_result_w__1/A[6] is connected to registers with an asynchronous reset. This is preventing the possibility of merging these registers in to the DSP Block since the DSP block registers only possess synchronous reset capability.  It is suggested to recode or change these registers to remove the reset or use a synchronous reset to get the best optimization for performance, power and area.
Related violations: <none>

DPIR-1#98 Warning
Asynchronous driver check  
DSP u_core/u_mul/mult_result_w__1 input pin u_core/u_mul/mult_result_w__1/A[7] is connected to registers with an asynchronous reset. This is preventing the possibility of merging these registers in to the DSP Block since the DSP block registers only possess synchronous reset capability.  It is suggested to recode or change these registers to remove the reset or use a synchronous reset to get the best optimization for performance, power and area.
Related violations: <none>

DPIR-1#99 Warning
Asynchronous driver check  
DSP u_core/u_mul/mult_result_w__1 input pin u_core/u_mul/mult_result_w__1/A[8] is connected to registers with an asynchronous reset. This is preventing the possibility of merging these registers in to the DSP Block since the DSP block registers only possess synchronous reset capability.  It is suggested to recode or change these registers to remove the reset or use a synchronous reset to get the best optimization for performance, power and area.
Related violations: <none>

DPIR-1#100 Warning
Asynchronous driver check  
DSP u_core/u_mul/mult_result_w__1 input pin u_core/u_mul/mult_result_w__1/A[9] is connected to registers with an asynchronous reset. This is preventing the possibility of merging these registers in to the DSP Block since the DSP block registers only possess synchronous reset capability.  It is suggested to recode or change these registers to remove the reset or use a synchronous reset to get the best optimization for performance, power and area.
Related violations: <none>

DPIR-1#101 Warning
Asynchronous driver check  
DSP u_core/u_mul/mult_result_w__1 input pin u_core/u_mul/mult_result_w__1/B[0] is connected to registers with an asynchronous reset. This is preventing the possibility of merging these registers in to the DSP Block since the DSP block registers only possess synchronous reset capability.  It is suggested to recode or change these registers to remove the reset or use a synchronous reset to get the best optimization for performance, power and area.
Related violations: <none>

DPIR-1#102 Warning
Asynchronous driver check  
DSP u_core/u_mul/mult_result_w__1 input pin u_core/u_mul/mult_result_w__1/B[10] is connected to registers with an asynchronous reset. This is preventing the possibility of merging these registers in to the DSP Block since the DSP block registers only possess synchronous reset capability.  It is suggested to recode or change these registers to remove the reset or use a synchronous reset to get the best optimization for performance, power and area.
Related violations: <none>

DPIR-1#103 Warning
Asynchronous driver check  
DSP u_core/u_mul/mult_result_w__1 input pin u_core/u_mul/mult_result_w__1/B[11] is connected to registers with an asynchronous reset. This is preventing the possibility of merging these registers in to the DSP Block since the DSP block registers only possess synchronous reset capability.  It is suggested to recode or change these registers to remove the reset or use a synchronous reset to get the best optimization for performance, power and area.
Related violations: <none>

DPIR-1#104 Warning
Asynchronous driver check  
DSP u_core/u_mul/mult_result_w__1 input pin u_core/u_mul/mult_result_w__1/B[12] is connected to registers with an asynchronous reset. This is preventing the possibility of merging these registers in to the DSP Block since the DSP block registers only possess synchronous reset capability.  It is suggested to recode or change these registers to remove the reset or use a synchronous reset to get the best optimization for performance, power and area.
Related violations: <none>

DPIR-1#105 Warning
Asynchronous driver check  
DSP u_core/u_mul/mult_result_w__1 input pin u_core/u_mul/mult_result_w__1/B[13] is connected to registers with an asynchronous reset. This is preventing the possibility of merging these registers in to the DSP Block since the DSP block registers only possess synchronous reset capability.  It is suggested to recode or change these registers to remove the reset or use a synchronous reset to get the best optimization for performance, power and area.
Related violations: <none>

DPIR-1#106 Warning
Asynchronous driver check  
DSP u_core/u_mul/mult_result_w__1 input pin u_core/u_mul/mult_result_w__1/B[14] is connected to registers with an asynchronous reset. This is preventing the possibility of merging these registers in to the DSP Block since the DSP block registers only possess synchronous reset capability.  It is suggested to recode or change these registers to remove the reset or use a synchronous reset to get the best optimization for performance, power and area.
Related violations: <none>

DPIR-1#107 Warning
Asynchronous driver check  
DSP u_core/u_mul/mult_result_w__1 input pin u_core/u_mul/mult_result_w__1/B[15] is connected to registers with an asynchronous reset. This is preventing the possibility of merging these registers in to the DSP Block since the DSP block registers only possess synchronous reset capability.  It is suggested to recode or change these registers to remove the reset or use a synchronous reset to get the best optimization for performance, power and area.
Related violations: <none>

DPIR-1#108 Warning
Asynchronous driver check  
DSP u_core/u_mul/mult_result_w__1 input pin u_core/u_mul/mult_result_w__1/B[16] is connected to registers with an asynchronous reset. This is preventing the possibility of merging these registers in to the DSP Block since the DSP block registers only possess synchronous reset capability.  It is suggested to recode or change these registers to remove the reset or use a synchronous reset to get the best optimization for performance, power and area.
Related violations: <none>

DPIR-1#109 Warning
Asynchronous driver check  
DSP u_core/u_mul/mult_result_w__1 input pin u_core/u_mul/mult_result_w__1/B[1] is connected to registers with an asynchronous reset. This is preventing the possibility of merging these registers in to the DSP Block since the DSP block registers only possess synchronous reset capability.  It is suggested to recode or change these registers to remove the reset or use a synchronous reset to get the best optimization for performance, power and area.
Related violations: <none>

DPIR-1#110 Warning
Asynchronous driver check  
DSP u_core/u_mul/mult_result_w__1 input pin u_core/u_mul/mult_result_w__1/B[2] is connected to registers with an asynchronous reset. This is preventing the possibility of merging these registers in to the DSP Block since the DSP block registers only possess synchronous reset capability.  It is suggested to recode or change these registers to remove the reset or use a synchronous reset to get the best optimization for performance, power and area.
Related violations: <none>

DPIR-1#111 Warning
Asynchronous driver check  
DSP u_core/u_mul/mult_result_w__1 input pin u_core/u_mul/mult_result_w__1/B[3] is connected to registers with an asynchronous reset. This is preventing the possibility of merging these registers in to the DSP Block since the DSP block registers only possess synchronous reset capability.  It is suggested to recode or change these registers to remove the reset or use a synchronous reset to get the best optimization for performance, power and area.
Related violations: <none>

DPIR-1#112 Warning
Asynchronous driver check  
DSP u_core/u_mul/mult_result_w__1 input pin u_core/u_mul/mult_result_w__1/B[4] is connected to registers with an asynchronous reset. This is preventing the possibility of merging these registers in to the DSP Block since the DSP block registers only possess synchronous reset capability.  It is suggested to recode or change these registers to remove the reset or use a synchronous reset to get the best optimization for performance, power and area.
Related violations: <none>

DPIR-1#113 Warning
Asynchronous driver check  
DSP u_core/u_mul/mult_result_w__1 input pin u_core/u_mul/mult_result_w__1/B[5] is connected to registers with an asynchronous reset. This is preventing the possibility of merging these registers in to the DSP Block since the DSP block registers only possess synchronous reset capability.  It is suggested to recode or change these registers to remove the reset or use a synchronous reset to get the best optimization for performance, power and area.
Related violations: <none>

DPIR-1#114 Warning
Asynchronous driver check  
DSP u_core/u_mul/mult_result_w__1 input pin u_core/u_mul/mult_result_w__1/B[6] is connected to registers with an asynchronous reset. This is preventing the possibility of merging these registers in to the DSP Block since the DSP block registers only possess synchronous reset capability.  It is suggested to recode or change these registers to remove the reset or use a synchronous reset to get the best optimization for performance, power and area.
Related violations: <none>

DPIR-1#115 Warning
Asynchronous driver check  
DSP u_core/u_mul/mult_result_w__1 input pin u_core/u_mul/mult_result_w__1/B[7] is connected to registers with an asynchronous reset. This is preventing the possibility of merging these registers in to the DSP Block since the DSP block registers only possess synchronous reset capability.  It is suggested to recode or change these registers to remove the reset or use a synchronous reset to get the best optimization for performance, power and area.
Related violations: <none>

DPIR-1#116 Warning
Asynchronous driver check  
DSP u_core/u_mul/mult_result_w__1 input pin u_core/u_mul/mult_result_w__1/B[8] is connected to registers with an asynchronous reset. This is preventing the possibility of merging these registers in to the DSP Block since the DSP block registers only possess synchronous reset capability.  It is suggested to recode or change these registers to remove the reset or use a synchronous reset to get the best optimization for performance, power and area.
Related violations: <none>

DPIR-1#117 Warning
Asynchronous driver check  
DSP u_core/u_mul/mult_result_w__1 input pin u_core/u_mul/mult_result_w__1/B[9] is connected to registers with an asynchronous reset. This is preventing the possibility of merging these registers in to the DSP Block since the DSP block registers only possess synchronous reset capability.  It is suggested to recode or change these registers to remove the reset or use a synchronous reset to get the best optimization for performance, power and area.
Related violations: <none>

DPIR-1#118 Warning
Asynchronous driver check  
DSP u_core/u_mul/mult_result_w__2 input pin u_core/u_mul/mult_result_w__2/B[0] is connected to registers with an asynchronous reset. This is preventing the possibility of merging these registers in to the DSP Block since the DSP block registers only possess synchronous reset capability.  It is suggested to recode or change these registers to remove the reset or use a synchronous reset to get the best optimization for performance, power and area.
Related violations: <none>

DPIR-1#119 Warning
Asynchronous driver check  
DSP u_core/u_mul/mult_result_w__2 input pin u_core/u_mul/mult_result_w__2/B[10] is connected to registers with an asynchronous reset. This is preventing the possibility of merging these registers in to the DSP Block since the DSP block registers only possess synchronous reset capability.  It is suggested to recode or change these registers to remove the reset or use a synchronous reset to get the best optimization for performance, power and area.
Related violations: <none>

DPIR-1#120 Warning
Asynchronous driver check  
DSP u_core/u_mul/mult_result_w__2 input pin u_core/u_mul/mult_result_w__2/B[11] is connected to registers with an asynchronous reset. This is preventing the possibility of merging these registers in to the DSP Block since the DSP block registers only possess synchronous reset capability.  It is suggested to recode or change these registers to remove the reset or use a synchronous reset to get the best optimization for performance, power and area.
Related violations: <none>

DPIR-1#121 Warning
Asynchronous driver check  
DSP u_core/u_mul/mult_result_w__2 input pin u_core/u_mul/mult_result_w__2/B[12] is connected to registers with an asynchronous reset. This is preventing the possibility of merging these registers in to the DSP Block since the DSP block registers only possess synchronous reset capability.  It is suggested to recode or change these registers to remove the reset or use a synchronous reset to get the best optimization for performance, power and area.
Related violations: <none>

DPIR-1#122 Warning
Asynchronous driver check  
DSP u_core/u_mul/mult_result_w__2 input pin u_core/u_mul/mult_result_w__2/B[13] is connected to registers with an asynchronous reset. This is preventing the possibility of merging these registers in to the DSP Block since the DSP block registers only possess synchronous reset capability.  It is suggested to recode or change these registers to remove the reset or use a synchronous reset to get the best optimization for performance, power and area.
Related violations: <none>

DPIR-1#123 Warning
Asynchronous driver check  
DSP u_core/u_mul/mult_result_w__2 input pin u_core/u_mul/mult_result_w__2/B[14] is connected to registers with an asynchronous reset. This is preventing the possibility of merging these registers in to the DSP Block since the DSP block registers only possess synchronous reset capability.  It is suggested to recode or change these registers to remove the reset or use a synchronous reset to get the best optimization for performance, power and area.
Related violations: <none>

DPIR-1#124 Warning
Asynchronous driver check  
DSP u_core/u_mul/mult_result_w__2 input pin u_core/u_mul/mult_result_w__2/B[15] is connected to registers with an asynchronous reset. This is preventing the possibility of merging these registers in to the DSP Block since the DSP block registers only possess synchronous reset capability.  It is suggested to recode or change these registers to remove the reset or use a synchronous reset to get the best optimization for performance, power and area.
Related violations: <none>

DPIR-1#125 Warning
Asynchronous driver check  
DSP u_core/u_mul/mult_result_w__2 input pin u_core/u_mul/mult_result_w__2/B[16] is connected to registers with an asynchronous reset. This is preventing the possibility of merging these registers in to the DSP Block since the DSP block registers only possess synchronous reset capability.  It is suggested to recode or change these registers to remove the reset or use a synchronous reset to get the best optimization for performance, power and area.
Related violations: <none>

DPIR-1#126 Warning
Asynchronous driver check  
DSP u_core/u_mul/mult_result_w__2 input pin u_core/u_mul/mult_result_w__2/B[17] is connected to registers with an asynchronous reset. This is preventing the possibility of merging these registers in to the DSP Block since the DSP block registers only possess synchronous reset capability.  It is suggested to recode or change these registers to remove the reset or use a synchronous reset to get the best optimization for performance, power and area.
Related violations: <none>

DPIR-1#127 Warning
Asynchronous driver check  
DSP u_core/u_mul/mult_result_w__2 input pin u_core/u_mul/mult_result_w__2/B[1] is connected to registers with an asynchronous reset. This is preventing the possibility of merging these registers in to the DSP Block since the DSP block registers only possess synchronous reset capability.  It is suggested to recode or change these registers to remove the reset or use a synchronous reset to get the best optimization for performance, power and area.
Related violations: <none>

DPIR-1#128 Warning
Asynchronous driver check  
DSP u_core/u_mul/mult_result_w__2 input pin u_core/u_mul/mult_result_w__2/B[2] is connected to registers with an asynchronous reset. This is preventing the possibility of merging these registers in to the DSP Block since the DSP block registers only possess synchronous reset capability.  It is suggested to recode or change these registers to remove the reset or use a synchronous reset to get the best optimization for performance, power and area.
Related violations: <none>

DPIR-1#129 Warning
Asynchronous driver check  
DSP u_core/u_mul/mult_result_w__2 input pin u_core/u_mul/mult_result_w__2/B[3] is connected to registers with an asynchronous reset. This is preventing the possibility of merging these registers in to the DSP Block since the DSP block registers only possess synchronous reset capability.  It is suggested to recode or change these registers to remove the reset or use a synchronous reset to get the best optimization for performance, power and area.
Related violations: <none>

DPIR-1#130 Warning
Asynchronous driver check  
DSP u_core/u_mul/mult_result_w__2 input pin u_core/u_mul/mult_result_w__2/B[4] is connected to registers with an asynchronous reset. This is preventing the possibility of merging these registers in to the DSP Block since the DSP block registers only possess synchronous reset capability.  It is suggested to recode or change these registers to remove the reset or use a synchronous reset to get the best optimization for performance, power and area.
Related violations: <none>

DPIR-1#131 Warning
Asynchronous driver check  
DSP u_core/u_mul/mult_result_w__2 input pin u_core/u_mul/mult_result_w__2/B[5] is connected to registers with an asynchronous reset. This is preventing the possibility of merging these registers in to the DSP Block since the DSP block registers only possess synchronous reset capability.  It is suggested to recode or change these registers to remove the reset or use a synchronous reset to get the best optimization for performance, power and area.
Related violations: <none>

DPIR-1#132 Warning
Asynchronous driver check  
DSP u_core/u_mul/mult_result_w__2 input pin u_core/u_mul/mult_result_w__2/B[6] is connected to registers with an asynchronous reset. This is preventing the possibility of merging these registers in to the DSP Block since the DSP block registers only possess synchronous reset capability.  It is suggested to recode or change these registers to remove the reset or use a synchronous reset to get the best optimization for performance, power and area.
Related violations: <none>

DPIR-1#133 Warning
Asynchronous driver check  
DSP u_core/u_mul/mult_result_w__2 input pin u_core/u_mul/mult_result_w__2/B[7] is connected to registers with an asynchronous reset. This is preventing the possibility of merging these registers in to the DSP Block since the DSP block registers only possess synchronous reset capability.  It is suggested to recode or change these registers to remove the reset or use a synchronous reset to get the best optimization for performance, power and area.
Related violations: <none>

DPIR-1#134 Warning
Asynchronous driver check  
DSP u_core/u_mul/mult_result_w__2 input pin u_core/u_mul/mult_result_w__2/B[8] is connected to registers with an asynchronous reset. This is preventing the possibility of merging these registers in to the DSP Block since the DSP block registers only possess synchronous reset capability.  It is suggested to recode or change these registers to remove the reset or use a synchronous reset to get the best optimization for performance, power and area.
Related violations: <none>

DPIR-1#135 Warning
Asynchronous driver check  
DSP u_core/u_mul/mult_result_w__2 input pin u_core/u_mul/mult_result_w__2/B[9] is connected to registers with an asynchronous reset. This is preventing the possibility of merging these registers in to the DSP Block since the DSP block registers only possess synchronous reset capability.  It is suggested to recode or change these registers to remove the reset or use a synchronous reset to get the best optimization for performance, power and area.
Related violations: <none>

SYNTH-10#1 Warning
Wide multiplier  
Detected multiplier at u_core/u_mul/mult_result_w of size 16x18, it is decomposed from a wide multipler into 4 DSP blocks.
Related violations: <none>

SYNTH-10#2 Warning
Wide multiplier  
Detected multiplier at u_core/u_mul/mult_result_w__0 of size 16x16, it is decomposed from a wide multipler into 4 DSP blocks.
Related violations: <none>

SYNTH-10#3 Warning
Wide multiplier  
Detected multiplier at u_core/u_mul/mult_result_w__1 of size 18x18, it is decomposed from a wide multipler into 4 DSP blocks.
Related violations: <none>

SYNTH-10#4 Warning
Wide multiplier  
Detected multiplier at u_core/u_mul/mult_result_w__2 of size 18x16, it is decomposed from a wide multipler into 4 DSP blocks.
Related violations: <none>

SYNTH-15#1 Warning
Byte wide write enable not inferred  
Byte wide write enable (BWWE) is not inferred for Block RAM u_tcm/u_ram/ram_reg_0_0 because address width (14) is more than optimal threshold of 12. Implementing using BWWE will require more logic and timing would be suboptimal. Please use attribute ram_decomp = power if BWWE is desired..
Related violations: <none>

SYNTH-15#2 Warning
Byte wide write enable not inferred  
Byte wide write enable (BWWE) is not inferred for Block RAM u_tcm/u_ram/ram_reg_0_1 because address width (14) is more than optimal threshold of 12. Implementing using BWWE will require more logic and timing would be suboptimal. Please use attribute ram_decomp = power if BWWE is desired..
Related violations: <none>

SYNTH-15#3 Warning
Byte wide write enable not inferred  
Byte wide write enable (BWWE) is not inferred for Block RAM u_tcm/u_ram/ram_reg_0_2 because address width (14) is more than optimal threshold of 12. Implementing using BWWE will require more logic and timing would be suboptimal. Please use attribute ram_decomp = power if BWWE is desired..
Related violations: <none>

SYNTH-15#4 Warning
Byte wide write enable not inferred  
Byte wide write enable (BWWE) is not inferred for Block RAM u_tcm/u_ram/ram_reg_0_3 because address width (14) is more than optimal threshold of 12. Implementing using BWWE will require more logic and timing would be suboptimal. Please use attribute ram_decomp = power if BWWE is desired..
Related violations: <none>

SYNTH-15#5 Warning
Byte wide write enable not inferred  
Byte wide write enable (BWWE) is not inferred for Block RAM u_tcm/u_ram/ram_reg_1_0 because address width (14) is more than optimal threshold of 12. Implementing using BWWE will require more logic and timing would be suboptimal. Please use attribute ram_decomp = power if BWWE is desired..
Related violations: <none>

SYNTH-15#6 Warning
Byte wide write enable not inferred  
Byte wide write enable (BWWE) is not inferred for Block RAM u_tcm/u_ram/ram_reg_1_1 because address width (14) is more than optimal threshold of 12. Implementing using BWWE will require more logic and timing would be suboptimal. Please use attribute ram_decomp = power if BWWE is desired..
Related violations: <none>

SYNTH-15#7 Warning
Byte wide write enable not inferred  
Byte wide write enable (BWWE) is not inferred for Block RAM u_tcm/u_ram/ram_reg_1_2 because address width (14) is more than optimal threshold of 12. Implementing using BWWE will require more logic and timing would be suboptimal. Please use attribute ram_decomp = power if BWWE is desired..
Related violations: <none>

SYNTH-15#8 Warning
Byte wide write enable not inferred  
Byte wide write enable (BWWE) is not inferred for Block RAM u_tcm/u_ram/ram_reg_1_3 because address width (14) is more than optimal threshold of 12. Implementing using BWWE will require more logic and timing would be suboptimal. Please use attribute ram_decomp = power if BWWE is desired..
Related violations: <none>

SYNTH-15#9 Warning
Byte wide write enable not inferred  
Byte wide write enable (BWWE) is not inferred for Block RAM u_tcm/u_ram/ram_reg_2_0 because address width (14) is more than optimal threshold of 12. Implementing using BWWE will require more logic and timing would be suboptimal. Please use attribute ram_decomp = power if BWWE is desired..
Related violations: <none>

SYNTH-15#10 Warning
Byte wide write enable not inferred  
Byte wide write enable (BWWE) is not inferred for Block RAM u_tcm/u_ram/ram_reg_2_1 because address width (14) is more than optimal threshold of 12. Implementing using BWWE will require more logic and timing would be suboptimal. Please use attribute ram_decomp = power if BWWE is desired..
Related violations: <none>

SYNTH-15#11 Warning
Byte wide write enable not inferred  
Byte wide write enable (BWWE) is not inferred for Block RAM u_tcm/u_ram/ram_reg_2_2 because address width (14) is more than optimal threshold of 12. Implementing using BWWE will require more logic and timing would be suboptimal. Please use attribute ram_decomp = power if BWWE is desired..
Related violations: <none>

SYNTH-15#12 Warning
Byte wide write enable not inferred  
Byte wide write enable (BWWE) is not inferred for Block RAM u_tcm/u_ram/ram_reg_2_3 because address width (14) is more than optimal threshold of 12. Implementing using BWWE will require more logic and timing would be suboptimal. Please use attribute ram_decomp = power if BWWE is desired..
Related violations: <none>

SYNTH-15#13 Warning
Byte wide write enable not inferred  
Byte wide write enable (BWWE) is not inferred for Block RAM u_tcm/u_ram/ram_reg_3_0 because address width (14) is more than optimal threshold of 12. Implementing using BWWE will require more logic and timing would be suboptimal. Please use attribute ram_decomp = power if BWWE is desired..
Related violations: <none>

SYNTH-15#14 Warning
Byte wide write enable not inferred  
Byte wide write enable (BWWE) is not inferred for Block RAM u_tcm/u_ram/ram_reg_3_1 because address width (14) is more than optimal threshold of 12. Implementing using BWWE will require more logic and timing would be suboptimal. Please use attribute ram_decomp = power if BWWE is desired..
Related violations: <none>

SYNTH-15#15 Warning
Byte wide write enable not inferred  
Byte wide write enable (BWWE) is not inferred for Block RAM u_tcm/u_ram/ram_reg_3_2 because address width (14) is more than optimal threshold of 12. Implementing using BWWE will require more logic and timing would be suboptimal. Please use attribute ram_decomp = power if BWWE is desired..
Related violations: <none>

SYNTH-15#16 Warning
Byte wide write enable not inferred  
Byte wide write enable (BWWE) is not inferred for Block RAM u_tcm/u_ram/ram_reg_3_3 because address width (14) is more than optimal threshold of 12. Implementing using BWWE will require more logic and timing would be suboptimal. Please use attribute ram_decomp = power if BWWE is desired..
Related violations: <none>

TIMING-16#1 Warning
Large setup violation  
There is a large setup violation of -1.005 ns between u_tcm/u_ram/ram_reg_1_1/CLKBWRCLK (clocked by clk_i) and u_core/u_div/quotient_q_reg[29]/D (clocked by clk_i). Large setup violations at the end of those stages might be difficult to fix during the post-placement implementation flow and could be the result of non-optimal XDC constraints or non-optimal design architecture
Related violations: <none>

TIMING-16#2 Warning
Large setup violation  
There is a large setup violation of -1.009 ns between u_tcm/u_ram/ram_reg_1_1/CLKBWRCLK (clocked by clk_i) and u_core/u_div/quotient_q_reg[16]/D (clocked by clk_i). Large setup violations at the end of those stages might be difficult to fix during the post-placement implementation flow and could be the result of non-optimal XDC constraints or non-optimal design architecture
Related violations: <none>

TIMING-16#3 Warning
Large setup violation  
There is a large setup violation of -1.014 ns between u_tcm/u_ram/ram_reg_1_1/CLKBWRCLK (clocked by clk_i) and u_core/u_div/quotient_q_reg[13]/D (clocked by clk_i). Large setup violations at the end of those stages might be difficult to fix during the post-placement implementation flow and could be the result of non-optimal XDC constraints or non-optimal design architecture
Related violations: <none>

TIMING-16#4 Warning
Large setup violation  
There is a large setup violation of -1.022 ns between u_tcm/u_ram/ram_reg_1_1/CLKBWRCLK (clocked by clk_i) and u_core/u_div/quotient_q_reg[10]/D (clocked by clk_i). Large setup violations at the end of those stages might be difficult to fix during the post-placement implementation flow and could be the result of non-optimal XDC constraints or non-optimal design architecture
Related violations: <none>

TIMING-16#5 Warning
Large setup violation  
There is a large setup violation of -1.024 ns between u_tcm/u_ram/ram_reg_1_1/CLKBWRCLK (clocked by clk_i) and u_core/u_div/quotient_q_reg[8]/D (clocked by clk_i). Large setup violations at the end of those stages might be difficult to fix during the post-placement implementation flow and could be the result of non-optimal XDC constraints or non-optimal design architecture
Related violations: <none>

TIMING-16#6 Warning
Large setup violation  
There is a large setup violation of -1.026 ns between u_tcm/u_ram/ram_reg_1_1/CLKBWRCLK (clocked by clk_i) and u_core/u_div/divisor_q_reg[46]/CE (clocked by clk_i). Large setup violations at the end of those stages might be difficult to fix during the post-placement implementation flow and could be the result of non-optimal XDC constraints or non-optimal design architecture
Related violations: <none>

TIMING-16#7 Warning
Large setup violation  
There is a large setup violation of -1.026 ns between u_tcm/u_ram/ram_reg_1_1/CLKBWRCLK (clocked by clk_i) and u_core/u_div/divisor_q_reg[47]/CE (clocked by clk_i). Large setup violations at the end of those stages might be difficult to fix during the post-placement implementation flow and could be the result of non-optimal XDC constraints or non-optimal design architecture
Related violations: <none>

TIMING-16#8 Warning
Large setup violation  
There is a large setup violation of -1.026 ns between u_tcm/u_ram/ram_reg_1_1/CLKBWRCLK (clocked by clk_i) and u_core/u_div/divisor_q_reg[48]/CE (clocked by clk_i). Large setup violations at the end of those stages might be difficult to fix during the post-placement implementation flow and could be the result of non-optimal XDC constraints or non-optimal design architecture
Related violations: <none>

TIMING-16#9 Warning
Large setup violation  
There is a large setup violation of -1.026 ns between u_tcm/u_ram/ram_reg_1_1/CLKBWRCLK (clocked by clk_i) and u_core/u_div/divisor_q_reg[49]/CE (clocked by clk_i). Large setup violations at the end of those stages might be difficult to fix during the post-placement implementation flow and could be the result of non-optimal XDC constraints or non-optimal design architecture
Related violations: <none>

TIMING-16#10 Warning
Large setup violation  
There is a large setup violation of -1.031 ns between u_core/u_mul/operand_a_e1_q_reg[11]/C (clocked by clk_i) and u_core/u_mul/result_e2_q_reg[17]/D (clocked by clk_i). Large setup violations at the end of those stages might be difficult to fix during the post-placement implementation flow and could be the result of non-optimal XDC constraints or non-optimal design architecture
Related violations: <none>

TIMING-16#11 Warning
Large setup violation  
There is a large setup violation of -1.032 ns between u_tcm/u_ram/ram_reg_1_1/CLKBWRCLK (clocked by clk_i) and u_core/u_div/divisor_q_reg[33]/CE (clocked by clk_i). Large setup violations at the end of those stages might be difficult to fix during the post-placement implementation flow and could be the result of non-optimal XDC constraints or non-optimal design architecture
Related violations: <none>

TIMING-16#12 Warning
Large setup violation  
There is a large setup violation of -1.032 ns between u_tcm/u_ram/ram_reg_1_1/CLKBWRCLK (clocked by clk_i) and u_core/u_div/divisor_q_reg[34]/CE (clocked by clk_i). Large setup violations at the end of those stages might be difficult to fix during the post-placement implementation flow and could be the result of non-optimal XDC constraints or non-optimal design architecture
Related violations: <none>

TIMING-16#13 Warning
Large setup violation  
There is a large setup violation of -1.032 ns between u_tcm/u_ram/ram_reg_1_1/CLKBWRCLK (clocked by clk_i) and u_core/u_div/divisor_q_reg[62]/CE (clocked by clk_i). Large setup violations at the end of those stages might be difficult to fix during the post-placement implementation flow and could be the result of non-optimal XDC constraints or non-optimal design architecture
Related violations: <none>

TIMING-16#14 Warning
Large setup violation  
There is a large setup violation of -1.035 ns between u_tcm/u_ram/ram_reg_1_1/CLKBWRCLK (clocked by clk_i) and u_core/u_div/quotient_q_reg[6]/D (clocked by clk_i). Large setup violations at the end of those stages might be difficult to fix during the post-placement implementation flow and could be the result of non-optimal XDC constraints or non-optimal design architecture
Related violations: <none>

TIMING-16#15 Warning
Large setup violation  
There is a large setup violation of -1.042 ns between u_tcm/u_ram/ram_reg_1_1/CLKBWRCLK (clocked by clk_i) and u_core/u_div/quotient_q_reg[26]/D (clocked by clk_i). Large setup violations at the end of those stages might be difficult to fix during the post-placement implementation flow and could be the result of non-optimal XDC constraints or non-optimal design architecture
Related violations: <none>

TIMING-16#16 Warning
Large setup violation  
There is a large setup violation of -1.049 ns between u_tcm/u_ram/ram_reg_1_1/CLKBWRCLK (clocked by clk_i) and u_core/u_div/quotient_q_reg[28]/D (clocked by clk_i). Large setup violations at the end of those stages might be difficult to fix during the post-placement implementation flow and could be the result of non-optimal XDC constraints or non-optimal design architecture
Related violations: <none>

TIMING-16#17 Warning
Large setup violation  
There is a large setup violation of -1.066 ns between u_tcm/u_ram/ram_reg_1_1/CLKBWRCLK (clocked by clk_i) and u_core/u_div/quotient_q_reg[12]/D (clocked by clk_i). Large setup violations at the end of those stages might be difficult to fix during the post-placement implementation flow and could be the result of non-optimal XDC constraints or non-optimal design architecture
Related violations: <none>

TIMING-16#18 Warning
Large setup violation  
There is a large setup violation of -1.066 ns between u_tcm/u_ram/ram_reg_1_1/CLKBWRCLK (clocked by clk_i) and u_core/u_issue/u_pipe_ctrl/opcode_e1_q_reg[22]/D (clocked by clk_i). Large setup violations at the end of those stages might be difficult to fix during the post-placement implementation flow and could be the result of non-optimal XDC constraints or non-optimal design architecture
Related violations: <none>

TIMING-16#19 Warning
Large setup violation  
There is a large setup violation of -1.074 ns between u_tcm/u_ram/ram_reg_1_1/CLKBWRCLK (clocked by clk_i) and u_core/u_div/quotient_q_reg[21]/D (clocked by clk_i). Large setup violations at the end of those stages might be difficult to fix during the post-placement implementation flow and could be the result of non-optimal XDC constraints or non-optimal design architecture
Related violations: <none>

TIMING-16#20 Warning
Large setup violation  
There is a large setup violation of -1.075 ns between u_tcm/u_ram/ram_reg_1_1/CLKBWRCLK (clocked by clk_i) and u_core/u_div/divisor_q_reg[37]/CE (clocked by clk_i). Large setup violations at the end of those stages might be difficult to fix during the post-placement implementation flow and could be the result of non-optimal XDC constraints or non-optimal design architecture
Related violations: <none>

TIMING-16#21 Warning
Large setup violation  
There is a large setup violation of -1.075 ns between u_tcm/u_ram/ram_reg_1_1/CLKBWRCLK (clocked by clk_i) and u_core/u_div/divisor_q_reg[38]/CE (clocked by clk_i). Large setup violations at the end of those stages might be difficult to fix during the post-placement implementation flow and could be the result of non-optimal XDC constraints or non-optimal design architecture
Related violations: <none>

TIMING-16#22 Warning
Large setup violation  
There is a large setup violation of -1.081 ns between u_tcm/u_ram/ram_reg_1_1/CLKBWRCLK (clocked by clk_i) and u_core/u_div/divisor_q_reg[45]/D (clocked by clk_i). Large setup violations at the end of those stages might be difficult to fix during the post-placement implementation flow and could be the result of non-optimal XDC constraints or non-optimal design architecture
Related violations: <none>

TIMING-16#23 Warning
Large setup violation  
There is a large setup violation of -1.086 ns between u_tcm/u_ram/ram_reg_1_1/CLKBWRCLK (clocked by clk_i) and u_core/u_issue/u_pipe_ctrl/opcode_e1_q_reg[20]/D (clocked by clk_i). Large setup violations at the end of those stages might be difficult to fix during the post-placement implementation flow and could be the result of non-optimal XDC constraints or non-optimal design architecture
Related violations: <none>

TIMING-16#24 Warning
Large setup violation  
There is a large setup violation of -1.091 ns between u_tcm/u_ram/ram_reg_1_1/CLKBWRCLK (clocked by clk_i) and u_core/u_div/q_mask_q_reg[23]/CE (clocked by clk_i). Large setup violations at the end of those stages might be difficult to fix during the post-placement implementation flow and could be the result of non-optimal XDC constraints or non-optimal design architecture
Related violations: <none>

TIMING-16#25 Warning
Large setup violation  
There is a large setup violation of -1.091 ns between u_tcm/u_ram/ram_reg_1_1/CLKBWRCLK (clocked by clk_i) and u_core/u_div/q_mask_q_reg[24]/CE (clocked by clk_i). Large setup violations at the end of those stages might be difficult to fix during the post-placement implementation flow and could be the result of non-optimal XDC constraints or non-optimal design architecture
Related violations: <none>

TIMING-16#26 Warning
Large setup violation  
There is a large setup violation of -1.094 ns between u_tcm/u_ram/ram_reg_1_1/CLKBWRCLK (clocked by clk_i) and u_core/u_div/quotient_q_reg[20]/D (clocked by clk_i). Large setup violations at the end of those stages might be difficult to fix during the post-placement implementation flow and could be the result of non-optimal XDC constraints or non-optimal design architecture
Related violations: <none>

TIMING-16#27 Warning
Large setup violation  
There is a large setup violation of -1.097 ns between u_tcm/u_ram/ram_reg_1_1/CLKBWRCLK (clocked by clk_i) and u_core/u_div/divisor_q_reg[45]/CE (clocked by clk_i). Large setup violations at the end of those stages might be difficult to fix during the post-placement implementation flow and could be the result of non-optimal XDC constraints or non-optimal design architecture
Related violations: <none>

TIMING-16#28 Warning
Large setup violation  
There is a large setup violation of -1.099 ns between u_tcm/u_ram/ram_reg_1_1/CLKBWRCLK (clocked by clk_i) and u_core/u_div/divisor_q_reg[30]/CE (clocked by clk_i). Large setup violations at the end of those stages might be difficult to fix during the post-placement implementation flow and could be the result of non-optimal XDC constraints or non-optimal design architecture
Related violations: <none>

TIMING-16#29 Warning
Large setup violation  
There is a large setup violation of -1.099 ns between u_tcm/u_ram/ram_reg_1_1/CLKBWRCLK (clocked by clk_i) and u_core/u_div/q_mask_q_reg[0]/CE (clocked by clk_i). Large setup violations at the end of those stages might be difficult to fix during the post-placement implementation flow and could be the result of non-optimal XDC constraints or non-optimal design architecture
Related violations: <none>

TIMING-16#30 Warning
Large setup violation  
There is a large setup violation of -1.099 ns between u_tcm/u_ram/ram_reg_1_1/CLKBWRCLK (clocked by clk_i) and u_core/u_div/q_mask_q_reg[1]/CE (clocked by clk_i). Large setup violations at the end of those stages might be difficult to fix during the post-placement implementation flow and could be the result of non-optimal XDC constraints or non-optimal design architecture
Related violations: <none>

TIMING-16#31 Warning
Large setup violation  
There is a large setup violation of -1.099 ns between u_tcm/u_ram/ram_reg_1_1/CLKBWRCLK (clocked by clk_i) and u_core/u_div/q_mask_q_reg[2]/CE (clocked by clk_i). Large setup violations at the end of those stages might be difficult to fix during the post-placement implementation flow and could be the result of non-optimal XDC constraints or non-optimal design architecture
Related violations: <none>

TIMING-16#32 Warning
Large setup violation  
There is a large setup violation of -1.099 ns between u_tcm/u_ram/ram_reg_1_1/CLKBWRCLK (clocked by clk_i) and u_core/u_div/q_mask_q_reg[3]/CE (clocked by clk_i). Large setup violations at the end of those stages might be difficult to fix during the post-placement implementation flow and could be the result of non-optimal XDC constraints or non-optimal design architecture
Related violations: <none>

TIMING-16#33 Warning
Large setup violation  
There is a large setup violation of -1.108 ns between u_tcm/u_ram/ram_reg_1_1/CLKBWRCLK (clocked by clk_i) and u_core/u_div/q_mask_q_reg[15]/CE (clocked by clk_i). Large setup violations at the end of those stages might be difficult to fix during the post-placement implementation flow and could be the result of non-optimal XDC constraints or non-optimal design architecture
Related violations: <none>

TIMING-16#34 Warning
Large setup violation  
There is a large setup violation of -1.108 ns between u_tcm/u_ram/ram_reg_1_1/CLKBWRCLK (clocked by clk_i) and u_core/u_div/q_mask_q_reg[16]/CE (clocked by clk_i). Large setup violations at the end of those stages might be difficult to fix during the post-placement implementation flow and could be the result of non-optimal XDC constraints or non-optimal design architecture
Related violations: <none>

TIMING-16#35 Warning
Large setup violation  
There is a large setup violation of -1.108 ns between u_tcm/u_ram/ram_reg_1_1/CLKBWRCLK (clocked by clk_i) and u_core/u_div/q_mask_q_reg[17]/CE (clocked by clk_i). Large setup violations at the end of those stages might be difficult to fix during the post-placement implementation flow and could be the result of non-optimal XDC constraints or non-optimal design architecture
Related violations: <none>

TIMING-16#36 Warning
Large setup violation  
There is a large setup violation of -1.108 ns between u_tcm/u_ram/ram_reg_1_1/CLKBWRCLK (clocked by clk_i) and u_core/u_div/q_mask_q_reg[18]/CE (clocked by clk_i). Large setup violations at the end of those stages might be difficult to fix during the post-placement implementation flow and could be the result of non-optimal XDC constraints or non-optimal design architecture
Related violations: <none>

TIMING-16#37 Warning
Large setup violation  
There is a large setup violation of -1.113 ns between u_tcm/u_ram/ram_reg_1_1/CLKBWRCLK (clocked by clk_i) and u_core/u_div/div_inst_q_reg/D (clocked by clk_i). Large setup violations at the end of those stages might be difficult to fix during the post-placement implementation flow and could be the result of non-optimal XDC constraints or non-optimal design architecture
Related violations: <none>

TIMING-16#38 Warning
Large setup violation  
There is a large setup violation of -1.115 ns between u_tcm/u_ram/ram_reg_1_1/CLKBWRCLK (clocked by clk_i) and u_core/u_div/divisor_q_reg[14]/CE (clocked by clk_i). Large setup violations at the end of those stages might be difficult to fix during the post-placement implementation flow and could be the result of non-optimal XDC constraints or non-optimal design architecture
Related violations: <none>

TIMING-16#39 Warning
Large setup violation  
There is a large setup violation of -1.115 ns between u_tcm/u_ram/ram_reg_1_1/CLKBWRCLK (clocked by clk_i) and u_core/u_div/divisor_q_reg[15]/CE (clocked by clk_i). Large setup violations at the end of those stages might be difficult to fix during the post-placement implementation flow and could be the result of non-optimal XDC constraints or non-optimal design architecture
Related violations: <none>

TIMING-16#40 Warning
Large setup violation  
There is a large setup violation of -1.115 ns between u_tcm/u_ram/ram_reg_1_1/CLKBWRCLK (clocked by clk_i) and u_core/u_div/divisor_q_reg[16]/CE (clocked by clk_i). Large setup violations at the end of those stages might be difficult to fix during the post-placement implementation flow and could be the result of non-optimal XDC constraints or non-optimal design architecture
Related violations: <none>

TIMING-16#41 Warning
Large setup violation  
There is a large setup violation of -1.115 ns between u_tcm/u_ram/ram_reg_1_1/CLKBWRCLK (clocked by clk_i) and u_core/u_div/divisor_q_reg[17]/CE (clocked by clk_i). Large setup violations at the end of those stages might be difficult to fix during the post-placement implementation flow and could be the result of non-optimal XDC constraints or non-optimal design architecture
Related violations: <none>

TIMING-16#42 Warning
Large setup violation  
There is a large setup violation of -1.115 ns between u_tcm/u_ram/ram_reg_1_1/CLKBWRCLK (clocked by clk_i) and u_core/u_div/q_mask_q_reg[26]/CE (clocked by clk_i). Large setup violations at the end of those stages might be difficult to fix during the post-placement implementation flow and could be the result of non-optimal XDC constraints or non-optimal design architecture
Related violations: <none>

TIMING-16#43 Warning
Large setup violation  
There is a large setup violation of -1.115 ns between u_tcm/u_ram/ram_reg_1_1/CLKBWRCLK (clocked by clk_i) and u_core/u_div/q_mask_q_reg[27]/CE (clocked by clk_i). Large setup violations at the end of those stages might be difficult to fix during the post-placement implementation flow and could be the result of non-optimal XDC constraints or non-optimal design architecture
Related violations: <none>

TIMING-16#44 Warning
Large setup violation  
There is a large setup violation of -1.128 ns between u_tcm/u_ram/ram_reg_1_1/CLKBWRCLK (clocked by clk_i) and u_core/u_div/divisor_q_reg[40]/D (clocked by clk_i). Large setup violations at the end of those stages might be difficult to fix during the post-placement implementation flow and could be the result of non-optimal XDC constraints or non-optimal design architecture
Related violations: <none>

TIMING-16#45 Warning
Large setup violation  
There is a large setup violation of -1.138 ns between u_tcm/u_ram/ram_reg_1_1/CLKBWRCLK (clocked by clk_i) and u_core/u_div/q_mask_q_reg[10]/CE (clocked by clk_i). Large setup violations at the end of those stages might be difficult to fix during the post-placement implementation flow and could be the result of non-optimal XDC constraints or non-optimal design architecture
Related violations: <none>

TIMING-16#46 Warning
Large setup violation  
There is a large setup violation of -1.138 ns between u_tcm/u_ram/ram_reg_1_1/CLKBWRCLK (clocked by clk_i) and u_core/u_div/q_mask_q_reg[8]/CE (clocked by clk_i). Large setup violations at the end of those stages might be difficult to fix during the post-placement implementation flow and could be the result of non-optimal XDC constraints or non-optimal design architecture
Related violations: <none>

TIMING-16#47 Warning
Large setup violation  
There is a large setup violation of -1.138 ns between u_tcm/u_ram/ram_reg_1_1/CLKBWRCLK (clocked by clk_i) and u_core/u_div/q_mask_q_reg[9]/CE (clocked by clk_i). Large setup violations at the end of those stages might be difficult to fix during the post-placement implementation flow and could be the result of non-optimal XDC constraints or non-optimal design architecture
Related violations: <none>

TIMING-16#48 Warning
Large setup violation  
There is a large setup violation of -1.139 ns between u_tcm/u_ram/ram_reg_1_1/CLKBWRCLK (clocked by clk_i) and u_core/u_issue/u_pipe_ctrl/opcode_e1_q_reg[21]/D (clocked by clk_i). Large setup violations at the end of those stages might be difficult to fix during the post-placement implementation flow and could be the result of non-optimal XDC constraints or non-optimal design architecture
Related violations: <none>

TIMING-16#49 Warning
Large setup violation  
There is a large setup violation of -1.144 ns between u_tcm/u_ram/ram_reg_1_1/CLKBWRCLK (clocked by clk_i) and u_core/u_div/q_mask_q_reg[25]/CE (clocked by clk_i). Large setup violations at the end of those stages might be difficult to fix during the post-placement implementation flow and could be the result of non-optimal XDC constraints or non-optimal design architecture
Related violations: <none>

TIMING-16#50 Warning
Large setup violation  
There is a large setup violation of -1.154 ns between u_core/u_mul/operand_a_e1_q_reg[11]/C (clocked by clk_i) and u_core/u_mul/result_e2_q_reg[18]/D (clocked by clk_i). Large setup violations at the end of those stages might be difficult to fix during the post-placement implementation flow and could be the result of non-optimal XDC constraints or non-optimal design architecture
Related violations: <none>

TIMING-16#51 Warning
Large setup violation  
There is a large setup violation of -1.158 ns between u_tcm/u_ram/ram_reg_1_1/CLKBWRCLK (clocked by clk_i) and u_core/u_div/quotient_q_reg[25]/D (clocked by clk_i). Large setup violations at the end of those stages might be difficult to fix during the post-placement implementation flow and could be the result of non-optimal XDC constraints or non-optimal design architecture
Related violations: <none>

TIMING-16#52 Warning
Large setup violation  
There is a large setup violation of -1.159 ns between u_tcm/u_ram/ram_reg_1_1/CLKBWRCLK (clocked by clk_i) and u_core/u_issue/u_pipe_ctrl/ctrl_e1_q_reg[3]/D (clocked by clk_i). Large setup violations at the end of those stages might be difficult to fix during the post-placement implementation flow and could be the result of non-optimal XDC constraints or non-optimal design architecture
Related violations: <none>

TIMING-16#53 Warning
Large setup violation  
There is a large setup violation of -1.168 ns between u_tcm/u_ram/ram_reg_1_1/CLKBWRCLK (clocked by clk_i) and u_core/u_div/divisor_q_reg[18]/CE (clocked by clk_i). Large setup violations at the end of those stages might be difficult to fix during the post-placement implementation flow and could be the result of non-optimal XDC constraints or non-optimal design architecture
Related violations: <none>

TIMING-16#54 Warning
Large setup violation  
There is a large setup violation of -1.168 ns between u_tcm/u_ram/ram_reg_1_1/CLKBWRCLK (clocked by clk_i) and u_core/u_div/divisor_q_reg[19]/CE (clocked by clk_i). Large setup violations at the end of those stages might be difficult to fix during the post-placement implementation flow and could be the result of non-optimal XDC constraints or non-optimal design architecture
Related violations: <none>

TIMING-16#55 Warning
Large setup violation  
There is a large setup violation of -1.168 ns between u_tcm/u_ram/ram_reg_1_1/CLKBWRCLK (clocked by clk_i) and u_core/u_div/divisor_q_reg[28]/CE (clocked by clk_i). Large setup violations at the end of those stages might be difficult to fix during the post-placement implementation flow and could be the result of non-optimal XDC constraints or non-optimal design architecture
Related violations: <none>

TIMING-16#56 Warning
Large setup violation  
There is a large setup violation of -1.168 ns between u_tcm/u_ram/ram_reg_1_1/CLKBWRCLK (clocked by clk_i) and u_core/u_div/divisor_q_reg[29]/CE (clocked by clk_i). Large setup violations at the end of those stages might be difficult to fix during the post-placement implementation flow and could be the result of non-optimal XDC constraints or non-optimal design architecture
Related violations: <none>

TIMING-16#57 Warning
Large setup violation  
There is a large setup violation of -1.168 ns between u_tcm/u_ram/ram_reg_1_1/CLKBWRCLK (clocked by clk_i) and u_core/u_div/divisor_q_reg[35]/CE (clocked by clk_i). Large setup violations at the end of those stages might be difficult to fix during the post-placement implementation flow and could be the result of non-optimal XDC constraints or non-optimal design architecture
Related violations: <none>

TIMING-16#58 Warning
Large setup violation  
There is a large setup violation of -1.168 ns between u_tcm/u_ram/ram_reg_1_1/CLKBWRCLK (clocked by clk_i) and u_core/u_div/divisor_q_reg[36]/CE (clocked by clk_i). Large setup violations at the end of those stages might be difficult to fix during the post-placement implementation flow and could be the result of non-optimal XDC constraints or non-optimal design architecture
Related violations: <none>

TIMING-16#59 Warning
Large setup violation  
There is a large setup violation of -1.169 ns between u_tcm/u_ram/ram_reg_1_1/CLKBWRCLK (clocked by clk_i) and u_core/u_lsu/mem_addr_q_reg[0]/D (clocked by clk_i). Large setup violations at the end of those stages might be difficult to fix during the post-placement implementation flow and could be the result of non-optimal XDC constraints or non-optimal design architecture
Related violations: <none>

TIMING-16#60 Warning
Large setup violation  
There is a large setup violation of -1.173 ns between u_tcm/u_ram/ram_reg_1_1/CLKBWRCLK (clocked by clk_i) and u_core/u_div/quotient_q_reg[24]/D (clocked by clk_i). Large setup violations at the end of those stages might be difficult to fix during the post-placement implementation flow and could be the result of non-optimal XDC constraints or non-optimal design architecture
Related violations: <none>

TIMING-16#61 Warning
Large setup violation  
There is a large setup violation of -1.180 ns between u_tcm/u_ram/ram_reg_1_1/CLKBWRCLK (clocked by clk_i) and u_core/u_div/divisor_q_reg[22]/CE (clocked by clk_i). Large setup violations at the end of those stages might be difficult to fix during the post-placement implementation flow and could be the result of non-optimal XDC constraints or non-optimal design architecture
Related violations: <none>

TIMING-16#62 Warning
Large setup violation  
There is a large setup violation of -1.180 ns between u_tcm/u_ram/ram_reg_1_1/CLKBWRCLK (clocked by clk_i) and u_core/u_div/divisor_q_reg[23]/CE (clocked by clk_i). Large setup violations at the end of those stages might be difficult to fix during the post-placement implementation flow and could be the result of non-optimal XDC constraints or non-optimal design architecture
Related violations: <none>

TIMING-16#63 Warning
Large setup violation  
There is a large setup violation of -1.180 ns between u_tcm/u_ram/ram_reg_1_1/CLKBWRCLK (clocked by clk_i) and u_core/u_div/divisor_q_reg[31]/CE (clocked by clk_i). Large setup violations at the end of those stages might be difficult to fix during the post-placement implementation flow and could be the result of non-optimal XDC constraints or non-optimal design architecture
Related violations: <none>

TIMING-16#64 Warning
Large setup violation  
There is a large setup violation of -1.180 ns between u_tcm/u_ram/ram_reg_1_1/CLKBWRCLK (clocked by clk_i) and u_core/u_div/divisor_q_reg[32]/CE (clocked by clk_i). Large setup violations at the end of those stages might be difficult to fix during the post-placement implementation flow and could be the result of non-optimal XDC constraints or non-optimal design architecture
Related violations: <none>

TIMING-16#65 Warning
Large setup violation  
There is a large setup violation of -1.180 ns between u_tcm/u_ram/ram_reg_1_1/CLKBWRCLK (clocked by clk_i) and u_core/u_div/divisor_q_reg[58]/CE (clocked by clk_i). Large setup violations at the end of those stages might be difficult to fix during the post-placement implementation flow and could be the result of non-optimal XDC constraints or non-optimal design architecture
Related violations: <none>

TIMING-16#66 Warning
Large setup violation  
There is a large setup violation of -1.180 ns between u_tcm/u_ram/ram_reg_1_1/CLKBWRCLK (clocked by clk_i) and u_core/u_div/divisor_q_reg[59]/CE (clocked by clk_i). Large setup violations at the end of those stages might be difficult to fix during the post-placement implementation flow and could be the result of non-optimal XDC constraints or non-optimal design architecture
Related violations: <none>

TIMING-16#67 Warning
Large setup violation  
There is a large setup violation of -1.180 ns between u_tcm/u_ram/ram_reg_1_1/CLKBWRCLK (clocked by clk_i) and u_core/u_div/divisor_q_reg[60]/CE (clocked by clk_i). Large setup violations at the end of those stages might be difficult to fix during the post-placement implementation flow and could be the result of non-optimal XDC constraints or non-optimal design architecture
Related violations: <none>

TIMING-16#68 Warning
Large setup violation  
There is a large setup violation of -1.180 ns between u_tcm/u_ram/ram_reg_1_1/CLKBWRCLK (clocked by clk_i) and u_core/u_div/divisor_q_reg[61]/CE (clocked by clk_i). Large setup violations at the end of those stages might be difficult to fix during the post-placement implementation flow and could be the result of non-optimal XDC constraints or non-optimal design architecture
Related violations: <none>

TIMING-16#69 Warning
Large setup violation  
There is a large setup violation of -1.193 ns between u_tcm/u_ram/ram_reg_1_1/CLKBWRCLK (clocked by clk_i) and u_core/u_div/divisor_q_reg[24]/CE (clocked by clk_i). Large setup violations at the end of those stages might be difficult to fix during the post-placement implementation flow and could be the result of non-optimal XDC constraints or non-optimal design architecture
Related violations: <none>

TIMING-16#70 Warning
Large setup violation  
There is a large setup violation of -1.193 ns between u_tcm/u_ram/ram_reg_1_1/CLKBWRCLK (clocked by clk_i) and u_core/u_div/divisor_q_reg[25]/CE (clocked by clk_i). Large setup violations at the end of those stages might be difficult to fix during the post-placement implementation flow and could be the result of non-optimal XDC constraints or non-optimal design architecture
Related violations: <none>

TIMING-16#71 Warning
Large setup violation  
There is a large setup violation of -1.193 ns between u_tcm/u_ram/ram_reg_1_1/CLKBWRCLK (clocked by clk_i) and u_core/u_div/divisor_q_reg[26]/CE (clocked by clk_i). Large setup violations at the end of those stages might be difficult to fix during the post-placement implementation flow and could be the result of non-optimal XDC constraints or non-optimal design architecture
Related violations: <none>

TIMING-16#72 Warning
Large setup violation  
There is a large setup violation of -1.193 ns between u_tcm/u_ram/ram_reg_1_1/CLKBWRCLK (clocked by clk_i) and u_core/u_div/divisor_q_reg[27]/CE (clocked by clk_i). Large setup violations at the end of those stages might be difficult to fix during the post-placement implementation flow and could be the result of non-optimal XDC constraints or non-optimal design architecture
Related violations: <none>

TIMING-16#73 Warning
Large setup violation  
There is a large setup violation of -1.213 ns between u_core/u_mul/operand_a_e1_q_reg[11]/C (clocked by clk_i) and u_core/u_mul/result_e2_q_reg[19]/D (clocked by clk_i). Large setup violations at the end of those stages might be difficult to fix during the post-placement implementation flow and could be the result of non-optimal XDC constraints or non-optimal design architecture
Related violations: <none>

TIMING-16#74 Warning
Large setup violation  
There is a large setup violation of -1.231 ns between u_tcm/u_ram/ram_reg_1_1/CLKBWRCLK (clocked by clk_i) and u_core/u_div/quotient_q_reg[15]/D (clocked by clk_i). Large setup violations at the end of those stages might be difficult to fix during the post-placement implementation flow and could be the result of non-optimal XDC constraints or non-optimal design architecture
Related violations: <none>

TIMING-16#75 Warning
Large setup violation  
There is a large setup violation of -1.239 ns between u_tcm/u_ram/ram_reg_1_1/CLKBWRCLK (clocked by clk_i) and u_core/u_div/q_mask_q_reg[4]/CE (clocked by clk_i). Large setup violations at the end of those stages might be difficult to fix during the post-placement implementation flow and could be the result of non-optimal XDC constraints or non-optimal design architecture
Related violations: <none>

TIMING-16#76 Warning
Large setup violation  
There is a large setup violation of -1.239 ns between u_tcm/u_ram/ram_reg_1_1/CLKBWRCLK (clocked by clk_i) and u_core/u_div/q_mask_q_reg[5]/CE (clocked by clk_i). Large setup violations at the end of those stages might be difficult to fix during the post-placement implementation flow and could be the result of non-optimal XDC constraints or non-optimal design architecture
Related violations: <none>

TIMING-16#77 Warning
Large setup violation  
There is a large setup violation of -1.239 ns between u_tcm/u_ram/ram_reg_1_1/CLKBWRCLK (clocked by clk_i) and u_core/u_div/q_mask_q_reg[6]/CE (clocked by clk_i). Large setup violations at the end of those stages might be difficult to fix during the post-placement implementation flow and could be the result of non-optimal XDC constraints or non-optimal design architecture
Related violations: <none>

TIMING-16#78 Warning
Large setup violation  
There is a large setup violation of -1.239 ns between u_tcm/u_ram/ram_reg_1_1/CLKBWRCLK (clocked by clk_i) and u_core/u_div/q_mask_q_reg[7]/CE (clocked by clk_i). Large setup violations at the end of those stages might be difficult to fix during the post-placement implementation flow and could be the result of non-optimal XDC constraints or non-optimal design architecture
Related violations: <none>

TIMING-16#79 Warning
Large setup violation  
There is a large setup violation of -1.240 ns between u_tcm/u_ram/ram_reg_1_1/CLKBWRCLK (clocked by clk_i) and u_core/u_div/divisor_q_reg[48]/D (clocked by clk_i). Large setup violations at the end of those stages might be difficult to fix during the post-placement implementation flow and could be the result of non-optimal XDC constraints or non-optimal design architecture
Related violations: <none>

TIMING-16#80 Warning
Large setup violation  
There is a large setup violation of -1.248 ns between u_tcm/u_ram/ram_reg_1_1/CLKBWRCLK (clocked by clk_i) and u_core/u_div/quotient_q_reg[14]/D (clocked by clk_i). Large setup violations at the end of those stages might be difficult to fix during the post-placement implementation flow and could be the result of non-optimal XDC constraints or non-optimal design architecture
Related violations: <none>

TIMING-16#81 Warning
Large setup violation  
There is a large setup violation of -1.250 ns between u_tcm/u_ram/ram_reg_1_1/CLKBWRCLK (clocked by clk_i) and u_core/u_div/quotient_q_reg[31]/D (clocked by clk_i). Large setup violations at the end of those stages might be difficult to fix during the post-placement implementation flow and could be the result of non-optimal XDC constraints or non-optimal design architecture
Related violations: <none>

TIMING-16#82 Warning
Large setup violation  
There is a large setup violation of -1.257 ns between u_tcm/u_ram/ram_reg_1_1/CLKBWRCLK (clocked by clk_i) and u_core/u_div/divisor_q_reg[60]/D (clocked by clk_i). Large setup violations at the end of those stages might be difficult to fix during the post-placement implementation flow and could be the result of non-optimal XDC constraints or non-optimal design architecture
Related violations: <none>

TIMING-16#83 Warning
Large setup violation  
There is a large setup violation of -1.260 ns between u_tcm/u_ram/ram_reg_1_1/CLKBWRCLK (clocked by clk_i) and u_core/u_div/quotient_q_reg[30]/D (clocked by clk_i). Large setup violations at the end of those stages might be difficult to fix during the post-placement implementation flow and could be the result of non-optimal XDC constraints or non-optimal design architecture
Related violations: <none>

TIMING-16#84 Warning
Large setup violation  
There is a large setup violation of -1.260 ns between u_tcm/u_ram/ram_reg_1_1/CLKBWRCLK (clocked by clk_i) and u_core/u_fetch/icache_fetch_q_reg/D (clocked by clk_i). Large setup violations at the end of those stages might be difficult to fix during the post-placement implementation flow and could be the result of non-optimal XDC constraints or non-optimal design architecture
Related violations: <none>

TIMING-16#85 Warning
Large setup violation  
There is a large setup violation of -1.263 ns between u_tcm/u_ram/ram_reg_1_1/CLKBWRCLK (clocked by clk_i) and u_core/u_div/divisor_q_reg[58]/D (clocked by clk_i). Large setup violations at the end of those stages might be difficult to fix during the post-placement implementation flow and could be the result of non-optimal XDC constraints or non-optimal design architecture
Related violations: <none>

TIMING-16#86 Warning
Large setup violation  
There is a large setup violation of -1.265 ns between u_tcm/u_ram/ram_reg_1_1/CLKBWRCLK (clocked by clk_i) and u_core/u_div/divisor_q_reg[59]/D (clocked by clk_i). Large setup violations at the end of those stages might be difficult to fix during the post-placement implementation flow and could be the result of non-optimal XDC constraints or non-optimal design architecture
Related violations: <none>

TIMING-16#87 Warning
Large setup violation  
There is a large setup violation of -1.278 ns between u_tcm/u_ram/ram_reg_1_1/CLKBWRCLK (clocked by clk_i) and u_core/u_fetch/active_q_reg/D (clocked by clk_i). Large setup violations at the end of those stages might be difficult to fix during the post-placement implementation flow and could be the result of non-optimal XDC constraints or non-optimal design architecture
Related violations: <none>

TIMING-16#88 Warning
Large setup violation  
There is a large setup violation of -1.279 ns between u_tcm/u_ram/ram_reg_1_1/CLKBWRCLK (clocked by clk_i) and u_core/u_div/dividend_q_reg[4]/CE (clocked by clk_i). Large setup violations at the end of those stages might be difficult to fix during the post-placement implementation flow and could be the result of non-optimal XDC constraints or non-optimal design architecture
Related violations: <none>

TIMING-16#89 Warning
Large setup violation  
There is a large setup violation of -1.279 ns between u_tcm/u_ram/ram_reg_1_1/CLKBWRCLK (clocked by clk_i) and u_core/u_div/dividend_q_reg[5]/CE (clocked by clk_i). Large setup violations at the end of those stages might be difficult to fix during the post-placement implementation flow and could be the result of non-optimal XDC constraints or non-optimal design architecture
Related violations: <none>

TIMING-16#90 Warning
Large setup violation  
There is a large setup violation of -1.279 ns between u_tcm/u_ram/ram_reg_1_1/CLKBWRCLK (clocked by clk_i) and u_core/u_div/dividend_q_reg[6]/CE (clocked by clk_i). Large setup violations at the end of those stages might be difficult to fix during the post-placement implementation flow and could be the result of non-optimal XDC constraints or non-optimal design architecture
Related violations: <none>

TIMING-16#91 Warning
Large setup violation  
There is a large setup violation of -1.279 ns between u_tcm/u_ram/ram_reg_1_1/CLKBWRCLK (clocked by clk_i) and u_core/u_div/dividend_q_reg[7]/CE (clocked by clk_i). Large setup violations at the end of those stages might be difficult to fix during the post-placement implementation flow and could be the result of non-optimal XDC constraints or non-optimal design architecture
Related violations: <none>

TIMING-16#92 Warning
Large setup violation  
There is a large setup violation of -1.285 ns between u_tcm/u_ram/ram_reg_1_1/CLKBWRCLK (clocked by clk_i) and u_core/u_div/divisor_q_reg[21]/D (clocked by clk_i). Large setup violations at the end of those stages might be difficult to fix during the post-placement implementation flow and could be the result of non-optimal XDC constraints or non-optimal design architecture
Related violations: <none>

TIMING-16#93 Warning
Large setup violation  
There is a large setup violation of -1.292 ns between u_tcm/u_ram/ram_reg_1_1/CLKBWRCLK (clocked by clk_i) and u_core/u_div/divisor_q_reg[46]/D (clocked by clk_i). Large setup violations at the end of those stages might be difficult to fix during the post-placement implementation flow and could be the result of non-optimal XDC constraints or non-optimal design architecture
Related violations: <none>

TIMING-16#94 Warning
Large setup violation  
There is a large setup violation of -1.301 ns between u_tcm/u_ram/ram_reg_1_1/CLKBWRCLK (clocked by clk_i) and u_core/u_div/divisor_q_reg[7]/D (clocked by clk_i). Large setup violations at the end of those stages might be difficult to fix during the post-placement implementation flow and could be the result of non-optimal XDC constraints or non-optimal design architecture
Related violations: <none>

TIMING-16#95 Warning
Large setup violation  
There is a large setup violation of -1.305 ns between u_tcm/u_ram/ram_reg_1_1/CLKBWRCLK (clocked by clk_i) and u_core/u_div/divisor_q_reg[56]/D (clocked by clk_i). Large setup violations at the end of those stages might be difficult to fix during the post-placement implementation flow and could be the result of non-optimal XDC constraints or non-optimal design architecture
Related violations: <none>

TIMING-16#96 Warning
Large setup violation  
There is a large setup violation of -1.307 ns between u_tcm/u_ram/ram_reg_1_1/CLKBWRCLK (clocked by clk_i) and u_core/u_div/q_mask_q_reg[22]/D (clocked by clk_i). Large setup violations at the end of those stages might be difficult to fix during the post-placement implementation flow and could be the result of non-optimal XDC constraints or non-optimal design architecture
Related violations: <none>

TIMING-16#97 Warning
Large setup violation  
There is a large setup violation of -1.311 ns between u_tcm/u_ram/ram_reg_1_1/CLKBWRCLK (clocked by clk_i) and u_core/u_div/dividend_q_reg[16]/CE (clocked by clk_i). Large setup violations at the end of those stages might be difficult to fix during the post-placement implementation flow and could be the result of non-optimal XDC constraints or non-optimal design architecture
Related violations: <none>

TIMING-16#98 Warning
Large setup violation  
There is a large setup violation of -1.311 ns between u_tcm/u_ram/ram_reg_1_1/CLKBWRCLK (clocked by clk_i) and u_core/u_div/dividend_q_reg[17]/CE (clocked by clk_i). Large setup violations at the end of those stages might be difficult to fix during the post-placement implementation flow and could be the result of non-optimal XDC constraints or non-optimal design architecture
Related violations: <none>

TIMING-16#99 Warning
Large setup violation  
There is a large setup violation of -1.311 ns between u_tcm/u_ram/ram_reg_1_1/CLKBWRCLK (clocked by clk_i) and u_core/u_div/dividend_q_reg[18]/CE (clocked by clk_i). Large setup violations at the end of those stages might be difficult to fix during the post-placement implementation flow and could be the result of non-optimal XDC constraints or non-optimal design architecture
Related violations: <none>

TIMING-16#100 Warning
Large setup violation  
There is a large setup violation of -1.311 ns between u_tcm/u_ram/ram_reg_1_1/CLKBWRCLK (clocked by clk_i) and u_core/u_div/dividend_q_reg[19]/CE (clocked by clk_i). Large setup violations at the end of those stages might be difficult to fix during the post-placement implementation flow and could be the result of non-optimal XDC constraints or non-optimal design architecture
Related violations: <none>

TIMING-16#101 Warning
Large setup violation  
There is a large setup violation of -1.318 ns between u_tcm/u_ram/ram_reg_1_1/CLKBWRCLK (clocked by clk_i) and u_core/u_div/divisor_q_reg[5]/D (clocked by clk_i). Large setup violations at the end of those stages might be difficult to fix during the post-placement implementation flow and could be the result of non-optimal XDC constraints or non-optimal design architecture
Related violations: <none>

TIMING-16#102 Warning
Large setup violation  
There is a large setup violation of -1.319 ns between u_tcm/u_ram/ram_reg_1_1/CLKBWRCLK (clocked by clk_i) and u_core/u_issue/u_pipe_ctrl/pc_e1_q_reg[17]/D (clocked by clk_i). Large setup violations at the end of those stages might be difficult to fix during the post-placement implementation flow and could be the result of non-optimal XDC constraints or non-optimal design architecture
Related violations: <none>

TIMING-16#103 Warning
Large setup violation  
There is a large setup violation of -1.332 ns between u_tcm/u_ram/ram_reg_1_1/CLKBWRCLK (clocked by clk_i) and u_core/u_div/dividend_q_reg[12]/CE (clocked by clk_i). Large setup violations at the end of those stages might be difficult to fix during the post-placement implementation flow and could be the result of non-optimal XDC constraints or non-optimal design architecture
Related violations: <none>

TIMING-16#104 Warning
Large setup violation  
There is a large setup violation of -1.332 ns between u_tcm/u_ram/ram_reg_1_1/CLKBWRCLK (clocked by clk_i) and u_core/u_div/dividend_q_reg[13]/CE (clocked by clk_i). Large setup violations at the end of those stages might be difficult to fix during the post-placement implementation flow and could be the result of non-optimal XDC constraints or non-optimal design architecture
Related violations: <none>

TIMING-16#105 Warning
Large setup violation  
There is a large setup violation of -1.332 ns between u_tcm/u_ram/ram_reg_1_1/CLKBWRCLK (clocked by clk_i) and u_core/u_div/dividend_q_reg[14]/CE (clocked by clk_i). Large setup violations at the end of those stages might be difficult to fix during the post-placement implementation flow and could be the result of non-optimal XDC constraints or non-optimal design architecture
Related violations: <none>

TIMING-16#106 Warning
Large setup violation  
There is a large setup violation of -1.332 ns between u_tcm/u_ram/ram_reg_1_1/CLKBWRCLK (clocked by clk_i) and u_core/u_div/dividend_q_reg[15]/CE (clocked by clk_i). Large setup violations at the end of those stages might be difficult to fix during the post-placement implementation flow and could be the result of non-optimal XDC constraints or non-optimal design architecture
Related violations: <none>

TIMING-16#107 Warning
Large setup violation  
There is a large setup violation of -1.334 ns between u_tcm/u_ram/ram_reg_1_1/CLKBWRCLK (clocked by clk_i) and u_core/u_div/divisor_q_reg[20]/D (clocked by clk_i). Large setup violations at the end of those stages might be difficult to fix during the post-placement implementation flow and could be the result of non-optimal XDC constraints or non-optimal design architecture
Related violations: <none>

TIMING-16#108 Warning
Large setup violation  
There is a large setup violation of -1.344 ns between u_tcm/u_ram/ram_reg_1_1/CLKBWRCLK (clocked by clk_i) and u_core/u_lsu/mem_addr_q_reg[1]/D (clocked by clk_i). Large setup violations at the end of those stages might be difficult to fix during the post-placement implementation flow and could be the result of non-optimal XDC constraints or non-optimal design architecture
Related violations: <none>

TIMING-16#109 Warning
Large setup violation  
There is a large setup violation of -1.347 ns between u_tcm/u_ram/ram_reg_1_1/CLKBWRCLK (clocked by clk_i) and u_core/u_div/divisor_q_reg[6]/D (clocked by clk_i). Large setup violations at the end of those stages might be difficult to fix during the post-placement implementation flow and could be the result of non-optimal XDC constraints or non-optimal design architecture
Related violations: <none>

TIMING-16#110 Warning
Large setup violation  
There is a large setup violation of -1.348 ns between u_tcm/u_ram/ram_reg_1_1/CLKBWRCLK (clocked by clk_i) and u_core/u_div/dividend_q_reg[0]/CE (clocked by clk_i). Large setup violations at the end of those stages might be difficult to fix during the post-placement implementation flow and could be the result of non-optimal XDC constraints or non-optimal design architecture
Related violations: <none>

TIMING-16#111 Warning
Large setup violation  
There is a large setup violation of -1.348 ns between u_tcm/u_ram/ram_reg_1_1/CLKBWRCLK (clocked by clk_i) and u_core/u_div/dividend_q_reg[1]/CE (clocked by clk_i). Large setup violations at the end of those stages might be difficult to fix during the post-placement implementation flow and could be the result of non-optimal XDC constraints or non-optimal design architecture
Related violations: <none>

TIMING-16#112 Warning
Large setup violation  
There is a large setup violation of -1.348 ns between u_tcm/u_ram/ram_reg_1_1/CLKBWRCLK (clocked by clk_i) and u_core/u_div/dividend_q_reg[2]/CE (clocked by clk_i). Large setup violations at the end of those stages might be difficult to fix during the post-placement implementation flow and could be the result of non-optimal XDC constraints or non-optimal design architecture
Related violations: <none>

TIMING-16#113 Warning
Large setup violation  
There is a large setup violation of -1.348 ns between u_tcm/u_ram/ram_reg_1_1/CLKBWRCLK (clocked by clk_i) and u_core/u_div/dividend_q_reg[3]/CE (clocked by clk_i). Large setup violations at the end of those stages might be difficult to fix during the post-placement implementation flow and could be the result of non-optimal XDC constraints or non-optimal design architecture
Related violations: <none>

TIMING-16#114 Warning
Large setup violation  
There is a large setup violation of -1.351 ns between u_tcm/u_ram/ram_reg_1_1/CLKBWRCLK (clocked by clk_i) and u_core/u_div/q_mask_q_reg[21]/D (clocked by clk_i). Large setup violations at the end of those stages might be difficult to fix during the post-placement implementation flow and could be the result of non-optimal XDC constraints or non-optimal design architecture
Related violations: <none>

TIMING-16#115 Warning
Large setup violation  
There is a large setup violation of -1.353 ns between u_tcm/u_ram/ram_reg_1_1/CLKBWRCLK (clocked by clk_i) and u_core/u_div/divisor_q_reg[39]/D (clocked by clk_i). Large setup violations at the end of those stages might be difficult to fix during the post-placement implementation flow and could be the result of non-optimal XDC constraints or non-optimal design architecture
Related violations: <none>

TIMING-16#116 Warning
Large setup violation  
There is a large setup violation of -1.355 ns between u_tcm/u_ram/ram_reg_1_1/CLKBWRCLK (clocked by clk_i) and u_core/u_div/quotient_q_reg[12]/CE (clocked by clk_i). Large setup violations at the end of those stages might be difficult to fix during the post-placement implementation flow and could be the result of non-optimal XDC constraints or non-optimal design architecture
Related violations: <none>

TIMING-16#117 Warning
Large setup violation  
There is a large setup violation of -1.355 ns between u_tcm/u_ram/ram_reg_1_1/CLKBWRCLK (clocked by clk_i) and u_core/u_div/quotient_q_reg[13]/CE (clocked by clk_i). Large setup violations at the end of those stages might be difficult to fix during the post-placement implementation flow and could be the result of non-optimal XDC constraints or non-optimal design architecture
Related violations: <none>

TIMING-16#118 Warning
Large setup violation  
There is a large setup violation of -1.356 ns between u_tcm/u_ram/ram_reg_1_1/CLKBWRCLK (clocked by clk_i) and u_core/u_div/divisor_q_reg[47]/D (clocked by clk_i). Large setup violations at the end of those stages might be difficult to fix during the post-placement implementation flow and could be the result of non-optimal XDC constraints or non-optimal design architecture
Related violations: <none>

TIMING-16#119 Warning
Large setup violation  
There is a large setup violation of -1.362 ns between u_tcm/u_ram/ram_reg_1_1/CLKBWRCLK (clocked by clk_i) and u_core/u_div/divisor_q_reg[4]/D (clocked by clk_i). Large setup violations at the end of those stages might be difficult to fix during the post-placement implementation flow and could be the result of non-optimal XDC constraints or non-optimal design architecture
Related violations: <none>

TIMING-16#120 Warning
Large setup violation  
There is a large setup violation of -1.362 ns between u_tcm/u_ram/ram_reg_1_1/CLKBWRCLK (clocked by clk_i) and u_core/u_div/divisor_q_reg[50]/D (clocked by clk_i). Large setup violations at the end of those stages might be difficult to fix during the post-placement implementation flow and could be the result of non-optimal XDC constraints or non-optimal design architecture
Related violations: <none>

TIMING-16#121 Warning
Large setup violation  
There is a large setup violation of -1.362 ns between u_tcm/u_ram/ram_reg_1_1/CLKBWRCLK (clocked by clk_i) and u_core/u_div/q_mask_q_reg[3]/D (clocked by clk_i). Large setup violations at the end of those stages might be difficult to fix during the post-placement implementation flow and could be the result of non-optimal XDC constraints or non-optimal design architecture
Related violations: <none>

TIMING-16#122 Warning
Large setup violation  
There is a large setup violation of -1.365 ns between u_tcm/u_ram/ram_reg_1_1/CLKBWRCLK (clocked by clk_i) and u_core/u_div/divisor_q_reg[52]/D (clocked by clk_i). Large setup violations at the end of those stages might be difficult to fix during the post-placement implementation flow and could be the result of non-optimal XDC constraints or non-optimal design architecture
Related violations: <none>

TIMING-16#123 Warning
Large setup violation  
There is a large setup violation of -1.373 ns between u_tcm/u_ram/ram_reg_1_1/CLKBWRCLK (clocked by clk_i) and u_core/u_div/q_mask_q_reg[24]/D (clocked by clk_i). Large setup violations at the end of those stages might be difficult to fix during the post-placement implementation flow and could be the result of non-optimal XDC constraints or non-optimal design architecture
Related violations: <none>

TIMING-16#124 Warning
Large setup violation  
There is a large setup violation of -1.376 ns between u_tcm/u_ram/ram_reg_1_1/CLKBWRCLK (clocked by clk_i) and u_core/u_div/divisor_q_reg[57]/D (clocked by clk_i). Large setup violations at the end of those stages might be difficult to fix during the post-placement implementation flow and could be the result of non-optimal XDC constraints or non-optimal design architecture
Related violations: <none>

TIMING-16#125 Warning
Large setup violation  
There is a large setup violation of -1.385 ns between u_core/u_mul/operand_a_e1_q_reg[11]/C (clocked by clk_i) and u_core/u_mul/result_e2_q_reg[20]/D (clocked by clk_i). Large setup violations at the end of those stages might be difficult to fix during the post-placement implementation flow and could be the result of non-optimal XDC constraints or non-optimal design architecture
Related violations: <none>

TIMING-16#126 Warning
Large setup violation  
There is a large setup violation of -1.388 ns between u_tcm/u_ram/ram_reg_1_1/CLKBWRCLK (clocked by clk_i) and u_core/u_div/q_mask_q_reg[23]/D (clocked by clk_i). Large setup violations at the end of those stages might be difficult to fix during the post-placement implementation flow and could be the result of non-optimal XDC constraints or non-optimal design architecture
Related violations: <none>

TIMING-16#127 Warning
Large setup violation  
There is a large setup violation of -1.389 ns between u_tcm/u_ram/ram_reg_1_1/CLKBWRCLK (clocked by clk_i) and u_core/u_div/divisor_q_reg[61]/D (clocked by clk_i). Large setup violations at the end of those stages might be difficult to fix during the post-placement implementation flow and could be the result of non-optimal XDC constraints or non-optimal design architecture
Related violations: <none>

TIMING-16#128 Warning
Large setup violation  
There is a large setup violation of -1.401 ns between u_core/u_mul/operand_a_e1_q_reg[11]/C (clocked by clk_i) and u_core/u_mul/result_e2_q_reg[22]/D (clocked by clk_i). Large setup violations at the end of those stages might be difficult to fix during the post-placement implementation flow and could be the result of non-optimal XDC constraints or non-optimal design architecture
Related violations: <none>

TIMING-16#129 Warning
Large setup violation  
There is a large setup violation of -1.406 ns between u_tcm/u_ram/ram_reg_1_1/CLKBWRCLK (clocked by clk_i) and u_core/u_div/q_mask_q_reg[1]/D (clocked by clk_i). Large setup violations at the end of those stages might be difficult to fix during the post-placement implementation flow and could be the result of non-optimal XDC constraints or non-optimal design architecture
Related violations: <none>

TIMING-16#130 Warning
Large setup violation  
There is a large setup violation of -1.409 ns between u_tcm/u_ram/ram_reg_1_1/CLKBWRCLK (clocked by clk_i) and u_core/u_div/divisor_q_reg[38]/D (clocked by clk_i). Large setup violations at the end of those stages might be difficult to fix during the post-placement implementation flow and could be the result of non-optimal XDC constraints or non-optimal design architecture
Related violations: <none>

TIMING-16#131 Warning
Large setup violation  
There is a large setup violation of -1.416 ns between u_tcm/u_ram/ram_reg_1_1/CLKBWRCLK (clocked by clk_i) and u_core/u_div/divisor_q_reg[37]/D (clocked by clk_i). Large setup violations at the end of those stages might be difficult to fix during the post-placement implementation flow and could be the result of non-optimal XDC constraints or non-optimal design architecture
Related violations: <none>

TIMING-16#132 Warning
Large setup violation  
There is a large setup violation of -1.417 ns between u_tcm/u_ram/ram_reg_1_1/CLKBWRCLK (clocked by clk_i) and u_core/u_div/divisor_q_reg[41]/D (clocked by clk_i). Large setup violations at the end of those stages might be difficult to fix during the post-placement implementation flow and could be the result of non-optimal XDC constraints or non-optimal design architecture
Related violations: <none>

TIMING-16#133 Warning
Large setup violation  
There is a large setup violation of -1.419 ns between u_tcm/u_ram/ram_reg_1_1/CLKBWRCLK (clocked by clk_i) and u_core/u_div/divisor_q_reg[54]/D (clocked by clk_i). Large setup violations at the end of those stages might be difficult to fix during the post-placement implementation flow and could be the result of non-optimal XDC constraints or non-optimal design architecture
Related violations: <none>

TIMING-16#134 Warning
Large setup violation  
There is a large setup violation of -1.421 ns between u_tcm/u_ram/ram_reg_1_1/CLKBWRCLK (clocked by clk_i) and u_core/u_div/divisor_q_reg[44]/D (clocked by clk_i). Large setup violations at the end of those stages might be difficult to fix during the post-placement implementation flow and could be the result of non-optimal XDC constraints or non-optimal design architecture
Related violations: <none>

TIMING-16#135 Warning
Large setup violation  
There is a large setup violation of -1.421 ns between u_tcm/u_ram/ram_reg_1_1/CLKBWRCLK (clocked by clk_i) and u_core/u_div/divisor_q_reg[55]/D (clocked by clk_i). Large setup violations at the end of those stages might be difficult to fix during the post-placement implementation flow and could be the result of non-optimal XDC constraints or non-optimal design architecture
Related violations: <none>

TIMING-16#136 Warning
Large setup violation  
There is a large setup violation of -1.424 ns between u_tcm/u_ram/ram_reg_1_1/CLKBWRCLK (clocked by clk_i) and u_core/u_div/divisor_q_reg[34]/D (clocked by clk_i). Large setup violations at the end of those stages might be difficult to fix during the post-placement implementation flow and could be the result of non-optimal XDC constraints or non-optimal design architecture
Related violations: <none>

TIMING-16#137 Warning
Large setup violation  
There is a large setup violation of -1.424 ns between u_tcm/u_ram/ram_reg_1_1/CLKBWRCLK (clocked by clk_i) and u_core/u_issue/u_pipe_ctrl/pc_e1_q_reg[23]/D (clocked by clk_i). Large setup violations at the end of those stages might be difficult to fix during the post-placement implementation flow and could be the result of non-optimal XDC constraints or non-optimal design architecture
Related violations: <none>

TIMING-16#138 Warning
Large setup violation  
There is a large setup violation of -1.429 ns between u_tcm/u_ram/ram_reg_1_1/CLKBWRCLK (clocked by clk_i) and u_core/u_div/divisor_q_reg[33]/D (clocked by clk_i). Large setup violations at the end of those stages might be difficult to fix during the post-placement implementation flow and could be the result of non-optimal XDC constraints or non-optimal design architecture
Related violations: <none>

TIMING-16#139 Warning
Large setup violation  
There is a large setup violation of -1.430 ns between u_tcm/u_ram/ram_reg_1_1/CLKBWRCLK (clocked by clk_i) and u_core/u_div/quotient_q_reg[14]/CE (clocked by clk_i). Large setup violations at the end of those stages might be difficult to fix during the post-placement implementation flow and could be the result of non-optimal XDC constraints or non-optimal design architecture
Related violations: <none>

TIMING-16#140 Warning
Large setup violation  
There is a large setup violation of -1.430 ns between u_tcm/u_ram/ram_reg_1_1/CLKBWRCLK (clocked by clk_i) and u_core/u_div/quotient_q_reg[15]/CE (clocked by clk_i). Large setup violations at the end of those stages might be difficult to fix during the post-placement implementation flow and could be the result of non-optimal XDC constraints or non-optimal design architecture
Related violations: <none>

TIMING-16#141 Warning
Large setup violation  
There is a large setup violation of -1.430 ns between u_tcm/u_ram/ram_reg_1_1/CLKBWRCLK (clocked by clk_i) and u_core/u_div/quotient_q_reg[16]/CE (clocked by clk_i). Large setup violations at the end of those stages might be difficult to fix during the post-placement implementation flow and could be the result of non-optimal XDC constraints or non-optimal design architecture
Related violations: <none>

TIMING-16#142 Warning
Large setup violation  
There is a large setup violation of -1.430 ns between u_tcm/u_ram/ram_reg_1_1/CLKBWRCLK (clocked by clk_i) and u_core/u_div/quotient_q_reg[17]/CE (clocked by clk_i). Large setup violations at the end of those stages might be difficult to fix during the post-placement implementation flow and could be the result of non-optimal XDC constraints or non-optimal design architecture
Related violations: <none>

TIMING-16#143 Warning
Large setup violation  
There is a large setup violation of -1.430 ns between u_tcm/u_ram/ram_reg_1_1/CLKBWRCLK (clocked by clk_i) and u_core/u_div/quotient_q_reg[18]/CE (clocked by clk_i). Large setup violations at the end of those stages might be difficult to fix during the post-placement implementation flow and could be the result of non-optimal XDC constraints or non-optimal design architecture
Related violations: <none>

TIMING-16#144 Warning
Large setup violation  
There is a large setup violation of -1.430 ns between u_tcm/u_ram/ram_reg_1_1/CLKBWRCLK (clocked by clk_i) and u_core/u_div/quotient_q_reg[19]/CE (clocked by clk_i). Large setup violations at the end of those stages might be difficult to fix during the post-placement implementation flow and could be the result of non-optimal XDC constraints or non-optimal design architecture
Related violations: <none>

TIMING-16#145 Warning
Large setup violation  
There is a large setup violation of -1.434 ns between u_tcm/u_ram/ram_reg_1_1/CLKBWRCLK (clocked by clk_i) and u_core/u_div/divisor_q_reg[42]/D (clocked by clk_i). Large setup violations at the end of those stages might be difficult to fix during the post-placement implementation flow and could be the result of non-optimal XDC constraints or non-optimal design architecture
Related violations: <none>

TIMING-16#146 Warning
Large setup violation  
There is a large setup violation of -1.447 ns between u_tcm/u_ram/ram_reg_1_1/CLKBWRCLK (clocked by clk_i) and u_core/u_div/quotient_q_reg[20]/CE (clocked by clk_i). Large setup violations at the end of those stages might be difficult to fix during the post-placement implementation flow and could be the result of non-optimal XDC constraints or non-optimal design architecture
Related violations: <none>

TIMING-16#147 Warning
Large setup violation  
There is a large setup violation of -1.447 ns between u_tcm/u_ram/ram_reg_1_1/CLKBWRCLK (clocked by clk_i) and u_core/u_div/quotient_q_reg[21]/CE (clocked by clk_i). Large setup violations at the end of those stages might be difficult to fix during the post-placement implementation flow and could be the result of non-optimal XDC constraints or non-optimal design architecture
Related violations: <none>

TIMING-16#148 Warning
Large setup violation  
There is a large setup violation of -1.447 ns between u_tcm/u_ram/ram_reg_1_1/CLKBWRCLK (clocked by clk_i) and u_core/u_div/quotient_q_reg[22]/CE (clocked by clk_i). Large setup violations at the end of those stages might be difficult to fix during the post-placement implementation flow and could be the result of non-optimal XDC constraints or non-optimal design architecture
Related violations: <none>

TIMING-16#149 Warning
Large setup violation  
There is a large setup violation of -1.447 ns between u_tcm/u_ram/ram_reg_1_1/CLKBWRCLK (clocked by clk_i) and u_core/u_div/quotient_q_reg[23]/CE (clocked by clk_i). Large setup violations at the end of those stages might be difficult to fix during the post-placement implementation flow and could be the result of non-optimal XDC constraints or non-optimal design architecture
Related violations: <none>

TIMING-16#150 Warning
Large setup violation  
There is a large setup violation of -1.447 ns between u_tcm/u_ram/ram_reg_1_1/CLKBWRCLK (clocked by clk_i) and u_core/u_div/quotient_q_reg[24]/CE (clocked by clk_i). Large setup violations at the end of those stages might be difficult to fix during the post-placement implementation flow and could be the result of non-optimal XDC constraints or non-optimal design architecture
Related violations: <none>

TIMING-16#151 Warning
Large setup violation  
There is a large setup violation of -1.447 ns between u_tcm/u_ram/ram_reg_1_1/CLKBWRCLK (clocked by clk_i) and u_core/u_div/quotient_q_reg[25]/CE (clocked by clk_i). Large setup violations at the end of those stages might be difficult to fix during the post-placement implementation flow and could be the result of non-optimal XDC constraints or non-optimal design architecture
Related violations: <none>

TIMING-16#152 Warning
Large setup violation  
There is a large setup violation of -1.463 ns between u_tcm/u_ram/ram_reg_1_1/CLKBWRCLK (clocked by clk_i) and u_core/u_div/divisor_q_reg[9]/D (clocked by clk_i). Large setup violations at the end of those stages might be difficult to fix during the post-placement implementation flow and could be the result of non-optimal XDC constraints or non-optimal design architecture
Related violations: <none>

TIMING-16#153 Warning
Large setup violation  
There is a large setup violation of -1.467 ns between u_tcm/u_ram/ram_reg_1_1/CLKBWRCLK (clocked by clk_i) and u_core/u_div/divisor_q_reg[49]/D (clocked by clk_i). Large setup violations at the end of those stages might be difficult to fix during the post-placement implementation flow and could be the result of non-optimal XDC constraints or non-optimal design architecture
Related violations: <none>

TIMING-16#154 Warning
Large setup violation  
There is a large setup violation of -1.467 ns between u_tcm/u_ram/ram_reg_1_1/CLKBWRCLK (clocked by clk_i) and u_core/u_div/divisor_q_reg[53]/D (clocked by clk_i). Large setup violations at the end of those stages might be difficult to fix during the post-placement implementation flow and could be the result of non-optimal XDC constraints or non-optimal design architecture
Related violations: <none>

TIMING-16#155 Warning
Large setup violation  
There is a large setup violation of -1.472 ns between u_tcm/u_ram/ram_reg_1_1/CLKBWRCLK (clocked by clk_i) and u_core/u_div/dividend_q_reg[10]/CE (clocked by clk_i). Large setup violations at the end of those stages might be difficult to fix during the post-placement implementation flow and could be the result of non-optimal XDC constraints or non-optimal design architecture
Related violations: <none>

TIMING-16#156 Warning
Large setup violation  
There is a large setup violation of -1.472 ns between u_tcm/u_ram/ram_reg_1_1/CLKBWRCLK (clocked by clk_i) and u_core/u_div/dividend_q_reg[11]/CE (clocked by clk_i). Large setup violations at the end of those stages might be difficult to fix during the post-placement implementation flow and could be the result of non-optimal XDC constraints or non-optimal design architecture
Related violations: <none>

TIMING-16#157 Warning
Large setup violation  
There is a large setup violation of -1.472 ns between u_tcm/u_ram/ram_reg_1_1/CLKBWRCLK (clocked by clk_i) and u_core/u_div/dividend_q_reg[8]/CE (clocked by clk_i). Large setup violations at the end of those stages might be difficult to fix during the post-placement implementation flow and could be the result of non-optimal XDC constraints or non-optimal design architecture
Related violations: <none>

TIMING-16#158 Warning
Large setup violation  
There is a large setup violation of -1.472 ns between u_tcm/u_ram/ram_reg_1_1/CLKBWRCLK (clocked by clk_i) and u_core/u_div/dividend_q_reg[9]/CE (clocked by clk_i). Large setup violations at the end of those stages might be difficult to fix during the post-placement implementation flow and could be the result of non-optimal XDC constraints or non-optimal design architecture
Related violations: <none>

TIMING-16#159 Warning
Large setup violation  
There is a large setup violation of -1.472 ns between u_tcm/u_ram/ram_reg_1_1/CLKBWRCLK (clocked by clk_i) and u_core/u_div/q_mask_q_reg[14]/D (clocked by clk_i). Large setup violations at the end of those stages might be difficult to fix during the post-placement implementation flow and could be the result of non-optimal XDC constraints or non-optimal design architecture
Related violations: <none>

TIMING-16#160 Warning
Large setup violation  
There is a large setup violation of -1.475 ns between u_core/u_mul/operand_a_e1_q_reg[11]/C (clocked by clk_i) and u_core/u_mul/result_e2_q_reg[23]/D (clocked by clk_i). Large setup violations at the end of those stages might be difficult to fix during the post-placement implementation flow and could be the result of non-optimal XDC constraints or non-optimal design architecture
Related violations: <none>

TIMING-16#161 Warning
Large setup violation  
There is a large setup violation of -1.477 ns between u_tcm/u_ram/ram_reg_1_1/CLKBWRCLK (clocked by clk_i) and u_core/u_div/dividend_q_reg[20]/CE (clocked by clk_i). Large setup violations at the end of those stages might be difficult to fix during the post-placement implementation flow and could be the result of non-optimal XDC constraints or non-optimal design architecture
Related violations: <none>

TIMING-16#162 Warning
Large setup violation  
There is a large setup violation of -1.477 ns between u_tcm/u_ram/ram_reg_1_1/CLKBWRCLK (clocked by clk_i) and u_core/u_div/dividend_q_reg[21]/CE (clocked by clk_i). Large setup violations at the end of those stages might be difficult to fix during the post-placement implementation flow and could be the result of non-optimal XDC constraints or non-optimal design architecture
Related violations: <none>

TIMING-16#163 Warning
Large setup violation  
There is a large setup violation of -1.477 ns between u_tcm/u_ram/ram_reg_1_1/CLKBWRCLK (clocked by clk_i) and u_core/u_div/dividend_q_reg[22]/CE (clocked by clk_i). Large setup violations at the end of those stages might be difficult to fix during the post-placement implementation flow and could be the result of non-optimal XDC constraints or non-optimal design architecture
Related violations: <none>

TIMING-16#164 Warning
Large setup violation  
There is a large setup violation of -1.477 ns between u_tcm/u_ram/ram_reg_1_1/CLKBWRCLK (clocked by clk_i) and u_core/u_div/dividend_q_reg[23]/CE (clocked by clk_i). Large setup violations at the end of those stages might be difficult to fix during the post-placement implementation flow and could be the result of non-optimal XDC constraints or non-optimal design architecture
Related violations: <none>

TIMING-16#165 Warning
Large setup violation  
There is a large setup violation of -1.491 ns between u_tcm/u_ram/ram_reg_1_1/CLKBWRCLK (clocked by clk_i) and u_core/u_div/divisor_q_reg[1]/D (clocked by clk_i). Large setup violations at the end of those stages might be difficult to fix during the post-placement implementation flow and could be the result of non-optimal XDC constraints or non-optimal design architecture
Related violations: <none>

TIMING-16#166 Warning
Large setup violation  
There is a large setup violation of -1.492 ns between u_tcm/u_ram/ram_reg_1_1/CLKBWRCLK (clocked by clk_i) and u_core/u_lsu/mem_addr_q_reg[2]/D (clocked by clk_i). Large setup violations at the end of those stages might be difficult to fix during the post-placement implementation flow and could be the result of non-optimal XDC constraints or non-optimal design architecture
Related violations: <none>

TIMING-16#167 Warning
Large setup violation  
There is a large setup violation of -1.496 ns between u_core/u_mul/operand_a_e1_q_reg[11]/C (clocked by clk_i) and u_core/u_mul/result_e2_q_reg[21]/D (clocked by clk_i). Large setup violations at the end of those stages might be difficult to fix during the post-placement implementation flow and could be the result of non-optimal XDC constraints or non-optimal design architecture
Related violations: <none>

TIMING-16#168 Warning
Large setup violation  
There is a large setup violation of -1.497 ns between u_tcm/u_ram/ram_reg_1_1/CLKBWRCLK (clocked by clk_i) and u_core/u_div/quotient_q_reg[10]/CE (clocked by clk_i). Large setup violations at the end of those stages might be difficult to fix during the post-placement implementation flow and could be the result of non-optimal XDC constraints or non-optimal design architecture
Related violations: <none>

TIMING-16#169 Warning
Large setup violation  
There is a large setup violation of -1.497 ns between u_tcm/u_ram/ram_reg_1_1/CLKBWRCLK (clocked by clk_i) and u_core/u_div/quotient_q_reg[11]/CE (clocked by clk_i). Large setup violations at the end of those stages might be difficult to fix during the post-placement implementation flow and could be the result of non-optimal XDC constraints or non-optimal design architecture
Related violations: <none>

TIMING-16#170 Warning
Large setup violation  
There is a large setup violation of -1.497 ns between u_tcm/u_ram/ram_reg_1_1/CLKBWRCLK (clocked by clk_i) and u_core/u_div/quotient_q_reg[8]/CE (clocked by clk_i). Large setup violations at the end of those stages might be difficult to fix during the post-placement implementation flow and could be the result of non-optimal XDC constraints or non-optimal design architecture
Related violations: <none>

TIMING-16#171 Warning
Large setup violation  
There is a large setup violation of -1.497 ns between u_tcm/u_ram/ram_reg_1_1/CLKBWRCLK (clocked by clk_i) and u_core/u_div/quotient_q_reg[9]/CE (clocked by clk_i). Large setup violations at the end of those stages might be difficult to fix during the post-placement implementation flow and could be the result of non-optimal XDC constraints or non-optimal design architecture
Related violations: <none>

TIMING-16#172 Warning
Large setup violation  
There is a large setup violation of -1.502 ns between u_tcm/u_ram/ram_reg_1_1/CLKBWRCLK (clocked by clk_i) and u_core/u_div/dividend_q_reg[28]/CE (clocked by clk_i). Large setup violations at the end of those stages might be difficult to fix during the post-placement implementation flow and could be the result of non-optimal XDC constraints or non-optimal design architecture
Related violations: <none>

TIMING-16#173 Warning
Large setup violation  
There is a large setup violation of -1.502 ns between u_tcm/u_ram/ram_reg_1_1/CLKBWRCLK (clocked by clk_i) and u_core/u_div/dividend_q_reg[29]/CE (clocked by clk_i). Large setup violations at the end of those stages might be difficult to fix during the post-placement implementation flow and could be the result of non-optimal XDC constraints or non-optimal design architecture
Related violations: <none>

TIMING-16#174 Warning
Large setup violation  
There is a large setup violation of -1.502 ns between u_tcm/u_ram/ram_reg_1_1/CLKBWRCLK (clocked by clk_i) and u_core/u_div/dividend_q_reg[30]/CE (clocked by clk_i). Large setup violations at the end of those stages might be difficult to fix during the post-placement implementation flow and could be the result of non-optimal XDC constraints or non-optimal design architecture
Related violations: <none>

TIMING-16#175 Warning
Large setup violation  
There is a large setup violation of -1.502 ns between u_tcm/u_ram/ram_reg_1_1/CLKBWRCLK (clocked by clk_i) and u_core/u_div/dividend_q_reg[31]/CE (clocked by clk_i). Large setup violations at the end of those stages might be difficult to fix during the post-placement implementation flow and could be the result of non-optimal XDC constraints or non-optimal design architecture
Related violations: <none>

TIMING-16#176 Warning
Large setup violation  
There is a large setup violation of -1.507 ns between u_tcm/u_ram/ram_reg_1_1/CLKBWRCLK (clocked by clk_i) and u_core/u_csr/u_csrfile/csr_mip_next_q_reg[7]/D (clocked by clk_i). Large setup violations at the end of those stages might be difficult to fix during the post-placement implementation flow and could be the result of non-optimal XDC constraints or non-optimal design architecture
Related violations: <none>

TIMING-16#177 Warning
Large setup violation  
There is a large setup violation of -1.511 ns between u_tcm/u_ram/ram_reg_1_1/CLKBWRCLK (clocked by clk_i) and u_core/u_div/divisor_q_reg[8]/D (clocked by clk_i). Large setup violations at the end of those stages might be difficult to fix during the post-placement implementation flow and could be the result of non-optimal XDC constraints or non-optimal design architecture
Related violations: <none>

TIMING-16#178 Warning
Large setup violation  
There is a large setup violation of -1.516 ns between u_tcm/u_ram/ram_reg_1_1/CLKBWRCLK (clocked by clk_i) and u_core/u_div/q_mask_q_reg[13]/D (clocked by clk_i). Large setup violations at the end of those stages might be difficult to fix during the post-placement implementation flow and could be the result of non-optimal XDC constraints or non-optimal design architecture
Related violations: <none>

TIMING-16#179 Warning
Large setup violation  
There is a large setup violation of -1.526 ns between u_core/u_mul/operand_a_e1_q_reg[11]/C (clocked by clk_i) and u_core/u_mul/result_e2_q_reg[24]/D (clocked by clk_i). Large setup violations at the end of those stages might be difficult to fix during the post-placement implementation flow and could be the result of non-optimal XDC constraints or non-optimal design architecture
Related violations: <none>

TIMING-16#180 Warning
Large setup violation  
There is a large setup violation of -1.529 ns between u_tcm/u_ram/ram_reg_1_1/CLKBWRCLK (clocked by clk_i) and u_core/u_div/dividend_q_reg[24]/CE (clocked by clk_i). Large setup violations at the end of those stages might be difficult to fix during the post-placement implementation flow and could be the result of non-optimal XDC constraints or non-optimal design architecture
Related violations: <none>

TIMING-16#181 Warning
Large setup violation  
There is a large setup violation of -1.529 ns between u_tcm/u_ram/ram_reg_1_1/CLKBWRCLK (clocked by clk_i) and u_core/u_div/dividend_q_reg[25]/CE (clocked by clk_i). Large setup violations at the end of those stages might be difficult to fix during the post-placement implementation flow and could be the result of non-optimal XDC constraints or non-optimal design architecture
Related violations: <none>

TIMING-16#182 Warning
Large setup violation  
There is a large setup violation of -1.529 ns between u_tcm/u_ram/ram_reg_1_1/CLKBWRCLK (clocked by clk_i) and u_core/u_div/dividend_q_reg[26]/CE (clocked by clk_i). Large setup violations at the end of those stages might be difficult to fix during the post-placement implementation flow and could be the result of non-optimal XDC constraints or non-optimal design architecture
Related violations: <none>

TIMING-16#183 Warning
Large setup violation  
There is a large setup violation of -1.529 ns between u_tcm/u_ram/ram_reg_1_1/CLKBWRCLK (clocked by clk_i) and u_core/u_div/dividend_q_reg[27]/CE (clocked by clk_i). Large setup violations at the end of those stages might be difficult to fix during the post-placement implementation flow and could be the result of non-optimal XDC constraints or non-optimal design architecture
Related violations: <none>

TIMING-16#184 Warning
Large setup violation  
There is a large setup violation of -1.536 ns between u_tcm/u_ram/ram_reg_1_1/CLKBWRCLK (clocked by clk_i) and u_core/u_div/divisor_q_reg[62]/D (clocked by clk_i). Large setup violations at the end of those stages might be difficult to fix during the post-placement implementation flow and could be the result of non-optimal XDC constraints or non-optimal design architecture
Related violations: <none>

TIMING-16#185 Warning
Large setup violation  
There is a large setup violation of -1.538 ns between u_tcm/u_ram/ram_reg_1_1/CLKBWRCLK (clocked by clk_i) and u_core/u_div/divisor_q_reg[43]/D (clocked by clk_i). Large setup violations at the end of those stages might be difficult to fix during the post-placement implementation flow and could be the result of non-optimal XDC constraints or non-optimal design architecture
Related violations: <none>

TIMING-16#186 Warning
Large setup violation  
There is a large setup violation of -1.542 ns between u_core/u_mul/operand_a_e1_q_reg[11]/C (clocked by clk_i) and u_core/u_mul/result_e2_q_reg[26]/D (clocked by clk_i). Large setup violations at the end of those stages might be difficult to fix during the post-placement implementation flow and could be the result of non-optimal XDC constraints or non-optimal design architecture
Related violations: <none>

TIMING-16#187 Warning
Large setup violation  
There is a large setup violation of -1.543 ns between u_tcm/u_ram/ram_reg_1_1/CLKBWRCLK (clocked by clk_i) and u_core/u_div/divisor_q_reg[0]/D (clocked by clk_i). Large setup violations at the end of those stages might be difficult to fix during the post-placement implementation flow and could be the result of non-optimal XDC constraints or non-optimal design architecture
Related violations: <none>

TIMING-16#188 Warning
Large setup violation  
There is a large setup violation of -1.557 ns between u_tcm/u_ram/ram_reg_1_1/CLKBWRCLK (clocked by clk_i) and u_core/u_lsu/mem_addr_q_reg[3]/D (clocked by clk_i). Large setup violations at the end of those stages might be difficult to fix during the post-placement implementation flow and could be the result of non-optimal XDC constraints or non-optimal design architecture
Related violations: <none>

TIMING-16#189 Warning
Large setup violation  
There is a large setup violation of -1.562 ns between u_tcm/u_ram/ram_reg_1_1/CLKBWRCLK (clocked by clk_i) and u_core/u_div/q_mask_q_reg[20]/D (clocked by clk_i). Large setup violations at the end of those stages might be difficult to fix during the post-placement implementation flow and could be the result of non-optimal XDC constraints or non-optimal design architecture
Related violations: <none>

TIMING-16#190 Warning
Large setup violation  
There is a large setup violation of -1.564 ns between u_tcm/u_ram/ram_reg_1_1/CLKBWRCLK (clocked by clk_i) and u_core/u_div/quotient_q_reg[26]/CE (clocked by clk_i). Large setup violations at the end of those stages might be difficult to fix during the post-placement implementation flow and could be the result of non-optimal XDC constraints or non-optimal design architecture
Related violations: <none>

TIMING-16#191 Warning
Large setup violation  
There is a large setup violation of -1.564 ns between u_tcm/u_ram/ram_reg_1_1/CLKBWRCLK (clocked by clk_i) and u_core/u_div/quotient_q_reg[27]/CE (clocked by clk_i). Large setup violations at the end of those stages might be difficult to fix during the post-placement implementation flow and could be the result of non-optimal XDC constraints or non-optimal design architecture
Related violations: <none>

TIMING-16#192 Warning
Large setup violation  
There is a large setup violation of -1.564 ns between u_tcm/u_ram/ram_reg_1_1/CLKBWRCLK (clocked by clk_i) and u_core/u_div/quotient_q_reg[28]/CE (clocked by clk_i). Large setup violations at the end of those stages might be difficult to fix during the post-placement implementation flow and could be the result of non-optimal XDC constraints or non-optimal design architecture
Related violations: <none>

TIMING-16#193 Warning
Large setup violation  
There is a large setup violation of -1.564 ns between u_tcm/u_ram/ram_reg_1_1/CLKBWRCLK (clocked by clk_i) and u_core/u_div/quotient_q_reg[29]/CE (clocked by clk_i). Large setup violations at the end of those stages might be difficult to fix during the post-placement implementation flow and could be the result of non-optimal XDC constraints or non-optimal design architecture
Related violations: <none>

TIMING-16#194 Warning
Large setup violation  
There is a large setup violation of -1.564 ns between u_tcm/u_ram/ram_reg_1_1/CLKBWRCLK (clocked by clk_i) and u_core/u_div/quotient_q_reg[30]/CE (clocked by clk_i). Large setup violations at the end of those stages might be difficult to fix during the post-placement implementation flow and could be the result of non-optimal XDC constraints or non-optimal design architecture
Related violations: <none>

TIMING-16#195 Warning
Large setup violation  
There is a large setup violation of -1.564 ns between u_tcm/u_ram/ram_reg_1_1/CLKBWRCLK (clocked by clk_i) and u_core/u_div/quotient_q_reg[31]/CE (clocked by clk_i). Large setup violations at the end of those stages might be difficult to fix during the post-placement implementation flow and could be the result of non-optimal XDC constraints or non-optimal design architecture
Related violations: <none>

TIMING-16#196 Warning
Large setup violation  
There is a large setup violation of -1.577 ns between u_tcm/u_ram/ram_reg_1_1/CLKBWRCLK (clocked by clk_i) and u_core/u_div/divisor_q_reg[32]/D (clocked by clk_i). Large setup violations at the end of those stages might be difficult to fix during the post-placement implementation flow and could be the result of non-optimal XDC constraints or non-optimal design architecture
Related violations: <none>

TIMING-16#197 Warning
Large setup violation  
There is a large setup violation of -1.577 ns between u_tcm/u_ram/ram_reg_1_1/CLKBWRCLK (clocked by clk_i) and u_core/u_div/q_mask_q_reg[16]/D (clocked by clk_i). Large setup violations at the end of those stages might be difficult to fix during the post-placement implementation flow and could be the result of non-optimal XDC constraints or non-optimal design architecture
Related violations: <none>

TIMING-16#198 Warning
Large setup violation  
There is a large setup violation of -1.577 ns between u_tcm/u_ram/ram_reg_1_1/CLKBWRCLK (clocked by clk_i) and u_core/u_div/q_mask_q_reg[19]/D (clocked by clk_i). Large setup violations at the end of those stages might be difficult to fix during the post-placement implementation flow and could be the result of non-optimal XDC constraints or non-optimal design architecture
Related violations: <none>

TIMING-16#199 Warning
Large setup violation  
There is a large setup violation of -1.580 ns between u_tcm/u_ram/ram_reg_1_1/CLKBWRCLK (clocked by clk_i) and u_core/u_div/divisor_q_reg[29]/D (clocked by clk_i). Large setup violations at the end of those stages might be difficult to fix during the post-placement implementation flow and could be the result of non-optimal XDC constraints or non-optimal design architecture
Related violations: <none>

TIMING-16#200 Warning
Large setup violation  
There is a large setup violation of -1.584 ns between u_tcm/u_ram/ram_reg_1_1/CLKBWRCLK (clocked by clk_i) and u_core/u_div/divisor_q_reg[3]/D (clocked by clk_i). Large setup violations at the end of those stages might be difficult to fix during the post-placement implementation flow and could be the result of non-optimal XDC constraints or non-optimal design architecture
Related violations: <none>

TIMING-16#201 Warning
Large setup violation  
There is a large setup violation of -1.589 ns between u_tcm/u_ram/ram_reg_1_1/CLKBWRCLK (clocked by clk_i) and u_core/u_div/q_mask_q_reg[18]/D (clocked by clk_i). Large setup violations at the end of those stages might be difficult to fix during the post-placement implementation flow and could be the result of non-optimal XDC constraints or non-optimal design architecture
Related violations: <none>

TIMING-16#202 Warning
Large setup violation  
There is a large setup violation of -1.589 ns between u_tcm/u_ram/ram_reg_1_1/CLKBWRCLK (clocked by clk_i) and u_core/u_div/quotient_q_reg[2]/CE (clocked by clk_i). Large setup violations at the end of those stages might be difficult to fix during the post-placement implementation flow and could be the result of non-optimal XDC constraints or non-optimal design architecture
Related violations: <none>

TIMING-16#203 Warning
Large setup violation  
There is a large setup violation of -1.589 ns between u_tcm/u_ram/ram_reg_1_1/CLKBWRCLK (clocked by clk_i) and u_core/u_div/quotient_q_reg[3]/CE (clocked by clk_i). Large setup violations at the end of those stages might be difficult to fix during the post-placement implementation flow and could be the result of non-optimal XDC constraints or non-optimal design architecture
Related violations: <none>

TIMING-16#204 Warning
Large setup violation  
There is a large setup violation of -1.589 ns between u_tcm/u_ram/ram_reg_1_1/CLKBWRCLK (clocked by clk_i) and u_core/u_div/quotient_q_reg[4]/CE (clocked by clk_i). Large setup violations at the end of those stages might be difficult to fix during the post-placement implementation flow and could be the result of non-optimal XDC constraints or non-optimal design architecture
Related violations: <none>

TIMING-16#205 Warning
Large setup violation  
There is a large setup violation of -1.589 ns between u_tcm/u_ram/ram_reg_1_1/CLKBWRCLK (clocked by clk_i) and u_core/u_div/quotient_q_reg[5]/CE (clocked by clk_i). Large setup violations at the end of those stages might be difficult to fix during the post-placement implementation flow and could be the result of non-optimal XDC constraints or non-optimal design architecture
Related violations: <none>

TIMING-16#206 Warning
Large setup violation  
There is a large setup violation of -1.589 ns between u_tcm/u_ram/ram_reg_1_1/CLKBWRCLK (clocked by clk_i) and u_core/u_div/quotient_q_reg[6]/CE (clocked by clk_i). Large setup violations at the end of those stages might be difficult to fix during the post-placement implementation flow and could be the result of non-optimal XDC constraints or non-optimal design architecture
Related violations: <none>

TIMING-16#207 Warning
Large setup violation  
There is a large setup violation of -1.589 ns between u_tcm/u_ram/ram_reg_1_1/CLKBWRCLK (clocked by clk_i) and u_core/u_div/quotient_q_reg[7]/CE (clocked by clk_i). Large setup violations at the end of those stages might be difficult to fix during the post-placement implementation flow and could be the result of non-optimal XDC constraints or non-optimal design architecture
Related violations: <none>

TIMING-16#208 Warning
Large setup violation  
There is a large setup violation of -1.590 ns between u_tcm/u_ram/ram_reg_1_1/CLKBWRCLK (clocked by clk_i) and u_core/u_issue/u_pipe_ctrl/pc_e1_q_reg[25]/D (clocked by clk_i). Large setup violations at the end of those stages might be difficult to fix during the post-placement implementation flow and could be the result of non-optimal XDC constraints or non-optimal design architecture
Related violations: <none>

TIMING-16#209 Warning
Large setup violation  
There is a large setup violation of -1.591 ns between u_tcm/u_ram/ram_reg_1_1/CLKBWRCLK (clocked by clk_i) and u_core/u_div/divisor_q_reg[28]/D (clocked by clk_i). Large setup violations at the end of those stages might be difficult to fix during the post-placement implementation flow and could be the result of non-optimal XDC constraints or non-optimal design architecture
Related violations: <none>

TIMING-16#210 Warning
Large setup violation  
There is a large setup violation of -1.593 ns between u_tcm/u_ram/ram_reg_1_1/CLKBWRCLK (clocked by clk_i) and u_core/u_div/divisor_q_reg[35]/D (clocked by clk_i). Large setup violations at the end of those stages might be difficult to fix during the post-placement implementation flow and could be the result of non-optimal XDC constraints or non-optimal design architecture
Related violations: <none>

TIMING-16#211 Warning
Large setup violation  
There is a large setup violation of -1.594 ns between u_tcm/u_ram/ram_reg_1_1/CLKBWRCLK (clocked by clk_i) and u_core/u_csr/csr_wdata_e1_q_reg[12]/CE (clocked by clk_i). Large setup violations at the end of those stages might be difficult to fix during the post-placement implementation flow and could be the result of non-optimal XDC constraints or non-optimal design architecture
Related violations: <none>

TIMING-16#212 Warning
Large setup violation  
There is a large setup violation of -1.594 ns between u_tcm/u_ram/ram_reg_1_1/CLKBWRCLK (clocked by clk_i) and u_core/u_csr/csr_wdata_e1_q_reg[26]/CE (clocked by clk_i). Large setup violations at the end of those stages might be difficult to fix during the post-placement implementation flow and could be the result of non-optimal XDC constraints or non-optimal design architecture
Related violations: <none>

TIMING-16#213 Warning
Large setup violation  
There is a large setup violation of -1.594 ns between u_tcm/u_ram/ram_reg_1_1/CLKBWRCLK (clocked by clk_i) and u_core/u_csr/csr_wdata_e1_q_reg[28]/CE (clocked by clk_i). Large setup violations at the end of those stages might be difficult to fix during the post-placement implementation flow and could be the result of non-optimal XDC constraints or non-optimal design architecture
Related violations: <none>

TIMING-16#214 Warning
Large setup violation  
There is a large setup violation of -1.594 ns between u_tcm/u_ram/ram_reg_1_1/CLKBWRCLK (clocked by clk_i) and u_core/u_csr/csr_wdata_e1_q_reg[30]/CE (clocked by clk_i). Large setup violations at the end of those stages might be difficult to fix during the post-placement implementation flow and could be the result of non-optimal XDC constraints or non-optimal design architecture
Related violations: <none>

TIMING-16#215 Warning
Large setup violation  
There is a large setup violation of -1.601 ns between u_tcm/u_ram/ram_reg_1_1/CLKBWRCLK (clocked by clk_i) and u_core/u_div/divisor_q_reg[2]/D (clocked by clk_i). Large setup violations at the end of those stages might be difficult to fix during the post-placement implementation flow and could be the result of non-optimal XDC constraints or non-optimal design architecture
Related violations: <none>

TIMING-16#216 Warning
Large setup violation  
There is a large setup violation of -1.610 ns between u_tcm/u_ram/ram_reg_1_1/CLKBWRCLK (clocked by clk_i) and u_core/u_div/divisor_q_reg[36]/D (clocked by clk_i). Large setup violations at the end of those stages might be difficult to fix during the post-placement implementation flow and could be the result of non-optimal XDC constraints or non-optimal design architecture
Related violations: <none>

TIMING-16#217 Warning
Large setup violation  
There is a large setup violation of -1.616 ns between u_core/u_mul/operand_a_e1_q_reg[11]/C (clocked by clk_i) and u_core/u_mul/result_e2_q_reg[27]/D (clocked by clk_i). Large setup violations at the end of those stages might be difficult to fix during the post-placement implementation flow and could be the result of non-optimal XDC constraints or non-optimal design architecture
Related violations: <none>

TIMING-16#218 Warning
Large setup violation  
There is a large setup violation of -1.618 ns between u_tcm/u_ram/ram_reg_1_1/CLKBWRCLK (clocked by clk_i) and u_core/u_div/divisor_q_reg[23]/D (clocked by clk_i). Large setup violations at the end of those stages might be difficult to fix during the post-placement implementation flow and could be the result of non-optimal XDC constraints or non-optimal design architecture
Related violations: <none>

TIMING-16#219 Warning
Large setup violation  
There is a large setup violation of -1.624 ns between u_tcm/u_ram/ram_reg_1_1/CLKBWRCLK (clocked by clk_i) and u_core/u_div/divisor_q_reg[11]/D (clocked by clk_i). Large setup violations at the end of those stages might be difficult to fix during the post-placement implementation flow and could be the result of non-optimal XDC constraints or non-optimal design architecture
Related violations: <none>

TIMING-16#220 Warning
Large setup violation  
There is a large setup violation of -1.626 ns between u_tcm/u_ram/ram_reg_1_1/CLKBWRCLK (clocked by clk_i) and u_core/u_div/q_mask_q_reg[15]/D (clocked by clk_i). Large setup violations at the end of those stages might be difficult to fix during the post-placement implementation flow and could be the result of non-optimal XDC constraints or non-optimal design architecture
Related violations: <none>

TIMING-16#221 Warning
Large setup violation  
There is a large setup violation of -1.629 ns between u_tcm/u_ram/ram_reg_1_1/CLKBWRCLK (clocked by clk_i) and u_core/u_div/divisor_q_reg[13]/D (clocked by clk_i). Large setup violations at the end of those stages might be difficult to fix during the post-placement implementation flow and could be the result of non-optimal XDC constraints or non-optimal design architecture
Related violations: <none>

TIMING-16#222 Warning
Large setup violation  
There is a large setup violation of -1.630 ns between u_tcm/u_ram/ram_reg_1_1/CLKBWRCLK (clocked by clk_i) and u_core/u_csr/csr_wdata_e1_q_reg[21]/CE (clocked by clk_i). Large setup violations at the end of those stages might be difficult to fix during the post-placement implementation flow and could be the result of non-optimal XDC constraints or non-optimal design architecture
Related violations: <none>

TIMING-16#223 Warning
Large setup violation  
There is a large setup violation of -1.630 ns between u_tcm/u_ram/ram_reg_1_1/CLKBWRCLK (clocked by clk_i) and u_core/u_csr/csr_wdata_e1_q_reg[27]/CE (clocked by clk_i). Large setup violations at the end of those stages might be difficult to fix during the post-placement implementation flow and could be the result of non-optimal XDC constraints or non-optimal design architecture
Related violations: <none>

TIMING-16#224 Warning
Large setup violation  
There is a large setup violation of -1.630 ns between u_tcm/u_ram/ram_reg_1_1/CLKBWRCLK (clocked by clk_i) and u_core/u_csr/csr_wdata_e1_q_reg[29]/CE (clocked by clk_i). Large setup violations at the end of those stages might be difficult to fix during the post-placement implementation flow and could be the result of non-optimal XDC constraints or non-optimal design architecture
Related violations: <none>

TIMING-16#225 Warning
Large setup violation  
There is a large setup violation of -1.630 ns between u_tcm/u_ram/ram_reg_1_1/CLKBWRCLK (clocked by clk_i) and u_core/u_div/quotient_q_reg[0]/CE (clocked by clk_i). Large setup violations at the end of those stages might be difficult to fix during the post-placement implementation flow and could be the result of non-optimal XDC constraints or non-optimal design architecture
Related violations: <none>

TIMING-16#226 Warning
Large setup violation  
There is a large setup violation of -1.630 ns between u_tcm/u_ram/ram_reg_1_1/CLKBWRCLK (clocked by clk_i) and u_core/u_div/quotient_q_reg[1]/CE (clocked by clk_i). Large setup violations at the end of those stages might be difficult to fix during the post-placement implementation flow and could be the result of non-optimal XDC constraints or non-optimal design architecture
Related violations: <none>

TIMING-16#227 Warning
Large setup violation  
There is a large setup violation of -1.633 ns between u_tcm/u_ram/ram_reg_1_1/CLKBWRCLK (clocked by clk_i) and u_core/u_div/q_mask_q_reg[17]/D (clocked by clk_i). Large setup violations at the end of those stages might be difficult to fix during the post-placement implementation flow and could be the result of non-optimal XDC constraints or non-optimal design architecture
Related violations: <none>

TIMING-16#228 Warning
Large setup violation  
There is a large setup violation of -1.637 ns between u_core/u_mul/operand_a_e1_q_reg[11]/C (clocked by clk_i) and u_core/u_mul/result_e2_q_reg[25]/D (clocked by clk_i). Large setup violations at the end of those stages might be difficult to fix during the post-placement implementation flow and could be the result of non-optimal XDC constraints or non-optimal design architecture
Related violations: <none>

TIMING-16#229 Warning
Large setup violation  
There is a large setup violation of -1.637 ns between u_tcm/u_ram/ram_reg_1_1/CLKBWRCLK (clocked by clk_i) and u_core/u_div/divisor_q_reg[19]/D (clocked by clk_i). Large setup violations at the end of those stages might be difficult to fix during the post-placement implementation flow and could be the result of non-optimal XDC constraints or non-optimal design architecture
Related violations: <none>

TIMING-16#230 Warning
Large setup violation  
There is a large setup violation of -1.643 ns between u_tcm/u_ram/ram_reg_1_1/CLKBWRCLK (clocked by clk_i) and u_core/u_csr/csr_wdata_e1_q_reg[20]/CE (clocked by clk_i). Large setup violations at the end of those stages might be difficult to fix during the post-placement implementation flow and could be the result of non-optimal XDC constraints or non-optimal design architecture
Related violations: <none>

TIMING-16#231 Warning
Large setup violation  
There is a large setup violation of -1.647 ns between u_tcm/u_ram/ram_reg_1_1/CLKBWRCLK (clocked by clk_i) and u_core/u_div/divisor_q_reg[51]/D (clocked by clk_i). Large setup violations at the end of those stages might be difficult to fix during the post-placement implementation flow and could be the result of non-optimal XDC constraints or non-optimal design architecture
Related violations: <none>

TIMING-16#232 Warning
Large setup violation  
There is a large setup violation of -1.652 ns between u_tcm/u_ram/ram_reg_1_1/CLKBWRCLK (clocked by clk_i) and u_core/u_div/divisor_q_reg[18]/D (clocked by clk_i). Large setup violations at the end of those stages might be difficult to fix during the post-placement implementation flow and could be the result of non-optimal XDC constraints or non-optimal design architecture
Related violations: <none>

TIMING-16#233 Warning
Large setup violation  
There is a large setup violation of -1.653 ns between u_tcm/u_ram/ram_reg_1_1/CLKBWRCLK (clocked by clk_i) and u_core/u_div/q_mask_q_reg[9]/D (clocked by clk_i). Large setup violations at the end of those stages might be difficult to fix during the post-placement implementation flow and could be the result of non-optimal XDC constraints or non-optimal design architecture
Related violations: <none>

TIMING-16#234 Warning
Large setup violation  
There is a large setup violation of -1.655 ns between u_tcm/u_ram/ram_reg_1_1/CLKBWRCLK (clocked by clk_i) and u_core/u_div/q_mask_q_reg[12]/D (clocked by clk_i). Large setup violations at the end of those stages might be difficult to fix during the post-placement implementation flow and could be the result of non-optimal XDC constraints or non-optimal design architecture
Related violations: <none>

TIMING-16#235 Warning
Large setup violation  
There is a large setup violation of -1.655 ns between u_tcm/u_ram/ram_reg_1_1/CLKBWRCLK (clocked by clk_i) and u_core/u_div/q_mask_q_reg[29]/D (clocked by clk_i). Large setup violations at the end of those stages might be difficult to fix during the post-placement implementation flow and could be the result of non-optimal XDC constraints or non-optimal design architecture
Related violations: <none>

TIMING-16#236 Warning
Large setup violation  
There is a large setup violation of -1.661 ns between u_tcm/u_ram/ram_reg_1_1/CLKBWRCLK (clocked by clk_i) and u_core/u_div/q_mask_q_reg[0]/D (clocked by clk_i). Large setup violations at the end of those stages might be difficult to fix during the post-placement implementation flow and could be the result of non-optimal XDC constraints or non-optimal design architecture
Related violations: <none>

TIMING-16#237 Warning
Large setup violation  
There is a large setup violation of -1.664 ns between u_core/u_mul/operand_a_e1_q_reg[11]/C (clocked by clk_i) and u_core/u_mul/result_e2_q_reg[28]/D (clocked by clk_i). Large setup violations at the end of those stages might be difficult to fix during the post-placement implementation flow and could be the result of non-optimal XDC constraints or non-optimal design architecture
Related violations: <none>

TIMING-16#238 Warning
Large setup violation  
There is a large setup violation of -1.665 ns between u_tcm/u_ram/ram_reg_1_1/CLKBWRCLK (clocked by clk_i) and u_core/u_div/q_mask_q_reg[28]/D (clocked by clk_i). Large setup violations at the end of those stages might be difficult to fix during the post-placement implementation flow and could be the result of non-optimal XDC constraints or non-optimal design architecture
Related violations: <none>

TIMING-16#239 Warning
Large setup violation  
There is a large setup violation of -1.666 ns between u_tcm/u_ram/ram_reg_1_1/CLKBWRCLK (clocked by clk_i) and u_core/u_lsu/mem_addr_q_reg[4]/D (clocked by clk_i). Large setup violations at the end of those stages might be difficult to fix during the post-placement implementation flow and could be the result of non-optimal XDC constraints or non-optimal design architecture
Related violations: <none>

TIMING-16#240 Warning
Large setup violation  
There is a large setup violation of -1.670 ns between u_tcm/u_ram/ram_reg_1_1/CLKBWRCLK (clocked by clk_i) and u_core/u_div/divisor_q_reg[22]/D (clocked by clk_i). Large setup violations at the end of those stages might be difficult to fix during the post-placement implementation flow and could be the result of non-optimal XDC constraints or non-optimal design architecture
Related violations: <none>

TIMING-16#241 Warning
Large setup violation  
There is a large setup violation of -1.670 ns between u_tcm/u_ram/ram_reg_1_1/CLKBWRCLK (clocked by clk_i) and u_core/u_div/q_mask_q_reg[11]/D (clocked by clk_i). Large setup violations at the end of those stages might be difficult to fix during the post-placement implementation flow and could be the result of non-optimal XDC constraints or non-optimal design architecture
Related violations: <none>

TIMING-16#242 Warning
Large setup violation  
There is a large setup violation of -1.676 ns between u_tcm/u_ram/ram_reg_1_1/CLKBWRCLK (clocked by clk_i) and u_core/u_div/divisor_q_reg[10]/D (clocked by clk_i). Large setup violations at the end of those stages might be difficult to fix during the post-placement implementation flow and could be the result of non-optimal XDC constraints or non-optimal design architecture
Related violations: <none>

TIMING-16#243 Warning
Large setup violation  
There is a large setup violation of -1.678 ns between u_tcm/u_ram/ram_reg_1_1/CLKBWRCLK (clocked by clk_i) and u_core/u_div/divisor_q_reg[12]/D (clocked by clk_i). Large setup violations at the end of those stages might be difficult to fix during the post-placement implementation flow and could be the result of non-optimal XDC constraints or non-optimal design architecture
Related violations: <none>

TIMING-16#244 Warning
Large setup violation  
There is a large setup violation of -1.680 ns between u_core/u_mul/operand_a_e1_q_reg[11]/C (clocked by clk_i) and u_core/u_mul/result_e2_q_reg[30]/D (clocked by clk_i). Large setup violations at the end of those stages might be difficult to fix during the post-placement implementation flow and could be the result of non-optimal XDC constraints or non-optimal design architecture
Related violations: <none>

TIMING-16#245 Warning
Large setup violation  
There is a large setup violation of -1.686 ns between u_tcm/u_ram/ram_reg_1_1/CLKBWRCLK (clocked by clk_i) and u_core/u_lsu/mem_addr_q_reg[6]/D (clocked by clk_i). Large setup violations at the end of those stages might be difficult to fix during the post-placement implementation flow and could be the result of non-optimal XDC constraints or non-optimal design architecture
Related violations: <none>

TIMING-16#246 Warning
Large setup violation  
There is a large setup violation of -1.692 ns between u_tcm/u_ram/ram_reg_1_1/CLKBWRCLK (clocked by clk_i) and u_core/u_div/dividend_q_reg[0]/D (clocked by clk_i). Large setup violations at the end of those stages might be difficult to fix during the post-placement implementation flow and could be the result of non-optimal XDC constraints or non-optimal design architecture
Related violations: <none>

TIMING-16#247 Warning
Large setup violation  
There is a large setup violation of -1.693 ns between u_tcm/u_ram/ram_reg_1_1/CLKBWRCLK (clocked by clk_i) and u_core/u_div/divisor_q_reg[31]/D (clocked by clk_i). Large setup violations at the end of those stages might be difficult to fix during the post-placement implementation flow and could be the result of non-optimal XDC constraints or non-optimal design architecture
Related violations: <none>

TIMING-16#248 Warning
Large setup violation  
There is a large setup violation of -1.696 ns between u_tcm/u_ram/ram_reg_1_1/CLKBWRCLK (clocked by clk_i) and u_core/u_div/divisor_q_reg[27]/D (clocked by clk_i). Large setup violations at the end of those stages might be difficult to fix during the post-placement implementation flow and could be the result of non-optimal XDC constraints or non-optimal design architecture
Related violations: <none>

TIMING-16#249 Warning
Large setup violation  
There is a large setup violation of -1.699 ns between u_tcm/u_ram/ram_reg_1_1/CLKBWRCLK (clocked by clk_i) and u_core/u_div/divisor_q_reg[25]/D (clocked by clk_i). Large setup violations at the end of those stages might be difficult to fix during the post-placement implementation flow and could be the result of non-optimal XDC constraints or non-optimal design architecture
Related violations: <none>

TIMING-16#250 Warning
Large setup violation  
There is a large setup violation of -1.705 ns between u_tcm/u_ram/ram_reg_1_1/CLKBWRCLK (clocked by clk_i) and u_core/u_csr/csr_wdata_e1_q_reg[15]/CE (clocked by clk_i). Large setup violations at the end of those stages might be difficult to fix during the post-placement implementation flow and could be the result of non-optimal XDC constraints or non-optimal design architecture
Related violations: <none>

TIMING-16#251 Warning
Large setup violation  
There is a large setup violation of -1.705 ns between u_tcm/u_ram/ram_reg_1_1/CLKBWRCLK (clocked by clk_i) and u_core/u_csr/csr_wdata_e1_q_reg[31]/CE (clocked by clk_i). Large setup violations at the end of those stages might be difficult to fix during the post-placement implementation flow and could be the result of non-optimal XDC constraints or non-optimal design architecture
Related violations: <none>

TIMING-16#252 Warning
Large setup violation  
There is a large setup violation of -1.705 ns between u_tcm/u_ram/ram_reg_1_1/CLKBWRCLK (clocked by clk_i) and u_core/u_div/q_mask_q_reg[8]/D (clocked by clk_i). Large setup violations at the end of those stages might be difficult to fix during the post-placement implementation flow and could be the result of non-optimal XDC constraints or non-optimal design architecture
Related violations: <none>

TIMING-16#253 Warning
Large setup violation  
There is a large setup violation of -1.707 ns between u_tcm/u_ram/ram_reg_1_1/CLKBWRCLK (clocked by clk_i) and u_core/u_div/divisor_q_reg[26]/D (clocked by clk_i). Large setup violations at the end of those stages might be difficult to fix during the post-placement implementation flow and could be the result of non-optimal XDC constraints or non-optimal design architecture
Related violations: <none>

TIMING-16#254 Warning
Large setup violation  
There is a large setup violation of -1.708 ns between u_tcm/u_ram/ram_reg_1_1/CLKBWRCLK (clocked by clk_i) and u_core/u_csr/csr_wdata_e1_q_reg[22]/CE (clocked by clk_i). Large setup violations at the end of those stages might be difficult to fix during the post-placement implementation flow and could be the result of non-optimal XDC constraints or non-optimal design architecture
Related violations: <none>

TIMING-16#255 Warning
Large setup violation  
There is a large setup violation of -1.708 ns between u_tcm/u_ram/ram_reg_1_1/CLKBWRCLK (clocked by clk_i) and u_core/u_csr/csr_wdata_e1_q_reg[23]/CE (clocked by clk_i). Large setup violations at the end of those stages might be difficult to fix during the post-placement implementation flow and could be the result of non-optimal XDC constraints or non-optimal design architecture
Related violations: <none>

TIMING-16#256 Warning
Large setup violation  
There is a large setup violation of -1.708 ns between u_tcm/u_ram/ram_reg_1_1/CLKBWRCLK (clocked by clk_i) and u_core/u_csr/csr_wdata_e1_q_reg[24]/CE (clocked by clk_i). Large setup violations at the end of those stages might be difficult to fix during the post-placement implementation flow and could be the result of non-optimal XDC constraints or non-optimal design architecture
Related violations: <none>

TIMING-16#257 Warning
Large setup violation  
There is a large setup violation of -1.708 ns between u_tcm/u_ram/ram_reg_1_1/CLKBWRCLK (clocked by clk_i) and u_core/u_csr/csr_wdata_e1_q_reg[25]/CE (clocked by clk_i). Large setup violations at the end of those stages might be difficult to fix during the post-placement implementation flow and could be the result of non-optimal XDC constraints or non-optimal design architecture
Related violations: <none>

TIMING-16#258 Warning
Large setup violation  
There is a large setup violation of -1.710 ns between u_tcm/u_ram/ram_reg_1_1/CLKBWRCLK (clocked by clk_i) and u_core/u_div/divisor_q_reg[30]/D (clocked by clk_i). Large setup violations at the end of those stages might be difficult to fix during the post-placement implementation flow and could be the result of non-optimal XDC constraints or non-optimal design architecture
Related violations: <none>

TIMING-16#259 Warning
Large setup violation  
There is a large setup violation of -1.714 ns between u_tcm/u_ram/ram_reg_1_1/CLKBWRCLK (clocked by clk_i) and u_core/u_div/divisor_q_reg[24]/D (clocked by clk_i). Large setup violations at the end of those stages might be difficult to fix during the post-placement implementation flow and could be the result of non-optimal XDC constraints or non-optimal design architecture
Related violations: <none>

TIMING-16#260 Warning
Large setup violation  
There is a large setup violation of -1.718 ns between u_tcm/u_ram/ram_reg_1_1/CLKBWRCLK (clocked by clk_i) and u_core/u_csr/u_csrfile/csr_mip_upd_q_reg/D (clocked by clk_i). Large setup violations at the end of those stages might be difficult to fix during the post-placement implementation flow and could be the result of non-optimal XDC constraints or non-optimal design architecture
Related violations: <none>

TIMING-16#261 Warning
Large setup violation  
There is a large setup violation of -1.722 ns between u_tcm/u_ram/ram_reg_1_1/CLKBWRCLK (clocked by clk_i) and u_core/u_csr/u_csrfile/csr_mip_next_q_reg[11]/D (clocked by clk_i). Large setup violations at the end of those stages might be difficult to fix during the post-placement implementation flow and could be the result of non-optimal XDC constraints or non-optimal design architecture
Related violations: <none>

TIMING-16#262 Warning
Large setup violation  
There is a large setup violation of -1.728 ns between u_tcm/u_ram/ram_reg_1_1/CLKBWRCLK (clocked by clk_i) and u_core/u_div/divisor_q_reg[17]/D (clocked by clk_i). Large setup violations at the end of those stages might be difficult to fix during the post-placement implementation flow and could be the result of non-optimal XDC constraints or non-optimal design architecture
Related violations: <none>

TIMING-16#263 Warning
Large setup violation  
There is a large setup violation of -1.731 ns between u_tcm/u_ram/ram_reg_1_1/CLKBWRCLK (clocked by clk_i) and u_core/u_div/divisor_q_reg[15]/D (clocked by clk_i). Large setup violations at the end of those stages might be difficult to fix during the post-placement implementation flow and could be the result of non-optimal XDC constraints or non-optimal design architecture
Related violations: <none>

TIMING-16#264 Warning
Large setup violation  
There is a large setup violation of -1.731 ns between u_tcm/u_ram/ram_reg_1_1/CLKBWRCLK (clocked by clk_i) and u_core/u_div/q_mask_q_reg[27]/D (clocked by clk_i). Large setup violations at the end of those stages might be difficult to fix during the post-placement implementation flow and could be the result of non-optimal XDC constraints or non-optimal design architecture
Related violations: <none>

TIMING-16#265 Warning
Large setup violation  
There is a large setup violation of -1.737 ns between u_tcm/u_ram/ram_reg_1_1/CLKBWRCLK (clocked by clk_i) and u_core/u_csr/csr_wdata_e1_q_reg[13]/CE (clocked by clk_i). Large setup violations at the end of those stages might be difficult to fix during the post-placement implementation flow and could be the result of non-optimal XDC constraints or non-optimal design architecture
Related violations: <none>

TIMING-16#266 Warning
Large setup violation  
There is a large setup violation of -1.739 ns between u_tcm/u_ram/ram_reg_1_1/CLKBWRCLK (clocked by clk_i) and u_core/u_div/divisor_q_reg[16]/D (clocked by clk_i). Large setup violations at the end of those stages might be difficult to fix during the post-placement implementation flow and could be the result of non-optimal XDC constraints or non-optimal design architecture
Related violations: <none>

TIMING-16#267 Warning
Large setup violation  
There is a large setup violation of -1.741 ns between u_tcm/u_ram/ram_reg_1_1/CLKBWRCLK (clocked by clk_i) and u_core/u_div/q_mask_q_reg[26]/D (clocked by clk_i). Large setup violations at the end of those stages might be difficult to fix during the post-placement implementation flow and could be the result of non-optimal XDC constraints or non-optimal design architecture
Related violations: <none>

TIMING-16#268 Warning
Large setup violation  
There is a large setup violation of -1.742 ns between u_tcm/u_ram/ram_reg_1_1/CLKBWRCLK (clocked by clk_i) and u_core/u_mul/operand_a_e1_q_reg[17]/D (clocked by clk_i). Large setup violations at the end of those stages might be difficult to fix during the post-placement implementation flow and could be the result of non-optimal XDC constraints or non-optimal design architecture
Related violations: <none>

TIMING-16#269 Warning
Large setup violation  
There is a large setup violation of -1.744 ns between u_tcm/u_ram/ram_reg_1_1/CLKBWRCLK (clocked by clk_i) and u_core/u_issue/u_pipe_ctrl/pc_e1_q_reg[18]/D (clocked by clk_i). Large setup violations at the end of those stages might be difficult to fix during the post-placement implementation flow and could be the result of non-optimal XDC constraints or non-optimal design architecture
Related violations: <none>

TIMING-16#270 Warning
Large setup violation  
There is a large setup violation of -1.745 ns between u_tcm/u_ram/ram_reg_1_1/CLKBWRCLK (clocked by clk_i) and u_core/u_mul/operand_a_e1_q_reg[13]/D (clocked by clk_i). Large setup violations at the end of those stages might be difficult to fix during the post-placement implementation flow and could be the result of non-optimal XDC constraints or non-optimal design architecture
Related violations: <none>

TIMING-16#271 Warning
Large setup violation  
There is a large setup violation of -1.746 ns between u_tcm/u_ram/ram_reg_1_1/CLKBWRCLK (clocked by clk_i) and u_core/u_div/divisor_q_reg[14]/D (clocked by clk_i). Large setup violations at the end of those stages might be difficult to fix during the post-placement implementation flow and could be the result of non-optimal XDC constraints or non-optimal design architecture
Related violations: <none>

TIMING-16#272 Warning
Large setup violation  
There is a large setup violation of -1.752 ns between u_tcm/u_ram/ram_reg_1_1/CLKBWRCLK (clocked by clk_i) and u_core/u_csr/csr_wdata_e1_q_reg[3]/CE (clocked by clk_i). Large setup violations at the end of those stages might be difficult to fix during the post-placement implementation flow and could be the result of non-optimal XDC constraints or non-optimal design architecture
Related violations: <none>

TIMING-16#273 Warning
Large setup violation  
There is a large setup violation of -1.752 ns between u_tcm/u_ram/ram_reg_1_1/CLKBWRCLK (clocked by clk_i) and u_core/u_csr/csr_wdata_e1_q_reg[4]/CE (clocked by clk_i). Large setup violations at the end of those stages might be difficult to fix during the post-placement implementation flow and could be the result of non-optimal XDC constraints or non-optimal design architecture
Related violations: <none>

TIMING-16#274 Warning
Large setup violation  
There is a large setup violation of -1.752 ns between u_tcm/u_ram/ram_reg_1_1/CLKBWRCLK (clocked by clk_i) and u_core/u_csr/csr_wdata_e1_q_reg[5]/CE (clocked by clk_i). Large setup violations at the end of those stages might be difficult to fix during the post-placement implementation flow and could be the result of non-optimal XDC constraints or non-optimal design architecture
Related violations: <none>

TIMING-16#275 Warning
Large setup violation  
There is a large setup violation of -1.752 ns between u_tcm/u_ram/ram_reg_1_1/CLKBWRCLK (clocked by clk_i) and u_core/u_csr/csr_wdata_e1_q_reg[6]/CE (clocked by clk_i). Large setup violations at the end of those stages might be difficult to fix during the post-placement implementation flow and could be the result of non-optimal XDC constraints or non-optimal design architecture
Related violations: <none>

TIMING-16#276 Warning
Large setup violation  
There is a large setup violation of -1.753 ns between u_tcm/u_ram/ram_reg_1_1/CLKBWRCLK (clocked by clk_i) and u_core/u_mul/operand_a_e1_q_reg[16]/D (clocked by clk_i). Large setup violations at the end of those stages might be difficult to fix during the post-placement implementation flow and could be the result of non-optimal XDC constraints or non-optimal design architecture
Related violations: <none>

TIMING-16#277 Warning
Large setup violation  
There is a large setup violation of -1.754 ns between u_core/u_mul/operand_a_e1_q_reg[11]/C (clocked by clk_i) and u_core/u_mul/result_e2_q_reg[31]/D (clocked by clk_i). Large setup violations at the end of those stages might be difficult to fix during the post-placement implementation flow and could be the result of non-optimal XDC constraints or non-optimal design architecture
Related violations: <none>

TIMING-16#278 Warning
Large setup violation  
There is a large setup violation of -1.754 ns between u_tcm/u_ram/ram_reg_1_1/CLKBWRCLK (clocked by clk_i) and u_core/u_csr/csr_wdata_e1_q_reg[0]/CE (clocked by clk_i). Large setup violations at the end of those stages might be difficult to fix during the post-placement implementation flow and could be the result of non-optimal XDC constraints or non-optimal design architecture
Related violations: <none>

TIMING-16#279 Warning
Large setup violation  
There is a large setup violation of -1.754 ns between u_tcm/u_ram/ram_reg_1_1/CLKBWRCLK (clocked by clk_i) and u_core/u_csr/csr_wdata_e1_q_reg[1]/CE (clocked by clk_i). Large setup violations at the end of those stages might be difficult to fix during the post-placement implementation flow and could be the result of non-optimal XDC constraints or non-optimal design architecture
Related violations: <none>

TIMING-16#280 Warning
Large setup violation  
There is a large setup violation of -1.754 ns between u_tcm/u_ram/ram_reg_1_1/CLKBWRCLK (clocked by clk_i) and u_core/u_csr/csr_wdata_e1_q_reg[2]/CE (clocked by clk_i). Large setup violations at the end of those stages might be difficult to fix during the post-placement implementation flow and could be the result of non-optimal XDC constraints or non-optimal design architecture
Related violations: <none>

TIMING-16#281 Warning
Large setup violation  
There is a large setup violation of -1.754 ns between u_tcm/u_ram/ram_reg_1_1/CLKBWRCLK (clocked by clk_i) and u_core/u_csr/csr_wdata_e1_q_reg[8]/CE (clocked by clk_i). Large setup violations at the end of those stages might be difficult to fix during the post-placement implementation flow and could be the result of non-optimal XDC constraints or non-optimal design architecture
Related violations: <none>

TIMING-16#282 Warning
Large setup violation  
There is a large setup violation of -1.760 ns between u_tcm/u_ram/ram_reg_1_1/CLKBWRCLK (clocked by clk_i) and u_core/u_mul/operand_a_e1_q_reg[12]/D (clocked by clk_i). Large setup violations at the end of those stages might be difficult to fix during the post-placement implementation flow and could be the result of non-optimal XDC constraints or non-optimal design architecture
Related violations: <none>

TIMING-16#283 Warning
Large setup violation  
There is a large setup violation of -1.762 ns between u_tcm/u_ram/ram_reg_1_1/CLKBWRCLK (clocked by clk_i) and u_core/u_lsu/mem_addr_q_reg[7]/D (clocked by clk_i). Large setup violations at the end of those stages might be difficult to fix during the post-placement implementation flow and could be the result of non-optimal XDC constraints or non-optimal design architecture
Related violations: <none>

TIMING-16#284 Warning
Large setup violation  
There is a large setup violation of -1.770 ns between u_tcm/u_ram/ram_reg_1_1/CLKBWRCLK (clocked by clk_i) and u_core/u_lsu/mem_addr_q_reg[5]/D (clocked by clk_i). Large setup violations at the end of those stages might be difficult to fix during the post-placement implementation flow and could be the result of non-optimal XDC constraints or non-optimal design architecture
Related violations: <none>

TIMING-16#285 Warning
Large setup violation  
There is a large setup violation of -1.772 ns between u_tcm/u_ram/ram_reg_1_1/CLKBWRCLK (clocked by clk_i) and u_core/u_csr/csr_wdata_e1_q_reg[14]/CE (clocked by clk_i). Large setup violations at the end of those stages might be difficult to fix during the post-placement implementation flow and could be the result of non-optimal XDC constraints or non-optimal design architecture
Related violations: <none>

TIMING-16#286 Warning
Large setup violation  
There is a large setup violation of -1.773 ns between u_tcm/u_ram/ram_reg_1_1/CLKBWRCLK (clocked by clk_i) and u_core/u_div/q_mask_q_reg[10]/D (clocked by clk_i). Large setup violations at the end of those stages might be difficult to fix during the post-placement implementation flow and could be the result of non-optimal XDC constraints or non-optimal design architecture
Related violations: <none>

TIMING-16#287 Warning
Large setup violation  
There is a large setup violation of -1.775 ns between u_core/u_mul/operand_a_e1_q_reg[11]/C (clocked by clk_i) and u_core/u_mul/result_e2_q_reg[29]/D (clocked by clk_i). Large setup violations at the end of those stages might be difficult to fix during the post-placement implementation flow and could be the result of non-optimal XDC constraints or non-optimal design architecture
Related violations: <none>

TIMING-16#288 Warning
Large setup violation  
There is a large setup violation of -1.781 ns between u_tcm/u_ram/ram_reg_1_1/CLKBWRCLK (clocked by clk_i) and u_core/u_csr/csr_wdata_e1_q_reg[10]/CE (clocked by clk_i). Large setup violations at the end of those stages might be difficult to fix during the post-placement implementation flow and could be the result of non-optimal XDC constraints or non-optimal design architecture
Related violations: <none>

TIMING-16#289 Warning
Large setup violation  
There is a large setup violation of -1.781 ns between u_tcm/u_ram/ram_reg_1_1/CLKBWRCLK (clocked by clk_i) and u_core/u_csr/csr_wdata_e1_q_reg[9]/CE (clocked by clk_i). Large setup violations at the end of those stages might be difficult to fix during the post-placement implementation flow and could be the result of non-optimal XDC constraints or non-optimal design architecture
Related violations: <none>

TIMING-16#290 Warning
Large setup violation  
There is a large setup violation of -1.784 ns between u_tcm/u_ram/ram_reg_1_1/CLKBWRCLK (clocked by clk_i) and u_core/u_lsu/mem_addr_q_reg[8]/D (clocked by clk_i). Large setup violations at the end of those stages might be difficult to fix during the post-placement implementation flow and could be the result of non-optimal XDC constraints or non-optimal design architecture
Related violations: <none>

TIMING-16#291 Warning
Large setup violation  
There is a large setup violation of -1.794 ns between u_tcm/u_ram/ram_reg_1_1/CLKBWRCLK (clocked by clk_i) and u_core/u_div/dividend_q_reg[2]/D (clocked by clk_i). Large setup violations at the end of those stages might be difficult to fix during the post-placement implementation flow and could be the result of non-optimal XDC constraints or non-optimal design architecture
Related violations: <none>

TIMING-16#292 Warning
Large setup violation  
There is a large setup violation of -1.797 ns between u_tcm/u_ram/ram_reg_1_1/CLKBWRCLK (clocked by clk_i) and u_core/u_mul/operand_b_e1_q_reg[28]/D (clocked by clk_i). Large setup violations at the end of those stages might be difficult to fix during the post-placement implementation flow and could be the result of non-optimal XDC constraints or non-optimal design architecture
Related violations: <none>

TIMING-16#293 Warning
Large setup violation  
There is a large setup violation of -1.802 ns between u_tcm/u_ram/ram_reg_1_1/CLKBWRCLK (clocked by clk_i) and u_core/u_mul/operand_b_e1_q_reg[7]/D (clocked by clk_i). Large setup violations at the end of those stages might be difficult to fix during the post-placement implementation flow and could be the result of non-optimal XDC constraints or non-optimal design architecture
Related violations: <none>

TIMING-16#294 Warning
Large setup violation  
There is a large setup violation of -1.804 ns between u_tcm/u_ram/ram_reg_1_1/CLKBWRCLK (clocked by clk_i) and u_core/u_lsu/mem_addr_q_reg[10]/D (clocked by clk_i). Large setup violations at the end of those stages might be difficult to fix during the post-placement implementation flow and could be the result of non-optimal XDC constraints or non-optimal design architecture
Related violations: <none>

TIMING-16#295 Warning
Large setup violation  
There is a large setup violation of -1.808 ns between u_tcm/u_ram/ram_reg_1_1/CLKBWRCLK (clocked by clk_i) and u_core/u_div/dividend_q_reg[1]/D (clocked by clk_i). Large setup violations at the end of those stages might be difficult to fix during the post-placement implementation flow and could be the result of non-optimal XDC constraints or non-optimal design architecture
Related violations: <none>

TIMING-16#296 Warning
Large setup violation  
There is a large setup violation of -1.809 ns between u_tcm/u_ram/ram_reg_1_1/CLKBWRCLK (clocked by clk_i) and u_core/u_csr/csr_wdata_e1_q_reg[11]/CE (clocked by clk_i). Large setup violations at the end of those stages might be difficult to fix during the post-placement implementation flow and could be the result of non-optimal XDC constraints or non-optimal design architecture
Related violations: <none>

TIMING-16#297 Warning
Large setup violation  
There is a large setup violation of -1.809 ns between u_tcm/u_ram/ram_reg_1_1/CLKBWRCLK (clocked by clk_i) and u_core/u_csr/csr_wdata_e1_q_reg[7]/CE (clocked by clk_i). Large setup violations at the end of those stages might be difficult to fix during the post-placement implementation flow and could be the result of non-optimal XDC constraints or non-optimal design architecture
Related violations: <none>

TIMING-16#298 Warning
Large setup violation  
There is a large setup violation of -1.811 ns between u_tcm/u_ram/ram_reg_1_1/CLKBWRCLK (clocked by clk_i) and u_core/u_csr/exception_e1_q_reg[1]/D (clocked by clk_i). Large setup violations at the end of those stages might be difficult to fix during the post-placement implementation flow and could be the result of non-optimal XDC constraints or non-optimal design architecture
Related violations: <none>

TIMING-16#299 Warning
Large setup violation  
There is a large setup violation of -1.813 ns between u_tcm/u_ram/ram_reg_1_1/CLKBWRCLK (clocked by clk_i) and u_core/u_mul/operand_a_e1_q_reg[5]/D (clocked by clk_i). Large setup violations at the end of those stages might be difficult to fix during the post-placement implementation flow and could be the result of non-optimal XDC constraints or non-optimal design architecture
Related violations: <none>

TIMING-16#300 Warning
Large setup violation  
There is a large setup violation of -1.828 ns between u_tcm/u_ram/ram_reg_1_1/CLKBWRCLK (clocked by clk_i) and u_core/u_issue/u_pipe_ctrl/pc_e1_q_reg[22]/D (clocked by clk_i). Large setup violations at the end of those stages might be difficult to fix during the post-placement implementation flow and could be the result of non-optimal XDC constraints or non-optimal design architecture
Related violations: <none>

TIMING-16#301 Warning
Large setup violation  
There is a large setup violation of -1.830 ns between u_tcm/u_ram/ram_reg_1_1/CLKBWRCLK (clocked by clk_i) and u_core/u_fetch/skid_buffer_q_reg[7]/D (clocked by clk_i). Large setup violations at the end of those stages might be difficult to fix during the post-placement implementation flow and could be the result of non-optimal XDC constraints or non-optimal design architecture
Related violations: <none>

TIMING-16#302 Warning
Large setup violation  
There is a large setup violation of -1.831 ns between u_tcm/u_ram/ram_reg_1_1/CLKBWRCLK (clocked by clk_i) and u_core/u_mul/operand_a_e1_q_reg[4]/D (clocked by clk_i). Large setup violations at the end of those stages might be difficult to fix during the post-placement implementation flow and could be the result of non-optimal XDC constraints or non-optimal design architecture
Related violations: <none>

TIMING-16#303 Warning
Large setup violation  
There is a large setup violation of -1.832 ns between u_tcm/u_ram/ram_reg_1_1/CLKBWRCLK (clocked by clk_i) and u_core/u_csr/csr_wdata_e1_q_reg[16]/CE (clocked by clk_i). Large setup violations at the end of those stages might be difficult to fix during the post-placement implementation flow and could be the result of non-optimal XDC constraints or non-optimal design architecture
Related violations: <none>

TIMING-16#304 Warning
Large setup violation  
There is a large setup violation of -1.832 ns between u_tcm/u_ram/ram_reg_1_1/CLKBWRCLK (clocked by clk_i) and u_core/u_csr/csr_wdata_e1_q_reg[17]/CE (clocked by clk_i). Large setup violations at the end of those stages might be difficult to fix during the post-placement implementation flow and could be the result of non-optimal XDC constraints or non-optimal design architecture
Related violations: <none>

TIMING-16#305 Warning
Large setup violation  
There is a large setup violation of -1.832 ns between u_tcm/u_ram/ram_reg_1_1/CLKBWRCLK (clocked by clk_i) and u_core/u_csr/csr_wdata_e1_q_reg[18]/CE (clocked by clk_i). Large setup violations at the end of those stages might be difficult to fix during the post-placement implementation flow and could be the result of non-optimal XDC constraints or non-optimal design architecture
Related violations: <none>

TIMING-16#306 Warning
Large setup violation  
There is a large setup violation of -1.832 ns between u_tcm/u_ram/ram_reg_1_1/CLKBWRCLK (clocked by clk_i) and u_core/u_csr/csr_wdata_e1_q_reg[19]/CE (clocked by clk_i). Large setup violations at the end of those stages might be difficult to fix during the post-placement implementation flow and could be the result of non-optimal XDC constraints or non-optimal design architecture
Related violations: <none>

TIMING-16#307 Warning
Large setup violation  
There is a large setup violation of -1.848 ns between u_tcm/u_ram/ram_reg_1_1/CLKBWRCLK (clocked by clk_i) and u_tcm/mem_i_valid_q_reg/D (clocked by clk_i). Large setup violations at the end of those stages might be difficult to fix during the post-placement implementation flow and could be the result of non-optimal XDC constraints or non-optimal design architecture
Related violations: <none>

TIMING-16#308 Warning
Large setup violation  
There is a large setup violation of -1.849 ns between u_tcm/u_ram/ram_reg_1_1/CLKBWRCLK (clocked by clk_i) and u_core/u_mul/operand_b_e1_q_reg[27]/D (clocked by clk_i). Large setup violations at the end of those stages might be difficult to fix during the post-placement implementation flow and could be the result of non-optimal XDC constraints or non-optimal design architecture
Related violations: <none>

TIMING-16#309 Warning
Large setup violation  
There is a large setup violation of -1.851 ns between u_tcm/u_ram/ram_reg_1_1/CLKBWRCLK (clocked by clk_i) and u_core/u_mul/operand_b_e1_q_reg[6]/D (clocked by clk_i). Large setup violations at the end of those stages might be difficult to fix during the post-placement implementation flow and could be the result of non-optimal XDC constraints or non-optimal design architecture
Related violations: <none>

TIMING-16#310 Warning
Large setup violation  
There is a large setup violation of -1.852 ns between u_tcm/u_ram/ram_reg_1_1/CLKBWRCLK (clocked by clk_i) and u_core/u_div/dividend_q_reg[3]/D (clocked by clk_i). Large setup violations at the end of those stages might be difficult to fix during the post-placement implementation flow and could be the result of non-optimal XDC constraints or non-optimal design architecture
Related violations: <none>

TIMING-16#311 Warning
Large setup violation  
There is a large setup violation of -1.853 ns between u_tcm/u_ram/ram_reg_1_1/CLKBWRCLK (clocked by clk_i) and u_core/u_div/q_mask_q_reg[7]/D (clocked by clk_i). Large setup violations at the end of those stages might be difficult to fix during the post-placement implementation flow and could be the result of non-optimal XDC constraints or non-optimal design architecture
Related violations: <none>

TIMING-16#312 Warning
Large setup violation  
There is a large setup violation of -1.856 ns between u_tcm/u_ram/ram_reg_1_1/CLKBWRCLK (clocked by clk_i) and u_core/u_div/q_mask_q_reg[5]/D (clocked by clk_i). Large setup violations at the end of those stages might be difficult to fix during the post-placement implementation flow and could be the result of non-optimal XDC constraints or non-optimal design architecture
Related violations: <none>

TIMING-16#313 Warning
Large setup violation  
There is a large setup violation of -1.864 ns between u_tcm/u_ram/ram_reg_1_1/CLKBWRCLK (clocked by clk_i) and u_core/u_div/q_mask_q_reg[6]/D (clocked by clk_i). Large setup violations at the end of those stages might be difficult to fix during the post-placement implementation flow and could be the result of non-optimal XDC constraints or non-optimal design architecture
Related violations: <none>

TIMING-16#314 Warning
Large setup violation  
There is a large setup violation of -1.871 ns between u_tcm/u_ram/ram_reg_1_1/CLKBWRCLK (clocked by clk_i) and u_core/u_div/q_mask_q_reg[4]/D (clocked by clk_i). Large setup violations at the end of those stages might be difficult to fix during the post-placement implementation flow and could be the result of non-optimal XDC constraints or non-optimal design architecture
Related violations: <none>

TIMING-16#315 Warning
Large setup violation  
There is a large setup violation of -1.880 ns between u_tcm/u_ram/ram_reg_1_1/CLKBWRCLK (clocked by clk_i) and u_core/u_lsu/mem_addr_q_reg[11]/D (clocked by clk_i). Large setup violations at the end of those stages might be difficult to fix during the post-placement implementation flow and could be the result of non-optimal XDC constraints or non-optimal design architecture
Related violations: <none>

TIMING-16#316 Warning
Large setup violation  
There is a large setup violation of -1.886 ns between u_tcm/u_ram/ram_reg_2_3/CLKBWRCLK (clocked by clk_i) and u_core/u_div/invert_res_q_reg/D (clocked by clk_i). Large setup violations at the end of those stages might be difficult to fix during the post-placement implementation flow and could be the result of non-optimal XDC constraints or non-optimal design architecture
Related violations: <none>

TIMING-16#317 Warning
Large setup violation  
There is a large setup violation of -1.888 ns between u_tcm/u_ram/ram_reg_1_1/CLKBWRCLK (clocked by clk_i) and u_core/u_lsu/mem_addr_q_reg[9]/D (clocked by clk_i). Large setup violations at the end of those stages might be difficult to fix during the post-placement implementation flow and could be the result of non-optimal XDC constraints or non-optimal design architecture
Related violations: <none>

TIMING-16#318 Warning
Large setup violation  
There is a large setup violation of -1.894 ns between u_tcm/u_ram/ram_reg_1_1/CLKBWRCLK (clocked by clk_i) and u_core/u_mul/mulhi_sel_e1_q_reg/D (clocked by clk_i). Large setup violations at the end of those stages might be difficult to fix during the post-placement implementation flow and could be the result of non-optimal XDC constraints or non-optimal design architecture
Related violations: <none>

TIMING-16#319 Warning
Large setup violation  
There is a large setup violation of -1.902 ns between u_tcm/u_ram/ram_reg_1_1/CLKBWRCLK (clocked by clk_i) and u_core/u_lsu/mem_addr_q_reg[12]/D (clocked by clk_i). Large setup violations at the end of those stages might be difficult to fix during the post-placement implementation flow and could be the result of non-optimal XDC constraints or non-optimal design architecture
Related violations: <none>

TIMING-16#320 Warning
Large setup violation  
There is a large setup violation of -1.919 ns between u_tcm/u_ram/ram_reg_1_1/CLKBWRCLK (clocked by clk_i) and u_core/u_mul/operand_a_e1_q_reg[9]/D (clocked by clk_i). Large setup violations at the end of those stages might be difficult to fix during the post-placement implementation flow and could be the result of non-optimal XDC constraints or non-optimal design architecture
Related violations: <none>

TIMING-16#321 Warning
Large setup violation  
There is a large setup violation of -1.921 ns between u_tcm/u_ram/ram_reg_1_1/CLKBWRCLK (clocked by clk_i) and u_core/u_mul/operand_b_e1_q_reg[32]/D (clocked by clk_i). Large setup violations at the end of those stages might be difficult to fix during the post-placement implementation flow and could be the result of non-optimal XDC constraints or non-optimal design architecture
Related violations: <none>

TIMING-16#322 Warning
Large setup violation  
There is a large setup violation of -1.922 ns between u_tcm/u_ram/ram_reg_1_1/CLKBWRCLK (clocked by clk_i) and u_core/u_lsu/mem_addr_q_reg[14]/D (clocked by clk_i). Large setup violations at the end of those stages might be difficult to fix during the post-placement implementation flow and could be the result of non-optimal XDC constraints or non-optimal design architecture
Related violations: <none>

TIMING-16#323 Warning
Large setup violation  
There is a large setup violation of -1.928 ns between u_tcm/u_ram/ram_reg_1_1/CLKBWRCLK (clocked by clk_i) and u_core/u_mul/operand_a_e1_q_reg[1]/D (clocked by clk_i). Large setup violations at the end of those stages might be difficult to fix during the post-placement implementation flow and could be the result of non-optimal XDC constraints or non-optimal design architecture
Related violations: <none>

TIMING-16#324 Warning
Large setup violation  
There is a large setup violation of -1.929 ns between u_tcm/u_ram/ram_reg_1_1/CLKBWRCLK (clocked by clk_i) and u_core/u_issue/u_pipe_ctrl/pc_e1_q_reg[24]/D (clocked by clk_i). Large setup violations at the end of those stages might be difficult to fix during the post-placement implementation flow and could be the result of non-optimal XDC constraints or non-optimal design architecture
Related violations: <none>

TIMING-16#325 Warning
Large setup violation  
There is a large setup violation of -1.930 ns between u_tcm/u_ram/ram_reg_1_1/CLKBWRCLK (clocked by clk_i) and u_core/u_mul/operand_a_e1_q_reg[7]/D (clocked by clk_i). Large setup violations at the end of those stages might be difficult to fix during the post-placement implementation flow and could be the result of non-optimal XDC constraints or non-optimal design architecture
Related violations: <none>

TIMING-16#326 Warning
Large setup violation  
There is a large setup violation of -1.933 ns between u_tcm/u_ram/ram_reg_1_1/CLKBWRCLK (clocked by clk_i) and u_core/u_mul/operand_a_e1_q_reg[19]/D (clocked by clk_i). Large setup violations at the end of those stages might be difficult to fix during the post-placement implementation flow and could be the result of non-optimal XDC constraints or non-optimal design architecture
Related violations: <none>

TIMING-16#327 Warning
Large setup violation  
There is a large setup violation of -1.934 ns between u_tcm/u_ram/ram_reg_1_1/CLKBWRCLK (clocked by clk_i) and u_core/u_fetch/pc_d_q_reg[10]/CE (clocked by clk_i). Large setup violations at the end of those stages might be difficult to fix during the post-placement implementation flow and could be the result of non-optimal XDC constraints or non-optimal design architecture
Related violations: <none>

TIMING-16#328 Warning
Large setup violation  
There is a large setup violation of -1.934 ns between u_tcm/u_ram/ram_reg_1_1/CLKBWRCLK (clocked by clk_i) and u_core/u_fetch/pc_d_q_reg[13]/CE (clocked by clk_i). Large setup violations at the end of those stages might be difficult to fix during the post-placement implementation flow and could be the result of non-optimal XDC constraints or non-optimal design architecture
Related violations: <none>

TIMING-16#329 Warning
Large setup violation  
There is a large setup violation of -1.934 ns between u_tcm/u_ram/ram_reg_1_1/CLKBWRCLK (clocked by clk_i) and u_core/u_fetch/pc_d_q_reg[14]/CE (clocked by clk_i). Large setup violations at the end of those stages might be difficult to fix during the post-placement implementation flow and could be the result of non-optimal XDC constraints or non-optimal design architecture
Related violations: <none>

TIMING-16#330 Warning
Large setup violation  
There is a large setup violation of -1.934 ns between u_tcm/u_ram/ram_reg_1_1/CLKBWRCLK (clocked by clk_i) and u_core/u_fetch/pc_d_q_reg[2]/CE (clocked by clk_i). Large setup violations at the end of those stages might be difficult to fix during the post-placement implementation flow and could be the result of non-optimal XDC constraints or non-optimal design architecture
Related violations: <none>

TIMING-16#331 Warning
Large setup violation  
There is a large setup violation of -1.934 ns between u_tcm/u_ram/ram_reg_1_1/CLKBWRCLK (clocked by clk_i) and u_core/u_fetch/pc_d_q_reg[6]/CE (clocked by clk_i). Large setup violations at the end of those stages might be difficult to fix during the post-placement implementation flow and could be the result of non-optimal XDC constraints or non-optimal design architecture
Related violations: <none>

TIMING-16#332 Warning
Large setup violation  
There is a large setup violation of -1.934 ns between u_tcm/u_ram/ram_reg_1_1/CLKBWRCLK (clocked by clk_i) and u_core/u_fetch/pc_d_q_reg[9]/CE (clocked by clk_i). Large setup violations at the end of those stages might be difficult to fix during the post-placement implementation flow and could be the result of non-optimal XDC constraints or non-optimal design architecture
Related violations: <none>

TIMING-16#333 Warning
Large setup violation  
There is a large setup violation of -1.945 ns between u_tcm/u_ram/ram_reg_1_1/CLKBWRCLK (clocked by clk_i) and u_core/u_mul/operand_a_e1_q_reg[6]/D (clocked by clk_i). Large setup violations at the end of those stages might be difficult to fix during the post-placement implementation flow and could be the result of non-optimal XDC constraints or non-optimal design architecture
Related violations: <none>

TIMING-16#334 Warning
Large setup violation  
There is a large setup violation of -1.949 ns between u_tcm/u_ram/ram_reg_1_1/CLKBWRCLK (clocked by clk_i) and u_core/u_mul/operand_b_e1_q_reg[30]/D (clocked by clk_i). Large setup violations at the end of those stages might be difficult to fix during the post-placement implementation flow and could be the result of non-optimal XDC constraints or non-optimal design architecture
Related violations: <none>

TIMING-16#335 Warning
Large setup violation  
There is a large setup violation of -1.952 ns between u_tcm/u_ram/ram_reg_1_1/CLKBWRCLK (clocked by clk_i) and u_core/u_mul/operand_a_e1_q_reg[3]/D (clocked by clk_i). Large setup violations at the end of those stages might be difficult to fix during the post-placement implementation flow and could be the result of non-optimal XDC constraints or non-optimal design architecture
Related violations: <none>

TIMING-16#336 Warning
Large setup violation  
There is a large setup violation of -1.958 ns between u_tcm/u_ram/ram_reg_1_1/CLKBWRCLK (clocked by clk_i) and u_core/u_mul/operand_a_e1_q_reg[28]/D (clocked by clk_i). Large setup violations at the end of those stages might be difficult to fix during the post-placement implementation flow and could be the result of non-optimal XDC constraints or non-optimal design architecture
Related violations: <none>

TIMING-16#337 Warning
Large setup violation  
There is a large setup violation of -1.960 ns between u_tcm/u_ram/ram_reg_1_1/CLKBWRCLK (clocked by clk_i) and u_core/u_mul/operand_b_e1_q_reg[29]/D (clocked by clk_i). Large setup violations at the end of those stages might be difficult to fix during the post-placement implementation flow and could be the result of non-optimal XDC constraints or non-optimal design architecture
Related violations: <none>

TIMING-16#338 Warning
Large setup violation  
There is a large setup violation of -1.963 ns between u_tcm/u_ram/ram_reg_1_1/CLKBWRCLK (clocked by clk_i) and u_core/u_mul/operand_b_e1_q_reg[18]/D (clocked by clk_i). Large setup violations at the end of those stages might be difficult to fix during the post-placement implementation flow and could be the result of non-optimal XDC constraints or non-optimal design architecture
Related violations: <none>

TIMING-16#339 Warning
Large setup violation  
There is a large setup violation of -1.967 ns between u_tcm/u_ram/ram_reg_1_1/CLKBWRCLK (clocked by clk_i) and u_core/u_mul/operand_a_e1_q_reg[2]/D (clocked by clk_i). Large setup violations at the end of those stages might be difficult to fix during the post-placement implementation flow and could be the result of non-optimal XDC constraints or non-optimal design architecture
Related violations: <none>

TIMING-16#340 Warning
Large setup violation  
There is a large setup violation of -1.970 ns between u_tcm/u_ram/ram_reg_1_1/CLKBWRCLK (clocked by clk_i) and u_core/u_fetch/pc_d_q_reg[11]/CE (clocked by clk_i). Large setup violations at the end of those stages might be difficult to fix during the post-placement implementation flow and could be the result of non-optimal XDC constraints or non-optimal design architecture
Related violations: <none>

TIMING-16#341 Warning
Large setup violation  
There is a large setup violation of -1.970 ns between u_tcm/u_ram/ram_reg_1_1/CLKBWRCLK (clocked by clk_i) and u_core/u_fetch/pc_d_q_reg[3]/CE (clocked by clk_i). Large setup violations at the end of those stages might be difficult to fix during the post-placement implementation flow and could be the result of non-optimal XDC constraints or non-optimal design architecture
Related violations: <none>

TIMING-16#342 Warning
Large setup violation  
There is a large setup violation of -1.970 ns between u_tcm/u_ram/ram_reg_1_1/CLKBWRCLK (clocked by clk_i) and u_core/u_fetch/pc_d_q_reg[4]/CE (clocked by clk_i). Large setup violations at the end of those stages might be difficult to fix during the post-placement implementation flow and could be the result of non-optimal XDC constraints or non-optimal design architecture
Related violations: <none>

TIMING-16#343 Warning
Large setup violation  
There is a large setup violation of -1.970 ns between u_tcm/u_ram/ram_reg_1_1/CLKBWRCLK (clocked by clk_i) and u_core/u_fetch/pc_d_q_reg[5]/CE (clocked by clk_i). Large setup violations at the end of those stages might be difficult to fix during the post-placement implementation flow and could be the result of non-optimal XDC constraints or non-optimal design architecture
Related violations: <none>

TIMING-16#344 Warning
Large setup violation  
There is a large setup violation of -1.970 ns between u_tcm/u_ram/ram_reg_1_1/CLKBWRCLK (clocked by clk_i) and u_core/u_fetch/pc_d_q_reg[7]/CE (clocked by clk_i). Large setup violations at the end of those stages might be difficult to fix during the post-placement implementation flow and could be the result of non-optimal XDC constraints or non-optimal design architecture
Related violations: <none>

TIMING-16#345 Warning
Large setup violation  
There is a large setup violation of -1.970 ns between u_tcm/u_ram/ram_reg_1_1/CLKBWRCLK (clocked by clk_i) and u_core/u_fetch/pc_d_q_reg[8]/CE (clocked by clk_i). Large setup violations at the end of those stages might be difficult to fix during the post-placement implementation flow and could be the result of non-optimal XDC constraints or non-optimal design architecture
Related violations: <none>

TIMING-16#346 Warning
Large setup violation  
There is a large setup violation of -1.970 ns between u_tcm/u_ram/ram_reg_1_1/CLKBWRCLK (clocked by clk_i) and u_core/u_mul/operand_b_e1_q_reg[5]/D (clocked by clk_i). Large setup violations at the end of those stages might be difficult to fix during the post-placement implementation flow and could be the result of non-optimal XDC constraints or non-optimal design architecture
Related violations: <none>

TIMING-16#347 Warning
Large setup violation  
There is a large setup violation of -1.971 ns between u_tcm/u_ram/ram_reg_1_1/CLKBWRCLK (clocked by clk_i) and u_core/u_mul/operand_a_e1_q_reg[8]/D (clocked by clk_i). Large setup violations at the end of those stages might be difficult to fix during the post-placement implementation flow and could be the result of non-optimal XDC constraints or non-optimal design architecture
Related violations: <none>

TIMING-16#348 Warning
Large setup violation  
There is a large setup violation of -1.975 ns between u_tcm/u_ram/ram_reg_3_3/CLKARDCLK (clocked by clk_i) and u_core/u_exec/result_q_reg[7]/D (clocked by clk_i). Large setup violations at the end of those stages might be difficult to fix during the post-placement implementation flow and could be the result of non-optimal XDC constraints or non-optimal design architecture
Related violations: <none>

TIMING-16#349 Warning
Large setup violation  
There is a large setup violation of -1.977 ns between u_tcm/u_ram/ram_reg_1_1/CLKBWRCLK (clocked by clk_i) and u_core/u_fetch/skid_buffer_q_reg[58]/D (clocked by clk_i). Large setup violations at the end of those stages might be difficult to fix during the post-placement implementation flow and could be the result of non-optimal XDC constraints or non-optimal design architecture
Related violations: <none>

TIMING-16#350 Warning
Large setup violation  
There is a large setup violation of -1.980 ns between u_tcm/u_ram/ram_reg_1_1/CLKBWRCLK (clocked by clk_i) and u_core/u_mul/operand_a_e1_q_reg[0]/D (clocked by clk_i). Large setup violations at the end of those stages might be difficult to fix during the post-placement implementation flow and could be the result of non-optimal XDC constraints or non-optimal design architecture
Related violations: <none>

TIMING-16#351 Warning
Large setup violation  
There is a large setup violation of -1.981 ns between u_tcm/u_ram/ram_reg_1_1/CLKBWRCLK (clocked by clk_i) and u_core/u_mul/operand_a_e1_q_reg[25]/D (clocked by clk_i). Large setup violations at the end of those stages might be difficult to fix during the post-placement implementation flow and could be the result of non-optimal XDC constraints or non-optimal design architecture
Related violations: <none>

TIMING-16#352 Warning
Large setup violation  
There is a large setup violation of -1.982 ns between u_tcm/u_ram/ram_reg_1_1/CLKBWRCLK (clocked by clk_i) and u_core/u_mul/operand_a_e1_q_reg[18]/D (clocked by clk_i). Large setup violations at the end of those stages might be difficult to fix during the post-placement implementation flow and could be the result of non-optimal XDC constraints or non-optimal design architecture
Related violations: <none>

TIMING-16#353 Warning
Large setup violation  
There is a large setup violation of -1.992 ns between u_tcm/u_ram/ram_reg_1_1/CLKBWRCLK (clocked by clk_i) and u_core/u_fetch/skid_buffer_q_reg[31]/D (clocked by clk_i). Large setup violations at the end of those stages might be difficult to fix during the post-placement implementation flow and could be the result of non-optimal XDC constraints or non-optimal design architecture
Related violations: <none>

TIMING-16#354 Warning
Large setup violation  
There is a large setup violation of -1.996 ns between u_tcm/u_ram/ram_reg_1_1/CLKBWRCLK (clocked by clk_i) and u_core/u_mul/operand_a_e1_q_reg[22]/D (clocked by clk_i). Large setup violations at the end of those stages might be difficult to fix during the post-placement implementation flow and could be the result of non-optimal XDC constraints or non-optimal design architecture
Related violations: <none>

TIMING-16#355 Warning
Large setup violation  
There is a large setup violation of -1.998 ns between u_tcm/u_ram/ram_reg_1_1/CLKBWRCLK (clocked by clk_i) and u_core/u_lsu/mem_addr_q_reg[15]/D (clocked by clk_i). Large setup violations at the end of those stages might be difficult to fix during the post-placement implementation flow and could be the result of non-optimal XDC constraints or non-optimal design architecture
Related violations: <none>

TIMING-16#356 Warning
Large setup violation  
There is a large setup violation of -1.998 ns between u_tcm/u_ram/ram_reg_1_1/CLKBWRCLK (clocked by clk_i) and u_core/u_mul/operand_b_e1_q_reg[26]/D (clocked by clk_i). Large setup violations at the end of those stages might be difficult to fix during the post-placement implementation flow and could be the result of non-optimal XDC constraints or non-optimal design architecture
Related violations: <none>

TIMING-16#357 Warning
Large setup violation  
There is a large setup violation of -2.002 ns between u_tcm/u_ram/ram_reg_1_1/CLKBWRCLK (clocked by clk_i) and u_core/u_mul/operand_b_e1_q_reg[16]/D (clocked by clk_i). Large setup violations at the end of those stages might be difficult to fix during the post-placement implementation flow and could be the result of non-optimal XDC constraints or non-optimal design architecture
Related violations: <none>

TIMING-16#358 Warning
Large setup violation  
There is a large setup violation of -2.002 ns between u_tcm/u_ram/ram_reg_1_1/CLKBWRCLK (clocked by clk_i) and u_core/u_mul/operand_b_e1_q_reg[24]/D (clocked by clk_i). Large setup violations at the end of those stages might be difficult to fix during the post-placement implementation flow and could be the result of non-optimal XDC constraints or non-optimal design architecture
Related violations: <none>

TIMING-16#359 Warning
Large setup violation  
There is a large setup violation of -2.003 ns between u_tcm/u_ram/ram_reg_1_1/CLKBWRCLK (clocked by clk_i) and u_core/u_mul/operand_b_e1_q_reg[9]/D (clocked by clk_i). Large setup violations at the end of those stages might be difficult to fix during the post-placement implementation flow and could be the result of non-optimal XDC constraints or non-optimal design architecture
Related violations: <none>

TIMING-16#360 Warning
Large setup violation  
There is a large setup violation of -2.005 ns between u_tcm/u_ram/ram_reg_1_1/CLKBWRCLK (clocked by clk_i) and u_core/u_mul/operand_a_e1_q_reg[30]/D (clocked by clk_i). Large setup violations at the end of those stages might be difficult to fix during the post-placement implementation flow and could be the result of non-optimal XDC constraints or non-optimal design architecture
Related violations: <none>

TIMING-16#361 Warning
Large setup violation  
There is a large setup violation of -2.006 ns between u_tcm/u_ram/ram_reg_1_1/CLKBWRCLK (clocked by clk_i) and u_core/u_lsu/mem_addr_q_reg[13]/D (clocked by clk_i). Large setup violations at the end of those stages might be difficult to fix during the post-placement implementation flow and could be the result of non-optimal XDC constraints or non-optimal design architecture
Related violations: <none>

TIMING-16#362 Warning
Large setup violation  
There is a large setup violation of -2.009 ns between u_tcm/u_ram/ram_reg_1_1/CLKBWRCLK (clocked by clk_i) and u_core/u_fetch/skid_valid_q_reg/D (clocked by clk_i). Large setup violations at the end of those stages might be difficult to fix during the post-placement implementation flow and could be the result of non-optimal XDC constraints or non-optimal design architecture
Related violations: <none>

TIMING-16#363 Warning
Large setup violation  
There is a large setup violation of -2.010 ns between u_tcm/u_ram/ram_reg_1_1/CLKBWRCLK (clocked by clk_i) and u_core/u_mul/operand_a_e1_q_reg[26]/D (clocked by clk_i). Large setup violations at the end of those stages might be difficult to fix during the post-placement implementation flow and could be the result of non-optimal XDC constraints or non-optimal design architecture
Related violations: <none>

TIMING-16#364 Warning
Large setup violation  
There is a large setup violation of -2.012 ns between u_tcm/u_ram/ram_reg_1_1/CLKBWRCLK (clocked by clk_i) and u_core/u_mul/operand_b_e1_q_reg[17]/D (clocked by clk_i). Large setup violations at the end of those stages might be difficult to fix during the post-placement implementation flow and could be the result of non-optimal XDC constraints or non-optimal design architecture
Related violations: <none>

TIMING-16#365 Warning
Large setup violation  
There is a large setup violation of -2.014 ns between u_tcm/u_ram/ram_reg_1_1/CLKBWRCLK (clocked by clk_i) and u_core/u_div/dividend_q_reg[4]/D (clocked by clk_i). Large setup violations at the end of those stages might be difficult to fix during the post-placement implementation flow and could be the result of non-optimal XDC constraints or non-optimal design architecture
Related violations: <none>

TIMING-16#366 Warning
Large setup violation  
There is a large setup violation of -2.020 ns between u_tcm/u_ram/ram_reg_1_1/CLKBWRCLK (clocked by clk_i) and u_core/u_lsu/mem_addr_q_reg[16]/D (clocked by clk_i). Large setup violations at the end of those stages might be difficult to fix during the post-placement implementation flow and could be the result of non-optimal XDC constraints or non-optimal design architecture
Related violations: <none>

TIMING-16#367 Warning
Large setup violation  
There is a large setup violation of -2.020 ns between u_tcm/u_ram/ram_reg_1_1/CLKBWRCLK (clocked by clk_i) and u_core/u_mul/operand_b_e1_q_reg[15]/D (clocked by clk_i). Large setup violations at the end of those stages might be difficult to fix during the post-placement implementation flow and could be the result of non-optimal XDC constraints or non-optimal design architecture
Related violations: <none>

TIMING-16#368 Warning
Large setup violation  
There is a large setup violation of -2.021 ns between u_tcm/u_ram/ram_reg_1_1/CLKBWRCLK (clocked by clk_i) and u_core/u_fetch/skid_buffer_q_reg[5]/D (clocked by clk_i). Large setup violations at the end of those stages might be difficult to fix during the post-placement implementation flow and could be the result of non-optimal XDC constraints or non-optimal design architecture
Related violations: <none>

TIMING-16#369 Warning
Large setup violation  
There is a large setup violation of -2.021 ns between u_tcm/u_ram/ram_reg_1_1/CLKBWRCLK (clocked by clk_i) and u_core/u_mul/operand_b_e1_q_reg[8]/D (clocked by clk_i). Large setup violations at the end of those stages might be difficult to fix during the post-placement implementation flow and could be the result of non-optimal XDC constraints or non-optimal design architecture
Related violations: <none>

TIMING-16#370 Warning
Large setup violation  
There is a large setup violation of -2.022 ns between u_tcm/u_ram/ram_reg_1_1/CLKBWRCLK (clocked by clk_i) and u_core/u_mul/operand_b_e1_q_reg[4]/D (clocked by clk_i). Large setup violations at the end of those stages might be difficult to fix during the post-placement implementation flow and could be the result of non-optimal XDC constraints or non-optimal design architecture
Related violations: <none>

TIMING-16#371 Warning
Large setup violation  
There is a large setup violation of -2.025 ns between u_tcm/u_ram/ram_reg_1_1/CLKBWRCLK (clocked by clk_i) and u_core/u_mul/operand_a_e1_q_reg[29]/D (clocked by clk_i). Large setup violations at the end of those stages might be difficult to fix during the post-placement implementation flow and could be the result of non-optimal XDC constraints or non-optimal design architecture
Related violations: <none>

TIMING-16#372 Warning
Large setup violation  
There is a large setup violation of -2.027 ns between u_tcm/u_ram/ram_reg_3_2/CLKBWRCLK (clocked by clk_i) and u_core/u_csr/csr_wdata_e1_q_reg[4]/D (clocked by clk_i). Large setup violations at the end of those stages might be difficult to fix during the post-placement implementation flow and could be the result of non-optimal XDC constraints or non-optimal design architecture
Related violations: <none>

TIMING-16#373 Warning
Large setup violation  
There is a large setup violation of -2.030 ns between u_tcm/u_ram/ram_reg_1_1/CLKBWRCLK (clocked by clk_i) and u_core/u_div/dividend_q_reg[6]/D (clocked by clk_i). Large setup violations at the end of those stages might be difficult to fix during the post-placement implementation flow and could be the result of non-optimal XDC constraints or non-optimal design architecture
Related violations: <none>

TIMING-16#374 Warning
Large setup violation  
There is a large setup violation of -2.040 ns between u_tcm/u_ram/ram_reg_1_1/CLKBWRCLK (clocked by clk_i) and u_core/u_lsu/mem_addr_q_reg[18]/D (clocked by clk_i). Large setup violations at the end of those stages might be difficult to fix during the post-placement implementation flow and could be the result of non-optimal XDC constraints or non-optimal design architecture
Related violations: <none>

TIMING-16#375 Warning
Large setup violation  
There is a large setup violation of -2.040 ns between u_tcm/u_ram/ram_reg_1_1/CLKBWRCLK (clocked by clk_i) and u_core/u_mul/operand_a_e1_q_reg[11]/D (clocked by clk_i). Large setup violations at the end of those stages might be difficult to fix during the post-placement implementation flow and could be the result of non-optimal XDC constraints or non-optimal design architecture
Related violations: <none>

TIMING-16#376 Warning
Large setup violation  
There is a large setup violation of -2.044 ns between u_tcm/u_ram/ram_reg_1_1/CLKBWRCLK (clocked by clk_i) and u_core/u_fetch/skid_buffer_q_reg[8]/D (clocked by clk_i). Large setup violations at the end of those stages might be difficult to fix during the post-placement implementation flow and could be the result of non-optimal XDC constraints or non-optimal design architecture
Related violations: <none>

TIMING-16#377 Warning
Large setup violation  
There is a large setup violation of -2.048 ns between u_tcm/u_ram/ram_reg_1_1/CLKBWRCLK (clocked by clk_i) and u_core/u_mul/operand_b_e1_q_reg[25]/D (clocked by clk_i). Large setup violations at the end of those stages might be difficult to fix during the post-placement implementation flow and could be the result of non-optimal XDC constraints or non-optimal design architecture
Related violations: <none>

TIMING-16#378 Warning
Large setup violation  
There is a large setup violation of -2.050 ns between u_tcm/u_ram/ram_reg_1_1/CLKBWRCLK (clocked by clk_i) and u_core/u_mul/operand_b_e1_q_reg[23]/D (clocked by clk_i). Large setup violations at the end of those stages might be difficult to fix during the post-placement implementation flow and could be the result of non-optimal XDC constraints or non-optimal design architecture
Related violations: <none>

TIMING-16#379 Warning
Large setup violation  
There is a large setup violation of -2.058 ns between u_tcm/u_ram/ram_reg_1_1/CLKBWRCLK (clocked by clk_i) and u_core/u_mul/operand_a_e1_q_reg[10]/D (clocked by clk_i). Large setup violations at the end of those stages might be difficult to fix during the post-placement implementation flow and could be the result of non-optimal XDC constraints or non-optimal design architecture
Related violations: <none>

TIMING-16#380 Warning
Large setup violation  
There is a large setup violation of -2.061 ns between u_tcm/u_ram/ram_reg_1_1/CLKBWRCLK (clocked by clk_i) and u_core/u_fetch/skid_buffer_q_reg[34]/D (clocked by clk_i). Large setup violations at the end of those stages might be difficult to fix during the post-placement implementation flow and could be the result of non-optimal XDC constraints or non-optimal design architecture
Related violations: <none>

TIMING-16#381 Warning
Large setup violation  
There is a large setup violation of -2.061 ns between u_tcm/u_ram/ram_reg_1_1/CLKBWRCLK (clocked by clk_i) and u_core/u_mul/operand_a_e1_q_reg[32]/D (clocked by clk_i). Large setup violations at the end of those stages might be difficult to fix during the post-placement implementation flow and could be the result of non-optimal XDC constraints or non-optimal design architecture
Related violations: <none>

TIMING-16#382 Warning
Large setup violation  
There is a large setup violation of -2.067 ns between u_tcm/u_ram/ram_reg_1_1/CLKBWRCLK (clocked by clk_i) and u_core/u_mul/operand_b_e1_q_reg[1]/D (clocked by clk_i). Large setup violations at the end of those stages might be difficult to fix during the post-placement implementation flow and could be the result of non-optimal XDC constraints or non-optimal design architecture
Related violations: <none>

TIMING-16#383 Warning
Large setup violation  
There is a large setup violation of -2.068 ns between u_tcm/u_ram/ram_reg_1_1/CLKBWRCLK (clocked by clk_i) and u_core/u_fetch/skid_buffer_q_reg[42]/D (clocked by clk_i). Large setup violations at the end of those stages might be difficult to fix during the post-placement implementation flow and could be the result of non-optimal XDC constraints or non-optimal design architecture
Related violations: <none>

TIMING-16#384 Warning
Large setup violation  
There is a large setup violation of -2.073 ns between u_tcm/u_ram/ram_reg_1_1/CLKBWRCLK (clocked by clk_i) and u_core/u_fetch/skid_buffer_q_reg[2]/D (clocked by clk_i). Large setup violations at the end of those stages might be difficult to fix during the post-placement implementation flow and could be the result of non-optimal XDC constraints or non-optimal design architecture
Related violations: <none>

TIMING-16#385 Warning
Large setup violation  
There is a large setup violation of -2.074 ns between u_tcm/u_ram/ram_reg_1_1/CLKBWRCLK (clocked by clk_i) and u_core/u_csr/rd_result_e1_q_reg[8]/D (clocked by clk_i). Large setup violations at the end of those stages might be difficult to fix during the post-placement implementation flow and could be the result of non-optimal XDC constraints or non-optimal design architecture
Related violations: <none>

TIMING-16#386 Warning
Large setup violation  
There is a large setup violation of -2.074 ns between u_tcm/u_ram/ram_reg_1_1/CLKBWRCLK (clocked by clk_i) and u_core/u_div/q_mask_q_reg[2]/D (clocked by clk_i). Large setup violations at the end of those stages might be difficult to fix during the post-placement implementation flow and could be the result of non-optimal XDC constraints or non-optimal design architecture
Related violations: <none>

TIMING-16#387 Warning
Large setup violation  
There is a large setup violation of -2.074 ns between u_tcm/u_ram/ram_reg_1_1/CLKBWRCLK (clocked by clk_i) and u_core/u_fetch/skid_buffer_q_reg[25]/D (clocked by clk_i). Large setup violations at the end of those stages might be difficult to fix during the post-placement implementation flow and could be the result of non-optimal XDC constraints or non-optimal design architecture
Related violations: <none>

TIMING-16#388 Warning
Large setup violation  
There is a large setup violation of -2.078 ns between u_tcm/u_ram/ram_reg_1_1/CLKBWRCLK (clocked by clk_i) and u_core/u_fetch/skid_buffer_q_reg[63]/D (clocked by clk_i). Large setup violations at the end of those stages might be difficult to fix during the post-placement implementation flow and could be the result of non-optimal XDC constraints or non-optimal design architecture
Related violations: <none>

TIMING-16#389 Warning
Large setup violation  
There is a large setup violation of -2.079 ns between u_tcm/u_ram/ram_reg_1_1/CLKBWRCLK (clocked by clk_i) and u_core/u_fetch/skid_buffer_q_reg[14]/D (clocked by clk_i). Large setup violations at the end of those stages might be difficult to fix during the post-placement implementation flow and could be the result of non-optimal XDC constraints or non-optimal design architecture
Related violations: <none>

TIMING-16#390 Warning
Large setup violation  
There is a large setup violation of -2.080 ns between u_tcm/u_ram/ram_reg_1_1/CLKBWRCLK (clocked by clk_i) and u_core/u_fetch/skid_buffer_q_reg[44]/D (clocked by clk_i). Large setup violations at the end of those stages might be difficult to fix during the post-placement implementation flow and could be the result of non-optimal XDC constraints or non-optimal design architecture
Related violations: <none>

TIMING-16#391 Warning
Large setup violation  
There is a large setup violation of -2.080 ns between u_tcm/u_ram/ram_reg_1_1/CLKBWRCLK (clocked by clk_i) and u_core/u_fetch/skid_buffer_q_reg[53]/D (clocked by clk_i). Large setup violations at the end of those stages might be difficult to fix during the post-placement implementation flow and could be the result of non-optimal XDC constraints or non-optimal design architecture
Related violations: <none>

TIMING-16#392 Warning
Large setup violation  
There is a large setup violation of -2.082 ns between u_tcm/u_ram/ram_reg_1_1/CLKBWRCLK (clocked by clk_i) and u_core/u_fetch/skid_buffer_q_reg[60]/D (clocked by clk_i). Large setup violations at the end of those stages might be difficult to fix during the post-placement implementation flow and could be the result of non-optimal XDC constraints or non-optimal design architecture
Related violations: <none>

TIMING-16#393 Warning
Large setup violation  
There is a large setup violation of -2.083 ns between u_tcm/u_ram/ram_reg_1_1/CLKBWRCLK (clocked by clk_i) and u_core/u_fetch/skid_buffer_q_reg[39]/D (clocked by clk_i). Large setup violations at the end of those stages might be difficult to fix during the post-placement implementation flow and could be the result of non-optimal XDC constraints or non-optimal design architecture
Related violations: <none>

TIMING-16#394 Warning
Large setup violation  
There is a large setup violation of -2.085 ns between u_tcm/u_ram/ram_reg_1_1/CLKBWRCLK (clocked by clk_i) and u_core/u_fetch/skid_buffer_q_reg[9]/D (clocked by clk_i). Large setup violations at the end of those stages might be difficult to fix during the post-placement implementation flow and could be the result of non-optimal XDC constraints or non-optimal design architecture
Related violations: <none>

TIMING-16#395 Warning
Large setup violation  
There is a large setup violation of -2.088 ns between u_tcm/u_ram/ram_reg_1_1/CLKBWRCLK (clocked by clk_i) and u_core/u_csr/rd_result_e1_q_reg[31]/D (clocked by clk_i). Large setup violations at the end of those stages might be difficult to fix during the post-placement implementation flow and could be the result of non-optimal XDC constraints or non-optimal design architecture
Related violations: <none>

TIMING-16#396 Warning
Large setup violation  
There is a large setup violation of -2.091 ns between u_tcm/u_ram/ram_reg_1_1/CLKBWRCLK (clocked by clk_i) and u_core/u_csr/csr_wdata_e1_q_reg[16]/D (clocked by clk_i). Large setup violations at the end of those stages might be difficult to fix during the post-placement implementation flow and could be the result of non-optimal XDC constraints or non-optimal design architecture
Related violations: <none>

TIMING-16#397 Warning
Large setup violation  
There is a large setup violation of -2.094 ns between u_tcm/u_ram/ram_reg_1_1/CLKBWRCLK (clocked by clk_i) and u_core/u_mul/operand_b_e1_q_reg[22]/D (clocked by clk_i). Large setup violations at the end of those stages might be difficult to fix during the post-placement implementation flow and could be the result of non-optimal XDC constraints or non-optimal design architecture
Related violations: <none>

TIMING-16#398 Warning
Large setup violation  
There is a large setup violation of -2.095 ns between u_tcm/u_ram/ram_reg_1_1/CLKBWRCLK (clocked by clk_i) and u_core/u_fetch/skid_buffer_q_reg[41]/D (clocked by clk_i). Large setup violations at the end of those stages might be difficult to fix during the post-placement implementation flow and could be the result of non-optimal XDC constraints or non-optimal design architecture
Related violations: <none>

TIMING-16#399 Warning
Large setup violation  
There is a large setup violation of -2.100 ns between u_tcm/u_ram/ram_reg_1_1/CLKBWRCLK (clocked by clk_i) and u_core/u_csr/rd_result_e1_q_reg[12]/D (clocked by clk_i). Large setup violations at the end of those stages might be difficult to fix during the post-placement implementation flow and could be the result of non-optimal XDC constraints or non-optimal design architecture
Related violations: <none>

TIMING-16#400 Warning
Large setup violation  
There is a large setup violation of -2.100 ns between u_tcm/u_ram/ram_reg_1_1/CLKBWRCLK (clocked by clk_i) and u_core/u_mul/operand_a_e1_q_reg[15]/D (clocked by clk_i). Large setup violations at the end of those stages might be difficult to fix during the post-placement implementation flow and could be the result of non-optimal XDC constraints or non-optimal design architecture
Related violations: <none>

TIMING-16#401 Warning
Large setup violation  
There is a large setup violation of -2.104 ns between u_tcm/u_ram/ram_reg_1_1/CLKBWRCLK (clocked by clk_i) and u_core/u_csr/csr_wdata_e1_q_reg[10]/D (clocked by clk_i). Large setup violations at the end of those stages might be difficult to fix during the post-placement implementation flow and could be the result of non-optimal XDC constraints or non-optimal design architecture
Related violations: <none>

TIMING-16#402 Warning
Large setup violation  
There is a large setup violation of -2.104 ns between u_tcm/u_ram/ram_reg_1_1/CLKBWRCLK (clocked by clk_i) and u_core/u_div/dividend_q_reg[7]/D (clocked by clk_i). Large setup violations at the end of those stages might be difficult to fix during the post-placement implementation flow and could be the result of non-optimal XDC constraints or non-optimal design architecture
Related violations: <none>

TIMING-16#403 Warning
Large setup violation  
There is a large setup violation of -2.104 ns between u_tcm/u_ram/ram_reg_1_1/CLKBWRCLK (clocked by clk_i) and u_core/u_fetch/pc_d_q_reg[12]/CE (clocked by clk_i). Large setup violations at the end of those stages might be difficult to fix during the post-placement implementation flow and could be the result of non-optimal XDC constraints or non-optimal design architecture
Related violations: <none>

TIMING-16#404 Warning
Large setup violation  
There is a large setup violation of -2.105 ns between u_tcm/u_ram/ram_reg_1_1/CLKBWRCLK (clocked by clk_i) and u_core/u_mul/operand_b_e1_q_reg[14]/D (clocked by clk_i). Large setup violations at the end of those stages might be difficult to fix during the post-placement implementation flow and could be the result of non-optimal XDC constraints or non-optimal design architecture
Related violations: <none>

TIMING-16#405 Warning
Large setup violation  
There is a large setup violation of -2.106 ns between u_tcm/u_ram/ram_reg_1_1/CLKBWRCLK (clocked by clk_i) and u_core/u_csr/csr_wdata_e1_q_reg[9]/D (clocked by clk_i). Large setup violations at the end of those stages might be difficult to fix during the post-placement implementation flow and could be the result of non-optimal XDC constraints or non-optimal design architecture
Related violations: <none>

TIMING-16#406 Warning
Large setup violation  
There is a large setup violation of -2.110 ns between u_tcm/u_ram/ram_reg_3_2/CLKBWRCLK (clocked by clk_i) and u_core/u_csr/csr_wdata_e1_q_reg[18]/D (clocked by clk_i). Large setup violations at the end of those stages might be difficult to fix during the post-placement implementation flow and could be the result of non-optimal XDC constraints or non-optimal design architecture
Related violations: <none>

TIMING-16#407 Warning
Large setup violation  
There is a large setup violation of -2.111 ns between u_tcm/u_ram/ram_reg_3_3/CLKARDCLK (clocked by clk_i) and u_core/u_exec/result_q_reg[3]/D (clocked by clk_i). Large setup violations at the end of those stages might be difficult to fix during the post-placement implementation flow and could be the result of non-optimal XDC constraints or non-optimal design architecture
Related violations: <none>

TIMING-16#408 Warning
Large setup violation  
There is a large setup violation of -2.116 ns between u_tcm/u_ram/ram_reg_1_1/CLKBWRCLK (clocked by clk_i) and u_core/u_fetch/skid_buffer_q_reg[57]/D (clocked by clk_i). Large setup violations at the end of those stages might be difficult to fix during the post-placement implementation flow and could be the result of non-optimal XDC constraints or non-optimal design architecture
Related violations: <none>

TIMING-16#409 Warning
Large setup violation  
There is a large setup violation of -2.116 ns between u_tcm/u_ram/ram_reg_1_1/CLKBWRCLK (clocked by clk_i) and u_core/u_lsu/mem_addr_q_reg[19]/D (clocked by clk_i). Large setup violations at the end of those stages might be difficult to fix during the post-placement implementation flow and could be the result of non-optimal XDC constraints or non-optimal design architecture
Related violations: <none>

TIMING-16#410 Warning
Large setup violation  
There is a large setup violation of -2.116 ns between u_tcm/u_ram/ram_reg_1_1/CLKBWRCLK (clocked by clk_i) and u_core/u_mul/operand_b_e1_q_reg[0]/D (clocked by clk_i). Large setup violations at the end of those stages might be difficult to fix during the post-placement implementation flow and could be the result of non-optimal XDC constraints or non-optimal design architecture
Related violations: <none>

TIMING-16#411 Warning
Large setup violation  
There is a large setup violation of -2.116 ns between u_tcm/u_ram/ram_reg_3_2/CLKBWRCLK (clocked by clk_i) and u_core/u_csr/rd_result_e1_q_reg[13]/D (clocked by clk_i). Large setup violations at the end of those stages might be difficult to fix during the post-placement implementation flow and could be the result of non-optimal XDC constraints or non-optimal design architecture
Related violations: <none>

TIMING-16#412 Warning
Large setup violation  
There is a large setup violation of -2.117 ns between u_tcm/u_ram/ram_reg_1_1/CLKBWRCLK (clocked by clk_i) and u_core/u_fetch/skid_buffer_q_reg[11]/D (clocked by clk_i). Large setup violations at the end of those stages might be difficult to fix during the post-placement implementation flow and could be the result of non-optimal XDC constraints or non-optimal design architecture
Related violations: <none>

TIMING-16#413 Warning
Large setup violation  
There is a large setup violation of -2.120 ns between u_tcm/u_ram/ram_reg_1_1/CLKBWRCLK (clocked by clk_i) and u_core/u_mul/operand_b_e1_q_reg[3]/D (clocked by clk_i). Large setup violations at the end of those stages might be difficult to fix during the post-placement implementation flow and could be the result of non-optimal XDC constraints or non-optimal design architecture
Related violations: <none>

TIMING-16#414 Warning
Large setup violation  
There is a large setup violation of -2.121 ns between u_tcm/u_ram/ram_reg_1_1/CLKBWRCLK (clocked by clk_i) and u_core/u_csr/csr_wdata_e1_q_reg[12]/D (clocked by clk_i). Large setup violations at the end of those stages might be difficult to fix during the post-placement implementation flow and could be the result of non-optimal XDC constraints or non-optimal design architecture
Related violations: <none>

TIMING-16#415 Warning
Large setup violation  
There is a large setup violation of -2.124 ns between u_tcm/u_ram/ram_reg_1_1/CLKBWRCLK (clocked by clk_i) and u_core/u_lsu/mem_addr_q_reg[17]/D (clocked by clk_i). Large setup violations at the end of those stages might be difficult to fix during the post-placement implementation flow and could be the result of non-optimal XDC constraints or non-optimal design architecture
Related violations: <none>

TIMING-16#416 Warning
Large setup violation  
There is a large setup violation of -2.125 ns between u_tcm/u_ram/ram_reg_1_1/CLKBWRCLK (clocked by clk_i) and u_core/u_div/dividend_q_reg[5]/D (clocked by clk_i). Large setup violations at the end of those stages might be difficult to fix during the post-placement implementation flow and could be the result of non-optimal XDC constraints or non-optimal design architecture
Related violations: <none>

TIMING-16#417 Warning
Large setup violation  
There is a large setup violation of -2.126 ns between u_tcm/u_ram/ram_reg_3_2/CLKBWRCLK (clocked by clk_i) and u_core/u_csr/csr_wdata_e1_q_reg[1]/D (clocked by clk_i). Large setup violations at the end of those stages might be difficult to fix during the post-placement implementation flow and could be the result of non-optimal XDC constraints or non-optimal design architecture
Related violations: <none>

TIMING-16#418 Warning
Large setup violation  
There is a large setup violation of -2.127 ns between u_tcm/u_ram/ram_reg_2_0/CLKBWRCLK (clocked by clk_i) and u_core/u_fetch/branch_pc_q_reg[14]/D (clocked by clk_i). Large setup violations at the end of those stages might be difficult to fix during the post-placement implementation flow and could be the result of non-optimal XDC constraints or non-optimal design architecture
Related violations: <none>

TIMING-16#419 Warning
Large setup violation  
There is a large setup violation of -2.128 ns between u_tcm/u_ram/ram_reg_2_0/CLKBWRCLK (clocked by clk_i) and u_core/u_fetch/branch_pc_q_reg[15]/D (clocked by clk_i). Large setup violations at the end of those stages might be difficult to fix during the post-placement implementation flow and could be the result of non-optimal XDC constraints or non-optimal design architecture
Related violations: <none>

TIMING-16#420 Warning
Large setup violation  
There is a large setup violation of -2.129 ns between u_tcm/u_ram/ram_reg_1_1/CLKBWRCLK (clocked by clk_i) and u_core/u_div/dividend_q_reg[8]/D (clocked by clk_i). Large setup violations at the end of those stages might be difficult to fix during the post-placement implementation flow and could be the result of non-optimal XDC constraints or non-optimal design architecture
Related violations: <none>

TIMING-16#421 Warning
Large setup violation  
There is a large setup violation of -2.130 ns between u_tcm/u_ram/ram_reg_1_1/CLKBWRCLK (clocked by clk_i) and u_core/u_fetch/skid_buffer_q_reg[55]/D (clocked by clk_i). Large setup violations at the end of those stages might be difficult to fix during the post-placement implementation flow and could be the result of non-optimal XDC constraints or non-optimal design architecture
Related violations: <none>

TIMING-16#422 Warning
Large setup violation  
There is a large setup violation of -2.131 ns between u_tcm/u_ram/ram_reg_1_1/CLKBWRCLK (clocked by clk_i) and u_core/u_fetch/skid_buffer_q_reg[12]/D (clocked by clk_i). Large setup violations at the end of those stages might be difficult to fix during the post-placement implementation flow and could be the result of non-optimal XDC constraints or non-optimal design architecture
Related violations: <none>

TIMING-16#423 Warning
Large setup violation  
There is a large setup violation of -2.133 ns between u_tcm/u_ram/ram_reg_1_1/CLKBWRCLK (clocked by clk_i) and u_core/u_fetch/skid_buffer_q_reg[37]/D (clocked by clk_i). Large setup violations at the end of those stages might be difficult to fix during the post-placement implementation flow and could be the result of non-optimal XDC constraints or non-optimal design architecture
Related violations: <none>

TIMING-16#424 Warning
Large setup violation  
There is a large setup violation of -2.134 ns between u_tcm/u_ram/ram_reg_1_1/CLKBWRCLK (clocked by clk_i) and u_core/u_fetch/skid_buffer_q_reg[56]/D (clocked by clk_i). Large setup violations at the end of those stages might be difficult to fix during the post-placement implementation flow and could be the result of non-optimal XDC constraints or non-optimal design architecture
Related violations: <none>

TIMING-16#425 Warning
Large setup violation  
There is a large setup violation of -2.134 ns between u_tcm/u_ram/ram_reg_2_0/CLKBWRCLK (clocked by clk_i) and u_core/u_fetch/branch_pc_q_reg[13]/D (clocked by clk_i). Large setup violations at the end of those stages might be difficult to fix during the post-placement implementation flow and could be the result of non-optimal XDC constraints or non-optimal design architecture
Related violations: <none>

TIMING-16#426 Warning
Large setup violation  
There is a large setup violation of -2.135 ns between u_tcm/u_ram/ram_reg_1_1/CLKBWRCLK (clocked by clk_i) and u_core/u_fetch/skid_buffer_q_reg[47]/D (clocked by clk_i). Large setup violations at the end of those stages might be difficult to fix during the post-placement implementation flow and could be the result of non-optimal XDC constraints or non-optimal design architecture
Related violations: <none>

TIMING-16#427 Warning
Large setup violation  
There is a large setup violation of -2.136 ns between u_tcm/u_ram/ram_reg_1_1/CLKBWRCLK (clocked by clk_i) and u_core/u_fetch/skid_buffer_q_reg[43]/D (clocked by clk_i). Large setup violations at the end of those stages might be difficult to fix during the post-placement implementation flow and could be the result of non-optimal XDC constraints or non-optimal design architecture
Related violations: <none>

TIMING-16#428 Warning
Large setup violation  
There is a large setup violation of -2.138 ns between u_tcm/u_ram/ram_reg_2_0/CLKBWRCLK (clocked by clk_i) and u_core/u_fetch/branch_pc_q_reg[10]/D (clocked by clk_i). Large setup violations at the end of those stages might be difficult to fix during the post-placement implementation flow and could be the result of non-optimal XDC constraints or non-optimal design architecture
Related violations: <none>

TIMING-16#429 Warning
Large setup violation  
There is a large setup violation of -2.139 ns between u_tcm/u_ram/ram_reg_1_1/CLKBWRCLK (clocked by clk_i) and u_core/u_lsu/mem_addr_q_reg[20]/D (clocked by clk_i). Large setup violations at the end of those stages might be difficult to fix during the post-placement implementation flow and could be the result of non-optimal XDC constraints or non-optimal design architecture
Related violations: <none>

TIMING-16#430 Warning
Large setup violation  
There is a large setup violation of -2.140 ns between u_tcm/u_ram/ram_reg_1_1/CLKBWRCLK (clocked by clk_i) and u_core/u_fetch/skid_buffer_q_reg[35]/D (clocked by clk_i). Large setup violations at the end of those stages might be difficult to fix during the post-placement implementation flow and could be the result of non-optimal XDC constraints or non-optimal design architecture
Related violations: <none>

TIMING-16#431 Warning
Large setup violation  
There is a large setup violation of -2.143 ns between u_tcm/u_ram/ram_reg_1_1/CLKBWRCLK (clocked by clk_i) and u_core/u_mul/operand_b_e1_q_reg[21]/D (clocked by clk_i). Large setup violations at the end of those stages might be difficult to fix during the post-placement implementation flow and could be the result of non-optimal XDC constraints or non-optimal design architecture
Related violations: <none>

TIMING-16#432 Warning
Large setup violation  
There is a large setup violation of -2.145 ns between u_tcm/u_ram/ram_reg_1_1/CLKBWRCLK (clocked by clk_i) and u_core/u_div/dividend_q_reg[10]/D (clocked by clk_i). Large setup violations at the end of those stages might be difficult to fix during the post-placement implementation flow and could be the result of non-optimal XDC constraints or non-optimal design architecture
Related violations: <none>

TIMING-16#433 Warning
Large setup violation  
There is a large setup violation of -2.146 ns between u_tcm/u_ram/ram_reg_1_1/CLKBWRCLK (clocked by clk_i) and u_core/u_fetch/skid_buffer_q_reg[4]/D (clocked by clk_i). Large setup violations at the end of those stages might be difficult to fix during the post-placement implementation flow and could be the result of non-optimal XDC constraints or non-optimal design architecture
Related violations: <none>

TIMING-16#434 Warning
Large setup violation  
There is a large setup violation of -2.149 ns between u_tcm/u_ram/ram_reg_1_1/CLKBWRCLK (clocked by clk_i) and u_core/u_csr/rd_result_e1_q_reg[9]/D (clocked by clk_i). Large setup violations at the end of those stages might be difficult to fix during the post-placement implementation flow and could be the result of non-optimal XDC constraints or non-optimal design architecture
Related violations: <none>

TIMING-16#435 Warning
Large setup violation  
There is a large setup violation of -2.149 ns between u_tcm/u_ram/ram_reg_3_2/CLKBWRCLK (clocked by clk_i) and u_core/u_csr/rd_result_e1_q_reg[23]/D (clocked by clk_i). Large setup violations at the end of those stages might be difficult to fix during the post-placement implementation flow and could be the result of non-optimal XDC constraints or non-optimal design architecture
Related violations: <none>

TIMING-16#436 Warning
Large setup violation  
There is a large setup violation of -2.152 ns between u_tcm/u_ram/ram_reg_1_1/CLKBWRCLK (clocked by clk_i) and u_core/u_mul/operand_a_e1_q_reg[14]/D (clocked by clk_i). Large setup violations at the end of those stages might be difficult to fix during the post-placement implementation flow and could be the result of non-optimal XDC constraints or non-optimal design architecture
Related violations: <none>

TIMING-16#437 Warning
Large setup violation  
There is a large setup violation of -2.154 ns between u_tcm/u_ram/ram_reg_1_1/CLKBWRCLK (clocked by clk_i) and u_core/u_mul/operand_b_e1_q_reg[13]/D (clocked by clk_i). Large setup violations at the end of those stages might be difficult to fix during the post-placement implementation flow and could be the result of non-optimal XDC constraints or non-optimal design architecture
Related violations: <none>

TIMING-16#438 Warning
Large setup violation  
There is a large setup violation of -2.156 ns between u_tcm/u_ram/ram_reg_1_1/CLKBWRCLK (clocked by clk_i) and u_core/u_csr/rd_result_e1_q_reg[1]/D (clocked by clk_i). Large setup violations at the end of those stages might be difficult to fix during the post-placement implementation flow and could be the result of non-optimal XDC constraints or non-optimal design architecture
Related violations: <none>

TIMING-16#439 Warning
Large setup violation  
There is a large setup violation of -2.157 ns between u_tcm/u_ram/ram_reg_1_1/CLKBWRCLK (clocked by clk_i) and u_core/u_fetch/skid_buffer_q_reg[1]/D (clocked by clk_i). Large setup violations at the end of those stages might be difficult to fix during the post-placement implementation flow and could be the result of non-optimal XDC constraints or non-optimal design architecture
Related violations: <none>

TIMING-16#440 Warning
Large setup violation  
There is a large setup violation of -2.157 ns between u_tcm/u_ram/ram_reg_1_1/CLKBWRCLK (clocked by clk_i) and u_core/u_fetch/skid_buffer_q_reg[46]/D (clocked by clk_i). Large setup violations at the end of those stages might be difficult to fix during the post-placement implementation flow and could be the result of non-optimal XDC constraints or non-optimal design architecture
Related violations: <none>

TIMING-16#441 Warning
Large setup violation  
There is a large setup violation of -2.157 ns between u_tcm/u_ram/ram_reg_3_3/CLKARDCLK (clocked by clk_i) and u_core/u_exec/result_q_reg[12]/D (clocked by clk_i). Large setup violations at the end of those stages might be difficult to fix during the post-placement implementation flow and could be the result of non-optimal XDC constraints or non-optimal design architecture
Related violations: <none>

TIMING-16#442 Warning
Large setup violation  
There is a large setup violation of -2.158 ns between u_tcm/u_ram/ram_reg_1_1/CLKBWRCLK (clocked by clk_i) and u_core/u_fetch/skid_buffer_q_reg[48]/D (clocked by clk_i). Large setup violations at the end of those stages might be difficult to fix during the post-placement implementation flow and could be the result of non-optimal XDC constraints or non-optimal design architecture
Related violations: <none>

TIMING-16#443 Warning
Large setup violation  
There is a large setup violation of -2.159 ns between u_tcm/u_ram/ram_reg_1_1/CLKBWRCLK (clocked by clk_i) and u_core/u_lsu/mem_addr_q_reg[22]/D (clocked by clk_i). Large setup violations at the end of those stages might be difficult to fix during the post-placement implementation flow and could be the result of non-optimal XDC constraints or non-optimal design architecture
Related violations: <none>

TIMING-16#444 Warning
Large setup violation  
There is a large setup violation of -2.162 ns between u_tcm/u_ram/ram_reg_1_1/CLKBWRCLK (clocked by clk_i) and u_core/u_csr/csr_wdata_e1_q_reg[8]/D (clocked by clk_i). Large setup violations at the end of those stages might be difficult to fix during the post-placement implementation flow and could be the result of non-optimal XDC constraints or non-optimal design architecture
Related violations: <none>

TIMING-16#445 Warning
Large setup violation  
There is a large setup violation of -2.164 ns between u_tcm/u_ram/ram_reg_1_1/CLKBWRCLK (clocked by clk_i) and u_core/u_fetch/skid_buffer_q_reg[45]/D (clocked by clk_i). Large setup violations at the end of those stages might be difficult to fix during the post-placement implementation flow and could be the result of non-optimal XDC constraints or non-optimal design architecture
Related violations: <none>

TIMING-16#446 Warning
Large setup violation  
There is a large setup violation of -2.166 ns between u_tcm/u_ram/ram_reg_1_1/CLKBWRCLK (clocked by clk_i) and u_core/u_fetch/skid_buffer_q_reg[36]/D (clocked by clk_i). Large setup violations at the end of those stages might be difficult to fix during the post-placement implementation flow and could be the result of non-optimal XDC constraints or non-optimal design architecture
Related violations: <none>

TIMING-16#447 Warning
Large setup violation  
There is a large setup violation of -2.167 ns between u_tcm/u_ram/ram_reg_1_1/CLKBWRCLK (clocked by clk_i) and u_core/u_csr/csr_wdata_e1_q_reg[29]/D (clocked by clk_i). Large setup violations at the end of those stages might be difficult to fix during the post-placement implementation flow and could be the result of non-optimal XDC constraints or non-optimal design architecture
Related violations: <none>

TIMING-16#448 Warning
Large setup violation  
There is a large setup violation of -2.167 ns between u_tcm/u_ram/ram_reg_1_1/CLKBWRCLK (clocked by clk_i) and u_core/u_fetch/skid_buffer_q_reg[15]/D (clocked by clk_i). Large setup violations at the end of those stages might be difficult to fix during the post-placement implementation flow and could be the result of non-optimal XDC constraints or non-optimal design architecture
Related violations: <none>

TIMING-16#449 Warning
Large setup violation  
There is a large setup violation of -2.168 ns between u_tcm/u_ram/ram_reg_1_1/CLKBWRCLK (clocked by clk_i) and u_core/u_mul/operand_b_e1_q_reg[2]/D (clocked by clk_i). Large setup violations at the end of those stages might be difficult to fix during the post-placement implementation flow and could be the result of non-optimal XDC constraints or non-optimal design architecture
Related violations: <none>

TIMING-16#450 Warning
Large setup violation  
There is a large setup violation of -2.173 ns between u_tcm/u_ram/ram_reg_3_2/CLKBWRCLK (clocked by clk_i) and u_core/u_csr/rd_result_e1_q_reg[7]/D (clocked by clk_i). Large setup violations at the end of those stages might be difficult to fix during the post-placement implementation flow and could be the result of non-optimal XDC constraints or non-optimal design architecture
Related violations: <none>

TIMING-16#451 Warning
Large setup violation  
There is a large setup violation of -2.174 ns between u_tcm/u_ram/ram_reg_1_1/CLKBWRCLK (clocked by clk_i) and u_core/u_fetch/skid_buffer_q_reg[16]/D (clocked by clk_i). Large setup violations at the end of those stages might be difficult to fix during the post-placement implementation flow and could be the result of non-optimal XDC constraints or non-optimal design architecture
Related violations: <none>

TIMING-16#452 Warning
Large setup violation  
There is a large setup violation of -2.174 ns between u_tcm/u_ram/ram_reg_1_1/CLKBWRCLK (clocked by clk_i) and u_core/u_fetch/skid_buffer_q_reg[24]/D (clocked by clk_i). Large setup violations at the end of those stages might be difficult to fix during the post-placement implementation flow and could be the result of non-optimal XDC constraints or non-optimal design architecture
Related violations: <none>

TIMING-16#453 Warning
Large setup violation  
There is a large setup violation of -2.174 ns between u_tcm/u_ram/ram_reg_1_1/CLKBWRCLK (clocked by clk_i) and u_core/u_fetch/skid_buffer_q_reg[49]/D (clocked by clk_i). Large setup violations at the end of those stages might be difficult to fix during the post-placement implementation flow and could be the result of non-optimal XDC constraints or non-optimal design architecture
Related violations: <none>

TIMING-16#454 Warning
Large setup violation  
There is a large setup violation of -2.174 ns between u_tcm/u_ram/ram_reg_3_2/CLKBWRCLK (clocked by clk_i) and u_core/u_csr/csr_wdata_e1_q_reg[15]/D (clocked by clk_i). Large setup violations at the end of those stages might be difficult to fix during the post-placement implementation flow and could be the result of non-optimal XDC constraints or non-optimal design architecture
Related violations: <none>

TIMING-16#455 Warning
Large setup violation  
There is a large setup violation of -2.176 ns between u_tcm/u_ram/ram_reg_1_1/CLKBWRCLK (clocked by clk_i) and u_core/u_csr/csr_wdata_e1_q_reg[13]/D (clocked by clk_i). Large setup violations at the end of those stages might be difficult to fix during the post-placement implementation flow and could be the result of non-optimal XDC constraints or non-optimal design architecture
Related violations: <none>

TIMING-16#456 Warning
Large setup violation  
There is a large setup violation of -2.178 ns between u_tcm/u_ram/ram_reg_1_1/CLKBWRCLK (clocked by clk_i) and u_core/u_fetch/skid_buffer_q_reg[51]/D (clocked by clk_i). Large setup violations at the end of those stages might be difficult to fix during the post-placement implementation flow and could be the result of non-optimal XDC constraints or non-optimal design architecture
Related violations: <none>

TIMING-16#457 Warning
Large setup violation  
There is a large setup violation of -2.183 ns between u_tcm/u_ram/ram_reg_1_1/CLKBWRCLK (clocked by clk_i) and u_core/u_csr/csr_wdata_e1_q_reg[28]/D (clocked by clk_i). Large setup violations at the end of those stages might be difficult to fix during the post-placement implementation flow and could be the result of non-optimal XDC constraints or non-optimal design architecture
Related violations: <none>

TIMING-16#458 Warning
Large setup violation  
There is a large setup violation of -2.183 ns between u_tcm/u_ram/ram_reg_1_1/CLKBWRCLK (clocked by clk_i) and u_core/u_fetch/skid_buffer_q_reg[3]/D (clocked by clk_i). Large setup violations at the end of those stages might be difficult to fix during the post-placement implementation flow and could be the result of non-optimal XDC constraints or non-optimal design architecture
Related violations: <none>

TIMING-16#459 Warning
Large setup violation  
There is a large setup violation of -2.183 ns between u_tcm/u_ram/ram_reg_1_1/CLKBWRCLK (clocked by clk_i) and u_core/u_fetch/skid_buffer_q_reg[54]/D (clocked by clk_i). Large setup violations at the end of those stages might be difficult to fix during the post-placement implementation flow and could be the result of non-optimal XDC constraints or non-optimal design architecture
Related violations: <none>

TIMING-16#460 Warning
Large setup violation  
There is a large setup violation of -2.184 ns between u_tcm/u_ram/ram_reg_1_1/CLKBWRCLK (clocked by clk_i) and u_core/u_csr/rd_result_e1_q_reg[2]/D (clocked by clk_i). Large setup violations at the end of those stages might be difficult to fix during the post-placement implementation flow and could be the result of non-optimal XDC constraints or non-optimal design architecture
Related violations: <none>

TIMING-16#461 Warning
Large setup violation  
There is a large setup violation of -2.187 ns between u_tcm/u_ram/ram_reg_1_1/CLKBWRCLK (clocked by clk_i) and u_core/u_csr/csr_wdata_e1_q_reg[30]/D (clocked by clk_i). Large setup violations at the end of those stages might be difficult to fix during the post-placement implementation flow and could be the result of non-optimal XDC constraints or non-optimal design architecture
Related violations: <none>

TIMING-16#462 Warning
Large setup violation  
There is a large setup violation of -2.187 ns between u_tcm/u_ram/ram_reg_2_0/CLKBWRCLK (clocked by clk_i) and u_core/u_fetch/branch_pc_q_reg[22]/D (clocked by clk_i). Large setup violations at the end of those stages might be difficult to fix during the post-placement implementation flow and could be the result of non-optimal XDC constraints or non-optimal design architecture
Related violations: <none>

TIMING-16#463 Warning
Large setup violation  
There is a large setup violation of -2.188 ns between u_tcm/u_ram/ram_reg_1_1/CLKBWRCLK (clocked by clk_i) and u_core/u_fetch/skid_buffer_q_reg[50]/D (clocked by clk_i). Large setup violations at the end of those stages might be difficult to fix during the post-placement implementation flow and could be the result of non-optimal XDC constraints or non-optimal design architecture
Related violations: <none>

TIMING-16#464 Warning
Large setup violation  
There is a large setup violation of -2.188 ns between u_tcm/u_ram/ram_reg_2_0/CLKBWRCLK (clocked by clk_i) and u_core/u_fetch/branch_pc_q_reg[26]/D (clocked by clk_i). Large setup violations at the end of those stages might be difficult to fix during the post-placement implementation flow and could be the result of non-optimal XDC constraints or non-optimal design architecture
Related violations: <none>

TIMING-16#465 Warning
Large setup violation  
There is a large setup violation of -2.189 ns between u_tcm/u_ram/ram_reg_1_1/CLKBWRCLK (clocked by clk_i) and u_core/u_fetch/skid_buffer_q_reg[23]/D (clocked by clk_i). Large setup violations at the end of those stages might be difficult to fix during the post-placement implementation flow and could be the result of non-optimal XDC constraints or non-optimal design architecture
Related violations: <none>

TIMING-16#466 Warning
Large setup violation  
There is a large setup violation of -2.192 ns between u_tcm/u_ram/ram_reg_2_0/CLKBWRCLK (clocked by clk_i) and u_core/u_fetch/branch_pc_q_reg[17]/D (clocked by clk_i). Large setup violations at the end of those stages might be difficult to fix during the post-placement implementation flow and could be the result of non-optimal XDC constraints or non-optimal design architecture
Related violations: <none>

TIMING-16#467 Warning
Large setup violation  
There is a large setup violation of -2.193 ns between u_tcm/u_ram/ram_reg_1_1/CLKBWRCLK (clocked by clk_i) and u_core/u_csr/rd_result_e1_q_reg[14]/D (clocked by clk_i). Large setup violations at the end of those stages might be difficult to fix during the post-placement implementation flow and could be the result of non-optimal XDC constraints or non-optimal design architecture
Related violations: <none>

TIMING-16#468 Warning
Large setup violation  
There is a large setup violation of -2.196 ns between u_tcm/u_ram/ram_reg_1_1/CLKBWRCLK (clocked by clk_i) and u_core/u_fetch/skid_buffer_q_reg[52]/D (clocked by clk_i). Large setup violations at the end of those stages might be difficult to fix during the post-placement implementation flow and could be the result of non-optimal XDC constraints or non-optimal design architecture
Related violations: <none>

TIMING-16#469 Warning
Large setup violation  
There is a large setup violation of -2.200 ns between u_tcm/u_ram/ram_reg_3_3/CLKARDCLK (clocked by clk_i) and u_core/u_exec/result_q_reg[11]/D (clocked by clk_i). Large setup violations at the end of those stages might be difficult to fix during the post-placement implementation flow and could be the result of non-optimal XDC constraints or non-optimal design architecture
Related violations: <none>

TIMING-16#470 Warning
Large setup violation  
There is a large setup violation of -2.201 ns between u_tcm/u_ram/ram_reg_1_1/CLKBWRCLK (clocked by clk_i) and u_core/u_fetch/skid_buffer_q_reg[13]/D (clocked by clk_i). Large setup violations at the end of those stages might be difficult to fix during the post-placement implementation flow and could be the result of non-optimal XDC constraints or non-optimal design architecture
Related violations: <none>

TIMING-16#471 Warning
Large setup violation  
There is a large setup violation of -2.201 ns between u_tcm/u_ram/ram_reg_1_1/CLKBWRCLK (clocked by clk_i) and u_core/u_fetch/skid_buffer_q_reg[38]/D (clocked by clk_i). Large setup violations at the end of those stages might be difficult to fix during the post-placement implementation flow and could be the result of non-optimal XDC constraints or non-optimal design architecture
Related violations: <none>

TIMING-16#472 Warning
Large setup violation  
There is a large setup violation of -2.209 ns between u_tcm/u_ram/ram_reg_1_1/CLKBWRCLK (clocked by clk_i) and u_core/u_csr/csr_wdata_e1_q_reg[0]/D (clocked by clk_i). Large setup violations at the end of those stages might be difficult to fix during the post-placement implementation flow and could be the result of non-optimal XDC constraints or non-optimal design architecture
Related violations: <none>

TIMING-16#473 Warning
Large setup violation  
There is a large setup violation of -2.212 ns between u_tcm/u_ram/ram_reg_1_1/CLKBWRCLK (clocked by clk_i) and u_core/u_csr/rd_result_e1_q_reg[28]/D (clocked by clk_i). Large setup violations at the end of those stages might be difficult to fix during the post-placement implementation flow and could be the result of non-optimal XDC constraints or non-optimal design architecture
Related violations: <none>

TIMING-16#474 Warning
Large setup violation  
There is a large setup violation of -2.213 ns between u_tcm/u_ram/ram_reg_1_1/CLKBWRCLK (clocked by clk_i) and u_core/u_fetch/skid_buffer_q_reg[27]/D (clocked by clk_i). Large setup violations at the end of those stages might be difficult to fix during the post-placement implementation flow and could be the result of non-optimal XDC constraints or non-optimal design architecture
Related violations: <none>

TIMING-16#475 Warning
Large setup violation  
There is a large setup violation of -2.216 ns between u_tcm/u_ram/ram_reg_1_1/CLKBWRCLK (clocked by clk_i) and u_core/u_csr/rd_result_e1_q_reg[30]/D (clocked by clk_i). Large setup violations at the end of those stages might be difficult to fix during the post-placement implementation flow and could be the result of non-optimal XDC constraints or non-optimal design architecture
Related violations: <none>

TIMING-16#476 Warning
Large setup violation  
There is a large setup violation of -2.218 ns between u_tcm/u_ram/ram_reg_1_1/CLKBWRCLK (clocked by clk_i) and u_core/u_csr/rd_result_e1_q_reg[25]/D (clocked by clk_i). Large setup violations at the end of those stages might be difficult to fix during the post-placement implementation flow and could be the result of non-optimal XDC constraints or non-optimal design architecture
Related violations: <none>

TIMING-16#477 Warning
Large setup violation  
There is a large setup violation of -2.219 ns between u_tcm/u_ram/ram_reg_1_1/CLKBWRCLK (clocked by clk_i) and u_core/u_div/dividend_q_reg[11]/D (clocked by clk_i). Large setup violations at the end of those stages might be difficult to fix during the post-placement implementation flow and could be the result of non-optimal XDC constraints or non-optimal design architecture
Related violations: <none>

TIMING-16#478 Warning
Large setup violation  
There is a large setup violation of -2.224 ns between u_tcm/u_ram/ram_reg_1_1/CLKBWRCLK (clocked by clk_i) and u_core/u_fetch/skid_buffer_q_reg[62]/D (clocked by clk_i). Large setup violations at the end of those stages might be difficult to fix during the post-placement implementation flow and could be the result of non-optimal XDC constraints or non-optimal design architecture
Related violations: <none>

TIMING-16#479 Warning
Large setup violation  
There is a large setup violation of -2.226 ns between u_tcm/u_ram/ram_reg_1_1/CLKBWRCLK (clocked by clk_i) and u_core/u_fetch/branch_d_q_reg/CE (clocked by clk_i). Large setup violations at the end of those stages might be difficult to fix during the post-placement implementation flow and could be the result of non-optimal XDC constraints or non-optimal design architecture
Related violations: <none>

TIMING-16#480 Warning
Large setup violation  
There is a large setup violation of -2.226 ns between u_tcm/u_ram/ram_reg_1_1/CLKBWRCLK (clocked by clk_i) and u_core/u_fetch/pc_f_q_reg[2]/CE (clocked by clk_i). Large setup violations at the end of those stages might be difficult to fix during the post-placement implementation flow and could be the result of non-optimal XDC constraints or non-optimal design architecture
Related violations: <none>

TIMING-16#481 Warning
Large setup violation  
There is a large setup violation of -2.226 ns between u_tcm/u_ram/ram_reg_1_1/CLKBWRCLK (clocked by clk_i) and u_core/u_fetch/pc_f_q_reg[3]/CE (clocked by clk_i). Large setup violations at the end of those stages might be difficult to fix during the post-placement implementation flow and could be the result of non-optimal XDC constraints or non-optimal design architecture
Related violations: <none>

TIMING-16#482 Warning
Large setup violation  
There is a large setup violation of -2.226 ns between u_tcm/u_ram/ram_reg_1_1/CLKBWRCLK (clocked by clk_i) and u_core/u_fetch/pc_f_q_reg[4]/CE (clocked by clk_i). Large setup violations at the end of those stages might be difficult to fix during the post-placement implementation flow and could be the result of non-optimal XDC constraints or non-optimal design architecture
Related violations: <none>

TIMING-16#483 Warning
Large setup violation  
There is a large setup violation of -2.226 ns between u_tcm/u_ram/ram_reg_1_1/CLKBWRCLK (clocked by clk_i) and u_core/u_fetch/pc_f_q_reg[5]/CE (clocked by clk_i). Large setup violations at the end of those stages might be difficult to fix during the post-placement implementation flow and could be the result of non-optimal XDC constraints or non-optimal design architecture
Related violations: <none>

TIMING-16#484 Warning
Large setup violation  
There is a large setup violation of -2.226 ns between u_tcm/u_ram/ram_reg_1_1/CLKBWRCLK (clocked by clk_i) and u_core/u_fetch/pc_f_q_reg[6]/CE (clocked by clk_i). Large setup violations at the end of those stages might be difficult to fix during the post-placement implementation flow and could be the result of non-optimal XDC constraints or non-optimal design architecture
Related violations: <none>

TIMING-16#485 Warning
Large setup violation  
There is a large setup violation of -2.226 ns between u_tcm/u_ram/ram_reg_1_1/CLKBWRCLK (clocked by clk_i) and u_core/u_fetch/pc_f_q_reg[9]/CE (clocked by clk_i). Large setup violations at the end of those stages might be difficult to fix during the post-placement implementation flow and could be the result of non-optimal XDC constraints or non-optimal design architecture
Related violations: <none>

TIMING-16#486 Warning
Large setup violation  
There is a large setup violation of -2.227 ns between u_tcm/u_ram/ram_reg_2_0/CLKBWRCLK (clocked by clk_i) and u_core/u_fetch/branch_pc_q_reg[23]/D (clocked by clk_i). Large setup violations at the end of those stages might be difficult to fix during the post-placement implementation flow and could be the result of non-optimal XDC constraints or non-optimal design architecture
Related violations: <none>

TIMING-16#487 Warning
Large setup violation  
There is a large setup violation of -2.228 ns between u_tcm/u_ram/ram_reg_1_1/CLKBWRCLK (clocked by clk_i) and u_core/u_csr/csr_wdata_e1_q_reg[14]/D (clocked by clk_i). Large setup violations at the end of those stages might be difficult to fix during the post-placement implementation flow and could be the result of non-optimal XDC constraints or non-optimal design architecture
Related violations: <none>

TIMING-16#488 Warning
Large setup violation  
There is a large setup violation of -2.231 ns between u_tcm/u_ram/ram_reg_2_0/CLKBWRCLK (clocked by clk_i) and u_core/u_fetch/branch_pc_q_reg[8]/D (clocked by clk_i). Large setup violations at the end of those stages might be difficult to fix during the post-placement implementation flow and could be the result of non-optimal XDC constraints or non-optimal design architecture
Related violations: <none>

TIMING-16#489 Warning
Large setup violation  
There is a large setup violation of -2.233 ns between u_tcm/u_ram/ram_reg_1_1/CLKBWRCLK (clocked by clk_i) and u_core/u_mul/operand_b_e1_q_reg[20]/D (clocked by clk_i). Large setup violations at the end of those stages might be difficult to fix during the post-placement implementation flow and could be the result of non-optimal XDC constraints or non-optimal design architecture
Related violations: <none>

TIMING-16#490 Warning
Large setup violation  
There is a large setup violation of -2.235 ns between u_tcm/u_ram/ram_reg_1_1/CLKBWRCLK (clocked by clk_i) and u_core/u_lsu/mem_addr_q_reg[23]/D (clocked by clk_i). Large setup violations at the end of those stages might be difficult to fix during the post-placement implementation flow and could be the result of non-optimal XDC constraints or non-optimal design architecture
Related violations: <none>

TIMING-16#491 Warning
Large setup violation  
There is a large setup violation of -2.237 ns between u_tcm/u_ram/ram_reg_1_1/CLKBWRCLK (clocked by clk_i) and u_core/u_mul/operand_b_e1_q_reg[12]/D (clocked by clk_i). Large setup violations at the end of those stages might be difficult to fix during the post-placement implementation flow and could be the result of non-optimal XDC constraints or non-optimal design architecture
Related violations: <none>

TIMING-16#492 Warning
Large setup violation  
There is a large setup violation of -2.240 ns between u_tcm/u_ram/ram_reg_1_1/CLKBWRCLK (clocked by clk_i) and u_core/u_div/dividend_q_reg[9]/D (clocked by clk_i). Large setup violations at the end of those stages might be difficult to fix during the post-placement implementation flow and could be the result of non-optimal XDC constraints or non-optimal design architecture
Related violations: <none>

TIMING-16#493 Warning
Large setup violation  
There is a large setup violation of -2.243 ns between u_tcm/u_ram/ram_reg_1_1/CLKBWRCLK (clocked by clk_i) and u_core/u_div/dividend_q_reg[12]/D (clocked by clk_i). Large setup violations at the end of those stages might be difficult to fix during the post-placement implementation flow and could be the result of non-optimal XDC constraints or non-optimal design architecture
Related violations: <none>

TIMING-16#494 Warning
Large setup violation  
There is a large setup violation of -2.243 ns between u_tcm/u_ram/ram_reg_1_1/CLKBWRCLK (clocked by clk_i) and u_core/u_lsu/mem_addr_q_reg[21]/D (clocked by clk_i). Large setup violations at the end of those stages might be difficult to fix during the post-placement implementation flow and could be the result of non-optimal XDC constraints or non-optimal design architecture
Related violations: <none>

TIMING-16#495 Warning
Large setup violation  
There is a large setup violation of -2.245 ns between u_tcm/u_ram/ram_reg_2_0/CLKBWRCLK (clocked by clk_i) and u_core/u_fetch/branch_q_reg/D (clocked by clk_i). Large setup violations at the end of those stages might be difficult to fix during the post-placement implementation flow and could be the result of non-optimal XDC constraints or non-optimal design architecture
Related violations: <none>

TIMING-16#496 Warning
Large setup violation  
There is a large setup violation of -2.246 ns between u_tcm/u_ram/ram_reg_3_2/CLKBWRCLK (clocked by clk_i) and u_core/u_csr/csr_wdata_e1_q_reg[27]/D (clocked by clk_i). Large setup violations at the end of those stages might be difficult to fix during the post-placement implementation flow and could be the result of non-optimal XDC constraints or non-optimal design architecture
Related violations: <none>

TIMING-16#497 Warning
Large setup violation  
There is a large setup violation of -2.247 ns between u_tcm/u_ram/ram_reg_1_1/CLKBWRCLK (clocked by clk_i) and u_core/u_fetch/skid_buffer_q_reg[19]/D (clocked by clk_i). Large setup violations at the end of those stages might be difficult to fix during the post-placement implementation flow and could be the result of non-optimal XDC constraints or non-optimal design architecture
Related violations: <none>

TIMING-16#498 Warning
Large setup violation  
There is a large setup violation of -2.247 ns between u_tcm/u_ram/ram_reg_2_0/CLKBWRCLK (clocked by clk_i) and u_core/u_fetch/branch_pc_q_reg[5]/D (clocked by clk_i). Large setup violations at the end of those stages might be difficult to fix during the post-placement implementation flow and could be the result of non-optimal XDC constraints or non-optimal design architecture
Related violations: <none>

TIMING-16#499 Warning
Large setup violation  
There is a large setup violation of -2.248 ns between u_tcm/u_ram/ram_reg_1_1/CLKBWRCLK (clocked by clk_i) and u_core/u_fetch/skid_buffer_q_reg[10]/D (clocked by clk_i). Large setup violations at the end of those stages might be difficult to fix during the post-placement implementation flow and could be the result of non-optimal XDC constraints or non-optimal design architecture
Related violations: <none>

TIMING-16#500 Warning
Large setup violation  
There is a large setup violation of -2.248 ns between u_tcm/u_ram/ram_reg_1_1/CLKBWRCLK (clocked by clk_i) and u_core/u_lsu/mem_rd_q_reg/D (clocked by clk_i). Large setup violations at the end of those stages might be difficult to fix during the post-placement implementation flow and could be the result of non-optimal XDC constraints or non-optimal design architecture
Related violations: <none>

TIMING-16#501 Warning
Large setup violation  
There is a large setup violation of -2.249 ns between u_tcm/u_ram/ram_reg_3_2/CLKBWRCLK (clocked by clk_i) and u_core/u_csr/rd_result_e1_q_reg[4]/D (clocked by clk_i). Large setup violations at the end of those stages might be difficult to fix during the post-placement implementation flow and could be the result of non-optimal XDC constraints or non-optimal design architecture
Related violations: <none>

TIMING-16#502 Warning
Large setup violation  
There is a large setup violation of -2.250 ns between u_tcm/u_ram/ram_reg_1_1/CLKBWRCLK (clocked by clk_i) and u_core/u_csr/rd_result_e1_q_reg[24]/D (clocked by clk_i). Large setup violations at the end of those stages might be difficult to fix during the post-placement implementation flow and could be the result of non-optimal XDC constraints or non-optimal design architecture
Related violations: <none>

TIMING-16#503 Warning
Large setup violation  
There is a large setup violation of -2.250 ns between u_tcm/u_ram/ram_reg_1_1/CLKBWRCLK (clocked by clk_i) and u_core/u_fetch/skid_buffer_q_reg[40]/D (clocked by clk_i). Large setup violations at the end of those stages might be difficult to fix during the post-placement implementation flow and could be the result of non-optimal XDC constraints or non-optimal design architecture
Related violations: <none>

TIMING-16#504 Warning
Large setup violation  
There is a large setup violation of -2.252 ns between u_tcm/u_ram/ram_reg_1_1/CLKBWRCLK (clocked by clk_i) and u_core/u_csr/csr_wdata_e1_q_reg[25]/D (clocked by clk_i). Large setup violations at the end of those stages might be difficult to fix during the post-placement implementation flow and could be the result of non-optimal XDC constraints or non-optimal design architecture
Related violations: <none>

TIMING-16#505 Warning
Large setup violation  
There is a large setup violation of -2.255 ns between u_tcm/u_ram/ram_reg_1_1/CLKBWRCLK (clocked by clk_i) and u_core/u_csr/csr_wdata_e1_q_reg[17]/D (clocked by clk_i). Large setup violations at the end of those stages might be difficult to fix during the post-placement implementation flow and could be the result of non-optimal XDC constraints or non-optimal design architecture
Related violations: <none>

TIMING-16#506 Warning
Large setup violation  
There is a large setup violation of -2.255 ns between u_tcm/u_ram/ram_reg_3_3/CLKARDCLK (clocked by clk_i) and u_core/u_exec/result_q_reg[9]/D (clocked by clk_i). Large setup violations at the end of those stages might be difficult to fix during the post-placement implementation flow and could be the result of non-optimal XDC constraints or non-optimal design architecture
Related violations: <none>

TIMING-16#507 Warning
Large setup violation  
There is a large setup violation of -2.257 ns between u_tcm/u_ram/ram_reg_1_1/CLKBWRCLK (clocked by clk_i) and u_core/u_csr/csr_wdata_e1_q_reg[20]/D (clocked by clk_i). Large setup violations at the end of those stages might be difficult to fix during the post-placement implementation flow and could be the result of non-optimal XDC constraints or non-optimal design architecture
Related violations: <none>

TIMING-16#508 Warning
Large setup violation  
There is a large setup violation of -2.257 ns between u_tcm/u_ram/ram_reg_1_1/CLKBWRCLK (clocked by clk_i) and u_core/u_lsu/mem_addr_q_reg[24]/D (clocked by clk_i). Large setup violations at the end of those stages might be difficult to fix during the post-placement implementation flow and could be the result of non-optimal XDC constraints or non-optimal design architecture
Related violations: <none>

TIMING-16#509 Warning
Large setup violation  
There is a large setup violation of -2.259 ns between u_tcm/u_ram/ram_reg_1_1/CLKBWRCLK (clocked by clk_i) and u_core/u_div/dividend_q_reg[14]/D (clocked by clk_i). Large setup violations at the end of those stages might be difficult to fix during the post-placement implementation flow and could be the result of non-optimal XDC constraints or non-optimal design architecture
Related violations: <none>

TIMING-16#510 Warning
Large setup violation  
There is a large setup violation of -2.259 ns between u_tcm/u_ram/ram_reg_3_2/CLKBWRCLK (clocked by clk_i) and u_core/u_csr/rd_result_e1_q_reg[0]/D (clocked by clk_i). Large setup violations at the end of those stages might be difficult to fix during the post-placement implementation flow and could be the result of non-optimal XDC constraints or non-optimal design architecture
Related violations: <none>

TIMING-16#511 Warning
Large setup violation  
There is a large setup violation of -2.262 ns between u_tcm/u_ram/ram_reg_3_2/CLKBWRCLK (clocked by clk_i) and u_core/u_csr/csr_wdata_e1_q_reg[7]/D (clocked by clk_i). Large setup violations at the end of those stages might be difficult to fix during the post-placement implementation flow and could be the result of non-optimal XDC constraints or non-optimal design architecture
Related violations: <none>

TIMING-16#512 Warning
Large setup violation  
There is a large setup violation of -2.266 ns between u_tcm/u_ram/ram_reg_2_0/CLKBWRCLK (clocked by clk_i) and u_core/u_fetch/branch_pc_q_reg[2]/D (clocked by clk_i). Large setup violations at the end of those stages might be difficult to fix during the post-placement implementation flow and could be the result of non-optimal XDC constraints or non-optimal design architecture
Related violations: <none>

TIMING-16#513 Warning
Large setup violation  
There is a large setup violation of -2.267 ns between u_tcm/u_ram/ram_reg_1_1/CLKBWRCLK (clocked by clk_i) and u_core/u_csr/csr_wdata_e1_q_reg[31]/D (clocked by clk_i). Large setup violations at the end of those stages might be difficult to fix during the post-placement implementation flow and could be the result of non-optimal XDC constraints or non-optimal design architecture
Related violations: <none>

TIMING-16#514 Warning
Large setup violation  
There is a large setup violation of -2.268 ns between u_tcm/u_ram/ram_reg_3_2/CLKBWRCLK (clocked by clk_i) and u_core/u_csr/csr_wdata_e1_q_reg[26]/D (clocked by clk_i). Large setup violations at the end of those stages might be difficult to fix during the post-placement implementation flow and could be the result of non-optimal XDC constraints or non-optimal design architecture
Related violations: <none>

TIMING-16#515 Warning
Large setup violation  
There is a large setup violation of -2.271 ns between u_tcm/u_ram/ram_reg_3_2/CLKBWRCLK (clocked by clk_i) and u_core/u_csr/csr_wdata_e1_q_reg[2]/D (clocked by clk_i). Large setup violations at the end of those stages might be difficult to fix during the post-placement implementation flow and could be the result of non-optimal XDC constraints or non-optimal design architecture
Related violations: <none>

TIMING-16#516 Warning
Large setup violation  
There is a large setup violation of -2.277 ns between u_tcm/u_ram/ram_reg_1_1/CLKBWRCLK (clocked by clk_i) and u_core/u_fetch/pc_d_q_reg[15]/CE (clocked by clk_i). Large setup violations at the end of those stages might be difficult to fix during the post-placement implementation flow and could be the result of non-optimal XDC constraints or non-optimal design architecture
Related violations: <none>

TIMING-16#517 Warning
Large setup violation  
There is a large setup violation of -2.277 ns between u_tcm/u_ram/ram_reg_1_1/CLKBWRCLK (clocked by clk_i) and u_core/u_fetch/pc_d_q_reg[25]/CE (clocked by clk_i). Large setup violations at the end of those stages might be difficult to fix during the post-placement implementation flow and could be the result of non-optimal XDC constraints or non-optimal design architecture
Related violations: <none>

TIMING-16#518 Warning
Large setup violation  
There is a large setup violation of -2.277 ns between u_tcm/u_ram/ram_reg_1_1/CLKBWRCLK (clocked by clk_i) and u_core/u_lsu/mem_addr_q_reg[26]/D (clocked by clk_i). Large setup violations at the end of those stages might be difficult to fix during the post-placement implementation flow and could be the result of non-optimal XDC constraints or non-optimal design architecture
Related violations: <none>

TIMING-16#519 Warning
Large setup violation  
There is a large setup violation of -2.278 ns between u_tcm/u_ram/ram_reg_1_1/CLKBWRCLK (clocked by clk_i) and u_core/u_csr/rd_result_e1_q_reg[6]/D (clocked by clk_i). Large setup violations at the end of those stages might be difficult to fix during the post-placement implementation flow and could be the result of non-optimal XDC constraints or non-optimal design architecture
Related violations: <none>

TIMING-16#520 Warning
Large setup violation  
There is a large setup violation of -2.279 ns between u_tcm/u_ram/ram_reg_2_0/CLKBWRCLK (clocked by clk_i) and u_core/u_fetch/branch_pc_q_reg[25]/D (clocked by clk_i). Large setup violations at the end of those stages might be difficult to fix during the post-placement implementation flow and could be the result of non-optimal XDC constraints or non-optimal design architecture
Related violations: <none>

TIMING-16#521 Warning
Large setup violation  
There is a large setup violation of -2.279 ns between u_tcm/u_ram/ram_reg_3_3/CLKARDCLK (clocked by clk_i) and u_core/u_exec/result_q_reg[14]/D (clocked by clk_i). Large setup violations at the end of those stages might be difficult to fix during the post-placement implementation flow and could be the result of non-optimal XDC constraints or non-optimal design architecture
Related violations: <none>

TIMING-16#522 Warning
Large setup violation  
There is a large setup violation of -2.280 ns between u_tcm/u_ram/ram_reg_3_3/CLKARDCLK (clocked by clk_i) and u_core/u_exec/result_q_reg[5]/D (clocked by clk_i). Large setup violations at the end of those stages might be difficult to fix during the post-placement implementation flow and could be the result of non-optimal XDC constraints or non-optimal design architecture
Related violations: <none>

TIMING-16#523 Warning
Large setup violation  
There is a large setup violation of -2.282 ns between u_tcm/u_ram/ram_reg_1_1/CLKBWRCLK (clocked by clk_i) and u_core/u_mul/operand_b_e1_q_reg[19]/D (clocked by clk_i). Large setup violations at the end of those stages might be difficult to fix during the post-placement implementation flow and could be the result of non-optimal XDC constraints or non-optimal design architecture
Related violations: <none>

TIMING-16#524 Warning
Large setup violation  
There is a large setup violation of -2.284 ns between u_tcm/u_ram/ram_reg_1_1/CLKBWRCLK (clocked by clk_i) and u_core/u_fetch/skid_buffer_q_reg[28]/D (clocked by clk_i). Large setup violations at the end of those stages might be difficult to fix during the post-placement implementation flow and could be the result of non-optimal XDC constraints or non-optimal design architecture
Related violations: <none>

TIMING-16#525 Warning
Large setup violation  
There is a large setup violation of -2.285 ns between u_tcm/u_ram/ram_reg_3_3/CLKARDCLK (clocked by clk_i) and u_core/u_exec/result_q_reg[2]/D (clocked by clk_i). Large setup violations at the end of those stages might be difficult to fix during the post-placement implementation flow and could be the result of non-optimal XDC constraints or non-optimal design architecture
Related violations: <none>

TIMING-16#526 Warning
Large setup violation  
There is a large setup violation of -2.289 ns between u_tcm/u_ram/ram_reg_1_1/CLKBWRCLK (clocked by clk_i) and u_core/u_mul/operand_b_e1_q_reg[10]/D (clocked by clk_i). Large setup violations at the end of those stages might be difficult to fix during the post-placement implementation flow and could be the result of non-optimal XDC constraints or non-optimal design architecture
Related violations: <none>

TIMING-16#527 Warning
Large setup violation  
There is a large setup violation of -2.290 ns between u_tcm/u_ram/ram_reg_2_0/CLKBWRCLK (clocked by clk_i) and u_core/u_exec/result_q_reg[15]/D (clocked by clk_i). Large setup violations at the end of those stages might be difficult to fix during the post-placement implementation flow and could be the result of non-optimal XDC constraints or non-optimal design architecture
Related violations: <none>

TIMING-16#528 Warning
Large setup violation  
There is a large setup violation of -2.302 ns between u_tcm/u_ram/ram_reg_1_1/CLKBWRCLK (clocked by clk_i) and u_core/u_csr/exception_e1_q_reg[4]/D (clocked by clk_i). Large setup violations at the end of those stages might be difficult to fix during the post-placement implementation flow and could be the result of non-optimal XDC constraints or non-optimal design architecture
Related violations: <none>

TIMING-16#529 Warning
Large setup violation  
There is a large setup violation of -2.304 ns between u_tcm/u_ram/ram_reg_2_3/CLKBWRCLK (clocked by clk_i) and u_core/u_exec/result_q_reg[29]/D (clocked by clk_i). Large setup violations at the end of those stages might be difficult to fix during the post-placement implementation flow and could be the result of non-optimal XDC constraints or non-optimal design architecture
Related violations: <none>

TIMING-16#530 Warning
Large setup violation  
There is a large setup violation of -2.309 ns between u_tcm/u_ram/ram_reg_2_0/CLKBWRCLK (clocked by clk_i) and u_core/u_fetch/branch_pc_q_reg[16]/D (clocked by clk_i). Large setup violations at the end of those stages might be difficult to fix during the post-placement implementation flow and could be the result of non-optimal XDC constraints or non-optimal design architecture
Related violations: <none>

TIMING-16#531 Warning
Large setup violation  
There is a large setup violation of -2.318 ns between u_tcm/u_ram/ram_reg_1_1/CLKBWRCLK (clocked by clk_i) and u_core/u_lsu/mem_data_wr_q_reg[3]/D (clocked by clk_i). Large setup violations at the end of those stages might be difficult to fix during the post-placement implementation flow and could be the result of non-optimal XDC constraints or non-optimal design architecture
Related violations: <none>

TIMING-16#532 Warning
Large setup violation  
There is a large setup violation of -2.322 ns between u_tcm/u_ram/ram_reg_2_0/CLKBWRCLK (clocked by clk_i) and u_core/u_fetch/branch_pc_q_reg[7]/D (clocked by clk_i). Large setup violations at the end of those stages might be difficult to fix during the post-placement implementation flow and could be the result of non-optimal XDC constraints or non-optimal design architecture
Related violations: <none>

TIMING-16#533 Warning
Large setup violation  
There is a large setup violation of -2.326 ns between u_tcm/u_ram/ram_reg_1_1/CLKBWRCLK (clocked by clk_i) and u_core/u_csr/rd_result_e1_q_reg[26]/D (clocked by clk_i). Large setup violations at the end of those stages might be difficult to fix during the post-placement implementation flow and could be the result of non-optimal XDC constraints or non-optimal design architecture
Related violations: <none>

TIMING-16#534 Warning
Large setup violation  
There is a large setup violation of -2.327 ns between u_tcm/u_ram/ram_reg_3_2/CLKBWRCLK (clocked by clk_i) and u_core/u_csr/csr_wdata_e1_q_reg[3]/D (clocked by clk_i). Large setup violations at the end of those stages might be difficult to fix during the post-placement implementation flow and could be the result of non-optimal XDC constraints or non-optimal design architecture
Related violations: <none>

TIMING-16#535 Warning
Large setup violation  
There is a large setup violation of -2.328 ns between u_tcm/u_ram/ram_reg_1_1/CLKBWRCLK (clocked by clk_i) and u_core/u_fetch/pc_d_q_reg[16]/CE (clocked by clk_i). Large setup violations at the end of those stages might be difficult to fix during the post-placement implementation flow and could be the result of non-optimal XDC constraints or non-optimal design architecture
Related violations: <none>

TIMING-16#536 Warning
Large setup violation  
There is a large setup violation of -2.328 ns between u_tcm/u_ram/ram_reg_1_1/CLKBWRCLK (clocked by clk_i) and u_core/u_fetch/pc_d_q_reg[17]/CE (clocked by clk_i). Large setup violations at the end of those stages might be difficult to fix during the post-placement implementation flow and could be the result of non-optimal XDC constraints or non-optimal design architecture
Related violations: <none>

TIMING-16#537 Warning
Large setup violation  
There is a large setup violation of -2.328 ns between u_tcm/u_ram/ram_reg_1_1/CLKBWRCLK (clocked by clk_i) and u_core/u_fetch/pc_d_q_reg[18]/CE (clocked by clk_i). Large setup violations at the end of those stages might be difficult to fix during the post-placement implementation flow and could be the result of non-optimal XDC constraints or non-optimal design architecture
Related violations: <none>

TIMING-16#538 Warning
Large setup violation  
There is a large setup violation of -2.328 ns between u_tcm/u_ram/ram_reg_1_1/CLKBWRCLK (clocked by clk_i) and u_core/u_fetch/pc_d_q_reg[19]/CE (clocked by clk_i). Large setup violations at the end of those stages might be difficult to fix during the post-placement implementation flow and could be the result of non-optimal XDC constraints or non-optimal design architecture
Related violations: <none>

TIMING-16#539 Warning
Large setup violation  
There is a large setup violation of -2.328 ns between u_tcm/u_ram/ram_reg_1_1/CLKBWRCLK (clocked by clk_i) and u_core/u_fetch/pc_d_q_reg[20]/CE (clocked by clk_i). Large setup violations at the end of those stages might be difficult to fix during the post-placement implementation flow and could be the result of non-optimal XDC constraints or non-optimal design architecture
Related violations: <none>

TIMING-16#540 Warning
Large setup violation  
There is a large setup violation of -2.328 ns between u_tcm/u_ram/ram_reg_1_1/CLKBWRCLK (clocked by clk_i) and u_core/u_fetch/pc_d_q_reg[21]/CE (clocked by clk_i). Large setup violations at the end of those stages might be difficult to fix during the post-placement implementation flow and could be the result of non-optimal XDC constraints or non-optimal design architecture
Related violations: <none>

TIMING-16#541 Warning
Large setup violation  
There is a large setup violation of -2.328 ns between u_tcm/u_ram/ram_reg_1_1/CLKBWRCLK (clocked by clk_i) and u_core/u_fetch/pc_d_q_reg[24]/CE (clocked by clk_i). Large setup violations at the end of those stages might be difficult to fix during the post-placement implementation flow and could be the result of non-optimal XDC constraints or non-optimal design architecture
Related violations: <none>

TIMING-16#542 Warning
Large setup violation  
There is a large setup violation of -2.328 ns between u_tcm/u_ram/ram_reg_1_1/CLKBWRCLK (clocked by clk_i) and u_core/u_fetch/pc_d_q_reg[27]/CE (clocked by clk_i). Large setup violations at the end of those stages might be difficult to fix during the post-placement implementation flow and could be the result of non-optimal XDC constraints or non-optimal design architecture
Related violations: <none>

TIMING-16#543 Warning
Large setup violation  
There is a large setup violation of -2.328 ns between u_tcm/u_ram/ram_reg_1_1/CLKBWRCLK (clocked by clk_i) and u_core/u_fetch/pc_d_q_reg[28]/CE (clocked by clk_i). Large setup violations at the end of those stages might be difficult to fix during the post-placement implementation flow and could be the result of non-optimal XDC constraints or non-optimal design architecture
Related violations: <none>

TIMING-16#544 Warning
Large setup violation  
There is a large setup violation of -2.328 ns between u_tcm/u_ram/ram_reg_1_1/CLKBWRCLK (clocked by clk_i) and u_core/u_fetch/pc_d_q_reg[29]/CE (clocked by clk_i). Large setup violations at the end of those stages might be difficult to fix during the post-placement implementation flow and could be the result of non-optimal XDC constraints or non-optimal design architecture
Related violations: <none>

TIMING-16#545 Warning
Large setup violation  
There is a large setup violation of -2.328 ns between u_tcm/u_ram/ram_reg_1_1/CLKBWRCLK (clocked by clk_i) and u_core/u_fetch/pc_d_q_reg[31]/CE (clocked by clk_i). Large setup violations at the end of those stages might be difficult to fix during the post-placement implementation flow and could be the result of non-optimal XDC constraints or non-optimal design architecture
Related violations: <none>

TIMING-16#546 Warning
Large setup violation  
There is a large setup violation of -2.330 ns between u_tcm/u_ram/ram_reg_2_0/CLKBWRCLK (clocked by clk_i) and u_core/u_fetch/branch_pc_q_reg[24]/D (clocked by clk_i). Large setup violations at the end of those stages might be difficult to fix during the post-placement implementation flow and could be the result of non-optimal XDC constraints or non-optimal design architecture
Related violations: <none>

TIMING-16#547 Warning
Large setup violation  
There is a large setup violation of -2.330 ns between u_tcm/u_ram/ram_reg_3_2/CLKBWRCLK (clocked by clk_i) and u_core/u_csr/rd_result_e1_q_reg[27]/D (clocked by clk_i). Large setup violations at the end of those stages might be difficult to fix during the post-placement implementation flow and could be the result of non-optimal XDC constraints or non-optimal design architecture
Related violations: <none>

TIMING-16#548 Warning
Large setup violation  
There is a large setup violation of -2.331 ns between u_tcm/u_ram/ram_reg_1_1/CLKBWRCLK (clocked by clk_i) and u_core/u_csr/exception_e1_q_reg[5]/D (clocked by clk_i). Large setup violations at the end of those stages might be difficult to fix during the post-placement implementation flow and could be the result of non-optimal XDC constraints or non-optimal design architecture
Related violations: <none>

TIMING-16#549 Warning
Large setup violation  
There is a large setup violation of -2.332 ns between u_tcm/u_ram/ram_reg_1_1/CLKBWRCLK (clocked by clk_i) and u_core/u_fetch/skid_buffer_q_reg[20]/D (clocked by clk_i). Large setup violations at the end of those stages might be difficult to fix during the post-placement implementation flow and could be the result of non-optimal XDC constraints or non-optimal design architecture
Related violations: <none>

TIMING-16#550 Warning
Large setup violation  
There is a large setup violation of -2.332 ns between u_tcm/u_ram/ram_reg_1_1/CLKBWRCLK (clocked by clk_i) and u_core/u_fetch/skid_buffer_q_reg[22]/D (clocked by clk_i). Large setup violations at the end of those stages might be difficult to fix during the post-placement implementation flow and could be the result of non-optimal XDC constraints or non-optimal design architecture
Related violations: <none>

TIMING-16#551 Warning
Large setup violation  
There is a large setup violation of -2.333 ns between u_tcm/u_ram/ram_reg_1_1/CLKBWRCLK (clocked by clk_i) and u_core/u_div/dividend_q_reg[15]/D (clocked by clk_i). Large setup violations at the end of those stages might be difficult to fix during the post-placement implementation flow and could be the result of non-optimal XDC constraints or non-optimal design architecture
Related violations: <none>

TIMING-16#552 Warning
Large setup violation  
There is a large setup violation of -2.334 ns between u_tcm/u_ram/ram_reg_3_2/CLKBWRCLK (clocked by clk_i) and u_core/u_csr/rd_result_e1_q_reg[3]/D (clocked by clk_i). Large setup violations at the end of those stages might be difficult to fix during the post-placement implementation flow and could be the result of non-optimal XDC constraints or non-optimal design architecture
Related violations: <none>

TIMING-16#553 Warning
Large setup violation  
There is a large setup violation of -2.336 ns between u_tcm/u_ram/ram_reg_2_0/CLKBWRCLK (clocked by clk_i) and u_core/u_fetch/branch_pc_q_reg[4]/D (clocked by clk_i). Large setup violations at the end of those stages might be difficult to fix during the post-placement implementation flow and could be the result of non-optimal XDC constraints or non-optimal design architecture
Related violations: <none>

TIMING-16#554 Warning
Large setup violation  
There is a large setup violation of -2.338 ns between u_tcm/u_ram/ram_reg_1_1/CLKBWRCLK (clocked by clk_i) and u_core/u_csr/exception_e1_q_reg[2]/D (clocked by clk_i). Large setup violations at the end of those stages might be difficult to fix during the post-placement implementation flow and could be the result of non-optimal XDC constraints or non-optimal design architecture
Related violations: <none>

TIMING-16#555 Warning
Large setup violation  
There is a large setup violation of -2.338 ns between u_tcm/u_ram/ram_reg_1_1/CLKBWRCLK (clocked by clk_i) and u_core/u_div/q_mask_q_reg[25]/D (clocked by clk_i). Large setup violations at the end of those stages might be difficult to fix during the post-placement implementation flow and could be the result of non-optimal XDC constraints or non-optimal design architecture
Related violations: <none>

TIMING-16#556 Warning
Large setup violation  
There is a large setup violation of -2.339 ns between u_tcm/u_ram/ram_reg_1_1/CLKBWRCLK (clocked by clk_i) and u_core/u_csr/rd_result_e1_q_reg[11]/D (clocked by clk_i). Large setup violations at the end of those stages might be difficult to fix during the post-placement implementation flow and could be the result of non-optimal XDC constraints or non-optimal design architecture
Related violations: <none>

TIMING-16#557 Warning
Large setup violation  
There is a large setup violation of -2.341 ns between u_tcm/u_ram/ram_reg_2_0/CLKBWRCLK (clocked by clk_i) and u_core/u_fetch/branch_pc_q_reg[3]/D (clocked by clk_i). Large setup violations at the end of those stages might be difficult to fix during the post-placement implementation flow and could be the result of non-optimal XDC constraints or non-optimal design architecture
Related violations: <none>

TIMING-16#558 Warning
Large setup violation  
There is a large setup violation of -2.341 ns between u_tcm/u_ram/ram_reg_3_3/CLKARDCLK (clocked by clk_i) and u_core/u_exec/result_q_reg[27]/D (clocked by clk_i). Large setup violations at the end of those stages might be difficult to fix during the post-placement implementation flow and could be the result of non-optimal XDC constraints or non-optimal design architecture
Related violations: <none>

TIMING-16#559 Warning
Large setup violation  
There is a large setup violation of -2.346 ns between u_tcm/u_ram/ram_reg_2_0/CLKBWRCLK (clocked by clk_i) and u_core/u_fetch/branch_pc_q_reg[21]/D (clocked by clk_i). Large setup violations at the end of those stages might be difficult to fix during the post-placement implementation flow and could be the result of non-optimal XDC constraints or non-optimal design architecture
Related violations: <none>

TIMING-16#560 Warning
Large setup violation  
There is a large setup violation of -2.348 ns between u_tcm/u_ram/ram_reg_3_3/CLKARDCLK (clocked by clk_i) and u_core/u_exec/result_q_reg[1]/D (clocked by clk_i). Large setup violations at the end of those stages might be difficult to fix during the post-placement implementation flow and could be the result of non-optimal XDC constraints or non-optimal design architecture
Related violations: <none>

TIMING-16#561 Warning
Large setup violation  
There is a large setup violation of -2.349 ns between u_tcm/u_ram/ram_reg_1_1/CLKBWRCLK (clocked by clk_i) and u_core/u_fetch/skid_buffer_q_reg[0]/D (clocked by clk_i). Large setup violations at the end of those stages might be difficult to fix during the post-placement implementation flow and could be the result of non-optimal XDC constraints or non-optimal design architecture
Related violations: <none>

TIMING-16#562 Warning
Large setup violation  
There is a large setup violation of -2.349 ns between u_tcm/u_ram/ram_reg_2_0/CLKBWRCLK (clocked by clk_i) and u_core/u_fetch/branch_pc_q_reg[9]/D (clocked by clk_i). Large setup violations at the end of those stages might be difficult to fix during the post-placement implementation flow and could be the result of non-optimal XDC constraints or non-optimal design architecture
Related violations: <none>

TIMING-16#563 Warning
Large setup violation  
There is a large setup violation of -2.352 ns between u_tcm/u_ram/ram_reg_1_1/CLKBWRCLK (clocked by clk_i) and u_core/u_fetch/skid_buffer_q_reg[18]/D (clocked by clk_i). Large setup violations at the end of those stages might be difficult to fix during the post-placement implementation flow and could be the result of non-optimal XDC constraints or non-optimal design architecture
Related violations: <none>

TIMING-16#564 Warning
Large setup violation  
There is a large setup violation of -2.353 ns between u_tcm/u_ram/ram_reg_1_1/CLKBWRCLK (clocked by clk_i) and u_core/u_csr/rd_result_e1_q_reg[18]/D (clocked by clk_i). Large setup violations at the end of those stages might be difficult to fix during the post-placement implementation flow and could be the result of non-optimal XDC constraints or non-optimal design architecture
Related violations: <none>

TIMING-16#565 Warning
Large setup violation  
There is a large setup violation of -2.353 ns between u_tcm/u_ram/ram_reg_1_1/CLKBWRCLK (clocked by clk_i) and u_core/u_lsu/mem_addr_q_reg[27]/D (clocked by clk_i). Large setup violations at the end of those stages might be difficult to fix during the post-placement implementation flow and could be the result of non-optimal XDC constraints or non-optimal design architecture
Related violations: <none>

TIMING-16#566 Warning
Large setup violation  
There is a large setup violation of -2.354 ns between u_tcm/u_ram/ram_reg_1_1/CLKBWRCLK (clocked by clk_i) and u_core/u_div/dividend_q_reg[13]/D (clocked by clk_i). Large setup violations at the end of those stages might be difficult to fix during the post-placement implementation flow and could be the result of non-optimal XDC constraints or non-optimal design architecture
Related violations: <none>

TIMING-16#567 Warning
Large setup violation  
There is a large setup violation of -2.354 ns between u_tcm/u_ram/ram_reg_2_0/CLKBWRCLK (clocked by clk_i) and u_core/u_fetch/branch_pc_q_reg[19]/D (clocked by clk_i). Large setup violations at the end of those stages might be difficult to fix during the post-placement implementation flow and could be the result of non-optimal XDC constraints or non-optimal design architecture
Related violations: <none>

TIMING-16#568 Warning
Large setup violation  
There is a large setup violation of -2.354 ns between u_tcm/u_ram/ram_reg_3_3/CLKARDCLK (clocked by clk_i) and u_core/u_exec/result_q_reg[19]/D (clocked by clk_i). Large setup violations at the end of those stages might be difficult to fix during the post-placement implementation flow and could be the result of non-optimal XDC constraints or non-optimal design architecture
Related violations: <none>

TIMING-16#569 Warning
Large setup violation  
There is a large setup violation of -2.355 ns between u_tcm/u_ram/ram_reg_1_1/CLKBWRCLK (clocked by clk_i) and u_core/u_mul/operand_a_e1_q_reg[21]/D (clocked by clk_i). Large setup violations at the end of those stages might be difficult to fix during the post-placement implementation flow and could be the result of non-optimal XDC constraints or non-optimal design architecture
Related violations: <none>

TIMING-16#570 Warning
Large setup violation  
There is a large setup violation of -2.357 ns between u_tcm/u_ram/ram_reg_1_1/CLKBWRCLK (clocked by clk_i) and u_core/u_csr/csr_wdata_e1_q_reg[23]/D (clocked by clk_i). Large setup violations at the end of those stages might be difficult to fix during the post-placement implementation flow and could be the result of non-optimal XDC constraints or non-optimal design architecture
Related violations: <none>

TIMING-16#571 Warning
Large setup violation  
There is a large setup violation of -2.357 ns between u_tcm/u_ram/ram_reg_1_1/CLKBWRCLK (clocked by clk_i) and u_core/u_csr/rd_result_e1_q_reg[29]/D (clocked by clk_i). Large setup violations at the end of those stages might be difficult to fix during the post-placement implementation flow and could be the result of non-optimal XDC constraints or non-optimal design architecture
Related violations: <none>

TIMING-16#572 Warning
Large setup violation  
There is a large setup violation of -2.357 ns between u_tcm/u_ram/ram_reg_1_1/CLKBWRCLK (clocked by clk_i) and u_core/u_fetch/skid_buffer_q_reg[30]/D (clocked by clk_i). Large setup violations at the end of those stages might be difficult to fix during the post-placement implementation flow and could be the result of non-optimal XDC constraints or non-optimal design architecture
Related violations: <none>

TIMING-16#573 Warning
Large setup violation  
There is a large setup violation of -2.358 ns between u_tcm/u_ram/ram_reg_1_1/CLKBWRCLK (clocked by clk_i) and u_core/u_div/dividend_q_reg[16]/D (clocked by clk_i). Large setup violations at the end of those stages might be difficult to fix during the post-placement implementation flow and could be the result of non-optimal XDC constraints or non-optimal design architecture
Related violations: <none>

TIMING-16#574 Warning
Large setup violation  
There is a large setup violation of -2.361 ns between u_tcm/u_ram/ram_reg_1_1/CLKBWRCLK (clocked by clk_i) and u_core/u_lsu/mem_addr_q_reg[25]/D (clocked by clk_i). Large setup violations at the end of those stages might be difficult to fix during the post-placement implementation flow and could be the result of non-optimal XDC constraints or non-optimal design architecture
Related violations: <none>

TIMING-16#575 Warning
Large setup violation  
There is a large setup violation of -2.364 ns between u_tcm/u_ram/ram_reg_1_1/CLKBWRCLK (clocked by clk_i) and u_core/u_csr/csr_wdata_e1_q_reg[22]/D (clocked by clk_i). Large setup violations at the end of those stages might be difficult to fix during the post-placement implementation flow and could be the result of non-optimal XDC constraints or non-optimal design architecture
Related violations: <none>

TIMING-16#576 Warning
Large setup violation  
There is a large setup violation of -2.367 ns between u_tcm/u_ram/ram_reg_1_1/CLKBWRCLK (clocked by clk_i) and u_core/u_csr/csr_wdata_e1_q_reg[11]/D (clocked by clk_i). Large setup violations at the end of those stages might be difficult to fix during the post-placement implementation flow and could be the result of non-optimal XDC constraints or non-optimal design architecture
Related violations: <none>

TIMING-16#577 Warning
Large setup violation  
There is a large setup violation of -2.374 ns between u_tcm/u_ram/ram_reg_1_1/CLKBWRCLK (clocked by clk_i) and u_core/u_div/dividend_q_reg[18]/D (clocked by clk_i). Large setup violations at the end of those stages might be difficult to fix during the post-placement implementation flow and could be the result of non-optimal XDC constraints or non-optimal design architecture
Related violations: <none>

TIMING-16#578 Warning
Large setup violation  
There is a large setup violation of -2.374 ns between u_tcm/u_ram/ram_reg_1_1/CLKBWRCLK (clocked by clk_i) and u_core/u_lsu/mem_addr_q_reg[28]/D (clocked by clk_i). Large setup violations at the end of those stages might be difficult to fix during the post-placement implementation flow and could be the result of non-optimal XDC constraints or non-optimal design architecture
Related violations: <none>

TIMING-16#579 Warning
Large setup violation  
There is a large setup violation of -2.375 ns between u_tcm/u_ram/ram_reg_1_1/CLKBWRCLK (clocked by clk_i) and u_core/u_mul/operand_a_e1_q_reg[20]/D (clocked by clk_i). Large setup violations at the end of those stages might be difficult to fix during the post-placement implementation flow and could be the result of non-optimal XDC constraints or non-optimal design architecture
Related violations: <none>

TIMING-16#580 Warning
Large setup violation  
There is a large setup violation of -2.377 ns between u_tcm/u_ram/ram_reg_1_1/CLKBWRCLK (clocked by clk_i) and u_core/u_lsu/mem_unaligned_e1_q_reg/D (clocked by clk_i). Large setup violations at the end of those stages might be difficult to fix during the post-placement implementation flow and could be the result of non-optimal XDC constraints or non-optimal design architecture
Related violations: <none>

TIMING-16#581 Warning
Large setup violation  
There is a large setup violation of -2.378 ns between u_tcm/u_ram/ram_reg_1_1/CLKBWRCLK (clocked by clk_i) and u_core/u_fetch/pc_d_q_reg[22]/CE (clocked by clk_i). Large setup violations at the end of those stages might be difficult to fix during the post-placement implementation flow and could be the result of non-optimal XDC constraints or non-optimal design architecture
Related violations: <none>

TIMING-16#582 Warning
Large setup violation  
There is a large setup violation of -2.378 ns between u_tcm/u_ram/ram_reg_1_1/CLKBWRCLK (clocked by clk_i) and u_core/u_fetch/pc_d_q_reg[23]/CE (clocked by clk_i). Large setup violations at the end of those stages might be difficult to fix during the post-placement implementation flow and could be the result of non-optimal XDC constraints or non-optimal design architecture
Related violations: <none>

TIMING-16#583 Warning
Large setup violation  
There is a large setup violation of -2.378 ns between u_tcm/u_ram/ram_reg_1_1/CLKBWRCLK (clocked by clk_i) and u_core/u_fetch/pc_d_q_reg[26]/CE (clocked by clk_i). Large setup violations at the end of those stages might be difficult to fix during the post-placement implementation flow and could be the result of non-optimal XDC constraints or non-optimal design architecture
Related violations: <none>

TIMING-16#584 Warning
Large setup violation  
There is a large setup violation of -2.378 ns between u_tcm/u_ram/ram_reg_1_1/CLKBWRCLK (clocked by clk_i) and u_core/u_fetch/pc_d_q_reg[30]/CE (clocked by clk_i). Large setup violations at the end of those stages might be difficult to fix during the post-placement implementation flow and could be the result of non-optimal XDC constraints or non-optimal design architecture
Related violations: <none>

TIMING-16#585 Warning
Large setup violation  
There is a large setup violation of -2.380 ns between u_tcm/u_ram/ram_reg_2_0/CLKBWRCLK (clocked by clk_i) and u_core/u_fetch/branch_pc_q_reg[27]/D (clocked by clk_i). Large setup violations at the end of those stages might be difficult to fix during the post-placement implementation flow and could be the result of non-optimal XDC constraints or non-optimal design architecture
Related violations: <none>

TIMING-16#586 Warning
Large setup violation  
There is a large setup violation of -2.381 ns between u_tcm/u_ram/ram_reg_1_1/CLKBWRCLK (clocked by clk_i) and u_core/u_fetch/pc_f_q_reg[7]/CE (clocked by clk_i). Large setup violations at the end of those stages might be difficult to fix during the post-placement implementation flow and could be the result of non-optimal XDC constraints or non-optimal design architecture
Related violations: <none>

TIMING-16#587 Warning
Large setup violation  
There is a large setup violation of -2.381 ns between u_tcm/u_ram/ram_reg_1_1/CLKBWRCLK (clocked by clk_i) and u_core/u_fetch/pc_f_q_reg[8]/CE (clocked by clk_i). Large setup violations at the end of those stages might be difficult to fix during the post-placement implementation flow and could be the result of non-optimal XDC constraints or non-optimal design architecture
Related violations: <none>

TIMING-16#588 Warning
Large setup violation  
There is a large setup violation of -2.383 ns between u_tcm/u_ram/ram_reg_1_1/CLKBWRCLK (clocked by clk_i) and u_core/u_csr/csr_wdata_e1_q_reg[21]/D (clocked by clk_i). Large setup violations at the end of those stages might be difficult to fix during the post-placement implementation flow and could be the result of non-optimal XDC constraints or non-optimal design architecture
Related violations: <none>

TIMING-16#589 Warning
Large setup violation  
There is a large setup violation of -2.388 ns between u_tcm/u_ram/ram_reg_2_0/CLKBWRCLK (clocked by clk_i) and u_core/u_fetch/branch_pc_q_reg[18]/D (clocked by clk_i). Large setup violations at the end of those stages might be difficult to fix during the post-placement implementation flow and could be the result of non-optimal XDC constraints or non-optimal design architecture
Related violations: <none>

TIMING-16#590 Warning
Large setup violation  
There is a large setup violation of -2.389 ns between u_tcm/u_ram/ram_reg_1_1/CLKBWRCLK (clocked by clk_i) and u_core/u_csr/rd_result_e1_q_reg[10]/D (clocked by clk_i). Large setup violations at the end of those stages might be difficult to fix during the post-placement implementation flow and could be the result of non-optimal XDC constraints or non-optimal design architecture
Related violations: <none>

TIMING-16#591 Warning
Large setup violation  
There is a large setup violation of -2.394 ns between u_tcm/u_ram/ram_reg_1_1/CLKBWRCLK (clocked by clk_i) and u_core/u_lsu/mem_addr_q_reg[30]/D (clocked by clk_i). Large setup violations at the end of those stages might be difficult to fix during the post-placement implementation flow and could be the result of non-optimal XDC constraints or non-optimal design architecture
Related violations: <none>

TIMING-16#592 Warning
Large setup violation  
There is a large setup violation of -2.397 ns between u_tcm/u_ram/ram_reg_1_1/CLKBWRCLK (clocked by clk_i) and u_core/u_fetch/skid_buffer_q_reg[59]/D (clocked by clk_i). Large setup violations at the end of those stages might be difficult to fix during the post-placement implementation flow and could be the result of non-optimal XDC constraints or non-optimal design architecture
Related violations: <none>

TIMING-16#593 Warning
Large setup violation  
There is a large setup violation of -2.399 ns between u_tcm/u_ram/ram_reg_1_1/CLKBWRCLK (clocked by clk_i) and u_core/u_fetch/skid_buffer_q_reg[6]/D (clocked by clk_i). Large setup violations at the end of those stages might be difficult to fix during the post-placement implementation flow and could be the result of non-optimal XDC constraints or non-optimal design architecture
Related violations: <none>

TIMING-16#594 Warning
Large setup violation  
There is a large setup violation of -2.401 ns between u_tcm/u_ram/ram_reg_3_2/CLKBWRCLK (clocked by clk_i) and u_core/u_csr/rd_result_e1_q_reg[5]/D (clocked by clk_i). Large setup violations at the end of those stages might be difficult to fix during the post-placement implementation flow and could be the result of non-optimal XDC constraints or non-optimal design architecture
Related violations: <none>

TIMING-16#595 Warning
Large setup violation  
There is a large setup violation of -2.402 ns between u_tcm/u_ram/ram_reg_2_0/CLKBWRCLK (clocked by clk_i) and u_core/u_fetch/branch_pc_q_reg[12]/D (clocked by clk_i). Large setup violations at the end of those stages might be difficult to fix during the post-placement implementation flow and could be the result of non-optimal XDC constraints or non-optimal design architecture
Related violations: <none>

TIMING-16#596 Warning
Large setup violation  
There is a large setup violation of -2.403 ns between u_tcm/u_ram/ram_reg_2_0/CLKBWRCLK (clocked by clk_i) and u_core/u_fetch/branch_pc_q_reg[20]/D (clocked by clk_i). Large setup violations at the end of those stages might be difficult to fix during the post-placement implementation flow and could be the result of non-optimal XDC constraints or non-optimal design architecture
Related violations: <none>

TIMING-16#597 Warning
Large setup violation  
There is a large setup violation of -2.406 ns between u_tcm/u_ram/ram_reg_1_1/CLKBWRCLK (clocked by clk_i) and u_core/u_mul/operand_b_e1_q_reg[11]/D (clocked by clk_i). Large setup violations at the end of those stages might be difficult to fix during the post-placement implementation flow and could be the result of non-optimal XDC constraints or non-optimal design architecture
Related violations: <none>

TIMING-16#598 Warning
Large setup violation  
There is a large setup violation of -2.409 ns between u_tcm/u_ram/ram_reg_2_0/CLKBWRCLK (clocked by clk_i) and u_core/u_fetch/branch_pc_q_reg[11]/D (clocked by clk_i). Large setup violations at the end of those stages might be difficult to fix during the post-placement implementation flow and could be the result of non-optimal XDC constraints or non-optimal design architecture
Related violations: <none>

TIMING-16#599 Warning
Large setup violation  
There is a large setup violation of -2.413 ns between u_tcm/u_ram/ram_reg_1_1/CLKBWRCLK (clocked by clk_i) and u_core/u_csr/csr_wdata_e1_q_reg[19]/D (clocked by clk_i). Large setup violations at the end of those stages might be difficult to fix during the post-placement implementation flow and could be the result of non-optimal XDC constraints or non-optimal design architecture
Related violations: <none>

TIMING-16#600 Warning
Large setup violation  
There is a large setup violation of -2.413 ns between u_tcm/u_ram/ram_reg_2_0/CLKBWRCLK (clocked by clk_i) and u_core/u_fetch/branch_pc_q_reg[6]/D (clocked by clk_i). Large setup violations at the end of those stages might be difficult to fix during the post-placement implementation flow and could be the result of non-optimal XDC constraints or non-optimal design architecture
Related violations: <none>

TIMING-16#601 Warning
Large setup violation  
There is a large setup violation of -2.424 ns between u_tcm/u_ram/ram_reg_1_1/CLKBWRCLK (clocked by clk_i) and u_core/u_lsu/mem_data_wr_q_reg[5]/D (clocked by clk_i). Large setup violations at the end of those stages might be difficult to fix during the post-placement implementation flow and could be the result of non-optimal XDC constraints or non-optimal design architecture
Related violations: <none>

TIMING-16#602 Warning
Large setup violation  
There is a large setup violation of -2.425 ns between u_tcm/u_ram/ram_reg_3_2/CLKBWRCLK (clocked by clk_i) and u_core/u_csr/csr_wdata_e1_q_reg[6]/D (clocked by clk_i). Large setup violations at the end of those stages might be difficult to fix during the post-placement implementation flow and could be the result of non-optimal XDC constraints or non-optimal design architecture
Related violations: <none>

TIMING-16#603 Warning
Large setup violation  
There is a large setup violation of -2.428 ns between u_tcm/u_ram/ram_reg_1_1/CLKBWRCLK (clocked by clk_i) and u_core/u_lsu/mem_data_wr_q_reg[6]/D (clocked by clk_i). Large setup violations at the end of those stages might be difficult to fix during the post-placement implementation flow and could be the result of non-optimal XDC constraints or non-optimal design architecture
Related violations: <none>

TIMING-16#604 Warning
Large setup violation  
There is a large setup violation of -2.432 ns between u_tcm/u_ram/ram_reg_1_1/CLKBWRCLK (clocked by clk_i) and u_core/u_lsu/mem_data_wr_q_reg[7]/D (clocked by clk_i). Large setup violations at the end of those stages might be difficult to fix during the post-placement implementation flow and could be the result of non-optimal XDC constraints or non-optimal design architecture
Related violations: <none>

TIMING-16#605 Warning
Large setup violation  
There is a large setup violation of -2.434 ns between u_tcm/u_ram/ram_reg_1_1/CLKBWRCLK (clocked by clk_i) and u_core/u_lsu/mem_wr_q_reg[0]/D (clocked by clk_i). Large setup violations at the end of those stages might be difficult to fix during the post-placement implementation flow and could be the result of non-optimal XDC constraints or non-optimal design architecture
Related violations: <none>

TIMING-16#606 Warning
Large setup violation  
There is a large setup violation of -2.438 ns between u_tcm/u_ram/ram_reg_1_1/CLKBWRCLK (clocked by clk_i) and u_core/u_fetch/pc_f_q_reg[22]/CE (clocked by clk_i). Large setup violations at the end of those stages might be difficult to fix during the post-placement implementation flow and could be the result of non-optimal XDC constraints or non-optimal design architecture
Related violations: <none>

TIMING-16#607 Warning
Large setup violation  
There is a large setup violation of -2.438 ns between u_tcm/u_ram/ram_reg_1_1/CLKBWRCLK (clocked by clk_i) and u_core/u_fetch/pc_f_q_reg[23]/CE (clocked by clk_i). Large setup violations at the end of those stages might be difficult to fix during the post-placement implementation flow and could be the result of non-optimal XDC constraints or non-optimal design architecture
Related violations: <none>

TIMING-16#608 Warning
Large setup violation  
There is a large setup violation of -2.438 ns between u_tcm/u_ram/ram_reg_1_1/CLKBWRCLK (clocked by clk_i) and u_core/u_fetch/pc_f_q_reg[24]/CE (clocked by clk_i). Large setup violations at the end of those stages might be difficult to fix during the post-placement implementation flow and could be the result of non-optimal XDC constraints or non-optimal design architecture
Related violations: <none>

TIMING-16#609 Warning
Large setup violation  
There is a large setup violation of -2.438 ns between u_tcm/u_ram/ram_reg_1_1/CLKBWRCLK (clocked by clk_i) and u_core/u_fetch/pc_f_q_reg[25]/CE (clocked by clk_i). Large setup violations at the end of those stages might be difficult to fix during the post-placement implementation flow and could be the result of non-optimal XDC constraints or non-optimal design architecture
Related violations: <none>

TIMING-16#610 Warning
Large setup violation  
There is a large setup violation of -2.438 ns between u_tcm/u_ram/ram_reg_1_1/CLKBWRCLK (clocked by clk_i) and u_core/u_fetch/pc_f_q_reg[26]/CE (clocked by clk_i). Large setup violations at the end of those stages might be difficult to fix during the post-placement implementation flow and could be the result of non-optimal XDC constraints or non-optimal design architecture
Related violations: <none>

TIMING-16#611 Warning
Large setup violation  
There is a large setup violation of -2.438 ns between u_tcm/u_ram/ram_reg_1_1/CLKBWRCLK (clocked by clk_i) and u_core/u_fetch/pc_f_q_reg[29]/CE (clocked by clk_i). Large setup violations at the end of those stages might be difficult to fix during the post-placement implementation flow and could be the result of non-optimal XDC constraints or non-optimal design architecture
Related violations: <none>

TIMING-16#612 Warning
Large setup violation  
There is a large setup violation of -2.438 ns between u_tcm/u_ram/ram_reg_1_1/CLKBWRCLK (clocked by clk_i) and u_core/u_fetch/pc_f_q_reg[30]/CE (clocked by clk_i). Large setup violations at the end of those stages might be difficult to fix during the post-placement implementation flow and could be the result of non-optimal XDC constraints or non-optimal design architecture
Related violations: <none>

TIMING-16#613 Warning
Large setup violation  
There is a large setup violation of -2.438 ns between u_tcm/u_ram/ram_reg_1_1/CLKBWRCLK (clocked by clk_i) and u_core/u_fetch/pc_f_q_reg[31]/CE (clocked by clk_i). Large setup violations at the end of those stages might be difficult to fix during the post-placement implementation flow and could be the result of non-optimal XDC constraints or non-optimal design architecture
Related violations: <none>

TIMING-16#614 Warning
Large setup violation  
There is a large setup violation of -2.441 ns between u_tcm/u_ram/ram_reg_1_1/CLKBWRCLK (clocked by clk_i) and u_core/u_csr/rd_result_e1_q_reg[19]/D (clocked by clk_i). Large setup violations at the end of those stages might be difficult to fix during the post-placement implementation flow and could be the result of non-optimal XDC constraints or non-optimal design architecture
Related violations: <none>

TIMING-16#615 Warning
Large setup violation  
There is a large setup violation of -2.448 ns between u_tcm/u_ram/ram_reg_1_1/CLKBWRCLK (clocked by clk_i) and u_core/u_div/dividend_q_reg[19]/D (clocked by clk_i). Large setup violations at the end of those stages might be difficult to fix during the post-placement implementation flow and could be the result of non-optimal XDC constraints or non-optimal design architecture
Related violations: <none>

TIMING-16#616 Warning
Large setup violation  
There is a large setup violation of -2.448 ns between u_tcm/u_ram/ram_reg_1_1/CLKBWRCLK (clocked by clk_i) and u_core/u_fetch/skid_buffer_q_reg[29]/D (clocked by clk_i). Large setup violations at the end of those stages might be difficult to fix during the post-placement implementation flow and could be the result of non-optimal XDC constraints or non-optimal design architecture
Related violations: <none>

TIMING-16#617 Warning
Large setup violation  
There is a large setup violation of -2.450 ns between u_tcm/u_ram/ram_reg_3_3/CLKARDCLK (clocked by clk_i) and u_core/u_exec/result_q_reg[18]/D (clocked by clk_i). Large setup violations at the end of those stages might be difficult to fix during the post-placement implementation flow and could be the result of non-optimal XDC constraints or non-optimal design architecture
Related violations: <none>

TIMING-16#618 Warning
Large setup violation  
There is a large setup violation of -2.456 ns between u_tcm/u_ram/ram_reg_1_1/CLKBWRCLK (clocked by clk_i) and u_core/u_fetch/skid_buffer_q_reg[26]/D (clocked by clk_i). Large setup violations at the end of those stages might be difficult to fix during the post-placement implementation flow and could be the result of non-optimal XDC constraints or non-optimal design architecture
Related violations: <none>

TIMING-16#619 Warning
Large setup violation  
There is a large setup violation of -2.469 ns between u_tcm/u_ram/ram_reg_1_1/CLKBWRCLK (clocked by clk_i) and u_core/u_csr/rd_result_e1_q_reg[22]/D (clocked by clk_i). Large setup violations at the end of those stages might be difficult to fix during the post-placement implementation flow and could be the result of non-optimal XDC constraints or non-optimal design architecture
Related violations: <none>

TIMING-16#620 Warning
Large setup violation  
There is a large setup violation of -2.469 ns between u_tcm/u_ram/ram_reg_1_1/CLKBWRCLK (clocked by clk_i) and u_core/u_div/dividend_q_reg[17]/D (clocked by clk_i). Large setup violations at the end of those stages might be difficult to fix during the post-placement implementation flow and could be the result of non-optimal XDC constraints or non-optimal design architecture
Related violations: <none>

TIMING-16#621 Warning
Large setup violation  
There is a large setup violation of -2.470 ns between u_tcm/u_ram/ram_reg_1_1/CLKBWRCLK (clocked by clk_i) and u_core/u_lsu/mem_addr_q_reg[31]/D (clocked by clk_i). Large setup violations at the end of those stages might be difficult to fix during the post-placement implementation flow and could be the result of non-optimal XDC constraints or non-optimal design architecture
Related violations: <none>

TIMING-16#622 Warning
Large setup violation  
There is a large setup violation of -2.473 ns between u_tcm/u_ram/ram_reg_1_1/CLKBWRCLK (clocked by clk_i) and u_core/u_div/dividend_q_reg[20]/D (clocked by clk_i). Large setup violations at the end of those stages might be difficult to fix during the post-placement implementation flow and could be the result of non-optimal XDC constraints or non-optimal design architecture
Related violations: <none>

TIMING-16#623 Warning
Large setup violation  
There is a large setup violation of -2.473 ns between u_tcm/u_ram/ram_reg_1_1/CLKBWRCLK (clocked by clk_i) and u_core/u_fetch/skid_buffer_q_reg[61]/D (clocked by clk_i). Large setup violations at the end of those stages might be difficult to fix during the post-placement implementation flow and could be the result of non-optimal XDC constraints or non-optimal design architecture
Related violations: <none>

TIMING-16#624 Warning
Large setup violation  
There is a large setup violation of -2.474 ns between u_tcm/u_ram/ram_reg_1_1/CLKBWRCLK (clocked by clk_i) and u_core/u_csr/csr_wdata_e1_q_reg[5]/D (clocked by clk_i). Large setup violations at the end of those stages might be difficult to fix during the post-placement implementation flow and could be the result of non-optimal XDC constraints or non-optimal design architecture
Related violations: <none>

TIMING-16#625 Warning
Large setup violation  
There is a large setup violation of -2.475 ns between u_tcm/u_ram/ram_reg_1_1/CLKBWRCLK (clocked by clk_i) and u_core/u_csr/rd_result_e1_q_reg[20]/D (clocked by clk_i). Large setup violations at the end of those stages might be difficult to fix during the post-placement implementation flow and could be the result of non-optimal XDC constraints or non-optimal design architecture
Related violations: <none>

TIMING-16#626 Warning
Large setup violation  
There is a large setup violation of -2.478 ns between u_tcm/u_ram/ram_reg_1_1/CLKBWRCLK (clocked by clk_i) and u_core/u_lsu/mem_addr_q_reg[29]/D (clocked by clk_i). Large setup violations at the end of those stages might be difficult to fix during the post-placement implementation flow and could be the result of non-optimal XDC constraints or non-optimal design architecture
Related violations: <none>

TIMING-16#627 Warning
Large setup violation  
There is a large setup violation of -2.480 ns between u_tcm/u_ram/ram_reg_3_3/CLKARDCLK (clocked by clk_i) and u_core/u_exec/result_q_reg[23]/D (clocked by clk_i). Large setup violations at the end of those stages might be difficult to fix during the post-placement implementation flow and could be the result of non-optimal XDC constraints or non-optimal design architecture
Related violations: <none>

TIMING-16#628 Warning
Large setup violation  
There is a large setup violation of -2.489 ns between u_tcm/u_ram/ram_reg_1_1/CLKBWRCLK (clocked by clk_i) and u_core/u_div/dividend_q_reg[22]/D (clocked by clk_i). Large setup violations at the end of those stages might be difficult to fix during the post-placement implementation flow and could be the result of non-optimal XDC constraints or non-optimal design architecture
Related violations: <none>

TIMING-16#629 Warning
Large setup violation  
There is a large setup violation of -2.496 ns between u_tcm/u_ram/ram_reg_3_3/CLKARDCLK (clocked by clk_i) and u_core/u_exec/result_q_reg[13]/D (clocked by clk_i). Large setup violations at the end of those stages might be difficult to fix during the post-placement implementation flow and could be the result of non-optimal XDC constraints or non-optimal design architecture
Related violations: <none>

TIMING-16#630 Warning
Large setup violation  
There is a large setup violation of -2.505 ns between u_tcm/u_ram/ram_reg_3_3/CLKARDCLK (clocked by clk_i) and u_core/u_exec/result_q_reg[22]/D (clocked by clk_i). Large setup violations at the end of those stages might be difficult to fix during the post-placement implementation flow and could be the result of non-optimal XDC constraints or non-optimal design architecture
Related violations: <none>

TIMING-16#631 Warning
Large setup violation  
There is a large setup violation of -2.507 ns between u_tcm/u_ram/ram_reg_3_3/CLKARDCLK (clocked by clk_i) and u_core/u_exec/result_q_reg[25]/D (clocked by clk_i). Large setup violations at the end of those stages might be difficult to fix during the post-placement implementation flow and could be the result of non-optimal XDC constraints or non-optimal design architecture
Related violations: <none>

TIMING-16#632 Warning
Large setup violation  
There is a large setup violation of -2.507 ns between u_tcm/u_ram/ram_reg_3_3/CLKARDCLK (clocked by clk_i) and u_core/u_exec/result_q_reg[26]/D (clocked by clk_i). Large setup violations at the end of those stages might be difficult to fix during the post-placement implementation flow and could be the result of non-optimal XDC constraints or non-optimal design architecture
Related violations: <none>

TIMING-16#633 Warning
Large setup violation  
There is a large setup violation of -2.509 ns between u_tcm/u_ram/ram_reg_1_1/CLKBWRCLK (clocked by clk_i) and u_core/u_csr/csr_wdata_e1_q_reg[24]/D (clocked by clk_i). Large setup violations at the end of those stages might be difficult to fix during the post-placement implementation flow and could be the result of non-optimal XDC constraints or non-optimal design architecture
Related violations: <none>

TIMING-16#634 Warning
Large setup violation  
There is a large setup violation of -2.509 ns between u_tcm/u_ram/ram_reg_2_0/CLKBWRCLK (clocked by clk_i) and u_core/u_issue/u_pipe_ctrl/exception_e1_q_reg[4]/D (clocked by clk_i). Large setup violations at the end of those stages might be difficult to fix during the post-placement implementation flow and could be the result of non-optimal XDC constraints or non-optimal design architecture
Related violations: <none>

TIMING-16#635 Warning
Large setup violation  
There is a large setup violation of -2.523 ns between u_tcm/u_ram/ram_reg_1_1/CLKBWRCLK (clocked by clk_i) and u_core/u_fetch/pc_f_q_reg[10]/CE (clocked by clk_i). Large setup violations at the end of those stages might be difficult to fix during the post-placement implementation flow and could be the result of non-optimal XDC constraints or non-optimal design architecture
Related violations: <none>

TIMING-16#636 Warning
Large setup violation  
There is a large setup violation of -2.523 ns between u_tcm/u_ram/ram_reg_1_1/CLKBWRCLK (clocked by clk_i) and u_core/u_fetch/pc_f_q_reg[13]/CE (clocked by clk_i). Large setup violations at the end of those stages might be difficult to fix during the post-placement implementation flow and could be the result of non-optimal XDC constraints or non-optimal design architecture
Related violations: <none>

TIMING-16#637 Warning
Large setup violation  
There is a large setup violation of -2.523 ns between u_tcm/u_ram/ram_reg_1_1/CLKBWRCLK (clocked by clk_i) and u_core/u_fetch/pc_f_q_reg[15]/CE (clocked by clk_i). Large setup violations at the end of those stages might be difficult to fix during the post-placement implementation flow and could be the result of non-optimal XDC constraints or non-optimal design architecture
Related violations: <none>

TIMING-16#638 Warning
Large setup violation  
There is a large setup violation of -2.523 ns between u_tcm/u_ram/ram_reg_1_1/CLKBWRCLK (clocked by clk_i) and u_core/u_fetch/pc_f_q_reg[16]/CE (clocked by clk_i). Large setup violations at the end of those stages might be difficult to fix during the post-placement implementation flow and could be the result of non-optimal XDC constraints or non-optimal design architecture
Related violations: <none>

TIMING-16#639 Warning
Large setup violation  
There is a large setup violation of -2.527 ns between u_tcm/u_ram/ram_reg_1_1/CLKBWRCLK (clocked by clk_i) and u_core/u_fetch/skid_buffer_q_reg[17]/D (clocked by clk_i). Large setup violations at the end of those stages might be difficult to fix during the post-placement implementation flow and could be the result of non-optimal XDC constraints or non-optimal design architecture
Related violations: <none>

TIMING-16#640 Warning
Large setup violation  
There is a large setup violation of -2.537 ns between u_tcm/u_ram/ram_reg_3_3/CLKARDCLK (clocked by clk_i) and u_core/u_exec/result_q_reg[8]/D (clocked by clk_i). Large setup violations at the end of those stages might be difficult to fix during the post-placement implementation flow and could be the result of non-optimal XDC constraints or non-optimal design architecture
Related violations: <none>

TIMING-16#641 Warning
Large setup violation  
There is a large setup violation of -2.543 ns between u_tcm/u_ram/ram_reg_3_3/CLKARDCLK (clocked by clk_i) and u_core/u_exec/result_q_reg[17]/D (clocked by clk_i). Large setup violations at the end of those stages might be difficult to fix during the post-placement implementation flow and could be the result of non-optimal XDC constraints or non-optimal design architecture
Related violations: <none>

TIMING-16#642 Warning
Large setup violation  
There is a large setup violation of -2.545 ns between u_tcm/u_ram/ram_reg_3_3/CLKARDCLK (clocked by clk_i) and u_core/u_exec/result_q_reg[20]/D (clocked by clk_i). Large setup violations at the end of those stages might be difficult to fix during the post-placement implementation flow and could be the result of non-optimal XDC constraints or non-optimal design architecture
Related violations: <none>

TIMING-16#643 Warning
Large setup violation  
There is a large setup violation of -2.550 ns between u_tcm/u_ram/ram_reg_1_1/CLKBWRCLK (clocked by clk_i) and u_core/u_fetch/pc_f_q_reg[27]/CE (clocked by clk_i). Large setup violations at the end of those stages might be difficult to fix during the post-placement implementation flow and could be the result of non-optimal XDC constraints or non-optimal design architecture
Related violations: <none>

TIMING-16#644 Warning
Large setup violation  
There is a large setup violation of -2.550 ns between u_tcm/u_ram/ram_reg_1_1/CLKBWRCLK (clocked by clk_i) and u_core/u_fetch/pc_f_q_reg[28]/CE (clocked by clk_i). Large setup violations at the end of those stages might be difficult to fix during the post-placement implementation flow and could be the result of non-optimal XDC constraints or non-optimal design architecture
Related violations: <none>

TIMING-16#645 Warning
Large setup violation  
There is a large setup violation of -2.556 ns between u_tcm/u_ram/ram_reg_3_3/CLKARDCLK (clocked by clk_i) and u_core/u_exec/result_q_reg[6]/D (clocked by clk_i). Large setup violations at the end of those stages might be difficult to fix during the post-placement implementation flow and could be the result of non-optimal XDC constraints or non-optimal design architecture
Related violations: <none>

TIMING-16#646 Warning
Large setup violation  
There is a large setup violation of -2.560 ns between u_tcm/u_ram/ram_reg_1_1/CLKBWRCLK (clocked by clk_i) and u_core/u_fetch/pc_f_q_reg[11]/CE (clocked by clk_i). Large setup violations at the end of those stages might be difficult to fix during the post-placement implementation flow and could be the result of non-optimal XDC constraints or non-optimal design architecture
Related violations: <none>

TIMING-16#647 Warning
Large setup violation  
There is a large setup violation of -2.560 ns between u_tcm/u_ram/ram_reg_1_1/CLKBWRCLK (clocked by clk_i) and u_core/u_fetch/pc_f_q_reg[12]/CE (clocked by clk_i). Large setup violations at the end of those stages might be difficult to fix during the post-placement implementation flow and could be the result of non-optimal XDC constraints or non-optimal design architecture
Related violations: <none>

TIMING-16#648 Warning
Large setup violation  
There is a large setup violation of -2.560 ns between u_tcm/u_ram/ram_reg_1_1/CLKBWRCLK (clocked by clk_i) and u_core/u_fetch/pc_f_q_reg[14]/CE (clocked by clk_i). Large setup violations at the end of those stages might be difficult to fix during the post-placement implementation flow and could be the result of non-optimal XDC constraints or non-optimal design architecture
Related violations: <none>

TIMING-16#649 Warning
Large setup violation  
There is a large setup violation of -2.560 ns between u_tcm/u_ram/ram_reg_1_1/CLKBWRCLK (clocked by clk_i) and u_core/u_fetch/pc_f_q_reg[17]/CE (clocked by clk_i). Large setup violations at the end of those stages might be difficult to fix during the post-placement implementation flow and could be the result of non-optimal XDC constraints or non-optimal design architecture
Related violations: <none>

TIMING-16#650 Warning
Large setup violation  
There is a large setup violation of -2.560 ns between u_tcm/u_ram/ram_reg_1_1/CLKBWRCLK (clocked by clk_i) and u_core/u_fetch/pc_f_q_reg[18]/CE (clocked by clk_i). Large setup violations at the end of those stages might be difficult to fix during the post-placement implementation flow and could be the result of non-optimal XDC constraints or non-optimal design architecture
Related violations: <none>

TIMING-16#651 Warning
Large setup violation  
There is a large setup violation of -2.560 ns between u_tcm/u_ram/ram_reg_1_1/CLKBWRCLK (clocked by clk_i) and u_core/u_fetch/pc_f_q_reg[19]/CE (clocked by clk_i). Large setup violations at the end of those stages might be difficult to fix during the post-placement implementation flow and could be the result of non-optimal XDC constraints or non-optimal design architecture
Related violations: <none>

TIMING-16#652 Warning
Large setup violation  
There is a large setup violation of -2.560 ns between u_tcm/u_ram/ram_reg_1_1/CLKBWRCLK (clocked by clk_i) and u_core/u_fetch/pc_f_q_reg[20]/CE (clocked by clk_i). Large setup violations at the end of those stages might be difficult to fix during the post-placement implementation flow and could be the result of non-optimal XDC constraints or non-optimal design architecture
Related violations: <none>

TIMING-16#653 Warning
Large setup violation  
There is a large setup violation of -2.560 ns between u_tcm/u_ram/ram_reg_1_1/CLKBWRCLK (clocked by clk_i) and u_core/u_fetch/pc_f_q_reg[21]/CE (clocked by clk_i). Large setup violations at the end of those stages might be difficult to fix during the post-placement implementation flow and could be the result of non-optimal XDC constraints or non-optimal design architecture
Related violations: <none>

TIMING-16#654 Warning
Large setup violation  
There is a large setup violation of -2.563 ns between u_tcm/u_ram/ram_reg_1_1/CLKBWRCLK (clocked by clk_i) and u_core/u_div/dividend_q_reg[23]/D (clocked by clk_i). Large setup violations at the end of those stages might be difficult to fix during the post-placement implementation flow and could be the result of non-optimal XDC constraints or non-optimal design architecture
Related violations: <none>

TIMING-16#655 Warning
Large setup violation  
There is a large setup violation of -2.584 ns between u_tcm/u_ram/ram_reg_1_1/CLKBWRCLK (clocked by clk_i) and u_core/u_div/dividend_q_reg[21]/D (clocked by clk_i). Large setup violations at the end of those stages might be difficult to fix during the post-placement implementation flow and could be the result of non-optimal XDC constraints or non-optimal design architecture
Related violations: <none>

TIMING-16#656 Warning
Large setup violation  
There is a large setup violation of -2.588 ns between u_tcm/u_ram/ram_reg_1_1/CLKBWRCLK (clocked by clk_i) and u_core/u_div/dividend_q_reg[24]/D (clocked by clk_i). Large setup violations at the end of those stages might be difficult to fix during the post-placement implementation flow and could be the result of non-optimal XDC constraints or non-optimal design architecture
Related violations: <none>

TIMING-16#657 Warning
Large setup violation  
There is a large setup violation of -2.595 ns between u_tcm/u_ram/ram_reg_1_1/CLKBWRCLK (clocked by clk_i) and u_core/u_lsu/mem_data_wr_q_reg[1]/D (clocked by clk_i). Large setup violations at the end of those stages might be difficult to fix during the post-placement implementation flow and could be the result of non-optimal XDC constraints or non-optimal design architecture
Related violations: <none>

TIMING-16#658 Warning
Large setup violation  
There is a large setup violation of -2.604 ns between u_tcm/u_ram/ram_reg_1_1/CLKBWRCLK (clocked by clk_i) and u_core/u_div/dividend_q_reg[26]/D (clocked by clk_i). Large setup violations at the end of those stages might be difficult to fix during the post-placement implementation flow and could be the result of non-optimal XDC constraints or non-optimal design architecture
Related violations: <none>

TIMING-16#659 Warning
Large setup violation  
There is a large setup violation of -2.606 ns between u_tcm/u_ram/ram_reg_3_3/CLKARDCLK (clocked by clk_i) and u_core/u_exec/result_q_reg[16]/D (clocked by clk_i). Large setup violations at the end of those stages might be difficult to fix during the post-placement implementation flow and could be the result of non-optimal XDC constraints or non-optimal design architecture
Related violations: <none>

TIMING-16#660 Warning
Large setup violation  
There is a large setup violation of -2.610 ns between u_tcm/u_ram/ram_reg_1_1/CLKBWRCLK (clocked by clk_i) and u_core/u_lsu/mem_data_wr_q_reg[4]/D (clocked by clk_i). Large setup violations at the end of those stages might be difficult to fix during the post-placement implementation flow and could be the result of non-optimal XDC constraints or non-optimal design architecture
Related violations: <none>

TIMING-16#661 Warning
Large setup violation  
There is a large setup violation of -2.612 ns between u_tcm/u_ram/ram_reg_1_1/CLKBWRCLK (clocked by clk_i) and u_core/u_csr/rd_result_e1_q_reg[15]/D (clocked by clk_i). Large setup violations at the end of those stages might be difficult to fix during the post-placement implementation flow and could be the result of non-optimal XDC constraints or non-optimal design architecture
Related violations: <none>

TIMING-16#662 Warning
Large setup violation  
There is a large setup violation of -2.613 ns between u_tcm/u_ram/ram_reg_1_1/CLKBWRCLK (clocked by clk_i) and u_core/u_lsu/mem_data_wr_q_reg[0]/D (clocked by clk_i). Large setup violations at the end of those stages might be difficult to fix during the post-placement implementation flow and could be the result of non-optimal XDC constraints or non-optimal design architecture
Related violations: <none>

TIMING-16#663 Warning
Large setup violation  
There is a large setup violation of -2.614 ns between u_tcm/u_ram/ram_reg_3_3/CLKARDCLK (clocked by clk_i) and u_core/u_exec/result_q_reg[28]/D (clocked by clk_i). Large setup violations at the end of those stages might be difficult to fix during the post-placement implementation flow and could be the result of non-optimal XDC constraints or non-optimal design architecture
Related violations: <none>

TIMING-16#664 Warning
Large setup violation  
There is a large setup violation of -2.630 ns between u_tcm/u_ram/ram_reg_1_1/CLKBWRCLK (clocked by clk_i) and u_core/u_csr/rd_result_e1_q_reg[16]/D (clocked by clk_i). Large setup violations at the end of those stages might be difficult to fix during the post-placement implementation flow and could be the result of non-optimal XDC constraints or non-optimal design architecture
Related violations: <none>

TIMING-16#665 Warning
Large setup violation  
There is a large setup violation of -2.643 ns between u_tcm/u_ram/ram_reg_1_1/CLKBWRCLK (clocked by clk_i) and u_core/u_lsu/mem_wr_q_reg[2]/D (clocked by clk_i). Large setup violations at the end of those stages might be difficult to fix during the post-placement implementation flow and could be the result of non-optimal XDC constraints or non-optimal design architecture
Related violations: <none>

TIMING-16#666 Warning
Large setup violation  
There is a large setup violation of -2.645 ns between u_tcm/u_ram/ram_reg_1_1/CLKBWRCLK (clocked by clk_i) and u_core/u_mul/operand_a_e1_q_reg[23]/D (clocked by clk_i). Large setup violations at the end of those stages might be difficult to fix during the post-placement implementation flow and could be the result of non-optimal XDC constraints or non-optimal design architecture
Related violations: <none>

TIMING-16#667 Warning
Large setup violation  
There is a large setup violation of -2.650 ns between u_tcm/u_ram/ram_reg_3_3/CLKARDCLK (clocked by clk_i) and u_core/u_exec/result_q_reg[24]/D (clocked by clk_i). Large setup violations at the end of those stages might be difficult to fix during the post-placement implementation flow and could be the result of non-optimal XDC constraints or non-optimal design architecture
Related violations: <none>

TIMING-16#668 Warning
Large setup violation  
There is a large setup violation of -2.655 ns between u_tcm/u_ram/ram_reg_1_1/CLKBWRCLK (clocked by clk_i) and u_core/u_lsu/mem_data_wr_q_reg[23]/D (clocked by clk_i). Large setup violations at the end of those stages might be difficult to fix during the post-placement implementation flow and could be the result of non-optimal XDC constraints or non-optimal design architecture
Related violations: <none>

TIMING-16#669 Warning
Large setup violation  
There is a large setup violation of -2.671 ns between u_tcm/u_ram/ram_reg_1_1/CLKBWRCLK (clocked by clk_i) and u_core/u_mul/operand_a_e1_q_reg[24]/D (clocked by clk_i). Large setup violations at the end of those stages might be difficult to fix during the post-placement implementation flow and could be the result of non-optimal XDC constraints or non-optimal design architecture
Related violations: <none>

TIMING-16#670 Warning
Large setup violation  
There is a large setup violation of -2.673 ns between u_tcm/u_ram/ram_reg_2_0/CLKBWRCLK (clocked by clk_i) and u_core/u_fetch/branch_pc_q_reg[19]/CE (clocked by clk_i). Large setup violations at the end of those stages might be difficult to fix during the post-placement implementation flow and could be the result of non-optimal XDC constraints or non-optimal design architecture
Related violations: <none>

TIMING-16#671 Warning
Large setup violation  
There is a large setup violation of -2.673 ns between u_tcm/u_ram/ram_reg_2_0/CLKBWRCLK (clocked by clk_i) and u_core/u_fetch/branch_pc_q_reg[21]/CE (clocked by clk_i). Large setup violations at the end of those stages might be difficult to fix during the post-placement implementation flow and could be the result of non-optimal XDC constraints or non-optimal design architecture
Related violations: <none>

TIMING-16#672 Warning
Large setup violation  
There is a large setup violation of -2.673 ns between u_tcm/u_ram/ram_reg_2_0/CLKBWRCLK (clocked by clk_i) and u_core/u_fetch/branch_pc_q_reg[23]/CE (clocked by clk_i). Large setup violations at the end of those stages might be difficult to fix during the post-placement implementation flow and could be the result of non-optimal XDC constraints or non-optimal design architecture
Related violations: <none>

TIMING-16#673 Warning
Large setup violation  
There is a large setup violation of -2.673 ns between u_tcm/u_ram/ram_reg_2_0/CLKBWRCLK (clocked by clk_i) and u_core/u_fetch/branch_pc_q_reg[28]/CE (clocked by clk_i). Large setup violations at the end of those stages might be difficult to fix during the post-placement implementation flow and could be the result of non-optimal XDC constraints or non-optimal design architecture
Related violations: <none>

TIMING-16#674 Warning
Large setup violation  
There is a large setup violation of -2.673 ns between u_tcm/u_ram/ram_reg_2_0/CLKBWRCLK (clocked by clk_i) and u_core/u_fetch/branch_pc_q_reg[30]/CE (clocked by clk_i). Large setup violations at the end of those stages might be difficult to fix during the post-placement implementation flow and could be the result of non-optimal XDC constraints or non-optimal design architecture
Related violations: <none>

TIMING-16#675 Warning
Large setup violation  
There is a large setup violation of -2.673 ns between u_tcm/u_ram/ram_reg_2_0/CLKBWRCLK (clocked by clk_i) and u_core/u_fetch/branch_pc_q_reg[8]/CE (clocked by clk_i). Large setup violations at the end of those stages might be difficult to fix during the post-placement implementation flow and could be the result of non-optimal XDC constraints or non-optimal design architecture
Related violations: <none>

TIMING-16#676 Warning
Large setup violation  
There is a large setup violation of -2.673 ns between u_tcm/u_ram/ram_reg_3_3/CLKARDCLK (clocked by clk_i) and u_core/u_exec/result_q_reg[21]/D (clocked by clk_i). Large setup violations at the end of those stages might be difficult to fix during the post-placement implementation flow and could be the result of non-optimal XDC constraints or non-optimal design architecture
Related violations: <none>

TIMING-16#677 Warning
Large setup violation  
There is a large setup violation of -2.675 ns between u_tcm/u_ram/ram_reg_1_1/CLKBWRCLK (clocked by clk_i) and u_core/u_mul/operand_a_e1_q_reg[31]/D (clocked by clk_i). Large setup violations at the end of those stages might be difficult to fix during the post-placement implementation flow and could be the result of non-optimal XDC constraints or non-optimal design architecture
Related violations: <none>

TIMING-16#678 Warning
Large setup violation  
There is a large setup violation of -2.678 ns between u_tcm/u_ram/ram_reg_1_1/CLKBWRCLK (clocked by clk_i) and u_core/u_div/dividend_q_reg[27]/D (clocked by clk_i). Large setup violations at the end of those stages might be difficult to fix during the post-placement implementation flow and could be the result of non-optimal XDC constraints or non-optimal design architecture
Related violations: <none>

TIMING-16#679 Warning
Large setup violation  
There is a large setup violation of -2.679 ns between u_tcm/u_ram/ram_reg_1_1/CLKBWRCLK (clocked by clk_i) and u_core/u_lsu/mem_data_wr_q_reg[19]/D (clocked by clk_i). Large setup violations at the end of those stages might be difficult to fix during the post-placement implementation flow and could be the result of non-optimal XDC constraints or non-optimal design architecture
Related violations: <none>

TIMING-16#680 Warning
Large setup violation  
There is a large setup violation of -2.683 ns between u_tcm/u_ram/ram_reg_1_1/CLKBWRCLK (clocked by clk_i) and u_core/u_mul/operand_a_e1_q_reg[27]/D (clocked by clk_i). Large setup violations at the end of those stages might be difficult to fix during the post-placement implementation flow and could be the result of non-optimal XDC constraints or non-optimal design architecture
Related violations: <none>

TIMING-16#681 Warning
Large setup violation  
There is a large setup violation of -2.686 ns between u_tcm/u_ram/ram_reg_3_3/CLKARDCLK (clocked by clk_i) and u_core/u_exec/result_q_reg[10]/D (clocked by clk_i). Large setup violations at the end of those stages might be difficult to fix during the post-placement implementation flow and could be the result of non-optimal XDC constraints or non-optimal design architecture
Related violations: <none>

TIMING-16#682 Warning
Large setup violation  
There is a large setup violation of -2.696 ns between u_tcm/u_ram/ram_reg_3_3/CLKARDCLK (clocked by clk_i) and u_core/u_exec/result_q_reg[30]/D (clocked by clk_i). Large setup violations at the end of those stages might be difficult to fix during the post-placement implementation flow and could be the result of non-optimal XDC constraints or non-optimal design architecture
Related violations: <none>

TIMING-16#683 Warning
Large setup violation  
There is a large setup violation of -2.698 ns between u_tcm/u_ram/ram_reg_2_0/CLKBWRCLK (clocked by clk_i) and u_core/u_exec/result_q_reg[31]/D (clocked by clk_i). Large setup violations at the end of those stages might be difficult to fix during the post-placement implementation flow and could be the result of non-optimal XDC constraints or non-optimal design architecture
Related violations: <none>

TIMING-16#684 Warning
Large setup violation  
There is a large setup violation of -2.699 ns between u_tcm/u_ram/ram_reg_1_1/CLKBWRCLK (clocked by clk_i) and u_core/u_div/dividend_q_reg[25]/D (clocked by clk_i). Large setup violations at the end of those stages might be difficult to fix during the post-placement implementation flow and could be the result of non-optimal XDC constraints or non-optimal design architecture
Related violations: <none>

TIMING-16#685 Warning
Large setup violation  
There is a large setup violation of -2.704 ns between u_tcm/u_ram/ram_reg_1_1/CLKBWRCLK (clocked by clk_i) and u_core/u_div/dividend_q_reg[28]/D (clocked by clk_i). Large setup violations at the end of those stages might be difficult to fix during the post-placement implementation flow and could be the result of non-optimal XDC constraints or non-optimal design architecture
Related violations: <none>

TIMING-16#686 Warning
Large setup violation  
There is a large setup violation of -2.705 ns between u_tcm/u_ram/ram_reg_1_1/CLKBWRCLK (clocked by clk_i) and u_core/u_fetch/skid_buffer_q_reg[21]/D (clocked by clk_i). Large setup violations at the end of those stages might be difficult to fix during the post-placement implementation flow and could be the result of non-optimal XDC constraints or non-optimal design architecture
Related violations: <none>

TIMING-16#687 Warning
Large setup violation  
There is a large setup violation of -2.707 ns between u_tcm/u_ram/ram_reg_1_1/CLKBWRCLK (clocked by clk_i) and u_core/u_lsu/mem_wr_q_reg[3]/D (clocked by clk_i). Large setup violations at the end of those stages might be difficult to fix during the post-placement implementation flow and could be the result of non-optimal XDC constraints or non-optimal design architecture
Related violations: <none>

TIMING-16#688 Warning
Large setup violation  
There is a large setup violation of -2.707 ns between u_tcm/u_ram/ram_reg_2_0/CLKBWRCLK (clocked by clk_i) and u_core/u_fetch/branch_pc_q_reg[25]/CE (clocked by clk_i). Large setup violations at the end of those stages might be difficult to fix during the post-placement implementation flow and could be the result of non-optimal XDC constraints or non-optimal design architecture
Related violations: <none>

TIMING-16#689 Warning
Large setup violation  
There is a large setup violation of -2.707 ns between u_tcm/u_ram/ram_reg_2_0/CLKBWRCLK (clocked by clk_i) and u_core/u_fetch/branch_pc_q_reg[26]/CE (clocked by clk_i). Large setup violations at the end of those stages might be difficult to fix during the post-placement implementation flow and could be the result of non-optimal XDC constraints or non-optimal design architecture
Related violations: <none>

TIMING-16#690 Warning
Large setup violation  
There is a large setup violation of -2.707 ns between u_tcm/u_ram/ram_reg_2_0/CLKBWRCLK (clocked by clk_i) and u_core/u_fetch/branch_pc_q_reg[27]/CE (clocked by clk_i). Large setup violations at the end of those stages might be difficult to fix during the post-placement implementation flow and could be the result of non-optimal XDC constraints or non-optimal design architecture
Related violations: <none>

TIMING-16#691 Warning
Large setup violation  
There is a large setup violation of -2.707 ns between u_tcm/u_ram/ram_reg_2_0/CLKBWRCLK (clocked by clk_i) and u_core/u_fetch/branch_pc_q_reg[2]/CE (clocked by clk_i). Large setup violations at the end of those stages might be difficult to fix during the post-placement implementation flow and could be the result of non-optimal XDC constraints or non-optimal design architecture
Related violations: <none>

TIMING-16#692 Warning
Large setup violation  
There is a large setup violation of -2.708 ns between u_tcm/u_ram/ram_reg_1_1/CLKBWRCLK (clocked by clk_i) and u_core/u_csr/rd_result_e1_q_reg[21]/D (clocked by clk_i). Large setup violations at the end of those stages might be difficult to fix during the post-placement implementation flow and could be the result of non-optimal XDC constraints or non-optimal design architecture
Related violations: <none>

TIMING-16#693 Warning
Large setup violation  
There is a large setup violation of -2.709 ns between u_tcm/u_ram/ram_reg_2_0/CLKBWRCLK (clocked by clk_i) and u_core/u_exec/result_q_reg[4]/D (clocked by clk_i). Large setup violations at the end of those stages might be difficult to fix during the post-placement implementation flow and could be the result of non-optimal XDC constraints or non-optimal design architecture
Related violations: <none>

TIMING-16#694 Warning
Large setup violation  
There is a large setup violation of -2.720 ns between u_tcm/u_ram/ram_reg_1_1/CLKBWRCLK (clocked by clk_i) and u_core/u_div/dividend_q_reg[30]/D (clocked by clk_i). Large setup violations at the end of those stages might be difficult to fix during the post-placement implementation flow and could be the result of non-optimal XDC constraints or non-optimal design architecture
Related violations: <none>

TIMING-16#695 Warning
Large setup violation  
There is a large setup violation of -2.733 ns between u_tcm/u_ram/ram_reg_3_3/CLKARDCLK (clocked by clk_i) and u_core/u_exec/result_q_reg[0]/D (clocked by clk_i). Large setup violations at the end of those stages might be difficult to fix during the post-placement implementation flow and could be the result of non-optimal XDC constraints or non-optimal design architecture
Related violations: <none>

TIMING-16#696 Warning
Large setup violation  
There is a large setup violation of -2.737 ns between u_tcm/u_ram/ram_reg_1_1/CLKBWRCLK (clocked by clk_i) and u_core/u_lsu/mem_data_wr_q_reg[21]/D (clocked by clk_i). Large setup violations at the end of those stages might be difficult to fix during the post-placement implementation flow and could be the result of non-optimal XDC constraints or non-optimal design architecture
Related violations: <none>

TIMING-16#697 Warning
Large setup violation  
There is a large setup violation of -2.739 ns between u_tcm/u_ram/ram_reg_1_1/CLKBWRCLK (clocked by clk_i) and u_core/u_lsu/mem_data_wr_q_reg[22]/D (clocked by clk_i). Large setup violations at the end of those stages might be difficult to fix during the post-placement implementation flow and could be the result of non-optimal XDC constraints or non-optimal design architecture
Related violations: <none>

TIMING-16#698 Warning
Large setup violation  
There is a large setup violation of -2.744 ns between u_tcm/u_ram/ram_reg_2_0/CLKBWRCLK (clocked by clk_i) and u_core/u_fetch/branch_pc_q_reg[17]/CE (clocked by clk_i). Large setup violations at the end of those stages might be difficult to fix during the post-placement implementation flow and could be the result of non-optimal XDC constraints or non-optimal design architecture
Related violations: <none>

TIMING-16#699 Warning
Large setup violation  
There is a large setup violation of -2.744 ns between u_tcm/u_ram/ram_reg_2_0/CLKBWRCLK (clocked by clk_i) and u_core/u_fetch/branch_pc_q_reg[22]/CE (clocked by clk_i). Large setup violations at the end of those stages might be difficult to fix during the post-placement implementation flow and could be the result of non-optimal XDC constraints or non-optimal design architecture
Related violations: <none>

TIMING-16#700 Warning
Large setup violation  
There is a large setup violation of -2.744 ns between u_tcm/u_ram/ram_reg_2_0/CLKBWRCLK (clocked by clk_i) and u_core/u_fetch/branch_pc_q_reg[24]/CE (clocked by clk_i). Large setup violations at the end of those stages might be difficult to fix during the post-placement implementation flow and could be the result of non-optimal XDC constraints or non-optimal design architecture
Related violations: <none>

TIMING-16#701 Warning
Large setup violation  
There is a large setup violation of -2.744 ns between u_tcm/u_ram/ram_reg_2_0/CLKBWRCLK (clocked by clk_i) and u_core/u_fetch/branch_pc_q_reg[7]/CE (clocked by clk_i). Large setup violations at the end of those stages might be difficult to fix during the post-placement implementation flow and could be the result of non-optimal XDC constraints or non-optimal design architecture
Related violations: <none>

TIMING-16#702 Warning
Large setup violation  
There is a large setup violation of -2.745 ns between u_tcm/u_ram/ram_reg_1_1/CLKBWRCLK (clocked by clk_i) and u_core/u_lsu/mem_data_wr_q_reg[16]/D (clocked by clk_i). Large setup violations at the end of those stages might be difficult to fix during the post-placement implementation flow and could be the result of non-optimal XDC constraints or non-optimal design architecture
Related violations: <none>

TIMING-16#703 Warning
Large setup violation  
There is a large setup violation of -2.765 ns between u_tcm/u_ram/ram_reg_1_1/CLKBWRCLK (clocked by clk_i) and u_core/u_csr/rd_result_e1_q_reg[17]/D (clocked by clk_i). Large setup violations at the end of those stages might be difficult to fix during the post-placement implementation flow and could be the result of non-optimal XDC constraints or non-optimal design architecture
Related violations: <none>

TIMING-16#704 Warning
Large setup violation  
There is a large setup violation of -2.794 ns between u_tcm/u_ram/ram_reg_1_1/CLKBWRCLK (clocked by clk_i) and u_core/u_div/dividend_q_reg[31]/D (clocked by clk_i). Large setup violations at the end of those stages might be difficult to fix during the post-placement implementation flow and could be the result of non-optimal XDC constraints or non-optimal design architecture
Related violations: <none>

TIMING-16#705 Warning
Large setup violation  
There is a large setup violation of -2.802 ns between u_tcm/u_ram/ram_reg_1_1/CLKBWRCLK (clocked by clk_i) and u_core/u_lsu/mem_data_wr_q_reg[2]/D (clocked by clk_i). Large setup violations at the end of those stages might be difficult to fix during the post-placement implementation flow and could be the result of non-optimal XDC constraints or non-optimal design architecture
Related violations: <none>

TIMING-16#706 Warning
Large setup violation  
There is a large setup violation of -2.807 ns between u_tcm/u_ram/ram_reg_2_0/CLKBWRCLK (clocked by clk_i) and u_core/u_fetch/branch_pc_q_reg[10]/CE (clocked by clk_i). Large setup violations at the end of those stages might be difficult to fix during the post-placement implementation flow and could be the result of non-optimal XDC constraints or non-optimal design architecture
Related violations: <none>

TIMING-16#707 Warning
Large setup violation  
There is a large setup violation of -2.807 ns between u_tcm/u_ram/ram_reg_2_0/CLKBWRCLK (clocked by clk_i) and u_core/u_fetch/branch_pc_q_reg[13]/CE (clocked by clk_i). Large setup violations at the end of those stages might be difficult to fix during the post-placement implementation flow and could be the result of non-optimal XDC constraints or non-optimal design architecture
Related violations: <none>

TIMING-16#708 Warning
Large setup violation  
There is a large setup violation of -2.807 ns between u_tcm/u_ram/ram_reg_2_0/CLKBWRCLK (clocked by clk_i) and u_core/u_fetch/branch_pc_q_reg[14]/CE (clocked by clk_i). Large setup violations at the end of those stages might be difficult to fix during the post-placement implementation flow and could be the result of non-optimal XDC constraints or non-optimal design architecture
Related violations: <none>

TIMING-16#709 Warning
Large setup violation  
There is a large setup violation of -2.807 ns between u_tcm/u_ram/ram_reg_2_0/CLKBWRCLK (clocked by clk_i) and u_core/u_fetch/branch_pc_q_reg[15]/CE (clocked by clk_i). Large setup violations at the end of those stages might be difficult to fix during the post-placement implementation flow and could be the result of non-optimal XDC constraints or non-optimal design architecture
Related violations: <none>

TIMING-16#710 Warning
Large setup violation  
There is a large setup violation of -2.811 ns between u_tcm/u_ram/ram_reg_2_0/CLKBWRCLK (clocked by clk_i) and u_core/u_fetch/branch_pc_q_reg[11]/CE (clocked by clk_i). Large setup violations at the end of those stages might be difficult to fix during the post-placement implementation flow and could be the result of non-optimal XDC constraints or non-optimal design architecture
Related violations: <none>

TIMING-16#711 Warning
Large setup violation  
There is a large setup violation of -2.811 ns between u_tcm/u_ram/ram_reg_2_0/CLKBWRCLK (clocked by clk_i) and u_core/u_fetch/branch_pc_q_reg[12]/CE (clocked by clk_i). Large setup violations at the end of those stages might be difficult to fix during the post-placement implementation flow and could be the result of non-optimal XDC constraints or non-optimal design architecture
Related violations: <none>

TIMING-16#712 Warning
Large setup violation  
There is a large setup violation of -2.811 ns between u_tcm/u_ram/ram_reg_2_0/CLKBWRCLK (clocked by clk_i) and u_core/u_fetch/branch_pc_q_reg[20]/CE (clocked by clk_i). Large setup violations at the end of those stages might be difficult to fix during the post-placement implementation flow and could be the result of non-optimal XDC constraints or non-optimal design architecture
Related violations: <none>

TIMING-16#713 Warning
Large setup violation  
There is a large setup violation of -2.811 ns between u_tcm/u_ram/ram_reg_2_0/CLKBWRCLK (clocked by clk_i) and u_core/u_fetch/branch_pc_q_reg[6]/CE (clocked by clk_i). Large setup violations at the end of those stages might be difficult to fix during the post-placement implementation flow and could be the result of non-optimal XDC constraints or non-optimal design architecture
Related violations: <none>

TIMING-16#714 Warning
Large setup violation  
There is a large setup violation of -2.815 ns between u_tcm/u_ram/ram_reg_1_1/CLKBWRCLK (clocked by clk_i) and u_core/u_div/dividend_q_reg[29]/D (clocked by clk_i). Large setup violations at the end of those stages might be difficult to fix during the post-placement implementation flow and could be the result of non-optimal XDC constraints or non-optimal design architecture
Related violations: <none>

TIMING-16#715 Warning
Large setup violation  
There is a large setup violation of -2.821 ns between u_tcm/u_ram/ram_reg_1_1/CLKBWRCLK (clocked by clk_i) and u_core/u_lsu/mem_wr_q_reg[1]/D (clocked by clk_i). Large setup violations at the end of those stages might be difficult to fix during the post-placement implementation flow and could be the result of non-optimal XDC constraints or non-optimal design architecture
Related violations: <none>

TIMING-16#716 Warning
Large setup violation  
There is a large setup violation of -2.827 ns between u_tcm/u_ram/ram_reg_1_1/CLKBWRCLK (clocked by clk_i) and u_core/u_lsu/mem_data_wr_q_reg[14]/D (clocked by clk_i). Large setup violations at the end of those stages might be difficult to fix during the post-placement implementation flow and could be the result of non-optimal XDC constraints or non-optimal design architecture
Related violations: <none>

TIMING-16#717 Warning
Large setup violation  
There is a large setup violation of -2.830 ns between u_tcm/u_ram/ram_reg_1_1/CLKBWRCLK (clocked by clk_i) and u_core/u_lsu/mem_data_wr_q_reg[25]/D (clocked by clk_i). Large setup violations at the end of those stages might be difficult to fix during the post-placement implementation flow and could be the result of non-optimal XDC constraints or non-optimal design architecture
Related violations: <none>

TIMING-16#718 Warning
Large setup violation  
There is a large setup violation of -2.841 ns between u_tcm/u_ram/ram_reg_2_0/CLKBWRCLK (clocked by clk_i) and u_core/u_fetch/branch_pc_q_reg[3]/CE (clocked by clk_i). Large setup violations at the end of those stages might be difficult to fix during the post-placement implementation flow and could be the result of non-optimal XDC constraints or non-optimal design architecture
Related violations: <none>

TIMING-16#719 Warning
Large setup violation  
There is a large setup violation of -2.841 ns between u_tcm/u_ram/ram_reg_2_0/CLKBWRCLK (clocked by clk_i) and u_core/u_fetch/branch_pc_q_reg[4]/CE (clocked by clk_i). Large setup violations at the end of those stages might be difficult to fix during the post-placement implementation flow and could be the result of non-optimal XDC constraints or non-optimal design architecture
Related violations: <none>

TIMING-16#720 Warning
Large setup violation  
There is a large setup violation of -2.841 ns between u_tcm/u_ram/ram_reg_2_0/CLKBWRCLK (clocked by clk_i) and u_core/u_fetch/branch_pc_q_reg[5]/CE (clocked by clk_i). Large setup violations at the end of those stages might be difficult to fix during the post-placement implementation flow and could be the result of non-optimal XDC constraints or non-optimal design architecture
Related violations: <none>

TIMING-16#721 Warning
Large setup violation  
There is a large setup violation of -2.841 ns between u_tcm/u_ram/ram_reg_2_0/CLKBWRCLK (clocked by clk_i) and u_core/u_fetch/branch_q_reg/CE (clocked by clk_i). Large setup violations at the end of those stages might be difficult to fix during the post-placement implementation flow and could be the result of non-optimal XDC constraints or non-optimal design architecture
Related violations: <none>

TIMING-16#722 Warning
Large setup violation  
There is a large setup violation of -2.845 ns between u_tcm/u_ram/ram_reg_2_0/CLKBWRCLK (clocked by clk_i) and u_core/u_fetch/branch_pc_q_reg[16]/CE (clocked by clk_i). Large setup violations at the end of those stages might be difficult to fix during the post-placement implementation flow and could be the result of non-optimal XDC constraints or non-optimal design architecture
Related violations: <none>

TIMING-16#723 Warning
Large setup violation  
There is a large setup violation of -2.845 ns between u_tcm/u_ram/ram_reg_2_0/CLKBWRCLK (clocked by clk_i) and u_core/u_fetch/branch_pc_q_reg[18]/CE (clocked by clk_i). Large setup violations at the end of those stages might be difficult to fix during the post-placement implementation flow and could be the result of non-optimal XDC constraints or non-optimal design architecture
Related violations: <none>

TIMING-16#724 Warning
Large setup violation  
There is a large setup violation of -2.845 ns between u_tcm/u_ram/ram_reg_2_0/CLKBWRCLK (clocked by clk_i) and u_core/u_fetch/branch_pc_q_reg[29]/CE (clocked by clk_i). Large setup violations at the end of those stages might be difficult to fix during the post-placement implementation flow and could be the result of non-optimal XDC constraints or non-optimal design architecture
Related violations: <none>

TIMING-16#725 Warning
Large setup violation  
There is a large setup violation of -2.845 ns between u_tcm/u_ram/ram_reg_2_0/CLKBWRCLK (clocked by clk_i) and u_core/u_fetch/branch_pc_q_reg[31]/CE (clocked by clk_i). Large setup violations at the end of those stages might be difficult to fix during the post-placement implementation flow and could be the result of non-optimal XDC constraints or non-optimal design architecture
Related violations: <none>

TIMING-16#726 Warning
Large setup violation  
There is a large setup violation of -2.845 ns between u_tcm/u_ram/ram_reg_2_0/CLKBWRCLK (clocked by clk_i) and u_core/u_fetch/branch_pc_q_reg[9]/CE (clocked by clk_i). Large setup violations at the end of those stages might be difficult to fix during the post-placement implementation flow and could be the result of non-optimal XDC constraints or non-optimal design architecture
Related violations: <none>

TIMING-16#727 Warning
Large setup violation  
There is a large setup violation of -2.852 ns between u_tcm/u_ram/ram_reg_1_1/CLKBWRCLK (clocked by clk_i) and u_core/u_lsu/mem_data_wr_q_reg[11]/D (clocked by clk_i). Large setup violations at the end of those stages might be difficult to fix during the post-placement implementation flow and could be the result of non-optimal XDC constraints or non-optimal design architecture
Related violations: <none>

TIMING-16#728 Warning
Large setup violation  
There is a large setup violation of -2.854 ns between u_tcm/u_ram/ram_reg_1_1/CLKBWRCLK (clocked by clk_i) and u_core/u_lsu/mem_data_wr_q_reg[20]/D (clocked by clk_i). Large setup violations at the end of those stages might be difficult to fix during the post-placement implementation flow and could be the result of non-optimal XDC constraints or non-optimal design architecture
Related violations: <none>

TIMING-16#729 Warning
Large setup violation  
There is a large setup violation of -2.856 ns between u_tcm/u_ram/ram_reg_1_1/CLKBWRCLK (clocked by clk_i) and u_core/u_lsu/mem_data_wr_q_reg[12]/D (clocked by clk_i). Large setup violations at the end of those stages might be difficult to fix during the post-placement implementation flow and could be the result of non-optimal XDC constraints or non-optimal design architecture
Related violations: <none>

TIMING-16#730 Warning
Large setup violation  
There is a large setup violation of -2.869 ns between u_tcm/u_ram/ram_reg_1_1/CLKBWRCLK (clocked by clk_i) and u_core/u_lsu/mem_data_wr_q_reg[8]/D (clocked by clk_i). Large setup violations at the end of those stages might be difficult to fix during the post-placement implementation flow and could be the result of non-optimal XDC constraints or non-optimal design architecture
Related violations: <none>

TIMING-16#731 Warning
Large setup violation  
There is a large setup violation of -2.880 ns between u_tcm/u_ram/ram_reg_1_1/CLKBWRCLK (clocked by clk_i) and u_core/u_lsu/mem_data_wr_q_reg[30]/D (clocked by clk_i). Large setup violations at the end of those stages might be difficult to fix during the post-placement implementation flow and could be the result of non-optimal XDC constraints or non-optimal design architecture
Related violations: <none>

TIMING-16#732 Warning
Large setup violation  
There is a large setup violation of -2.886 ns between u_tcm/u_ram/ram_reg_1_1/CLKBWRCLK (clocked by clk_i) and u_core/u_lsu/mem_data_wr_q_reg[18]/D (clocked by clk_i). Large setup violations at the end of those stages might be difficult to fix during the post-placement implementation flow and could be the result of non-optimal XDC constraints or non-optimal design architecture
Related violations: <none>

TIMING-16#733 Warning
Large setup violation  
There is a large setup violation of -2.919 ns between u_tcm/u_ram/ram_reg_1_1/CLKBWRCLK (clocked by clk_i) and u_core/u_lsu/mem_data_wr_q_reg[15]/D (clocked by clk_i). Large setup violations at the end of those stages might be difficult to fix during the post-placement implementation flow and could be the result of non-optimal XDC constraints or non-optimal design architecture
Related violations: <none>

TIMING-16#734 Warning
Large setup violation  
There is a large setup violation of -2.940 ns between u_tcm/u_ram/ram_reg_1_1/CLKBWRCLK (clocked by clk_i) and u_core/u_lsu/mem_data_wr_q_reg[28]/D (clocked by clk_i). Large setup violations at the end of those stages might be difficult to fix during the post-placement implementation flow and could be the result of non-optimal XDC constraints or non-optimal design architecture
Related violations: <none>

TIMING-16#735 Warning
Large setup violation  
There is a large setup violation of -2.941 ns between u_tcm/u_ram/ram_reg_1_1/CLKBWRCLK (clocked by clk_i) and u_core/u_lsu/mem_data_wr_q_reg[29]/D (clocked by clk_i). Large setup violations at the end of those stages might be difficult to fix during the post-placement implementation flow and could be the result of non-optimal XDC constraints or non-optimal design architecture
Related violations: <none>

TIMING-16#736 Warning
Large setup violation  
There is a large setup violation of -2.950 ns between u_tcm/u_ram/ram_reg_1_1/CLKBWRCLK (clocked by clk_i) and u_core/u_lsu/mem_data_wr_q_reg[17]/D (clocked by clk_i). Large setup violations at the end of those stages might be difficult to fix during the post-placement implementation flow and could be the result of non-optimal XDC constraints or non-optimal design architecture
Related violations: <none>

TIMING-16#737 Warning
Large setup violation  
There is a large setup violation of -2.972 ns between u_tcm/u_ram/ram_reg_2_0/CLKBWRCLK (clocked by clk_i) and u_core/u_fetch/branch_pc_q_reg[30]/D (clocked by clk_i). Large setup violations at the end of those stages might be difficult to fix during the post-placement implementation flow and could be the result of non-optimal XDC constraints or non-optimal design architecture
Related violations: <none>

TIMING-16#738 Warning
Large setup violation  
There is a large setup violation of -2.983 ns between u_tcm/u_ram/ram_reg_1_1/CLKBWRCLK (clocked by clk_i) and u_core/u_lsu/mem_data_wr_q_reg[27]/D (clocked by clk_i). Large setup violations at the end of those stages might be difficult to fix during the post-placement implementation flow and could be the result of non-optimal XDC constraints or non-optimal design architecture
Related violations: <none>

TIMING-16#739 Warning
Large setup violation  
There is a large setup violation of -2.998 ns between u_tcm/u_ram/ram_reg_2_0/CLKBWRCLK (clocked by clk_i) and u_core/u_fetch/branch_pc_q_reg[31]/D (clocked by clk_i). Large setup violations at the end of those stages might be difficult to fix during the post-placement implementation flow and could be the result of non-optimal XDC constraints or non-optimal design architecture
Related violations: <none>

TIMING-16#740 Warning
Large setup violation  
There is a large setup violation of -3.005 ns between u_tcm/u_ram/ram_reg_1_1/CLKBWRCLK (clocked by clk_i) and u_core/u_lsu/mem_data_wr_q_reg[10]/D (clocked by clk_i). Large setup violations at the end of those stages might be difficult to fix during the post-placement implementation flow and could be the result of non-optimal XDC constraints or non-optimal design architecture
Related violations: <none>

TIMING-16#741 Warning
Large setup violation  
There is a large setup violation of -3.008 ns between u_tcm/u_ram/ram_reg_1_1/CLKBWRCLK (clocked by clk_i) and u_core/u_lsu/mem_data_wr_q_reg[24]/D (clocked by clk_i). Large setup violations at the end of those stages might be difficult to fix during the post-placement implementation flow and could be the result of non-optimal XDC constraints or non-optimal design architecture
Related violations: <none>

TIMING-16#742 Warning
Large setup violation  
There is a large setup violation of -3.010 ns between u_tcm/u_ram/ram_reg_1_1/CLKBWRCLK (clocked by clk_i) and u_core/u_lsu/mem_data_wr_q_reg[31]/D (clocked by clk_i). Large setup violations at the end of those stages might be difficult to fix during the post-placement implementation flow and could be the result of non-optimal XDC constraints or non-optimal design architecture
Related violations: <none>

TIMING-16#743 Warning
Large setup violation  
There is a large setup violation of -3.019 ns between u_tcm/u_ram/ram_reg_1_1/CLKBWRCLK (clocked by clk_i) and u_core/u_mul/operand_b_e1_q_reg[31]/D (clocked by clk_i). Large setup violations at the end of those stages might be difficult to fix during the post-placement implementation flow and could be the result of non-optimal XDC constraints or non-optimal design architecture
Related violations: <none>

TIMING-16#744 Warning
Large setup violation  
There is a large setup violation of -3.024 ns between u_tcm/u_ram/ram_reg_1_1/CLKBWRCLK (clocked by clk_i) and u_core/u_lsu/mem_data_wr_q_reg[9]/D (clocked by clk_i). Large setup violations at the end of those stages might be difficult to fix during the post-placement implementation flow and could be the result of non-optimal XDC constraints or non-optimal design architecture
Related violations: <none>

TIMING-16#745 Warning
Large setup violation  
There is a large setup violation of -3.026 ns between u_tcm/u_ram/ram_reg_1_1/CLKBWRCLK (clocked by clk_i) and u_core/u_lsu/mem_data_wr_q_reg[13]/D (clocked by clk_i). Large setup violations at the end of those stages might be difficult to fix during the post-placement implementation flow and could be the result of non-optimal XDC constraints or non-optimal design architecture
Related violations: <none>

TIMING-16#746 Warning
Large setup violation  
There is a large setup violation of -3.045 ns between u_tcm/u_ram/ram_reg_1_1/CLKBWRCLK (clocked by clk_i) and u_core/u_lsu/mem_data_wr_q_reg[26]/D (clocked by clk_i). Large setup violations at the end of those stages might be difficult to fix during the post-placement implementation flow and could be the result of non-optimal XDC constraints or non-optimal design architecture
Related violations: <none>

TIMING-16#747 Warning
Large setup violation  
There is a large setup violation of -3.071 ns between u_tcm/u_ram/ram_reg_2_0/CLKBWRCLK (clocked by clk_i) and u_core/u_fetch/branch_pc_q_reg[28]/D (clocked by clk_i). Large setup violations at the end of those stages might be difficult to fix during the post-placement implementation flow and could be the result of non-optimal XDC constraints or non-optimal design architecture
Related violations: <none>

TIMING-16#748 Warning
Large setup violation  
There is a large setup violation of -3.080 ns between u_tcm/u_ram/ram_reg_2_0/CLKBWRCLK (clocked by clk_i) and u_core/u_fetch/branch_pc_q_reg[29]/D (clocked by clk_i). Large setup violations at the end of those stages might be difficult to fix during the post-placement implementation flow and could be the result of non-optimal XDC constraints or non-optimal design architecture
Related violations: <none>

TIMING-18#1 Warning
Missing input or output delay  
An input delay is missing on axi_i_arready_i relative to clock(s) clk_i
Related violations: <none>

TIMING-18#2 Warning
Missing input or output delay  
An input delay is missing on axi_i_awready_i relative to clock(s) clk_i
Related violations: <none>

TIMING-18#3 Warning
Missing input or output delay  
An input delay is missing on axi_i_bresp_i[0] relative to clock(s) clk_i
Related violations: <none>

TIMING-18#4 Warning
Missing input or output delay  
An input delay is missing on axi_i_bresp_i[1] relative to clock(s) clk_i
Related violations: <none>

TIMING-18#5 Warning
Missing input or output delay  
An input delay is missing on axi_i_bvalid_i relative to clock(s) clk_i
Related violations: <none>

TIMING-18#6 Warning
Missing input or output delay  
An input delay is missing on axi_i_rdata_i[0] relative to clock(s) clk_i
Related violations: <none>

TIMING-18#7 Warning
Missing input or output delay  
An input delay is missing on axi_i_rdata_i[10] relative to clock(s) clk_i
Related violations: <none>

TIMING-18#8 Warning
Missing input or output delay  
An input delay is missing on axi_i_rdata_i[11] relative to clock(s) clk_i
Related violations: <none>

TIMING-18#9 Warning
Missing input or output delay  
An input delay is missing on axi_i_rdata_i[12] relative to clock(s) clk_i
Related violations: <none>

TIMING-18#10 Warning
Missing input or output delay  
An input delay is missing on axi_i_rdata_i[13] relative to clock(s) clk_i
Related violations: <none>

TIMING-18#11 Warning
Missing input or output delay  
An input delay is missing on axi_i_rdata_i[14] relative to clock(s) clk_i
Related violations: <none>

TIMING-18#12 Warning
Missing input or output delay  
An input delay is missing on axi_i_rdata_i[15] relative to clock(s) clk_i
Related violations: <none>

TIMING-18#13 Warning
Missing input or output delay  
An input delay is missing on axi_i_rdata_i[16] relative to clock(s) clk_i
Related violations: <none>

TIMING-18#14 Warning
Missing input or output delay  
An input delay is missing on axi_i_rdata_i[17] relative to clock(s) clk_i
Related violations: <none>

TIMING-18#15 Warning
Missing input or output delay  
An input delay is missing on axi_i_rdata_i[18] relative to clock(s) clk_i
Related violations: <none>

TIMING-18#16 Warning
Missing input or output delay  
An input delay is missing on axi_i_rdata_i[19] relative to clock(s) clk_i
Related violations: <none>

TIMING-18#17 Warning
Missing input or output delay  
An input delay is missing on axi_i_rdata_i[1] relative to clock(s) clk_i
Related violations: <none>

TIMING-18#18 Warning
Missing input or output delay  
An input delay is missing on axi_i_rdata_i[20] relative to clock(s) clk_i
Related violations: <none>

TIMING-18#19 Warning
Missing input or output delay  
An input delay is missing on axi_i_rdata_i[21] relative to clock(s) clk_i
Related violations: <none>

TIMING-18#20 Warning
Missing input or output delay  
An input delay is missing on axi_i_rdata_i[22] relative to clock(s) clk_i
Related violations: <none>

TIMING-18#21 Warning
Missing input or output delay  
An input delay is missing on axi_i_rdata_i[23] relative to clock(s) clk_i
Related violations: <none>

TIMING-18#22 Warning
Missing input or output delay  
An input delay is missing on axi_i_rdata_i[24] relative to clock(s) clk_i
Related violations: <none>

TIMING-18#23 Warning
Missing input or output delay  
An input delay is missing on axi_i_rdata_i[25] relative to clock(s) clk_i
Related violations: <none>

TIMING-18#24 Warning
Missing input or output delay  
An input delay is missing on axi_i_rdata_i[26] relative to clock(s) clk_i
Related violations: <none>

TIMING-18#25 Warning
Missing input or output delay  
An input delay is missing on axi_i_rdata_i[27] relative to clock(s) clk_i
Related violations: <none>

TIMING-18#26 Warning
Missing input or output delay  
An input delay is missing on axi_i_rdata_i[28] relative to clock(s) clk_i
Related violations: <none>

TIMING-18#27 Warning
Missing input or output delay  
An input delay is missing on axi_i_rdata_i[29] relative to clock(s) clk_i
Related violations: <none>

TIMING-18#28 Warning
Missing input or output delay  
An input delay is missing on axi_i_rdata_i[2] relative to clock(s) clk_i
Related violations: <none>

TIMING-18#29 Warning
Missing input or output delay  
An input delay is missing on axi_i_rdata_i[30] relative to clock(s) clk_i
Related violations: <none>

TIMING-18#30 Warning
Missing input or output delay  
An input delay is missing on axi_i_rdata_i[31] relative to clock(s) clk_i
Related violations: <none>

TIMING-18#31 Warning
Missing input or output delay  
An input delay is missing on axi_i_rdata_i[3] relative to clock(s) clk_i
Related violations: <none>

TIMING-18#32 Warning
Missing input or output delay  
An input delay is missing on axi_i_rdata_i[4] relative to clock(s) clk_i
Related violations: <none>

TIMING-18#33 Warning
Missing input or output delay  
An input delay is missing on axi_i_rdata_i[5] relative to clock(s) clk_i
Related violations: <none>

TIMING-18#34 Warning
Missing input or output delay  
An input delay is missing on axi_i_rdata_i[6] relative to clock(s) clk_i
Related violations: <none>

TIMING-18#35 Warning
Missing input or output delay  
An input delay is missing on axi_i_rdata_i[7] relative to clock(s) clk_i
Related violations: <none>

TIMING-18#36 Warning
Missing input or output delay  
An input delay is missing on axi_i_rdata_i[8] relative to clock(s) clk_i
Related violations: <none>

TIMING-18#37 Warning
Missing input or output delay  
An input delay is missing on axi_i_rdata_i[9] relative to clock(s) clk_i
Related violations: <none>

TIMING-18#38 Warning
Missing input or output delay  
An input delay is missing on axi_i_rresp_i[0] relative to clock(s) clk_i
Related violations: <none>

TIMING-18#39 Warning
Missing input or output delay  
An input delay is missing on axi_i_rresp_i[1] relative to clock(s) clk_i
Related violations: <none>

TIMING-18#40 Warning
Missing input or output delay  
An input delay is missing on axi_i_rvalid_i relative to clock(s) clk_i
Related violations: <none>

TIMING-18#41 Warning
Missing input or output delay  
An input delay is missing on axi_i_wready_i relative to clock(s) clk_i
Related violations: <none>

TIMING-18#42 Warning
Missing input or output delay  
An input delay is missing on axi_t_araddr_i[0] relative to clock(s) clk_i
Related violations: <none>

TIMING-18#43 Warning
Missing input or output delay  
An input delay is missing on axi_t_araddr_i[10] relative to clock(s) clk_i
Related violations: <none>

TIMING-18#44 Warning
Missing input or output delay  
An input delay is missing on axi_t_araddr_i[11] relative to clock(s) clk_i
Related violations: <none>

TIMING-18#45 Warning
Missing input or output delay  
An input delay is missing on axi_t_araddr_i[12] relative to clock(s) clk_i
Related violations: <none>

TIMING-18#46 Warning
Missing input or output delay  
An input delay is missing on axi_t_araddr_i[13] relative to clock(s) clk_i
Related violations: <none>

TIMING-18#47 Warning
Missing input or output delay  
An input delay is missing on axi_t_araddr_i[14] relative to clock(s) clk_i
Related violations: <none>

TIMING-18#48 Warning
Missing input or output delay  
An input delay is missing on axi_t_araddr_i[15] relative to clock(s) clk_i
Related violations: <none>

TIMING-18#49 Warning
Missing input or output delay  
An input delay is missing on axi_t_araddr_i[16] relative to clock(s) clk_i
Related violations: <none>

TIMING-18#50 Warning
Missing input or output delay  
An input delay is missing on axi_t_araddr_i[17] relative to clock(s) clk_i
Related violations: <none>

TIMING-18#51 Warning
Missing input or output delay  
An input delay is missing on axi_t_araddr_i[18] relative to clock(s) clk_i
Related violations: <none>

TIMING-18#52 Warning
Missing input or output delay  
An input delay is missing on axi_t_araddr_i[19] relative to clock(s) clk_i
Related violations: <none>

TIMING-18#53 Warning
Missing input or output delay  
An input delay is missing on axi_t_araddr_i[1] relative to clock(s) clk_i
Related violations: <none>

TIMING-18#54 Warning
Missing input or output delay  
An input delay is missing on axi_t_araddr_i[20] relative to clock(s) clk_i
Related violations: <none>

TIMING-18#55 Warning
Missing input or output delay  
An input delay is missing on axi_t_araddr_i[21] relative to clock(s) clk_i
Related violations: <none>

TIMING-18#56 Warning
Missing input or output delay  
An input delay is missing on axi_t_araddr_i[22] relative to clock(s) clk_i
Related violations: <none>

TIMING-18#57 Warning
Missing input or output delay  
An input delay is missing on axi_t_araddr_i[23] relative to clock(s) clk_i
Related violations: <none>

TIMING-18#58 Warning
Missing input or output delay  
An input delay is missing on axi_t_araddr_i[24] relative to clock(s) clk_i
Related violations: <none>

TIMING-18#59 Warning
Missing input or output delay  
An input delay is missing on axi_t_araddr_i[25] relative to clock(s) clk_i
Related violations: <none>

TIMING-18#60 Warning
Missing input or output delay  
An input delay is missing on axi_t_araddr_i[26] relative to clock(s) clk_i
Related violations: <none>

TIMING-18#61 Warning
Missing input or output delay  
An input delay is missing on axi_t_araddr_i[27] relative to clock(s) clk_i
Related violations: <none>

TIMING-18#62 Warning
Missing input or output delay  
An input delay is missing on axi_t_araddr_i[28] relative to clock(s) clk_i
Related violations: <none>

TIMING-18#63 Warning
Missing input or output delay  
An input delay is missing on axi_t_araddr_i[29] relative to clock(s) clk_i
Related violations: <none>

TIMING-18#64 Warning
Missing input or output delay  
An input delay is missing on axi_t_araddr_i[2] relative to clock(s) clk_i
Related violations: <none>

TIMING-18#65 Warning
Missing input or output delay  
An input delay is missing on axi_t_araddr_i[30] relative to clock(s) clk_i
Related violations: <none>

TIMING-18#66 Warning
Missing input or output delay  
An input delay is missing on axi_t_araddr_i[31] relative to clock(s) clk_i
Related violations: <none>

TIMING-18#67 Warning
Missing input or output delay  
An input delay is missing on axi_t_araddr_i[3] relative to clock(s) clk_i
Related violations: <none>

TIMING-18#68 Warning
Missing input or output delay  
An input delay is missing on axi_t_araddr_i[4] relative to clock(s) clk_i
Related violations: <none>

TIMING-18#69 Warning
Missing input or output delay  
An input delay is missing on axi_t_araddr_i[5] relative to clock(s) clk_i
Related violations: <none>

TIMING-18#70 Warning
Missing input or output delay  
An input delay is missing on axi_t_araddr_i[6] relative to clock(s) clk_i
Related violations: <none>

TIMING-18#71 Warning
Missing input or output delay  
An input delay is missing on axi_t_araddr_i[7] relative to clock(s) clk_i
Related violations: <none>

TIMING-18#72 Warning
Missing input or output delay  
An input delay is missing on axi_t_araddr_i[8] relative to clock(s) clk_i
Related violations: <none>

TIMING-18#73 Warning
Missing input or output delay  
An input delay is missing on axi_t_araddr_i[9] relative to clock(s) clk_i
Related violations: <none>

TIMING-18#74 Warning
Missing input or output delay  
An input delay is missing on axi_t_arid_i[0] relative to clock(s) clk_i
Related violations: <none>

TIMING-18#75 Warning
Missing input or output delay  
An input delay is missing on axi_t_arid_i[1] relative to clock(s) clk_i
Related violations: <none>

TIMING-18#76 Warning
Missing input or output delay  
An input delay is missing on axi_t_arid_i[2] relative to clock(s) clk_i
Related violations: <none>

TIMING-18#77 Warning
Missing input or output delay  
An input delay is missing on axi_t_arid_i[3] relative to clock(s) clk_i
Related violations: <none>

TIMING-18#78 Warning
Missing input or output delay  
An input delay is missing on axi_t_arlen_i[0] relative to clock(s) clk_i
Related violations: <none>

TIMING-18#79 Warning
Missing input or output delay  
An input delay is missing on axi_t_arlen_i[1] relative to clock(s) clk_i
Related violations: <none>

TIMING-18#80 Warning
Missing input or output delay  
An input delay is missing on axi_t_arlen_i[2] relative to clock(s) clk_i
Related violations: <none>

TIMING-18#81 Warning
Missing input or output delay  
An input delay is missing on axi_t_arlen_i[3] relative to clock(s) clk_i
Related violations: <none>

TIMING-18#82 Warning
Missing input or output delay  
An input delay is missing on axi_t_arlen_i[4] relative to clock(s) clk_i
Related violations: <none>

TIMING-18#83 Warning
Missing input or output delay  
An input delay is missing on axi_t_arlen_i[5] relative to clock(s) clk_i
Related violations: <none>

TIMING-18#84 Warning
Missing input or output delay  
An input delay is missing on axi_t_arlen_i[6] relative to clock(s) clk_i
Related violations: <none>

TIMING-18#85 Warning
Missing input or output delay  
An input delay is missing on axi_t_arlen_i[7] relative to clock(s) clk_i
Related violations: <none>

TIMING-18#86 Warning
Missing input or output delay  
An input delay is missing on axi_t_arvalid_i relative to clock(s) clk_i
Related violations: <none>

TIMING-18#87 Warning
Missing input or output delay  
An input delay is missing on axi_t_awaddr_i[0] relative to clock(s) clk_i
Related violations: <none>

TIMING-18#88 Warning
Missing input or output delay  
An input delay is missing on axi_t_awaddr_i[10] relative to clock(s) clk_i
Related violations: <none>

TIMING-18#89 Warning
Missing input or output delay  
An input delay is missing on axi_t_awaddr_i[11] relative to clock(s) clk_i
Related violations: <none>

TIMING-18#90 Warning
Missing input or output delay  
An input delay is missing on axi_t_awaddr_i[12] relative to clock(s) clk_i
Related violations: <none>

TIMING-18#91 Warning
Missing input or output delay  
An input delay is missing on axi_t_awaddr_i[13] relative to clock(s) clk_i
Related violations: <none>

TIMING-18#92 Warning
Missing input or output delay  
An input delay is missing on axi_t_awaddr_i[14] relative to clock(s) clk_i
Related violations: <none>

TIMING-18#93 Warning
Missing input or output delay  
An input delay is missing on axi_t_awaddr_i[15] relative to clock(s) clk_i
Related violations: <none>

TIMING-18#94 Warning
Missing input or output delay  
An input delay is missing on axi_t_awaddr_i[16] relative to clock(s) clk_i
Related violations: <none>

TIMING-18#95 Warning
Missing input or output delay  
An input delay is missing on axi_t_awaddr_i[17] relative to clock(s) clk_i
Related violations: <none>

TIMING-18#96 Warning
Missing input or output delay  
An input delay is missing on axi_t_awaddr_i[18] relative to clock(s) clk_i
Related violations: <none>

TIMING-18#97 Warning
Missing input or output delay  
An input delay is missing on axi_t_awaddr_i[19] relative to clock(s) clk_i
Related violations: <none>

TIMING-18#98 Warning
Missing input or output delay  
An input delay is missing on axi_t_awaddr_i[1] relative to clock(s) clk_i
Related violations: <none>

TIMING-18#99 Warning
Missing input or output delay  
An input delay is missing on axi_t_awaddr_i[20] relative to clock(s) clk_i
Related violations: <none>

TIMING-18#100 Warning
Missing input or output delay  
An input delay is missing on axi_t_awaddr_i[21] relative to clock(s) clk_i
Related violations: <none>

TIMING-18#101 Warning
Missing input or output delay  
An input delay is missing on axi_t_awaddr_i[22] relative to clock(s) clk_i
Related violations: <none>

TIMING-18#102 Warning
Missing input or output delay  
An input delay is missing on axi_t_awaddr_i[23] relative to clock(s) clk_i
Related violations: <none>

TIMING-18#103 Warning
Missing input or output delay  
An input delay is missing on axi_t_awaddr_i[24] relative to clock(s) clk_i
Related violations: <none>

TIMING-18#104 Warning
Missing input or output delay  
An input delay is missing on axi_t_awaddr_i[25] relative to clock(s) clk_i
Related violations: <none>

TIMING-18#105 Warning
Missing input or output delay  
An input delay is missing on axi_t_awaddr_i[26] relative to clock(s) clk_i
Related violations: <none>

TIMING-18#106 Warning
Missing input or output delay  
An input delay is missing on axi_t_awaddr_i[27] relative to clock(s) clk_i
Related violations: <none>

TIMING-18#107 Warning
Missing input or output delay  
An input delay is missing on axi_t_awaddr_i[28] relative to clock(s) clk_i
Related violations: <none>

TIMING-18#108 Warning
Missing input or output delay  
An input delay is missing on axi_t_awaddr_i[29] relative to clock(s) clk_i
Related violations: <none>

TIMING-18#109 Warning
Missing input or output delay  
An input delay is missing on axi_t_awaddr_i[2] relative to clock(s) clk_i
Related violations: <none>

TIMING-18#110 Warning
Missing input or output delay  
An input delay is missing on axi_t_awaddr_i[30] relative to clock(s) clk_i
Related violations: <none>

TIMING-18#111 Warning
Missing input or output delay  
An input delay is missing on axi_t_awaddr_i[31] relative to clock(s) clk_i
Related violations: <none>

TIMING-18#112 Warning
Missing input or output delay  
An input delay is missing on axi_t_awaddr_i[3] relative to clock(s) clk_i
Related violations: <none>

TIMING-18#113 Warning
Missing input or output delay  
An input delay is missing on axi_t_awaddr_i[4] relative to clock(s) clk_i
Related violations: <none>

TIMING-18#114 Warning
Missing input or output delay  
An input delay is missing on axi_t_awaddr_i[5] relative to clock(s) clk_i
Related violations: <none>

TIMING-18#115 Warning
Missing input or output delay  
An input delay is missing on axi_t_awaddr_i[6] relative to clock(s) clk_i
Related violations: <none>

TIMING-18#116 Warning
Missing input or output delay  
An input delay is missing on axi_t_awaddr_i[7] relative to clock(s) clk_i
Related violations: <none>

TIMING-18#117 Warning
Missing input or output delay  
An input delay is missing on axi_t_awaddr_i[8] relative to clock(s) clk_i
Related violations: <none>

TIMING-18#118 Warning
Missing input or output delay  
An input delay is missing on axi_t_awaddr_i[9] relative to clock(s) clk_i
Related violations: <none>

TIMING-18#119 Warning
Missing input or output delay  
An input delay is missing on axi_t_awid_i[0] relative to clock(s) clk_i
Related violations: <none>

TIMING-18#120 Warning
Missing input or output delay  
An input delay is missing on axi_t_awid_i[1] relative to clock(s) clk_i
Related violations: <none>

TIMING-18#121 Warning
Missing input or output delay  
An input delay is missing on axi_t_awid_i[2] relative to clock(s) clk_i
Related violations: <none>

TIMING-18#122 Warning
Missing input or output delay  
An input delay is missing on axi_t_awid_i[3] relative to clock(s) clk_i
Related violations: <none>

TIMING-18#123 Warning
Missing input or output delay  
An input delay is missing on axi_t_awlen_i[0] relative to clock(s) clk_i
Related violations: <none>

TIMING-18#124 Warning
Missing input or output delay  
An input delay is missing on axi_t_awlen_i[1] relative to clock(s) clk_i
Related violations: <none>

TIMING-18#125 Warning
Missing input or output delay  
An input delay is missing on axi_t_awlen_i[2] relative to clock(s) clk_i
Related violations: <none>

TIMING-18#126 Warning
Missing input or output delay  
An input delay is missing on axi_t_awlen_i[3] relative to clock(s) clk_i
Related violations: <none>

TIMING-18#127 Warning
Missing input or output delay  
An input delay is missing on axi_t_awlen_i[4] relative to clock(s) clk_i
Related violations: <none>

TIMING-18#128 Warning
Missing input or output delay  
An input delay is missing on axi_t_awlen_i[5] relative to clock(s) clk_i
Related violations: <none>

TIMING-18#129 Warning
Missing input or output delay  
An input delay is missing on axi_t_awlen_i[6] relative to clock(s) clk_i
Related violations: <none>

TIMING-18#130 Warning
Missing input or output delay  
An input delay is missing on axi_t_awlen_i[7] relative to clock(s) clk_i
Related violations: <none>

TIMING-18#131 Warning
Missing input or output delay  
An input delay is missing on axi_t_awvalid_i relative to clock(s) clk_i
Related violations: <none>

TIMING-18#132 Warning
Missing input or output delay  
An input delay is missing on axi_t_bready_i relative to clock(s) clk_i
Related violations: <none>

TIMING-18#133 Warning
Missing input or output delay  
An input delay is missing on axi_t_rready_i relative to clock(s) clk_i
Related violations: <none>

TIMING-18#134 Warning
Missing input or output delay  
An input delay is missing on axi_t_wdata_i[0] relative to clock(s) clk_i
Related violations: <none>

TIMING-18#135 Warning
Missing input or output delay  
An input delay is missing on axi_t_wdata_i[10] relative to clock(s) clk_i
Related violations: <none>

TIMING-18#136 Warning
Missing input or output delay  
An input delay is missing on axi_t_wdata_i[11] relative to clock(s) clk_i
Related violations: <none>

TIMING-18#137 Warning
Missing input or output delay  
An input delay is missing on axi_t_wdata_i[12] relative to clock(s) clk_i
Related violations: <none>

TIMING-18#138 Warning
Missing input or output delay  
An input delay is missing on axi_t_wdata_i[13] relative to clock(s) clk_i
Related violations: <none>

TIMING-18#139 Warning
Missing input or output delay  
An input delay is missing on axi_t_wdata_i[14] relative to clock(s) clk_i
Related violations: <none>

TIMING-18#140 Warning
Missing input or output delay  
An input delay is missing on axi_t_wdata_i[15] relative to clock(s) clk_i
Related violations: <none>

TIMING-18#141 Warning
Missing input or output delay  
An input delay is missing on axi_t_wdata_i[16] relative to clock(s) clk_i
Related violations: <none>

TIMING-18#142 Warning
Missing input or output delay  
An input delay is missing on axi_t_wdata_i[17] relative to clock(s) clk_i
Related violations: <none>

TIMING-18#143 Warning
Missing input or output delay  
An input delay is missing on axi_t_wdata_i[18] relative to clock(s) clk_i
Related violations: <none>

TIMING-18#144 Warning
Missing input or output delay  
An input delay is missing on axi_t_wdata_i[19] relative to clock(s) clk_i
Related violations: <none>

TIMING-18#145 Warning
Missing input or output delay  
An input delay is missing on axi_t_wdata_i[1] relative to clock(s) clk_i
Related violations: <none>

TIMING-18#146 Warning
Missing input or output delay  
An input delay is missing on axi_t_wdata_i[20] relative to clock(s) clk_i
Related violations: <none>

TIMING-18#147 Warning
Missing input or output delay  
An input delay is missing on axi_t_wdata_i[21] relative to clock(s) clk_i
Related violations: <none>

TIMING-18#148 Warning
Missing input or output delay  
An input delay is missing on axi_t_wdata_i[22] relative to clock(s) clk_i
Related violations: <none>

TIMING-18#149 Warning
Missing input or output delay  
An input delay is missing on axi_t_wdata_i[23] relative to clock(s) clk_i
Related violations: <none>

TIMING-18#150 Warning
Missing input or output delay  
An input delay is missing on axi_t_wdata_i[24] relative to clock(s) clk_i
Related violations: <none>

TIMING-18#151 Warning
Missing input or output delay  
An input delay is missing on axi_t_wdata_i[25] relative to clock(s) clk_i
Related violations: <none>

TIMING-18#152 Warning
Missing input or output delay  
An input delay is missing on axi_t_wdata_i[26] relative to clock(s) clk_i
Related violations: <none>

TIMING-18#153 Warning
Missing input or output delay  
An input delay is missing on axi_t_wdata_i[27] relative to clock(s) clk_i
Related violations: <none>

TIMING-18#154 Warning
Missing input or output delay  
An input delay is missing on axi_t_wdata_i[28] relative to clock(s) clk_i
Related violations: <none>

TIMING-18#155 Warning
Missing input or output delay  
An input delay is missing on axi_t_wdata_i[29] relative to clock(s) clk_i
Related violations: <none>

TIMING-18#156 Warning
Missing input or output delay  
An input delay is missing on axi_t_wdata_i[2] relative to clock(s) clk_i
Related violations: <none>

TIMING-18#157 Warning
Missing input or output delay  
An input delay is missing on axi_t_wdata_i[30] relative to clock(s) clk_i
Related violations: <none>

TIMING-18#158 Warning
Missing input or output delay  
An input delay is missing on axi_t_wdata_i[31] relative to clock(s) clk_i
Related violations: <none>

TIMING-18#159 Warning
Missing input or output delay  
An input delay is missing on axi_t_wdata_i[3] relative to clock(s) clk_i
Related violations: <none>

TIMING-18#160 Warning
Missing input or output delay  
An input delay is missing on axi_t_wdata_i[4] relative to clock(s) clk_i
Related violations: <none>

TIMING-18#161 Warning
Missing input or output delay  
An input delay is missing on axi_t_wdata_i[5] relative to clock(s) clk_i
Related violations: <none>

TIMING-18#162 Warning
Missing input or output delay  
An input delay is missing on axi_t_wdata_i[6] relative to clock(s) clk_i
Related violations: <none>

TIMING-18#163 Warning
Missing input or output delay  
An input delay is missing on axi_t_wdata_i[7] relative to clock(s) clk_i
Related violations: <none>

TIMING-18#164 Warning
Missing input or output delay  
An input delay is missing on axi_t_wdata_i[8] relative to clock(s) clk_i
Related violations: <none>

TIMING-18#165 Warning
Missing input or output delay  
An input delay is missing on axi_t_wdata_i[9] relative to clock(s) clk_i
Related violations: <none>

TIMING-18#166 Warning
Missing input or output delay  
An input delay is missing on axi_t_wlast_i relative to clock(s) clk_i
Related violations: <none>

TIMING-18#167 Warning
Missing input or output delay  
An input delay is missing on axi_t_wstrb_i[0] relative to clock(s) clk_i
Related violations: <none>

TIMING-18#168 Warning
Missing input or output delay  
An input delay is missing on axi_t_wstrb_i[1] relative to clock(s) clk_i
Related violations: <none>

TIMING-18#169 Warning
Missing input or output delay  
An input delay is missing on axi_t_wstrb_i[2] relative to clock(s) clk_i
Related violations: <none>

TIMING-18#170 Warning
Missing input or output delay  
An input delay is missing on axi_t_wstrb_i[3] relative to clock(s) clk_i
Related violations: <none>

TIMING-18#171 Warning
Missing input or output delay  
An input delay is missing on axi_t_wvalid_i relative to clock(s) clk_i
Related violations: <none>

TIMING-18#172 Warning
Missing input or output delay  
An input delay is missing on intr_i[0] relative to clock(s) clk_i
Related violations: <none>

TIMING-18#173 Warning
Missing input or output delay  
An input delay is missing on intr_i[10] relative to clock(s) clk_i
Related violations: <none>

TIMING-18#174 Warning
Missing input or output delay  
An input delay is missing on intr_i[11] relative to clock(s) clk_i
Related violations: <none>

TIMING-18#175 Warning
Missing input or output delay  
An input delay is missing on intr_i[12] relative to clock(s) clk_i
Related violations: <none>

TIMING-18#176 Warning
Missing input or output delay  
An input delay is missing on intr_i[13] relative to clock(s) clk_i
Related violations: <none>

TIMING-18#177 Warning
Missing input or output delay  
An input delay is missing on intr_i[14] relative to clock(s) clk_i
Related violations: <none>

TIMING-18#178 Warning
Missing input or output delay  
An input delay is missing on intr_i[15] relative to clock(s) clk_i
Related violations: <none>

TIMING-18#179 Warning
Missing input or output delay  
An input delay is missing on intr_i[16] relative to clock(s) clk_i
Related violations: <none>

TIMING-18#180 Warning
Missing input or output delay  
An input delay is missing on intr_i[17] relative to clock(s) clk_i
Related violations: <none>

TIMING-18#181 Warning
Missing input or output delay  
An input delay is missing on intr_i[18] relative to clock(s) clk_i
Related violations: <none>

TIMING-18#182 Warning
Missing input or output delay  
An input delay is missing on intr_i[19] relative to clock(s) clk_i
Related violations: <none>

TIMING-18#183 Warning
Missing input or output delay  
An input delay is missing on intr_i[1] relative to clock(s) clk_i
Related violations: <none>

TIMING-18#184 Warning
Missing input or output delay  
An input delay is missing on intr_i[20] relative to clock(s) clk_i
Related violations: <none>

TIMING-18#185 Warning
Missing input or output delay  
An input delay is missing on intr_i[21] relative to clock(s) clk_i
Related violations: <none>

TIMING-18#186 Warning
Missing input or output delay  
An input delay is missing on intr_i[22] relative to clock(s) clk_i
Related violations: <none>

TIMING-18#187 Warning
Missing input or output delay  
An input delay is missing on intr_i[23] relative to clock(s) clk_i
Related violations: <none>

TIMING-18#188 Warning
Missing input or output delay  
An input delay is missing on intr_i[24] relative to clock(s) clk_i
Related violations: <none>

TIMING-18#189 Warning
Missing input or output delay  
An input delay is missing on intr_i[25] relative to clock(s) clk_i
Related violations: <none>

TIMING-18#190 Warning
Missing input or output delay  
An input delay is missing on intr_i[26] relative to clock(s) clk_i
Related violations: <none>

TIMING-18#191 Warning
Missing input or output delay  
An input delay is missing on intr_i[27] relative to clock(s) clk_i
Related violations: <none>

TIMING-18#192 Warning
Missing input or output delay  
An input delay is missing on intr_i[28] relative to clock(s) clk_i
Related violations: <none>

TIMING-18#193 Warning
Missing input or output delay  
An input delay is missing on intr_i[29] relative to clock(s) clk_i
Related violations: <none>

TIMING-18#194 Warning
Missing input or output delay  
An input delay is missing on intr_i[2] relative to clock(s) clk_i
Related violations: <none>

TIMING-18#195 Warning
Missing input or output delay  
An input delay is missing on intr_i[30] relative to clock(s) clk_i
Related violations: <none>

TIMING-18#196 Warning
Missing input or output delay  
An input delay is missing on intr_i[31] relative to clock(s) clk_i
Related violations: <none>

TIMING-18#197 Warning
Missing input or output delay  
An input delay is missing on intr_i[3] relative to clock(s) clk_i
Related violations: <none>

TIMING-18#198 Warning
Missing input or output delay  
An input delay is missing on intr_i[4] relative to clock(s) clk_i
Related violations: <none>

TIMING-18#199 Warning
Missing input or output delay  
An input delay is missing on intr_i[5] relative to clock(s) clk_i
Related violations: <none>

TIMING-18#200 Warning
Missing input or output delay  
An input delay is missing on intr_i[6] relative to clock(s) clk_i
Related violations: <none>

TIMING-18#201 Warning
Missing input or output delay  
An input delay is missing on intr_i[7] relative to clock(s) clk_i
Related violations: <none>

TIMING-18#202 Warning
Missing input or output delay  
An input delay is missing on intr_i[8] relative to clock(s) clk_i
Related violations: <none>

TIMING-18#203 Warning
Missing input or output delay  
An input delay is missing on intr_i[9] relative to clock(s) clk_i
Related violations: <none>

TIMING-18#204 Warning
Missing input or output delay  
An output delay is missing on axi_i_araddr_o[0] relative to clock(s) clk_i
Related violations: <none>

TIMING-18#205 Warning
Missing input or output delay  
An output delay is missing on axi_i_araddr_o[10] relative to clock(s) clk_i
Related violations: <none>

TIMING-18#206 Warning
Missing input or output delay  
An output delay is missing on axi_i_araddr_o[11] relative to clock(s) clk_i
Related violations: <none>

TIMING-18#207 Warning
Missing input or output delay  
An output delay is missing on axi_i_araddr_o[12] relative to clock(s) clk_i
Related violations: <none>

TIMING-18#208 Warning
Missing input or output delay  
An output delay is missing on axi_i_araddr_o[13] relative to clock(s) clk_i
Related violations: <none>

TIMING-18#209 Warning
Missing input or output delay  
An output delay is missing on axi_i_araddr_o[14] relative to clock(s) clk_i
Related violations: <none>

TIMING-18#210 Warning
Missing input or output delay  
An output delay is missing on axi_i_araddr_o[15] relative to clock(s) clk_i
Related violations: <none>

TIMING-18#211 Warning
Missing input or output delay  
An output delay is missing on axi_i_araddr_o[16] relative to clock(s) clk_i
Related violations: <none>

TIMING-18#212 Warning
Missing input or output delay  
An output delay is missing on axi_i_araddr_o[17] relative to clock(s) clk_i
Related violations: <none>

TIMING-18#213 Warning
Missing input or output delay  
An output delay is missing on axi_i_araddr_o[18] relative to clock(s) clk_i
Related violations: <none>

TIMING-18#214 Warning
Missing input or output delay  
An output delay is missing on axi_i_araddr_o[19] relative to clock(s) clk_i
Related violations: <none>

TIMING-18#215 Warning
Missing input or output delay  
An output delay is missing on axi_i_araddr_o[1] relative to clock(s) clk_i
Related violations: <none>

TIMING-18#216 Warning
Missing input or output delay  
An output delay is missing on axi_i_araddr_o[20] relative to clock(s) clk_i
Related violations: <none>

TIMING-18#217 Warning
Missing input or output delay  
An output delay is missing on axi_i_araddr_o[21] relative to clock(s) clk_i
Related violations: <none>

TIMING-18#218 Warning
Missing input or output delay  
An output delay is missing on axi_i_araddr_o[22] relative to clock(s) clk_i
Related violations: <none>

TIMING-18#219 Warning
Missing input or output delay  
An output delay is missing on axi_i_araddr_o[23] relative to clock(s) clk_i
Related violations: <none>

TIMING-18#220 Warning
Missing input or output delay  
An output delay is missing on axi_i_araddr_o[24] relative to clock(s) clk_i
Related violations: <none>

TIMING-18#221 Warning
Missing input or output delay  
An output delay is missing on axi_i_araddr_o[25] relative to clock(s) clk_i
Related violations: <none>

TIMING-18#222 Warning
Missing input or output delay  
An output delay is missing on axi_i_araddr_o[26] relative to clock(s) clk_i
Related violations: <none>

TIMING-18#223 Warning
Missing input or output delay  
An output delay is missing on axi_i_araddr_o[27] relative to clock(s) clk_i
Related violations: <none>

TIMING-18#224 Warning
Missing input or output delay  
An output delay is missing on axi_i_araddr_o[28] relative to clock(s) clk_i
Related violations: <none>

TIMING-18#225 Warning
Missing input or output delay  
An output delay is missing on axi_i_araddr_o[29] relative to clock(s) clk_i
Related violations: <none>

TIMING-18#226 Warning
Missing input or output delay  
An output delay is missing on axi_i_araddr_o[2] relative to clock(s) clk_i
Related violations: <none>

TIMING-18#227 Warning
Missing input or output delay  
An output delay is missing on axi_i_araddr_o[30] relative to clock(s) clk_i
Related violations: <none>

TIMING-18#228 Warning
Missing input or output delay  
An output delay is missing on axi_i_araddr_o[31] relative to clock(s) clk_i
Related violations: <none>

TIMING-18#229 Warning
Missing input or output delay  
An output delay is missing on axi_i_araddr_o[3] relative to clock(s) clk_i
Related violations: <none>

TIMING-18#230 Warning
Missing input or output delay  
An output delay is missing on axi_i_araddr_o[4] relative to clock(s) clk_i
Related violations: <none>

TIMING-18#231 Warning
Missing input or output delay  
An output delay is missing on axi_i_araddr_o[5] relative to clock(s) clk_i
Related violations: <none>

TIMING-18#232 Warning
Missing input or output delay  
An output delay is missing on axi_i_araddr_o[6] relative to clock(s) clk_i
Related violations: <none>

TIMING-18#233 Warning
Missing input or output delay  
An output delay is missing on axi_i_araddr_o[7] relative to clock(s) clk_i
Related violations: <none>

TIMING-18#234 Warning
Missing input or output delay  
An output delay is missing on axi_i_araddr_o[8] relative to clock(s) clk_i
Related violations: <none>

TIMING-18#235 Warning
Missing input or output delay  
An output delay is missing on axi_i_araddr_o[9] relative to clock(s) clk_i
Related violations: <none>

TIMING-18#236 Warning
Missing input or output delay  
An output delay is missing on axi_i_arvalid_o relative to clock(s) clk_i
Related violations: <none>

TIMING-18#237 Warning
Missing input or output delay  
An output delay is missing on axi_i_awaddr_o[0] relative to clock(s) clk_i
Related violations: <none>

TIMING-18#238 Warning
Missing input or output delay  
An output delay is missing on axi_i_awaddr_o[10] relative to clock(s) clk_i
Related violations: <none>

TIMING-18#239 Warning
Missing input or output delay  
An output delay is missing on axi_i_awaddr_o[11] relative to clock(s) clk_i
Related violations: <none>

TIMING-18#240 Warning
Missing input or output delay  
An output delay is missing on axi_i_awaddr_o[12] relative to clock(s) clk_i
Related violations: <none>

TIMING-18#241 Warning
Missing input or output delay  
An output delay is missing on axi_i_awaddr_o[13] relative to clock(s) clk_i
Related violations: <none>

TIMING-18#242 Warning
Missing input or output delay  
An output delay is missing on axi_i_awaddr_o[14] relative to clock(s) clk_i
Related violations: <none>

TIMING-18#243 Warning
Missing input or output delay  
An output delay is missing on axi_i_awaddr_o[15] relative to clock(s) clk_i
Related violations: <none>

TIMING-18#244 Warning
Missing input or output delay  
An output delay is missing on axi_i_awaddr_o[16] relative to clock(s) clk_i
Related violations: <none>

TIMING-18#245 Warning
Missing input or output delay  
An output delay is missing on axi_i_awaddr_o[17] relative to clock(s) clk_i
Related violations: <none>

TIMING-18#246 Warning
Missing input or output delay  
An output delay is missing on axi_i_awaddr_o[18] relative to clock(s) clk_i
Related violations: <none>

TIMING-18#247 Warning
Missing input or output delay  
An output delay is missing on axi_i_awaddr_o[19] relative to clock(s) clk_i
Related violations: <none>

TIMING-18#248 Warning
Missing input or output delay  
An output delay is missing on axi_i_awaddr_o[1] relative to clock(s) clk_i
Related violations: <none>

TIMING-18#249 Warning
Missing input or output delay  
An output delay is missing on axi_i_awaddr_o[20] relative to clock(s) clk_i
Related violations: <none>

TIMING-18#250 Warning
Missing input or output delay  
An output delay is missing on axi_i_awaddr_o[21] relative to clock(s) clk_i
Related violations: <none>

TIMING-18#251 Warning
Missing input or output delay  
An output delay is missing on axi_i_awaddr_o[22] relative to clock(s) clk_i
Related violations: <none>

TIMING-18#252 Warning
Missing input or output delay  
An output delay is missing on axi_i_awaddr_o[23] relative to clock(s) clk_i
Related violations: <none>

TIMING-18#253 Warning
Missing input or output delay  
An output delay is missing on axi_i_awaddr_o[24] relative to clock(s) clk_i
Related violations: <none>

TIMING-18#254 Warning
Missing input or output delay  
An output delay is missing on axi_i_awaddr_o[25] relative to clock(s) clk_i
Related violations: <none>

TIMING-18#255 Warning
Missing input or output delay  
An output delay is missing on axi_i_awaddr_o[26] relative to clock(s) clk_i
Related violations: <none>

TIMING-18#256 Warning
Missing input or output delay  
An output delay is missing on axi_i_awaddr_o[27] relative to clock(s) clk_i
Related violations: <none>

TIMING-18#257 Warning
Missing input or output delay  
An output delay is missing on axi_i_awaddr_o[28] relative to clock(s) clk_i
Related violations: <none>

TIMING-18#258 Warning
Missing input or output delay  
An output delay is missing on axi_i_awaddr_o[29] relative to clock(s) clk_i
Related violations: <none>

TIMING-18#259 Warning
Missing input or output delay  
An output delay is missing on axi_i_awaddr_o[2] relative to clock(s) clk_i
Related violations: <none>

TIMING-18#260 Warning
Missing input or output delay  
An output delay is missing on axi_i_awaddr_o[30] relative to clock(s) clk_i
Related violations: <none>

TIMING-18#261 Warning
Missing input or output delay  
An output delay is missing on axi_i_awaddr_o[31] relative to clock(s) clk_i
Related violations: <none>

TIMING-18#262 Warning
Missing input or output delay  
An output delay is missing on axi_i_awaddr_o[3] relative to clock(s) clk_i
Related violations: <none>

TIMING-18#263 Warning
Missing input or output delay  
An output delay is missing on axi_i_awaddr_o[4] relative to clock(s) clk_i
Related violations: <none>

TIMING-18#264 Warning
Missing input or output delay  
An output delay is missing on axi_i_awaddr_o[5] relative to clock(s) clk_i
Related violations: <none>

TIMING-18#265 Warning
Missing input or output delay  
An output delay is missing on axi_i_awaddr_o[6] relative to clock(s) clk_i
Related violations: <none>

TIMING-18#266 Warning
Missing input or output delay  
An output delay is missing on axi_i_awaddr_o[7] relative to clock(s) clk_i
Related violations: <none>

TIMING-18#267 Warning
Missing input or output delay  
An output delay is missing on axi_i_awaddr_o[8] relative to clock(s) clk_i
Related violations: <none>

TIMING-18#268 Warning
Missing input or output delay  
An output delay is missing on axi_i_awaddr_o[9] relative to clock(s) clk_i
Related violations: <none>

TIMING-18#269 Warning
Missing input or output delay  
An output delay is missing on axi_i_awvalid_o relative to clock(s) clk_i
Related violations: <none>

TIMING-18#270 Warning
Missing input or output delay  
An output delay is missing on axi_i_wdata_o[0] relative to clock(s) clk_i
Related violations: <none>

TIMING-18#271 Warning
Missing input or output delay  
An output delay is missing on axi_i_wdata_o[10] relative to clock(s) clk_i
Related violations: <none>

TIMING-18#272 Warning
Missing input or output delay  
An output delay is missing on axi_i_wdata_o[11] relative to clock(s) clk_i
Related violations: <none>

TIMING-18#273 Warning
Missing input or output delay  
An output delay is missing on axi_i_wdata_o[12] relative to clock(s) clk_i
Related violations: <none>

TIMING-18#274 Warning
Missing input or output delay  
An output delay is missing on axi_i_wdata_o[13] relative to clock(s) clk_i
Related violations: <none>

TIMING-18#275 Warning
Missing input or output delay  
An output delay is missing on axi_i_wdata_o[14] relative to clock(s) clk_i
Related violations: <none>

TIMING-18#276 Warning
Missing input or output delay  
An output delay is missing on axi_i_wdata_o[15] relative to clock(s) clk_i
Related violations: <none>

TIMING-18#277 Warning
Missing input or output delay  
An output delay is missing on axi_i_wdata_o[16] relative to clock(s) clk_i
Related violations: <none>

TIMING-18#278 Warning
Missing input or output delay  
An output delay is missing on axi_i_wdata_o[17] relative to clock(s) clk_i
Related violations: <none>

TIMING-18#279 Warning
Missing input or output delay  
An output delay is missing on axi_i_wdata_o[18] relative to clock(s) clk_i
Related violations: <none>

TIMING-18#280 Warning
Missing input or output delay  
An output delay is missing on axi_i_wdata_o[19] relative to clock(s) clk_i
Related violations: <none>

TIMING-18#281 Warning
Missing input or output delay  
An output delay is missing on axi_i_wdata_o[1] relative to clock(s) clk_i
Related violations: <none>

TIMING-18#282 Warning
Missing input or output delay  
An output delay is missing on axi_i_wdata_o[20] relative to clock(s) clk_i
Related violations: <none>

TIMING-18#283 Warning
Missing input or output delay  
An output delay is missing on axi_i_wdata_o[21] relative to clock(s) clk_i
Related violations: <none>

TIMING-18#284 Warning
Missing input or output delay  
An output delay is missing on axi_i_wdata_o[22] relative to clock(s) clk_i
Related violations: <none>

TIMING-18#285 Warning
Missing input or output delay  
An output delay is missing on axi_i_wdata_o[23] relative to clock(s) clk_i
Related violations: <none>

TIMING-18#286 Warning
Missing input or output delay  
An output delay is missing on axi_i_wdata_o[24] relative to clock(s) clk_i
Related violations: <none>

TIMING-18#287 Warning
Missing input or output delay  
An output delay is missing on axi_i_wdata_o[25] relative to clock(s) clk_i
Related violations: <none>

TIMING-18#288 Warning
Missing input or output delay  
An output delay is missing on axi_i_wdata_o[26] relative to clock(s) clk_i
Related violations: <none>

TIMING-18#289 Warning
Missing input or output delay  
An output delay is missing on axi_i_wdata_o[27] relative to clock(s) clk_i
Related violations: <none>

TIMING-18#290 Warning
Missing input or output delay  
An output delay is missing on axi_i_wdata_o[28] relative to clock(s) clk_i
Related violations: <none>

TIMING-18#291 Warning
Missing input or output delay  
An output delay is missing on axi_i_wdata_o[29] relative to clock(s) clk_i
Related violations: <none>

TIMING-18#292 Warning
Missing input or output delay  
An output delay is missing on axi_i_wdata_o[2] relative to clock(s) clk_i
Related violations: <none>

TIMING-18#293 Warning
Missing input or output delay  
An output delay is missing on axi_i_wdata_o[30] relative to clock(s) clk_i
Related violations: <none>

TIMING-18#294 Warning
Missing input or output delay  
An output delay is missing on axi_i_wdata_o[31] relative to clock(s) clk_i
Related violations: <none>

TIMING-18#295 Warning
Missing input or output delay  
An output delay is missing on axi_i_wdata_o[3] relative to clock(s) clk_i
Related violations: <none>

TIMING-18#296 Warning
Missing input or output delay  
An output delay is missing on axi_i_wdata_o[4] relative to clock(s) clk_i
Related violations: <none>

TIMING-18#297 Warning
Missing input or output delay  
An output delay is missing on axi_i_wdata_o[5] relative to clock(s) clk_i
Related violations: <none>

TIMING-18#298 Warning
Missing input or output delay  
An output delay is missing on axi_i_wdata_o[6] relative to clock(s) clk_i
Related violations: <none>

TIMING-18#299 Warning
Missing input or output delay  
An output delay is missing on axi_i_wdata_o[7] relative to clock(s) clk_i
Related violations: <none>

TIMING-18#300 Warning
Missing input or output delay  
An output delay is missing on axi_i_wdata_o[8] relative to clock(s) clk_i
Related violations: <none>

TIMING-18#301 Warning
Missing input or output delay  
An output delay is missing on axi_i_wdata_o[9] relative to clock(s) clk_i
Related violations: <none>

TIMING-18#302 Warning
Missing input or output delay  
An output delay is missing on axi_i_wstrb_o[0] relative to clock(s) clk_i
Related violations: <none>

TIMING-18#303 Warning
Missing input or output delay  
An output delay is missing on axi_i_wstrb_o[1] relative to clock(s) clk_i
Related violations: <none>

TIMING-18#304 Warning
Missing input or output delay  
An output delay is missing on axi_i_wstrb_o[2] relative to clock(s) clk_i
Related violations: <none>

TIMING-18#305 Warning
Missing input or output delay  
An output delay is missing on axi_i_wstrb_o[3] relative to clock(s) clk_i
Related violations: <none>

TIMING-18#306 Warning
Missing input or output delay  
An output delay is missing on axi_i_wvalid_o relative to clock(s) clk_i
Related violations: <none>

TIMING-18#307 Warning
Missing input or output delay  
An output delay is missing on axi_t_arready_o relative to clock(s) clk_i
Related violations: <none>

TIMING-18#308 Warning
Missing input or output delay  
An output delay is missing on axi_t_awready_o relative to clock(s) clk_i
Related violations: <none>

TIMING-18#309 Warning
Missing input or output delay  
An output delay is missing on axi_t_bid_o[0] relative to clock(s) clk_i
Related violations: <none>

TIMING-18#310 Warning
Missing input or output delay  
An output delay is missing on axi_t_bid_o[1] relative to clock(s) clk_i
Related violations: <none>

TIMING-18#311 Warning
Missing input or output delay  
An output delay is missing on axi_t_bid_o[2] relative to clock(s) clk_i
Related violations: <none>

TIMING-18#312 Warning
Missing input or output delay  
An output delay is missing on axi_t_bid_o[3] relative to clock(s) clk_i
Related violations: <none>

TIMING-18#313 Warning
Missing input or output delay  
An output delay is missing on axi_t_bvalid_o relative to clock(s) clk_i
Related violations: <none>

TIMING-18#314 Warning
Missing input or output delay  
An output delay is missing on axi_t_rdata_o[0] relative to clock(s) clk_i
Related violations: <none>

TIMING-18#315 Warning
Missing input or output delay  
An output delay is missing on axi_t_rdata_o[10] relative to clock(s) clk_i
Related violations: <none>

TIMING-18#316 Warning
Missing input or output delay  
An output delay is missing on axi_t_rdata_o[11] relative to clock(s) clk_i
Related violations: <none>

TIMING-18#317 Warning
Missing input or output delay  
An output delay is missing on axi_t_rdata_o[12] relative to clock(s) clk_i
Related violations: <none>

TIMING-18#318 Warning
Missing input or output delay  
An output delay is missing on axi_t_rdata_o[13] relative to clock(s) clk_i
Related violations: <none>

TIMING-18#319 Warning
Missing input or output delay  
An output delay is missing on axi_t_rdata_o[14] relative to clock(s) clk_i
Related violations: <none>

TIMING-18#320 Warning
Missing input or output delay  
An output delay is missing on axi_t_rdata_o[15] relative to clock(s) clk_i
Related violations: <none>

TIMING-18#321 Warning
Missing input or output delay  
An output delay is missing on axi_t_rdata_o[16] relative to clock(s) clk_i
Related violations: <none>

TIMING-18#322 Warning
Missing input or output delay  
An output delay is missing on axi_t_rdata_o[17] relative to clock(s) clk_i
Related violations: <none>

TIMING-18#323 Warning
Missing input or output delay  
An output delay is missing on axi_t_rdata_o[18] relative to clock(s) clk_i
Related violations: <none>

TIMING-18#324 Warning
Missing input or output delay  
An output delay is missing on axi_t_rdata_o[19] relative to clock(s) clk_i
Related violations: <none>

TIMING-18#325 Warning
Missing input or output delay  
An output delay is missing on axi_t_rdata_o[1] relative to clock(s) clk_i
Related violations: <none>

TIMING-18#326 Warning
Missing input or output delay  
An output delay is missing on axi_t_rdata_o[20] relative to clock(s) clk_i
Related violations: <none>

TIMING-18#327 Warning
Missing input or output delay  
An output delay is missing on axi_t_rdata_o[21] relative to clock(s) clk_i
Related violations: <none>

TIMING-18#328 Warning
Missing input or output delay  
An output delay is missing on axi_t_rdata_o[22] relative to clock(s) clk_i
Related violations: <none>

TIMING-18#329 Warning
Missing input or output delay  
An output delay is missing on axi_t_rdata_o[23] relative to clock(s) clk_i
Related violations: <none>

TIMING-18#330 Warning
Missing input or output delay  
An output delay is missing on axi_t_rdata_o[24] relative to clock(s) clk_i
Related violations: <none>

TIMING-18#331 Warning
Missing input or output delay  
An output delay is missing on axi_t_rdata_o[25] relative to clock(s) clk_i
Related violations: <none>

TIMING-18#332 Warning
Missing input or output delay  
An output delay is missing on axi_t_rdata_o[26] relative to clock(s) clk_i
Related violations: <none>

TIMING-18#333 Warning
Missing input or output delay  
An output delay is missing on axi_t_rdata_o[27] relative to clock(s) clk_i
Related violations: <none>

TIMING-18#334 Warning
Missing input or output delay  
An output delay is missing on axi_t_rdata_o[28] relative to clock(s) clk_i
Related violations: <none>

TIMING-18#335 Warning
Missing input or output delay  
An output delay is missing on axi_t_rdata_o[29] relative to clock(s) clk_i
Related violations: <none>

TIMING-18#336 Warning
Missing input or output delay  
An output delay is missing on axi_t_rdata_o[2] relative to clock(s) clk_i
Related violations: <none>

TIMING-18#337 Warning
Missing input or output delay  
An output delay is missing on axi_t_rdata_o[30] relative to clock(s) clk_i
Related violations: <none>

TIMING-18#338 Warning
Missing input or output delay  
An output delay is missing on axi_t_rdata_o[31] relative to clock(s) clk_i
Related violations: <none>

TIMING-18#339 Warning
Missing input or output delay  
An output delay is missing on axi_t_rdata_o[3] relative to clock(s) clk_i
Related violations: <none>

TIMING-18#340 Warning
Missing input or output delay  
An output delay is missing on axi_t_rdata_o[4] relative to clock(s) clk_i
Related violations: <none>

TIMING-18#341 Warning
Missing input or output delay  
An output delay is missing on axi_t_rdata_o[5] relative to clock(s) clk_i
Related violations: <none>

TIMING-18#342 Warning
Missing input or output delay  
An output delay is missing on axi_t_rdata_o[6] relative to clock(s) clk_i
Related violations: <none>

TIMING-18#343 Warning
Missing input or output delay  
An output delay is missing on axi_t_rdata_o[7] relative to clock(s) clk_i
Related violations: <none>

TIMING-18#344 Warning
Missing input or output delay  
An output delay is missing on axi_t_rdata_o[8] relative to clock(s) clk_i
Related violations: <none>

TIMING-18#345 Warning
Missing input or output delay  
An output delay is missing on axi_t_rdata_o[9] relative to clock(s) clk_i
Related violations: <none>

TIMING-18#346 Warning
Missing input or output delay  
An output delay is missing on axi_t_rid_o[0] relative to clock(s) clk_i
Related violations: <none>

TIMING-18#347 Warning
Missing input or output delay  
An output delay is missing on axi_t_rid_o[1] relative to clock(s) clk_i
Related violations: <none>

TIMING-18#348 Warning
Missing input or output delay  
An output delay is missing on axi_t_rid_o[2] relative to clock(s) clk_i
Related violations: <none>

TIMING-18#349 Warning
Missing input or output delay  
An output delay is missing on axi_t_rid_o[3] relative to clock(s) clk_i
Related violations: <none>

TIMING-18#350 Warning
Missing input or output delay  
An output delay is missing on axi_t_rlast_o relative to clock(s) clk_i
Related violations: <none>

TIMING-18#351 Warning
Missing input or output delay  
An output delay is missing on axi_t_rvalid_o relative to clock(s) clk_i
Related violations: <none>

TIMING-18#352 Warning
Missing input or output delay  
An output delay is missing on axi_t_wready_o relative to clock(s) clk_i
Related violations: <none>


