Copyright 1986-2022 Xilinx, Inc. All Rights Reserved.
------------------------------------------------------------------------------------------------------------------------------------------------------------------------------
| Tool Version : Vivado v.2022.2 (win64) Build 3671981 Fri Oct 14 05:00:03 MDT 2022
| Date         : Mon Sep  7 12:52:02 2026
| Host         : LAPTOP-A7P3RQOS running 64-bit major release  (build 9200)
| Command      : report_timing -delay_type max -max_paths 20 -path_type full -file D:/code/FPGA/vivado/ultra_scalar_bht_btb_xc7z020/reports/param_sweep/A0/critical_paths.rpt
| Design       : riscv_tcm_top
| Device       : 7z020-clg400
| Speed File   : -1  PRODUCTION 1.12 2019-11-22
------------------------------------------------------------------------------------------------------------------------------------------------------------------------------

Timing Report

Slack (VIOLATED) :        -3.672ns  (required time - arrival time)
  Source:                 u_tcm/u_ram/ram_reg_3_2/CLKBWRCLK
                            (rising edge-triggered cell RAMB36E1 clocked by clk_i  {rise@0.000ns fall@5.000ns period=10.000ns})
  Destination:            u_core/u_lsu/mem_data_wr_q_reg[4]/D
                            (rising edge-triggered cell FDCE clocked by clk_i  {rise@0.000ns fall@5.000ns period=10.000ns})
  Path Group:             clk_i
  Path Type:              Setup (Max at Slow Process Corner)
  Requirement:            10.000ns  (clk_i rise@10.000ns - clk_i rise@0.000ns)
  Data Path Delay:        13.569ns  (logic 4.765ns (35.117%)  route 8.804ns (64.883%))
  Logic Levels:           14  (CARRY4=1 LUT3=2 LUT5=1 LUT6=8 MUXF7=1 MUXF8=1)
  Clock Path Skew:        -0.098ns (DCD - SCD + CPR)
    Destination Clock Delay (DCD):    1.577ns = ( 11.577 - 10.000 ) 
    Source Clock Delay      (SCD):    1.790ns
    Clock Pessimism Removal (CPR):    0.115ns
  Clock Uncertainty:      0.035ns  ((TSJ^2 + TIJ^2)^1/2 + DJ) / 2 + PE
    Total System Jitter     (TSJ):    0.071ns
    Total Input Jitter      (TIJ):    0.000ns
    Discrete Jitter          (DJ):    0.000ns
    Phase Error              (PE):    0.000ns

    Location             Delay type                Incr(ns)  Path(ns)    Netlist Resource(s)
  -------------------------------------------------------------------    -------------------
                         (clock clk_i rise edge)      0.000     0.000 r  
                         propagated clock network latency
                                                      1.790     1.790    
    RAMB36_X0Y3          RAMB36E1                     0.000     1.790 r  u_tcm/u_ram/ram_reg_3_2/CLKBWRCLK
    RAMB36_X0Y3          RAMB36E1 (Prop_ramb36e1_CLKBWRCLK_DOBDO[1])
                                                      2.454     4.244 f  u_tcm/u_ram/ram_reg_3_2/DOBDO[1]
                         net (fo=15, routed)          0.989     5.234    u_core/u_fetch/ram_read0_q[29]
    SLICE_X13Y13         LUT3 (Prop_lut3_I1_O)        0.124     5.358 f  u_core/u_fetch/exception_e1_q[1]_i_2/O
                         net (fo=23, routed)          1.064     6.422    u_core/u_fetch/fetch_dec_instr_w[29]
    SLICE_X20Y10         LUT5 (Prop_lut5_I1_O)        0.124     6.546 f  u_core/u_fetch/ctrl_e1_q[7]_i_4/O
                         net (fo=6, routed)           0.703     7.249    u_core/u_fetch/ctrl_e1_q[7]_i_4_n_0
    SLICE_X20Y8          LUT6 (Prop_lut6_I3_O)        0.124     7.373 f  u_core/u_fetch/rd_valid_e1_q_i_130/O
                         net (fo=1, routed)           1.052     8.425    u_core/u_fetch/rd_valid_e1_q_i_130_n_0
    SLICE_X24Y9          LUT6 (Prop_lut6_I1_O)        0.124     8.549 f  u_core/u_fetch/rd_valid_e1_q_i_95/O
                         net (fo=48, routed)          0.593     9.142    u_core/u_issue/u_pipe_ctrl/rd_valid_e1_q_reg_i_36_0
    SLICE_X27Y7          LUT6 (Prop_lut6_I3_O)        0.124     9.266 f  u_core/u_issue/u_pipe_ctrl/rd_valid_e1_q_i_67/O
                         net (fo=1, routed)           0.000     9.266    u_core/u_issue/u_pipe_ctrl/rd_valid_e1_q_i_67_n_0
    SLICE_X27Y7          MUXF7 (Prop_muxf7_I1_O)      0.245     9.511 f  u_core/u_issue/u_pipe_ctrl/rd_valid_e1_q_reg_i_32/O
                         net (fo=1, routed)           0.000     9.511    u_core/u_issue/u_pipe_ctrl/rd_valid_e1_q_reg_i_32_n_0
    SLICE_X27Y7          MUXF8 (Prop_muxf8_I0_O)      0.104     9.615 f  u_core/u_issue/u_pipe_ctrl/rd_valid_e1_q_reg_i_15/O
                         net (fo=1, routed)           0.848    10.463    u_core/u_issue/u_pipe_ctrl/rd_valid_e1_q_reg_i_15_n_0
    SLICE_X26Y7          LUT6 (Prop_lut6_I1_O)        0.316    10.779 f  u_core/u_issue/u_pipe_ctrl/rd_valid_e1_q_i_8/O
                         net (fo=3, routed)           0.946    11.725    u_core/u_fetch/opcode_issue_r4_alias
    SLICE_X23Y7          LUT6 (Prop_lut6_I2_O)        0.124    11.849 r  u_core/u_fetch/mem_writeback_q_i_6_comp/O
                         net (fo=37, routed)          0.703    12.552    u_core/u_fetch/mem_writeback_q_i_6_n_0
    SLICE_X23Y6          LUT6 (Prop_lut6_I3_O)        0.124    12.676 r  u_core/u_fetch/mem_wr_q[3]_i_8_comp/O
                         net (fo=1, routed)           0.000    12.676    u_core/u_fetch/mem_wr_q[3]_i_8_n_0
    SLICE_X23Y6          CARRY4 (Prop_carry4_S[1]_O[1])
                                                      0.227    12.903 f  u_core/u_fetch/mem_wr_q_reg[3]_i_3/O[1]
                         net (fo=18, routed)          0.482    13.386    u_core/u_fetch/O[1]
    SLICE_X22Y6          LUT6 (Prop_lut6_I3_O)        0.303    13.689 r  u_core/u_fetch/mem_wr_q[3]_i_4_comp/O
                         net (fo=9, routed)           0.849    14.538    u_core/u_fetch/u_lsu/mem_data_r112_out
    SLICE_X22Y8          LUT6 (Prop_lut6_I2_O)        0.124    14.662 r  u_core/u_fetch/mem_wr_q[0]_i_5_comp_3/O
                         net (fo=14, routed)          0.573    15.235    u_core/u_fetch/mem_d_ack_q_reg
    SLICE_X21Y9          LUT3 (Prop_lut3_I0_O)        0.124    15.359 r  u_core/u_fetch/mem_data_wr_q[4]_i_1/O
                         net (fo=1, routed)           0.000    15.359    u_core/u_lsu/mem_data_wr_q_reg[31]_0[4]
    SLICE_X21Y9          FDCE                                         r  u_core/u_lsu/mem_data_wr_q_reg[4]/D
  -------------------------------------------------------------------    -------------------

                         (clock clk_i rise edge)     10.000    10.000 r  
                         propagated clock network latency
                                                      1.577    11.577    
                         clock pessimism              0.115    11.692    
                         clock uncertainty           -0.035    11.657    
    SLICE_X21Y9          FDCE (Setup_fdce_C_D)        0.031    11.688    u_core/u_lsu/mem_data_wr_q_reg[4]
  -------------------------------------------------------------------
                         required time                         11.688    
                         arrival time                         -15.359    
  -------------------------------------------------------------------
                         slack                                 -3.672    

Slack (VIOLATED) :        -3.595ns  (required time - arrival time)
  Source:                 u_tcm/u_ram/ram_reg_3_2/CLKBWRCLK
                            (rising edge-triggered cell RAMB36E1 clocked by clk_i  {rise@0.000ns fall@5.000ns period=10.000ns})
  Destination:            u_core/u_lsu/mem_data_wr_q_reg[15]/D
                            (rising edge-triggered cell FDCE clocked by clk_i  {rise@0.000ns fall@5.000ns period=10.000ns})
  Path Group:             clk_i
  Path Type:              Setup (Max at Slow Process Corner)
  Requirement:            10.000ns  (clk_i rise@10.000ns - clk_i rise@0.000ns)
  Data Path Delay:        13.541ns  (logic 4.765ns (35.190%)  route 8.776ns (64.810%))
  Logic Levels:           14  (CARRY4=1 LUT3=1 LUT4=1 LUT5=2 LUT6=7 MUXF7=1 MUXF8=1)
  Clock Path Skew:        -0.098ns (DCD - SCD + CPR)
    Destination Clock Delay (DCD):    1.577ns = ( 11.577 - 10.000 ) 
    Source Clock Delay      (SCD):    1.790ns
    Clock Pessimism Removal (CPR):    0.115ns
  Clock Uncertainty:      0.035ns  ((TSJ^2 + TIJ^2)^1/2 + DJ) / 2 + PE
    Total System Jitter     (TSJ):    0.071ns
    Total Input Jitter      (TIJ):    0.000ns
    Discrete Jitter          (DJ):    0.000ns
    Phase Error              (PE):    0.000ns

    Location             Delay type                Incr(ns)  Path(ns)    Netlist Resource(s)
  -------------------------------------------------------------------    -------------------
                         (clock clk_i rise edge)      0.000     0.000 r  
                         propagated clock network latency
                                                      1.790     1.790    
    RAMB36_X0Y3          RAMB36E1                     0.000     1.790 r  u_tcm/u_ram/ram_reg_3_2/CLKBWRCLK
    RAMB36_X0Y3          RAMB36E1 (Prop_ramb36e1_CLKBWRCLK_DOBDO[1])
                                                      2.454     4.244 f  u_tcm/u_ram/ram_reg_3_2/DOBDO[1]
                         net (fo=15, routed)          0.989     5.234    u_core/u_fetch/ram_read0_q[29]
    SLICE_X13Y13         LUT3 (Prop_lut3_I1_O)        0.124     5.358 f  u_core/u_fetch/exception_e1_q[1]_i_2/O
                         net (fo=23, routed)          1.064     6.422    u_core/u_fetch/fetch_dec_instr_w[29]
    SLICE_X20Y10         LUT5 (Prop_lut5_I1_O)        0.124     6.546 f  u_core/u_fetch/ctrl_e1_q[7]_i_4/O
                         net (fo=6, routed)           0.703     7.249    u_core/u_fetch/ctrl_e1_q[7]_i_4_n_0
    SLICE_X20Y8          LUT6 (Prop_lut6_I3_O)        0.124     7.373 f  u_core/u_fetch/rd_valid_e1_q_i_130/O
                         net (fo=1, routed)           1.052     8.425    u_core/u_fetch/rd_valid_e1_q_i_130_n_0
    SLICE_X24Y9          LUT6 (Prop_lut6_I1_O)        0.124     8.549 f  u_core/u_fetch/rd_valid_e1_q_i_95/O
                         net (fo=48, routed)          0.593     9.142    u_core/u_issue/u_pipe_ctrl/rd_valid_e1_q_reg_i_36_0
    SLICE_X27Y7          LUT6 (Prop_lut6_I3_O)        0.124     9.266 f  u_core/u_issue/u_pipe_ctrl/rd_valid_e1_q_i_67/O
                         net (fo=1, routed)           0.000     9.266    u_core/u_issue/u_pipe_ctrl/rd_valid_e1_q_i_67_n_0
    SLICE_X27Y7          MUXF7 (Prop_muxf7_I1_O)      0.245     9.511 f  u_core/u_issue/u_pipe_ctrl/rd_valid_e1_q_reg_i_32/O
                         net (fo=1, routed)           0.000     9.511    u_core/u_issue/u_pipe_ctrl/rd_valid_e1_q_reg_i_32_n_0
    SLICE_X27Y7          MUXF8 (Prop_muxf8_I0_O)      0.104     9.615 f  u_core/u_issue/u_pipe_ctrl/rd_valid_e1_q_reg_i_15/O
                         net (fo=1, routed)           0.848    10.463    u_core/u_issue/u_pipe_ctrl/rd_valid_e1_q_reg_i_15_n_0
    SLICE_X26Y7          LUT6 (Prop_lut6_I1_O)        0.316    10.779 f  u_core/u_issue/u_pipe_ctrl/rd_valid_e1_q_i_8/O
                         net (fo=3, routed)           0.946    11.725    u_core/u_fetch/opcode_issue_r4_alias
    SLICE_X23Y7          LUT6 (Prop_lut6_I2_O)        0.124    11.849 r  u_core/u_fetch/mem_writeback_q_i_6_comp/O
                         net (fo=37, routed)          0.703    12.552    u_core/u_fetch/mem_writeback_q_i_6_n_0
    SLICE_X23Y6          LUT6 (Prop_lut6_I3_O)        0.124    12.676 r  u_core/u_fetch/mem_wr_q[3]_i_8_comp/O
                         net (fo=1, routed)           0.000    12.676    u_core/u_fetch/mem_wr_q[3]_i_8_n_0
    SLICE_X23Y6          CARRY4 (Prop_carry4_S[1]_O[1])
                                                      0.227    12.903 r  u_core/u_fetch/mem_wr_q_reg[3]_i_3/O[1]
                         net (fo=18, routed)          0.482    13.386    u_core/u_fetch/O[1]
    SLICE_X22Y6          LUT6 (Prop_lut6_I3_O)        0.303    13.689 f  u_core/u_fetch/mem_wr_q[3]_i_4_comp/O
                         net (fo=9, routed)           0.715    14.403    u_core/u_fetch/u_lsu/mem_data_r112_out
    SLICE_X20Y7          LUT5 (Prop_lut5_I4_O)        0.124    14.527 r  u_core/u_fetch/mem_data_wr_q[15]_i_2/O
                         net (fo=7, routed)           0.680    15.207    u_core/u_issue/u_pipe_ctrl/mem_data_wr_q_reg[15]
    SLICE_X22Y7          LUT4 (Prop_lut4_I1_O)        0.124    15.331 r  u_core/u_issue/u_pipe_ctrl/mem_data_wr_q[15]_i_1/O
                         net (fo=1, routed)           0.000    15.331    u_core/u_lsu/mem_data_wr_q_reg[31]_0[15]
    SLICE_X22Y7          FDCE                                         r  u_core/u_lsu/mem_data_wr_q_reg[15]/D
  -------------------------------------------------------------------    -------------------

                         (clock clk_i rise edge)     10.000    10.000 r  
                         propagated clock network latency
                                                      1.577    11.577    
                         clock pessimism              0.115    11.692    
                         clock uncertainty           -0.035    11.657    
    SLICE_X22Y7          FDCE (Setup_fdce_C_D)        0.079    11.736    u_core/u_lsu/mem_data_wr_q_reg[15]
  -------------------------------------------------------------------
                         required time                         11.736    
                         arrival time                         -15.331    
  -------------------------------------------------------------------
                         slack                                 -3.595    

Slack (VIOLATED) :        -3.594ns  (required time - arrival time)
  Source:                 u_tcm/u_ram/ram_reg_3_2/CLKBWRCLK
                            (rising edge-triggered cell RAMB36E1 clocked by clk_i  {rise@0.000ns fall@5.000ns period=10.000ns})
  Destination:            u_core/u_lsu/mem_data_wr_q_reg[5]/D
                            (rising edge-triggered cell FDCE clocked by clk_i  {rise@0.000ns fall@5.000ns period=10.000ns})
  Path Group:             clk_i
  Path Type:              Setup (Max at Slow Process Corner)
  Requirement:            10.000ns  (clk_i rise@10.000ns - clk_i rise@0.000ns)
  Data Path Delay:        13.492ns  (logic 4.765ns (35.318%)  route 8.727ns (64.682%))
  Logic Levels:           14  (CARRY4=1 LUT3=2 LUT5=1 LUT6=8 MUXF7=1 MUXF8=1)
  Clock Path Skew:        -0.097ns (DCD - SCD + CPR)
    Destination Clock Delay (DCD):    1.578ns = ( 11.578 - 10.000 ) 
    Source Clock Delay      (SCD):    1.790ns
    Clock Pessimism Removal (CPR):    0.115ns
  Clock Uncertainty:      0.035ns  ((TSJ^2 + TIJ^2)^1/2 + DJ) / 2 + PE
    Total System Jitter     (TSJ):    0.071ns
    Total Input Jitter      (TIJ):    0.000ns
    Discrete Jitter          (DJ):    0.000ns
    Phase Error              (PE):    0.000ns

    Location             Delay type                Incr(ns)  Path(ns)    Netlist Resource(s)
  -------------------------------------------------------------------    -------------------
                         (clock clk_i rise edge)      0.000     0.000 r  
                         propagated clock network latency
                                                      1.790     1.790    
    RAMB36_X0Y3          RAMB36E1                     0.000     1.790 r  u_tcm/u_ram/ram_reg_3_2/CLKBWRCLK
    RAMB36_X0Y3          RAMB36E1 (Prop_ramb36e1_CLKBWRCLK_DOBDO[1])
                                                      2.454     4.244 f  u_tcm/u_ram/ram_reg_3_2/DOBDO[1]
                         net (fo=15, routed)          0.989     5.234    u_core/u_fetch/ram_read0_q[29]
    SLICE_X13Y13         LUT3 (Prop_lut3_I1_O)        0.124     5.358 f  u_core/u_fetch/exception_e1_q[1]_i_2/O
                         net (fo=23, routed)          1.064     6.422    u_core/u_fetch/fetch_dec_instr_w[29]
    SLICE_X20Y10         LUT5 (Prop_lut5_I1_O)        0.124     6.546 f  u_core/u_fetch/ctrl_e1_q[7]_i_4/O
                         net (fo=6, routed)           0.703     7.249    u_core/u_fetch/ctrl_e1_q[7]_i_4_n_0
    SLICE_X20Y8          LUT6 (Prop_lut6_I3_O)        0.124     7.373 f  u_core/u_fetch/rd_valid_e1_q_i_130/O
                         net (fo=1, routed)           1.052     8.425    u_core/u_fetch/rd_valid_e1_q_i_130_n_0
    SLICE_X24Y9          LUT6 (Prop_lut6_I1_O)        0.124     8.549 f  u_core/u_fetch/rd_valid_e1_q_i_95/O
                         net (fo=48, routed)          0.593     9.142    u_core/u_issue/u_pipe_ctrl/rd_valid_e1_q_reg_i_36_0
    SLICE_X27Y7          LUT6 (Prop_lut6_I3_O)        0.124     9.266 f  u_core/u_issue/u_pipe_ctrl/rd_valid_e1_q_i_67/O
                         net (fo=1, routed)           0.000     9.266    u_core/u_issue/u_pipe_ctrl/rd_valid_e1_q_i_67_n_0
    SLICE_X27Y7          MUXF7 (Prop_muxf7_I1_O)      0.245     9.511 f  u_core/u_issue/u_pipe_ctrl/rd_valid_e1_q_reg_i_32/O
                         net (fo=1, routed)           0.000     9.511    u_core/u_issue/u_pipe_ctrl/rd_valid_e1_q_reg_i_32_n_0
    SLICE_X27Y7          MUXF8 (Prop_muxf8_I0_O)      0.104     9.615 f  u_core/u_issue/u_pipe_ctrl/rd_valid_e1_q_reg_i_15/O
                         net (fo=1, routed)           0.848    10.463    u_core/u_issue/u_pipe_ctrl/rd_valid_e1_q_reg_i_15_n_0
    SLICE_X26Y7          LUT6 (Prop_lut6_I1_O)        0.316    10.779 f  u_core/u_issue/u_pipe_ctrl/rd_valid_e1_q_i_8/O
                         net (fo=3, routed)           0.946    11.725    u_core/u_fetch/opcode_issue_r4_alias
    SLICE_X23Y7          LUT6 (Prop_lut6_I2_O)        0.124    11.849 r  u_core/u_fetch/mem_writeback_q_i_6_comp/O
                         net (fo=37, routed)          0.703    12.552    u_core/u_fetch/mem_writeback_q_i_6_n_0
    SLICE_X23Y6          LUT6 (Prop_lut6_I3_O)        0.124    12.676 r  u_core/u_fetch/mem_wr_q[3]_i_8_comp/O
                         net (fo=1, routed)           0.000    12.676    u_core/u_fetch/mem_wr_q[3]_i_8_n_0
    SLICE_X23Y6          CARRY4 (Prop_carry4_S[1]_O[1])
                                                      0.227    12.903 f  u_core/u_fetch/mem_wr_q_reg[3]_i_3/O[1]
                         net (fo=18, routed)          0.482    13.386    u_core/u_fetch/O[1]
    SLICE_X22Y6          LUT6 (Prop_lut6_I3_O)        0.303    13.689 r  u_core/u_fetch/mem_wr_q[3]_i_4_comp/O
                         net (fo=9, routed)           0.849    14.538    u_core/u_fetch/u_lsu/mem_data_r112_out
    SLICE_X22Y8          LUT6 (Prop_lut6_I2_O)        0.124    14.662 r  u_core/u_fetch/mem_wr_q[0]_i_5_comp_3/O
                         net (fo=14, routed)          0.496    15.158    u_core/u_fetch/mem_d_ack_q_reg
    SLICE_X21Y8          LUT3 (Prop_lut3_I0_O)        0.124    15.282 r  u_core/u_fetch/mem_data_wr_q[5]_i_1/O
                         net (fo=1, routed)           0.000    15.282    u_core/u_lsu/mem_data_wr_q_reg[31]_0[5]
    SLICE_X21Y8          FDCE                                         r  u_core/u_lsu/mem_data_wr_q_reg[5]/D
  -------------------------------------------------------------------    -------------------

                         (clock clk_i rise edge)     10.000    10.000 r  
                         propagated clock network latency
                                                      1.578    11.578    
                         clock pessimism              0.115    11.693    
                         clock uncertainty           -0.035    11.658    
    SLICE_X21Y8          FDCE (Setup_fdce_C_D)        0.031    11.689    u_core/u_lsu/mem_data_wr_q_reg[5]
  -------------------------------------------------------------------
                         required time                         11.689    
                         arrival time                         -15.282    
  -------------------------------------------------------------------
                         slack                                 -3.594    

Slack (VIOLATED) :        -3.582ns  (required time - arrival time)
  Source:                 u_tcm/u_ram/ram_reg_3_2/CLKBWRCLK
                            (rising edge-triggered cell RAMB36E1 clocked by clk_i  {rise@0.000ns fall@5.000ns period=10.000ns})
  Destination:            u_core/u_lsu/mem_data_wr_q_reg[8]/D
                            (rising edge-triggered cell FDCE clocked by clk_i  {rise@0.000ns fall@5.000ns period=10.000ns})
  Path Group:             clk_i
  Path Type:              Setup (Max at Slow Process Corner)
  Requirement:            10.000ns  (clk_i rise@10.000ns - clk_i rise@0.000ns)
  Data Path Delay:        13.528ns  (logic 4.765ns (35.223%)  route 8.763ns (64.777%))
  Logic Levels:           14  (CARRY4=1 LUT3=1 LUT4=1 LUT5=1 LUT6=8 MUXF7=1 MUXF8=1)
  Clock Path Skew:        -0.097ns (DCD - SCD + CPR)
    Destination Clock Delay (DCD):    1.578ns = ( 11.578 - 10.000 ) 
    Source Clock Delay      (SCD):    1.790ns
    Clock Pessimism Removal (CPR):    0.115ns
  Clock Uncertainty:      0.035ns  ((TSJ^2 + TIJ^2)^1/2 + DJ) / 2 + PE
    Total System Jitter     (TSJ):    0.071ns
    Total Input Jitter      (TIJ):    0.000ns
    Discrete Jitter          (DJ):    0.000ns
    Phase Error              (PE):    0.000ns

    Location             Delay type                Incr(ns)  Path(ns)    Netlist Resource(s)
  -------------------------------------------------------------------    -------------------
                         (clock clk_i rise edge)      0.000     0.000 r  
                         propagated clock network latency
                                                      1.790     1.790    
    RAMB36_X0Y3          RAMB36E1                     0.000     1.790 r  u_tcm/u_ram/ram_reg_3_2/CLKBWRCLK
    RAMB36_X0Y3          RAMB36E1 (Prop_ramb36e1_CLKBWRCLK_DOBDO[1])
                                                      2.454     4.244 f  u_tcm/u_ram/ram_reg_3_2/DOBDO[1]
                         net (fo=15, routed)          0.989     5.234    u_core/u_fetch/ram_read0_q[29]
    SLICE_X13Y13         LUT3 (Prop_lut3_I1_O)        0.124     5.358 f  u_core/u_fetch/exception_e1_q[1]_i_2/O
                         net (fo=23, routed)          1.064     6.422    u_core/u_fetch/fetch_dec_instr_w[29]
    SLICE_X20Y10         LUT5 (Prop_lut5_I1_O)        0.124     6.546 f  u_core/u_fetch/ctrl_e1_q[7]_i_4/O
                         net (fo=6, routed)           0.703     7.249    u_core/u_fetch/ctrl_e1_q[7]_i_4_n_0
    SLICE_X20Y8          LUT6 (Prop_lut6_I3_O)        0.124     7.373 f  u_core/u_fetch/rd_valid_e1_q_i_130/O
                         net (fo=1, routed)           1.052     8.425    u_core/u_fetch/rd_valid_e1_q_i_130_n_0
    SLICE_X24Y9          LUT6 (Prop_lut6_I1_O)        0.124     8.549 f  u_core/u_fetch/rd_valid_e1_q_i_95/O
                         net (fo=48, routed)          0.593     9.142    u_core/u_issue/u_pipe_ctrl/rd_valid_e1_q_reg_i_36_0
    SLICE_X27Y7          LUT6 (Prop_lut6_I3_O)        0.124     9.266 f  u_core/u_issue/u_pipe_ctrl/rd_valid_e1_q_i_67/O
                         net (fo=1, routed)           0.000     9.266    u_core/u_issue/u_pipe_ctrl/rd_valid_e1_q_i_67_n_0
    SLICE_X27Y7          MUXF7 (Prop_muxf7_I1_O)      0.245     9.511 f  u_core/u_issue/u_pipe_ctrl/rd_valid_e1_q_reg_i_32/O
                         net (fo=1, routed)           0.000     9.511    u_core/u_issue/u_pipe_ctrl/rd_valid_e1_q_reg_i_32_n_0
    SLICE_X27Y7          MUXF8 (Prop_muxf8_I0_O)      0.104     9.615 f  u_core/u_issue/u_pipe_ctrl/rd_valid_e1_q_reg_i_15/O
                         net (fo=1, routed)           0.848    10.463    u_core/u_issue/u_pipe_ctrl/rd_valid_e1_q_reg_i_15_n_0
    SLICE_X26Y7          LUT6 (Prop_lut6_I1_O)        0.316    10.779 f  u_core/u_issue/u_pipe_ctrl/rd_valid_e1_q_i_8/O
                         net (fo=3, routed)           0.946    11.725    u_core/u_fetch/opcode_issue_r4_alias
    SLICE_X23Y7          LUT6 (Prop_lut6_I2_O)        0.124    11.849 r  u_core/u_fetch/mem_writeback_q_i_6_comp/O
                         net (fo=37, routed)          0.703    12.552    u_core/u_fetch/mem_writeback_q_i_6_n_0
    SLICE_X23Y6          LUT6 (Prop_lut6_I3_O)        0.124    12.676 r  u_core/u_fetch/mem_wr_q[3]_i_8_comp/O
                         net (fo=1, routed)           0.000    12.676    u_core/u_fetch/mem_wr_q[3]_i_8_n_0
    SLICE_X23Y6          CARRY4 (Prop_carry4_S[1]_O[1])
                                                      0.227    12.903 f  u_core/u_fetch/mem_wr_q_reg[3]_i_3/O[1]
                         net (fo=18, routed)          0.482    13.386    u_core/u_fetch/O[1]
    SLICE_X22Y6          LUT6 (Prop_lut6_I3_O)        0.303    13.689 r  u_core/u_fetch/mem_wr_q[3]_i_4_comp/O
                         net (fo=9, routed)           0.849    14.538    u_core/u_fetch/u_lsu/mem_data_r112_out
    SLICE_X22Y8          LUT6 (Prop_lut6_I2_O)        0.124    14.662 r  u_core/u_fetch/mem_wr_q[0]_i_5_comp_3/O
                         net (fo=14, routed)          0.533    15.195    u_core/u_issue/u_pipe_ctrl/mem_data_wr_q_reg[15]_0
    SLICE_X22Y6          LUT4 (Prop_lut4_I3_O)        0.124    15.319 r  u_core/u_issue/u_pipe_ctrl/mem_data_wr_q[8]_i_1/O
                         net (fo=1, routed)           0.000    15.319    u_core/u_lsu/mem_data_wr_q_reg[31]_0[8]
    SLICE_X22Y6          FDCE                                         r  u_core/u_lsu/mem_data_wr_q_reg[8]/D
  -------------------------------------------------------------------    -------------------

                         (clock clk_i rise edge)     10.000    10.000 r  
                         propagated clock network latency
                                                      1.578    11.578    
                         clock pessimism              0.115    11.693    
                         clock uncertainty           -0.035    11.658    
    SLICE_X22Y6          FDCE (Setup_fdce_C_D)        0.079    11.737    u_core/u_lsu/mem_data_wr_q_reg[8]
  -------------------------------------------------------------------
                         required time                         11.737    
                         arrival time                         -15.319    
  -------------------------------------------------------------------
                         slack                                 -3.582    

Slack (VIOLATED) :        -3.578ns  (required time - arrival time)
  Source:                 u_tcm/u_ram/ram_reg_3_2/CLKBWRCLK
                            (rising edge-triggered cell RAMB36E1 clocked by clk_i  {rise@0.000ns fall@5.000ns period=10.000ns})
  Destination:            u_core/u_lsu/mem_data_wr_q_reg[9]/D
                            (rising edge-triggered cell FDCE clocked by clk_i  {rise@0.000ns fall@5.000ns period=10.000ns})
  Path Group:             clk_i
  Path Type:              Setup (Max at Slow Process Corner)
  Requirement:            10.000ns  (clk_i rise@10.000ns - clk_i rise@0.000ns)
  Data Path Delay:        13.524ns  (logic 4.765ns (35.235%)  route 8.759ns (64.765%))
  Logic Levels:           14  (CARRY4=1 LUT3=1 LUT4=1 LUT5=2 LUT6=7 MUXF7=1 MUXF8=1)
  Clock Path Skew:        -0.098ns (DCD - SCD + CPR)
    Destination Clock Delay (DCD):    1.577ns = ( 11.577 - 10.000 ) 
    Source Clock Delay      (SCD):    1.790ns
    Clock Pessimism Removal (CPR):    0.115ns
  Clock Uncertainty:      0.035ns  ((TSJ^2 + TIJ^2)^1/2 + DJ) / 2 + PE
    Total System Jitter     (TSJ):    0.071ns
    Total Input Jitter      (TIJ):    0.000ns
    Discrete Jitter          (DJ):    0.000ns
    Phase Error              (PE):    0.000ns

    Location             Delay type                Incr(ns)  Path(ns)    Netlist Resource(s)
  -------------------------------------------------------------------    -------------------
                         (clock clk_i rise edge)      0.000     0.000 r  
                         propagated clock network latency
                                                      1.790     1.790    
    RAMB36_X0Y3          RAMB36E1                     0.000     1.790 r  u_tcm/u_ram/ram_reg_3_2/CLKBWRCLK
    RAMB36_X0Y3          RAMB36E1 (Prop_ramb36e1_CLKBWRCLK_DOBDO[1])
                                                      2.454     4.244 f  u_tcm/u_ram/ram_reg_3_2/DOBDO[1]
                         net (fo=15, routed)          0.989     5.234    u_core/u_fetch/ram_read0_q[29]
    SLICE_X13Y13         LUT3 (Prop_lut3_I1_O)        0.124     5.358 f  u_core/u_fetch/exception_e1_q[1]_i_2/O
                         net (fo=23, routed)          1.064     6.422    u_core/u_fetch/fetch_dec_instr_w[29]
    SLICE_X20Y10         LUT5 (Prop_lut5_I1_O)        0.124     6.546 f  u_core/u_fetch/ctrl_e1_q[7]_i_4/O
                         net (fo=6, routed)           0.703     7.249    u_core/u_fetch/ctrl_e1_q[7]_i_4_n_0
    SLICE_X20Y8          LUT6 (Prop_lut6_I3_O)        0.124     7.373 f  u_core/u_fetch/rd_valid_e1_q_i_130/O
                         net (fo=1, routed)           1.052     8.425    u_core/u_fetch/rd_valid_e1_q_i_130_n_0
    SLICE_X24Y9          LUT6 (Prop_lut6_I1_O)        0.124     8.549 f  u_core/u_fetch/rd_valid_e1_q_i_95/O
                         net (fo=48, routed)          0.593     9.142    u_core/u_issue/u_pipe_ctrl/rd_valid_e1_q_reg_i_36_0
    SLICE_X27Y7          LUT6 (Prop_lut6_I3_O)        0.124     9.266 f  u_core/u_issue/u_pipe_ctrl/rd_valid_e1_q_i_67/O
                         net (fo=1, routed)           0.000     9.266    u_core/u_issue/u_pipe_ctrl/rd_valid_e1_q_i_67_n_0
    SLICE_X27Y7          MUXF7 (Prop_muxf7_I1_O)      0.245     9.511 f  u_core/u_issue/u_pipe_ctrl/rd_valid_e1_q_reg_i_32/O
                         net (fo=1, routed)           0.000     9.511    u_core/u_issue/u_pipe_ctrl/rd_valid_e1_q_reg_i_32_n_0
    SLICE_X27Y7          MUXF8 (Prop_muxf8_I0_O)      0.104     9.615 f  u_core/u_issue/u_pipe_ctrl/rd_valid_e1_q_reg_i_15/O
                         net (fo=1, routed)           0.848    10.463    u_core/u_issue/u_pipe_ctrl/rd_valid_e1_q_reg_i_15_n_0
    SLICE_X26Y7          LUT6 (Prop_lut6_I1_O)        0.316    10.779 f  u_core/u_issue/u_pipe_ctrl/rd_valid_e1_q_i_8/O
                         net (fo=3, routed)           0.946    11.725    u_core/u_fetch/opcode_issue_r4_alias
    SLICE_X23Y7          LUT6 (Prop_lut6_I2_O)        0.124    11.849 r  u_core/u_fetch/mem_writeback_q_i_6_comp/O
                         net (fo=37, routed)          0.703    12.552    u_core/u_fetch/mem_writeback_q_i_6_n_0
    SLICE_X23Y6          LUT6 (Prop_lut6_I3_O)        0.124    12.676 r  u_core/u_fetch/mem_wr_q[3]_i_8_comp/O
                         net (fo=1, routed)           0.000    12.676    u_core/u_fetch/mem_wr_q[3]_i_8_n_0
    SLICE_X23Y6          CARRY4 (Prop_carry4_S[1]_O[1])
                                                      0.227    12.903 r  u_core/u_fetch/mem_wr_q_reg[3]_i_3/O[1]
                         net (fo=18, routed)          0.482    13.386    u_core/u_fetch/O[1]
    SLICE_X22Y6          LUT6 (Prop_lut6_I3_O)        0.303    13.689 f  u_core/u_fetch/mem_wr_q[3]_i_4_comp/O
                         net (fo=9, routed)           0.715    14.403    u_core/u_fetch/u_lsu/mem_data_r112_out
    SLICE_X20Y7          LUT5 (Prop_lut5_I4_O)        0.124    14.527 r  u_core/u_fetch/mem_data_wr_q[15]_i_2/O
                         net (fo=7, routed)           0.663    15.190    u_core/u_issue/u_pipe_ctrl/mem_data_wr_q_reg[15]
    SLICE_X22Y7          LUT4 (Prop_lut4_I1_O)        0.124    15.314 r  u_core/u_issue/u_pipe_ctrl/mem_data_wr_q[9]_i_1/O
                         net (fo=1, routed)           0.000    15.314    u_core/u_lsu/mem_data_wr_q_reg[31]_0[9]
    SLICE_X22Y7          FDCE                                         r  u_core/u_lsu/mem_data_wr_q_reg[9]/D
  -------------------------------------------------------------------    -------------------

                         (clock clk_i rise edge)     10.000    10.000 r  
                         propagated clock network latency
                                                      1.577    11.577    
                         clock pessimism              0.115    11.692    
                         clock uncertainty           -0.035    11.657    
    SLICE_X22Y7          FDCE (Setup_fdce_C_D)        0.079    11.736    u_core/u_lsu/mem_data_wr_q_reg[9]
  -------------------------------------------------------------------
                         required time                         11.736    
                         arrival time                         -15.314    
  -------------------------------------------------------------------
                         slack                                 -3.578    

Slack (VIOLATED) :        -3.572ns  (required time - arrival time)
  Source:                 u_tcm/u_ram/ram_reg_3_2/CLKBWRCLK
                            (rising edge-triggered cell RAMB36E1 clocked by clk_i  {rise@0.000ns fall@5.000ns period=10.000ns})
  Destination:            u_core/u_lsu/mem_data_wr_q_reg[10]/D
                            (rising edge-triggered cell FDCE clocked by clk_i  {rise@0.000ns fall@5.000ns period=10.000ns})
  Path Group:             clk_i
  Path Type:              Setup (Max at Slow Process Corner)
  Requirement:            10.000ns  (clk_i rise@10.000ns - clk_i rise@0.000ns)
  Data Path Delay:        13.470ns  (logic 4.765ns (35.376%)  route 8.705ns (64.624%))
  Logic Levels:           14  (CARRY4=1 LUT3=1 LUT5=1 LUT6=9 MUXF7=1 MUXF8=1)
  Clock Path Skew:        -0.097ns (DCD - SCD + CPR)
    Destination Clock Delay (DCD):    1.578ns = ( 11.578 - 10.000 ) 
    Source Clock Delay      (SCD):    1.790ns
    Clock Pessimism Removal (CPR):    0.115ns
  Clock Uncertainty:      0.035ns  ((TSJ^2 + TIJ^2)^1/2 + DJ) / 2 + PE
    Total System Jitter     (TSJ):    0.071ns
    Total Input Jitter      (TIJ):    0.000ns
    Discrete Jitter          (DJ):    0.000ns
    Phase Error              (PE):    0.000ns

    Location             Delay type                Incr(ns)  Path(ns)    Netlist Resource(s)
  -------------------------------------------------------------------    -------------------
                         (clock clk_i rise edge)      0.000     0.000 r  
                         propagated clock network latency
                                                      1.790     1.790    
    RAMB36_X0Y3          RAMB36E1                     0.000     1.790 r  u_tcm/u_ram/ram_reg_3_2/CLKBWRCLK
    RAMB36_X0Y3          RAMB36E1 (Prop_ramb36e1_CLKBWRCLK_DOBDO[1])
                                                      2.454     4.244 f  u_tcm/u_ram/ram_reg_3_2/DOBDO[1]
                         net (fo=15, routed)          0.989     5.234    u_core/u_fetch/ram_read0_q[29]
    SLICE_X13Y13         LUT3 (Prop_lut3_I1_O)        0.124     5.358 f  u_core/u_fetch/exception_e1_q[1]_i_2/O
                         net (fo=23, routed)          1.064     6.422    u_core/u_fetch/fetch_dec_instr_w[29]
    SLICE_X20Y10         LUT5 (Prop_lut5_I1_O)        0.124     6.546 f  u_core/u_fetch/ctrl_e1_q[7]_i_4/O
                         net (fo=6, routed)           0.703     7.249    u_core/u_fetch/ctrl_e1_q[7]_i_4_n_0
    SLICE_X20Y8          LUT6 (Prop_lut6_I3_O)        0.124     7.373 f  u_core/u_fetch/rd_valid_e1_q_i_130/O
                         net (fo=1, routed)           1.052     8.425    u_core/u_fetch/rd_valid_e1_q_i_130_n_0
    SLICE_X24Y9          LUT6 (Prop_lut6_I1_O)        0.124     8.549 f  u_core/u_fetch/rd_valid_e1_q_i_95/O
                         net (fo=48, routed)          0.593     9.142    u_core/u_issue/u_pipe_ctrl/rd_valid_e1_q_reg_i_36_0
    SLICE_X27Y7          LUT6 (Prop_lut6_I3_O)        0.124     9.266 f  u_core/u_issue/u_pipe_ctrl/rd_valid_e1_q_i_67/O
                         net (fo=1, routed)           0.000     9.266    u_core/u_issue/u_pipe_ctrl/rd_valid_e1_q_i_67_n_0
    SLICE_X27Y7          MUXF7 (Prop_muxf7_I1_O)      0.245     9.511 f  u_core/u_issue/u_pipe_ctrl/rd_valid_e1_q_reg_i_32/O
                         net (fo=1, routed)           0.000     9.511    u_core/u_issue/u_pipe_ctrl/rd_valid_e1_q_reg_i_32_n_0
    SLICE_X27Y7          MUXF8 (Prop_muxf8_I0_O)      0.104     9.615 f  u_core/u_issue/u_pipe_ctrl/rd_valid_e1_q_reg_i_15/O
                         net (fo=1, routed)           0.848    10.463    u_core/u_issue/u_pipe_ctrl/rd_valid_e1_q_reg_i_15_n_0
    SLICE_X26Y7          LUT6 (Prop_lut6_I1_O)        0.316    10.779 f  u_core/u_issue/u_pipe_ctrl/rd_valid_e1_q_i_8/O
                         net (fo=3, routed)           0.946    11.725    u_core/u_fetch/opcode_issue_r4_alias
    SLICE_X23Y7          LUT6 (Prop_lut6_I2_O)        0.124    11.849 r  u_core/u_fetch/mem_writeback_q_i_6_comp/O
                         net (fo=37, routed)          0.703    12.552    u_core/u_fetch/mem_writeback_q_i_6_n_0
    SLICE_X23Y6          LUT6 (Prop_lut6_I3_O)        0.124    12.676 r  u_core/u_fetch/mem_wr_q[3]_i_8_comp/O
                         net (fo=1, routed)           0.000    12.676    u_core/u_fetch/mem_wr_q[3]_i_8_n_0
    SLICE_X23Y6          CARRY4 (Prop_carry4_S[1]_O[1])
                                                      0.227    12.903 f  u_core/u_fetch/mem_wr_q_reg[3]_i_3/O[1]
                         net (fo=18, routed)          0.482    13.386    u_core/u_fetch/O[1]
    SLICE_X22Y6          LUT6 (Prop_lut6_I3_O)        0.303    13.689 r  u_core/u_fetch/mem_wr_q[3]_i_4_comp/O
                         net (fo=9, routed)           0.849    14.538    u_core/u_fetch/u_lsu/mem_data_r112_out
    SLICE_X22Y8          LUT6 (Prop_lut6_I2_O)        0.124    14.662 r  u_core/u_fetch/mem_wr_q[0]_i_5_comp_3/O
                         net (fo=14, routed)          0.474    15.136    u_core/u_issue/u_pipe_ctrl/mem_data_wr_q_reg[15]_0
    SLICE_X21Y7          LUT6 (Prop_lut6_I2_O)        0.124    15.260 r  u_core/u_issue/u_pipe_ctrl/mem_data_wr_q[10]_i_1_comp/O
                         net (fo=1, routed)           0.000    15.260    u_core/u_lsu/mem_data_wr_q_reg[31]_0[10]
    SLICE_X21Y7          FDCE                                         r  u_core/u_lsu/mem_data_wr_q_reg[10]/D
  -------------------------------------------------------------------    -------------------

                         (clock clk_i rise edge)     10.000    10.000 r  
                         propagated clock network latency
                                                      1.578    11.578    
                         clock pessimism              0.115    11.693    
                         clock uncertainty           -0.035    11.658    
    SLICE_X21Y7          FDCE (Setup_fdce_C_D)        0.031    11.689    u_core/u_lsu/mem_data_wr_q_reg[10]
  -------------------------------------------------------------------
                         required time                         11.689    
                         arrival time                         -15.260    
  -------------------------------------------------------------------
                         slack                                 -3.572    

Slack (VIOLATED) :        -3.566ns  (required time - arrival time)
  Source:                 u_tcm/u_ram/ram_reg_3_2/CLKBWRCLK
                            (rising edge-triggered cell RAMB36E1 clocked by clk_i  {rise@0.000ns fall@5.000ns period=10.000ns})
  Destination:            u_core/u_lsu/mem_data_wr_q_reg[14]/D
                            (rising edge-triggered cell FDCE clocked by clk_i  {rise@0.000ns fall@5.000ns period=10.000ns})
  Path Group:             clk_i
  Path Type:              Setup (Max at Slow Process Corner)
  Requirement:            10.000ns  (clk_i rise@10.000ns - clk_i rise@0.000ns)
  Data Path Delay:        13.512ns  (logic 4.765ns (35.264%)  route 8.747ns (64.736%))
  Logic Levels:           14  (CARRY4=1 LUT3=1 LUT4=1 LUT5=1 LUT6=8 MUXF7=1 MUXF8=1)
  Clock Path Skew:        -0.097ns (DCD - SCD + CPR)
    Destination Clock Delay (DCD):    1.578ns = ( 11.578 - 10.000 ) 
    Source Clock Delay      (SCD):    1.790ns
    Clock Pessimism Removal (CPR):    0.115ns
  Clock Uncertainty:      0.035ns  ((TSJ^2 + TIJ^2)^1/2 + DJ) / 2 + PE
    Total System Jitter     (TSJ):    0.071ns
    Total Input Jitter      (TIJ):    0.000ns
    Discrete Jitter          (DJ):    0.000ns
    Phase Error              (PE):    0.000ns

    Location             Delay type                Incr(ns)  Path(ns)    Netlist Resource(s)
  -------------------------------------------------------------------    -------------------
                         (clock clk_i rise edge)      0.000     0.000 r  
                         propagated clock network latency
                                                      1.790     1.790    
    RAMB36_X0Y3          RAMB36E1                     0.000     1.790 r  u_tcm/u_ram/ram_reg_3_2/CLKBWRCLK
    RAMB36_X0Y3          RAMB36E1 (Prop_ramb36e1_CLKBWRCLK_DOBDO[1])
                                                      2.454     4.244 f  u_tcm/u_ram/ram_reg_3_2/DOBDO[1]
                         net (fo=15, routed)          0.989     5.234    u_core/u_fetch/ram_read0_q[29]
    SLICE_X13Y13         LUT3 (Prop_lut3_I1_O)        0.124     5.358 f  u_core/u_fetch/exception_e1_q[1]_i_2/O
                         net (fo=23, routed)          1.064     6.422    u_core/u_fetch/fetch_dec_instr_w[29]
    SLICE_X20Y10         LUT5 (Prop_lut5_I1_O)        0.124     6.546 f  u_core/u_fetch/ctrl_e1_q[7]_i_4/O
                         net (fo=6, routed)           0.703     7.249    u_core/u_fetch/ctrl_e1_q[7]_i_4_n_0
    SLICE_X20Y8          LUT6 (Prop_lut6_I3_O)        0.124     7.373 f  u_core/u_fetch/rd_valid_e1_q_i_130/O
                         net (fo=1, routed)           1.052     8.425    u_core/u_fetch/rd_valid_e1_q_i_130_n_0
    SLICE_X24Y9          LUT6 (Prop_lut6_I1_O)        0.124     8.549 f  u_core/u_fetch/rd_valid_e1_q_i_95/O
                         net (fo=48, routed)          0.593     9.142    u_core/u_issue/u_pipe_ctrl/rd_valid_e1_q_reg_i_36_0
    SLICE_X27Y7          LUT6 (Prop_lut6_I3_O)        0.124     9.266 f  u_core/u_issue/u_pipe_ctrl/rd_valid_e1_q_i_67/O
                         net (fo=1, routed)           0.000     9.266    u_core/u_issue/u_pipe_ctrl/rd_valid_e1_q_i_67_n_0
    SLICE_X27Y7          MUXF7 (Prop_muxf7_I1_O)      0.245     9.511 f  u_core/u_issue/u_pipe_ctrl/rd_valid_e1_q_reg_i_32/O
                         net (fo=1, routed)           0.000     9.511    u_core/u_issue/u_pipe_ctrl/rd_valid_e1_q_reg_i_32_n_0
    SLICE_X27Y7          MUXF8 (Prop_muxf8_I0_O)      0.104     9.615 f  u_core/u_issue/u_pipe_ctrl/rd_valid_e1_q_reg_i_15/O
                         net (fo=1, routed)           0.848    10.463    u_core/u_issue/u_pipe_ctrl/rd_valid_e1_q_reg_i_15_n_0
    SLICE_X26Y7          LUT6 (Prop_lut6_I1_O)        0.316    10.779 f  u_core/u_issue/u_pipe_ctrl/rd_valid_e1_q_i_8/O
                         net (fo=3, routed)           0.946    11.725    u_core/u_fetch/opcode_issue_r4_alias
    SLICE_X23Y7          LUT6 (Prop_lut6_I2_O)        0.124    11.849 r  u_core/u_fetch/mem_writeback_q_i_6_comp/O
                         net (fo=37, routed)          0.703    12.552    u_core/u_fetch/mem_writeback_q_i_6_n_0
    SLICE_X23Y6          LUT6 (Prop_lut6_I3_O)        0.124    12.676 r  u_core/u_fetch/mem_wr_q[3]_i_8_comp/O
                         net (fo=1, routed)           0.000    12.676    u_core/u_fetch/mem_wr_q[3]_i_8_n_0
    SLICE_X23Y6          CARRY4 (Prop_carry4_S[1]_O[1])
                                                      0.227    12.903 f  u_core/u_fetch/mem_wr_q_reg[3]_i_3/O[1]
                         net (fo=18, routed)          0.482    13.386    u_core/u_fetch/O[1]
    SLICE_X22Y6          LUT6 (Prop_lut6_I3_O)        0.303    13.689 r  u_core/u_fetch/mem_wr_q[3]_i_4_comp/O
                         net (fo=9, routed)           0.849    14.538    u_core/u_fetch/u_lsu/mem_data_r112_out
    SLICE_X22Y8          LUT6 (Prop_lut6_I2_O)        0.124    14.662 r  u_core/u_fetch/mem_wr_q[0]_i_5_comp_3/O
                         net (fo=14, routed)          0.517    15.179    u_core/u_issue/u_pipe_ctrl/mem_data_wr_q_reg[15]_0
    SLICE_X20Y8          LUT4 (Prop_lut4_I3_O)        0.124    15.303 r  u_core/u_issue/u_pipe_ctrl/mem_data_wr_q[14]_i_1/O
                         net (fo=1, routed)           0.000    15.303    u_core/u_lsu/mem_data_wr_q_reg[31]_0[14]
    SLICE_X20Y8          FDCE                                         r  u_core/u_lsu/mem_data_wr_q_reg[14]/D
  -------------------------------------------------------------------    -------------------

                         (clock clk_i rise edge)     10.000    10.000 r  
                         propagated clock network latency
                                                      1.578    11.578    
                         clock pessimism              0.115    11.693    
                         clock uncertainty           -0.035    11.658    
    SLICE_X20Y8          FDCE (Setup_fdce_C_D)        0.079    11.737    u_core/u_lsu/mem_data_wr_q_reg[14]
  -------------------------------------------------------------------
                         required time                         11.737    
                         arrival time                         -15.303    
  -------------------------------------------------------------------
                         slack                                 -3.566    

Slack (VIOLATED) :        -3.526ns  (required time - arrival time)
  Source:                 u_tcm/u_ram/ram_reg_3_2/CLKBWRCLK
                            (rising edge-triggered cell RAMB36E1 clocked by clk_i  {rise@0.000ns fall@5.000ns period=10.000ns})
  Destination:            u_core/u_lsu/mem_data_wr_q_reg[30]/D
                            (rising edge-triggered cell FDCE clocked by clk_i  {rise@0.000ns fall@5.000ns period=10.000ns})
  Path Group:             clk_i
  Path Type:              Setup (Max at Slow Process Corner)
  Requirement:            10.000ns  (clk_i rise@10.000ns - clk_i rise@0.000ns)
  Data Path Delay:        13.427ns  (logic 4.765ns (35.488%)  route 8.662ns (64.512%))
  Logic Levels:           14  (CARRY4=1 LUT3=1 LUT5=2 LUT6=8 MUXF7=1 MUXF8=1)
  Clock Path Skew:        -0.095ns (DCD - SCD + CPR)
    Destination Clock Delay (DCD):    1.580ns = ( 11.580 - 10.000 ) 
    Source Clock Delay      (SCD):    1.790ns
    Clock Pessimism Removal (CPR):    0.115ns
  Clock Uncertainty:      0.035ns  ((TSJ^2 + TIJ^2)^1/2 + DJ) / 2 + PE
    Total System Jitter     (TSJ):    0.071ns
    Total Input Jitter      (TIJ):    0.000ns
    Discrete Jitter          (DJ):    0.000ns
    Phase Error              (PE):    0.000ns

    Location             Delay type                Incr(ns)  Path(ns)    Netlist Resource(s)
  -------------------------------------------------------------------    -------------------
                         (clock clk_i rise edge)      0.000     0.000 r  
                         propagated clock network latency
                                                      1.790     1.790    
    RAMB36_X0Y3          RAMB36E1                     0.000     1.790 r  u_tcm/u_ram/ram_reg_3_2/CLKBWRCLK
    RAMB36_X0Y3          RAMB36E1 (Prop_ramb36e1_CLKBWRCLK_DOBDO[1])
                                                      2.454     4.244 f  u_tcm/u_ram/ram_reg_3_2/DOBDO[1]
                         net (fo=15, routed)          0.989     5.234    u_core/u_fetch/ram_read0_q[29]
    SLICE_X13Y13         LUT3 (Prop_lut3_I1_O)        0.124     5.358 f  u_core/u_fetch/exception_e1_q[1]_i_2/O
                         net (fo=23, routed)          1.064     6.422    u_core/u_fetch/fetch_dec_instr_w[29]
    SLICE_X20Y10         LUT5 (Prop_lut5_I1_O)        0.124     6.546 f  u_core/u_fetch/ctrl_e1_q[7]_i_4/O
                         net (fo=6, routed)           0.703     7.249    u_core/u_fetch/ctrl_e1_q[7]_i_4_n_0
    SLICE_X20Y8          LUT6 (Prop_lut6_I3_O)        0.124     7.373 f  u_core/u_fetch/rd_valid_e1_q_i_130/O
                         net (fo=1, routed)           1.052     8.425    u_core/u_fetch/rd_valid_e1_q_i_130_n_0
    SLICE_X24Y9          LUT6 (Prop_lut6_I1_O)        0.124     8.549 f  u_core/u_fetch/rd_valid_e1_q_i_95/O
                         net (fo=48, routed)          0.593     9.142    u_core/u_issue/u_pipe_ctrl/rd_valid_e1_q_reg_i_36_0
    SLICE_X27Y7          LUT6 (Prop_lut6_I3_O)        0.124     9.266 f  u_core/u_issue/u_pipe_ctrl/rd_valid_e1_q_i_67/O
                         net (fo=1, routed)           0.000     9.266    u_core/u_issue/u_pipe_ctrl/rd_valid_e1_q_i_67_n_0
    SLICE_X27Y7          MUXF7 (Prop_muxf7_I1_O)      0.245     9.511 f  u_core/u_issue/u_pipe_ctrl/rd_valid_e1_q_reg_i_32/O
                         net (fo=1, routed)           0.000     9.511    u_core/u_issue/u_pipe_ctrl/rd_valid_e1_q_reg_i_32_n_0
    SLICE_X27Y7          MUXF8 (Prop_muxf8_I0_O)      0.104     9.615 f  u_core/u_issue/u_pipe_ctrl/rd_valid_e1_q_reg_i_15/O
                         net (fo=1, routed)           0.848    10.463    u_core/u_issue/u_pipe_ctrl/rd_valid_e1_q_reg_i_15_n_0
    SLICE_X26Y7          LUT6 (Prop_lut6_I1_O)        0.316    10.779 f  u_core/u_issue/u_pipe_ctrl/rd_valid_e1_q_i_8/O
                         net (fo=3, routed)           0.946    11.725    u_core/u_fetch/opcode_issue_r4_alias
    SLICE_X23Y7          LUT6 (Prop_lut6_I2_O)        0.124    11.849 r  u_core/u_fetch/mem_writeback_q_i_6_comp/O
                         net (fo=37, routed)          0.703    12.552    u_core/u_fetch/mem_writeback_q_i_6_n_0
    SLICE_X23Y6          LUT6 (Prop_lut6_I3_O)        0.124    12.676 r  u_core/u_fetch/mem_wr_q[3]_i_8_comp/O
                         net (fo=1, routed)           0.000    12.676    u_core/u_fetch/mem_wr_q[3]_i_8_n_0
    SLICE_X23Y6          CARRY4 (Prop_carry4_S[1]_O[1])
                                                      0.227    12.903 r  u_core/u_fetch/mem_wr_q_reg[3]_i_3/O[1]
                         net (fo=18, routed)          0.602    13.505    u_core/u_fetch/O[1]
    SLICE_X22Y8          LUT6 (Prop_lut6_I3_O)        0.303    13.808 f  u_core/u_fetch/mem_data_wr_q[23]_i_4_comp/O
                         net (fo=11, routed)          0.660    14.468    u_core/u_fetch/mem_data_r113_out
    SLICE_X21Y6          LUT5 (Prop_lut5_I0_O)        0.124    14.592 r  u_core/u_fetch/mem_data_wr_q[31]_i_2/O
                         net (fo=8, routed)           0.502    15.094    u_core/u_issue/u_pipe_ctrl/mem_data_wr_q_reg[30]
    SLICE_X19Y5          LUT6 (Prop_lut6_I1_O)        0.124    15.218 r  u_core/u_issue/u_pipe_ctrl/mem_data_wr_q[30]_i_1/O
                         net (fo=1, routed)           0.000    15.218    u_core/u_lsu/mem_data_wr_q_reg[31]_0[30]
    SLICE_X19Y5          FDCE                                         r  u_core/u_lsu/mem_data_wr_q_reg[30]/D
  -------------------------------------------------------------------    -------------------

                         (clock clk_i rise edge)     10.000    10.000 r  
                         propagated clock network latency
                                                      1.580    11.580    
                         clock pessimism              0.115    11.695    
                         clock uncertainty           -0.035    11.660    
    SLICE_X19Y5          FDCE (Setup_fdce_C_D)        0.032    11.692    u_core/u_lsu/mem_data_wr_q_reg[30]
  -------------------------------------------------------------------
                         required time                         11.692    
                         arrival time                         -15.218    
  -------------------------------------------------------------------
                         slack                                 -3.526    

Slack (VIOLATED) :        -3.524ns  (required time - arrival time)
  Source:                 u_tcm/u_ram/ram_reg_3_2/CLKBWRCLK
                            (rising edge-triggered cell RAMB36E1 clocked by clk_i  {rise@0.000ns fall@5.000ns period=10.000ns})
  Destination:            u_core/u_lsu/mem_data_wr_q_reg[25]/D
                            (rising edge-triggered cell FDCE clocked by clk_i  {rise@0.000ns fall@5.000ns period=10.000ns})
  Path Group:             clk_i
  Path Type:              Setup (Max at Slow Process Corner)
  Requirement:            10.000ns  (clk_i rise@10.000ns - clk_i rise@0.000ns)
  Data Path Delay:        13.421ns  (logic 4.765ns (35.503%)  route 8.656ns (64.497%))
  Logic Levels:           14  (CARRY4=1 LUT3=1 LUT5=2 LUT6=8 MUXF7=1 MUXF8=1)
  Clock Path Skew:        -0.098ns (DCD - SCD + CPR)
    Destination Clock Delay (DCD):    1.577ns = ( 11.577 - 10.000 ) 
    Source Clock Delay      (SCD):    1.790ns
    Clock Pessimism Removal (CPR):    0.115ns
  Clock Uncertainty:      0.035ns  ((TSJ^2 + TIJ^2)^1/2 + DJ) / 2 + PE
    Total System Jitter     (TSJ):    0.071ns
    Total Input Jitter      (TIJ):    0.000ns
    Discrete Jitter          (DJ):    0.000ns
    Phase Error              (PE):    0.000ns

    Location             Delay type                Incr(ns)  Path(ns)    Netlist Resource(s)
  -------------------------------------------------------------------    -------------------
                         (clock clk_i rise edge)      0.000     0.000 r  
                         propagated clock network latency
                                                      1.790     1.790    
    RAMB36_X0Y3          RAMB36E1                     0.000     1.790 r  u_tcm/u_ram/ram_reg_3_2/CLKBWRCLK
    RAMB36_X0Y3          RAMB36E1 (Prop_ramb36e1_CLKBWRCLK_DOBDO[1])
                                                      2.454     4.244 f  u_tcm/u_ram/ram_reg_3_2/DOBDO[1]
                         net (fo=15, routed)          0.989     5.234    u_core/u_fetch/ram_read0_q[29]
    SLICE_X13Y13         LUT3 (Prop_lut3_I1_O)        0.124     5.358 f  u_core/u_fetch/exception_e1_q[1]_i_2/O
                         net (fo=23, routed)          1.064     6.422    u_core/u_fetch/fetch_dec_instr_w[29]
    SLICE_X20Y10         LUT5 (Prop_lut5_I1_O)        0.124     6.546 f  u_core/u_fetch/ctrl_e1_q[7]_i_4/O
                         net (fo=6, routed)           0.703     7.249    u_core/u_fetch/ctrl_e1_q[7]_i_4_n_0
    SLICE_X20Y8          LUT6 (Prop_lut6_I3_O)        0.124     7.373 f  u_core/u_fetch/rd_valid_e1_q_i_130/O
                         net (fo=1, routed)           1.052     8.425    u_core/u_fetch/rd_valid_e1_q_i_130_n_0
    SLICE_X24Y9          LUT6 (Prop_lut6_I1_O)        0.124     8.549 f  u_core/u_fetch/rd_valid_e1_q_i_95/O
                         net (fo=48, routed)          0.593     9.142    u_core/u_issue/u_pipe_ctrl/rd_valid_e1_q_reg_i_36_0
    SLICE_X27Y7          LUT6 (Prop_lut6_I3_O)        0.124     9.266 f  u_core/u_issue/u_pipe_ctrl/rd_valid_e1_q_i_67/O
                         net (fo=1, routed)           0.000     9.266    u_core/u_issue/u_pipe_ctrl/rd_valid_e1_q_i_67_n_0
    SLICE_X27Y7          MUXF7 (Prop_muxf7_I1_O)      0.245     9.511 f  u_core/u_issue/u_pipe_ctrl/rd_valid_e1_q_reg_i_32/O
                         net (fo=1, routed)           0.000     9.511    u_core/u_issue/u_pipe_ctrl/rd_valid_e1_q_reg_i_32_n_0
    SLICE_X27Y7          MUXF8 (Prop_muxf8_I0_O)      0.104     9.615 f  u_core/u_issue/u_pipe_ctrl/rd_valid_e1_q_reg_i_15/O
                         net (fo=1, routed)           0.848    10.463    u_core/u_issue/u_pipe_ctrl/rd_valid_e1_q_reg_i_15_n_0
    SLICE_X26Y7          LUT6 (Prop_lut6_I1_O)        0.316    10.779 f  u_core/u_issue/u_pipe_ctrl/rd_valid_e1_q_i_8/O
                         net (fo=3, routed)           0.946    11.725    u_core/u_fetch/opcode_issue_r4_alias
    SLICE_X23Y7          LUT6 (Prop_lut6_I2_O)        0.124    11.849 r  u_core/u_fetch/mem_writeback_q_i_6_comp/O
                         net (fo=37, routed)          0.703    12.552    u_core/u_fetch/mem_writeback_q_i_6_n_0
    SLICE_X23Y6          LUT6 (Prop_lut6_I3_O)        0.124    12.676 r  u_core/u_fetch/mem_wr_q[3]_i_8_comp/O
                         net (fo=1, routed)           0.000    12.676    u_core/u_fetch/mem_wr_q[3]_i_8_n_0
    SLICE_X23Y6          CARRY4 (Prop_carry4_S[1]_O[1])
                                                      0.227    12.903 r  u_core/u_fetch/mem_wr_q_reg[3]_i_3/O[1]
                         net (fo=18, routed)          0.602    13.505    u_core/u_fetch/O[1]
    SLICE_X22Y8          LUT6 (Prop_lut6_I3_O)        0.303    13.808 f  u_core/u_fetch/mem_data_wr_q[23]_i_4_comp/O
                         net (fo=11, routed)          0.660    14.468    u_core/u_fetch/mem_data_r113_out
    SLICE_X21Y6          LUT5 (Prop_lut5_I0_O)        0.124    14.592 r  u_core/u_fetch/mem_data_wr_q[31]_i_2/O
                         net (fo=8, routed)           0.496    15.088    u_core/u_issue/u_pipe_ctrl/mem_data_wr_q_reg[30]
    SLICE_X23Y8          LUT6 (Prop_lut6_I1_O)        0.124    15.212 r  u_core/u_issue/u_pipe_ctrl/mem_data_wr_q[25]_i_1/O
                         net (fo=1, routed)           0.000    15.212    u_core/u_lsu/mem_data_wr_q_reg[31]_0[25]
    SLICE_X23Y8          FDCE                                         r  u_core/u_lsu/mem_data_wr_q_reg[25]/D
  -------------------------------------------------------------------    -------------------

                         (clock clk_i rise edge)     10.000    10.000 r  
                         propagated clock network latency
                                                      1.577    11.577    
                         clock pessimism              0.115    11.692    
                         clock uncertainty           -0.035    11.657    
    SLICE_X23Y8          FDCE (Setup_fdce_C_D)        0.031    11.688    u_core/u_lsu/mem_data_wr_q_reg[25]
  -------------------------------------------------------------------
                         required time                         11.688    
                         arrival time                         -15.212    
  -------------------------------------------------------------------
                         slack                                 -3.524    

Slack (VIOLATED) :        -3.482ns  (required time - arrival time)
  Source:                 u_tcm/u_ram/ram_reg_3_2/CLKBWRCLK
                            (rising edge-triggered cell RAMB36E1 clocked by clk_i  {rise@0.000ns fall@5.000ns period=10.000ns})
  Destination:            u_core/u_lsu/mem_data_wr_q_reg[11]/D
                            (rising edge-triggered cell FDCE clocked by clk_i  {rise@0.000ns fall@5.000ns period=10.000ns})
  Path Group:             clk_i
  Path Type:              Setup (Max at Slow Process Corner)
  Requirement:            10.000ns  (clk_i rise@10.000ns - clk_i rise@0.000ns)
  Data Path Delay:        13.381ns  (logic 4.765ns (35.611%)  route 8.616ns (64.389%))
  Logic Levels:           14  (CARRY4=1 LUT3=1 LUT4=1 LUT5=1 LUT6=8 MUXF7=1 MUXF8=1)
  Clock Path Skew:        -0.097ns (DCD - SCD + CPR)
    Destination Clock Delay (DCD):    1.578ns = ( 11.578 - 10.000 ) 
    Source Clock Delay      (SCD):    1.790ns
    Clock Pessimism Removal (CPR):    0.115ns
  Clock Uncertainty:      0.035ns  ((TSJ^2 + TIJ^2)^1/2 + DJ) / 2 + PE
    Total System Jitter     (TSJ):    0.071ns
    Total Input Jitter      (TIJ):    0.000ns
    Discrete Jitter          (DJ):    0.000ns
    Phase Error              (PE):    0.000ns

    Location             Delay type                Incr(ns)  Path(ns)    Netlist Resource(s)
  -------------------------------------------------------------------    -------------------
                         (clock clk_i rise edge)      0.000     0.000 r  
                         propagated clock network latency
                                                      1.790     1.790    
    RAMB36_X0Y3          RAMB36E1                     0.000     1.790 r  u_tcm/u_ram/ram_reg_3_2/CLKBWRCLK
    RAMB36_X0Y3          RAMB36E1 (Prop_ramb36e1_CLKBWRCLK_DOBDO[1])
                                                      2.454     4.244 f  u_tcm/u_ram/ram_reg_3_2/DOBDO[1]
                         net (fo=15, routed)          0.989     5.234    u_core/u_fetch/ram_read0_q[29]
    SLICE_X13Y13         LUT3 (Prop_lut3_I1_O)        0.124     5.358 f  u_core/u_fetch/exception_e1_q[1]_i_2/O
                         net (fo=23, routed)          1.064     6.422    u_core/u_fetch/fetch_dec_instr_w[29]
    SLICE_X20Y10         LUT5 (Prop_lut5_I1_O)        0.124     6.546 f  u_core/u_fetch/ctrl_e1_q[7]_i_4/O
                         net (fo=6, routed)           0.703     7.249    u_core/u_fetch/ctrl_e1_q[7]_i_4_n_0
    SLICE_X20Y8          LUT6 (Prop_lut6_I3_O)        0.124     7.373 f  u_core/u_fetch/rd_valid_e1_q_i_130/O
                         net (fo=1, routed)           1.052     8.425    u_core/u_fetch/rd_valid_e1_q_i_130_n_0
    SLICE_X24Y9          LUT6 (Prop_lut6_I1_O)        0.124     8.549 f  u_core/u_fetch/rd_valid_e1_q_i_95/O
                         net (fo=48, routed)          0.593     9.142    u_core/u_issue/u_pipe_ctrl/rd_valid_e1_q_reg_i_36_0
    SLICE_X27Y7          LUT6 (Prop_lut6_I3_O)        0.124     9.266 f  u_core/u_issue/u_pipe_ctrl/rd_valid_e1_q_i_67/O
                         net (fo=1, routed)           0.000     9.266    u_core/u_issue/u_pipe_ctrl/rd_valid_e1_q_i_67_n_0
    SLICE_X27Y7          MUXF7 (Prop_muxf7_I1_O)      0.245     9.511 f  u_core/u_issue/u_pipe_ctrl/rd_valid_e1_q_reg_i_32/O
                         net (fo=1, routed)           0.000     9.511    u_core/u_issue/u_pipe_ctrl/rd_valid_e1_q_reg_i_32_n_0
    SLICE_X27Y7          MUXF8 (Prop_muxf8_I0_O)      0.104     9.615 f  u_core/u_issue/u_pipe_ctrl/rd_valid_e1_q_reg_i_15/O
                         net (fo=1, routed)           0.848    10.463    u_core/u_issue/u_pipe_ctrl/rd_valid_e1_q_reg_i_15_n_0
    SLICE_X26Y7          LUT6 (Prop_lut6_I1_O)        0.316    10.779 f  u_core/u_issue/u_pipe_ctrl/rd_valid_e1_q_i_8/O
                         net (fo=3, routed)           0.946    11.725    u_core/u_fetch/opcode_issue_r4_alias
    SLICE_X23Y7          LUT6 (Prop_lut6_I2_O)        0.124    11.849 r  u_core/u_fetch/mem_writeback_q_i_6_comp/O
                         net (fo=37, routed)          0.703    12.552    u_core/u_fetch/mem_writeback_q_i_6_n_0
    SLICE_X23Y6          LUT6 (Prop_lut6_I3_O)        0.124    12.676 r  u_core/u_fetch/mem_wr_q[3]_i_8_comp/O
                         net (fo=1, routed)           0.000    12.676    u_core/u_fetch/mem_wr_q[3]_i_8_n_0
    SLICE_X23Y6          CARRY4 (Prop_carry4_S[1]_O[1])
                                                      0.227    12.903 f  u_core/u_fetch/mem_wr_q_reg[3]_i_3/O[1]
                         net (fo=18, routed)          0.482    13.386    u_core/u_fetch/O[1]
    SLICE_X22Y6          LUT6 (Prop_lut6_I3_O)        0.303    13.689 r  u_core/u_fetch/mem_wr_q[3]_i_4_comp/O
                         net (fo=9, routed)           0.849    14.538    u_core/u_fetch/u_lsu/mem_data_r112_out
    SLICE_X22Y8          LUT6 (Prop_lut6_I2_O)        0.124    14.662 r  u_core/u_fetch/mem_wr_q[0]_i_5_comp_3/O
                         net (fo=14, routed)          0.385    15.047    u_core/u_issue/u_pipe_ctrl/mem_data_wr_q_reg[15]_0
    SLICE_X21Y8          LUT4 (Prop_lut4_I3_O)        0.124    15.171 r  u_core/u_issue/u_pipe_ctrl/mem_data_wr_q[11]_i_1/O
                         net (fo=1, routed)           0.000    15.171    u_core/u_lsu/mem_data_wr_q_reg[31]_0[11]
    SLICE_X21Y8          FDCE                                         r  u_core/u_lsu/mem_data_wr_q_reg[11]/D
  -------------------------------------------------------------------    -------------------

                         (clock clk_i rise edge)     10.000    10.000 r  
                         propagated clock network latency
                                                      1.578    11.578    
                         clock pessimism              0.115    11.693    
                         clock uncertainty           -0.035    11.658    
    SLICE_X21Y8          FDCE (Setup_fdce_C_D)        0.032    11.690    u_core/u_lsu/mem_data_wr_q_reg[11]
  -------------------------------------------------------------------
                         required time                         11.690    
                         arrival time                         -15.171    
  -------------------------------------------------------------------
                         slack                                 -3.482    

Slack (VIOLATED) :        -3.481ns  (required time - arrival time)
  Source:                 u_tcm/u_ram/ram_reg_3_2/CLKBWRCLK
                            (rising edge-triggered cell RAMB36E1 clocked by clk_i  {rise@0.000ns fall@5.000ns period=10.000ns})
  Destination:            u_core/u_lsu/mem_data_wr_q_reg[12]/D
                            (rising edge-triggered cell FDCE clocked by clk_i  {rise@0.000ns fall@5.000ns period=10.000ns})
  Path Group:             clk_i
  Path Type:              Setup (Max at Slow Process Corner)
  Requirement:            10.000ns  (clk_i rise@10.000ns - clk_i rise@0.000ns)
  Data Path Delay:        13.380ns  (logic 4.765ns (35.613%)  route 8.615ns (64.387%))
  Logic Levels:           14  (CARRY4=1 LUT3=1 LUT5=2 LUT6=8 MUXF7=1 MUXF8=1)
  Clock Path Skew:        -0.096ns (DCD - SCD + CPR)
    Destination Clock Delay (DCD):    1.579ns = ( 11.579 - 10.000 ) 
    Source Clock Delay      (SCD):    1.790ns
    Clock Pessimism Removal (CPR):    0.115ns
  Clock Uncertainty:      0.035ns  ((TSJ^2 + TIJ^2)^1/2 + DJ) / 2 + PE
    Total System Jitter     (TSJ):    0.071ns
    Total Input Jitter      (TIJ):    0.000ns
    Discrete Jitter          (DJ):    0.000ns
    Phase Error              (PE):    0.000ns

    Location             Delay type                Incr(ns)  Path(ns)    Netlist Resource(s)
  -------------------------------------------------------------------    -------------------
                         (clock clk_i rise edge)      0.000     0.000 r  
                         propagated clock network latency
                                                      1.790     1.790    
    RAMB36_X0Y3          RAMB36E1                     0.000     1.790 r  u_tcm/u_ram/ram_reg_3_2/CLKBWRCLK
    RAMB36_X0Y3          RAMB36E1 (Prop_ramb36e1_CLKBWRCLK_DOBDO[1])
                                                      2.454     4.244 f  u_tcm/u_ram/ram_reg_3_2/DOBDO[1]
                         net (fo=15, routed)          0.989     5.234    u_core/u_fetch/ram_read0_q[29]
    SLICE_X13Y13         LUT3 (Prop_lut3_I1_O)        0.124     5.358 f  u_core/u_fetch/exception_e1_q[1]_i_2/O
                         net (fo=23, routed)          1.064     6.422    u_core/u_fetch/fetch_dec_instr_w[29]
    SLICE_X20Y10         LUT5 (Prop_lut5_I1_O)        0.124     6.546 f  u_core/u_fetch/ctrl_e1_q[7]_i_4/O
                         net (fo=6, routed)           0.703     7.249    u_core/u_fetch/ctrl_e1_q[7]_i_4_n_0
    SLICE_X20Y8          LUT6 (Prop_lut6_I3_O)        0.124     7.373 f  u_core/u_fetch/rd_valid_e1_q_i_130/O
                         net (fo=1, routed)           1.052     8.425    u_core/u_fetch/rd_valid_e1_q_i_130_n_0
    SLICE_X24Y9          LUT6 (Prop_lut6_I1_O)        0.124     8.549 f  u_core/u_fetch/rd_valid_e1_q_i_95/O
                         net (fo=48, routed)          0.593     9.142    u_core/u_issue/u_pipe_ctrl/rd_valid_e1_q_reg_i_36_0
    SLICE_X27Y7          LUT6 (Prop_lut6_I3_O)        0.124     9.266 f  u_core/u_issue/u_pipe_ctrl/rd_valid_e1_q_i_67/O
                         net (fo=1, routed)           0.000     9.266    u_core/u_issue/u_pipe_ctrl/rd_valid_e1_q_i_67_n_0
    SLICE_X27Y7          MUXF7 (Prop_muxf7_I1_O)      0.245     9.511 f  u_core/u_issue/u_pipe_ctrl/rd_valid_e1_q_reg_i_32/O
                         net (fo=1, routed)           0.000     9.511    u_core/u_issue/u_pipe_ctrl/rd_valid_e1_q_reg_i_32_n_0
    SLICE_X27Y7          MUXF8 (Prop_muxf8_I0_O)      0.104     9.615 f  u_core/u_issue/u_pipe_ctrl/rd_valid_e1_q_reg_i_15/O
                         net (fo=1, routed)           0.848    10.463    u_core/u_issue/u_pipe_ctrl/rd_valid_e1_q_reg_i_15_n_0
    SLICE_X26Y7          LUT6 (Prop_lut6_I1_O)        0.316    10.779 f  u_core/u_issue/u_pipe_ctrl/rd_valid_e1_q_i_8/O
                         net (fo=3, routed)           0.946    11.725    u_core/u_fetch/opcode_issue_r4_alias
    SLICE_X23Y7          LUT6 (Prop_lut6_I2_O)        0.124    11.849 r  u_core/u_fetch/mem_writeback_q_i_6_comp/O
                         net (fo=37, routed)          0.703    12.552    u_core/u_fetch/mem_writeback_q_i_6_n_0
    SLICE_X23Y6          LUT6 (Prop_lut6_I3_O)        0.124    12.676 r  u_core/u_fetch/mem_wr_q[3]_i_8_comp/O
                         net (fo=1, routed)           0.000    12.676    u_core/u_fetch/mem_wr_q[3]_i_8_n_0
    SLICE_X23Y6          CARRY4 (Prop_carry4_S[1]_O[1])
                                                      0.227    12.903 r  u_core/u_fetch/mem_wr_q_reg[3]_i_3/O[1]
                         net (fo=18, routed)          0.482    13.386    u_core/u_fetch/O[1]
    SLICE_X22Y6          LUT6 (Prop_lut6_I3_O)        0.303    13.689 f  u_core/u_fetch/mem_wr_q[3]_i_4_comp/O
                         net (fo=9, routed)           0.715    14.403    u_core/u_fetch/u_lsu/mem_data_r112_out
    SLICE_X20Y7          LUT5 (Prop_lut5_I4_O)        0.124    14.527 r  u_core/u_fetch/mem_data_wr_q[15]_i_2/O
                         net (fo=7, routed)           0.519    15.046    u_core/u_issue/u_pipe_ctrl/mem_data_wr_q_reg[15]
    SLICE_X19Y8          LUT6 (Prop_lut6_I3_O)        0.124    15.170 r  u_core/u_issue/u_pipe_ctrl/mem_data_wr_q[12]_i_1_comp/O
                         net (fo=1, routed)           0.000    15.170    u_core/u_lsu/mem_data_wr_q_reg[31]_0[12]
    SLICE_X19Y8          FDCE                                         r  u_core/u_lsu/mem_data_wr_q_reg[12]/D
  -------------------------------------------------------------------    -------------------

                         (clock clk_i rise edge)     10.000    10.000 r  
                         propagated clock network latency
                                                      1.579    11.579    
                         clock pessimism              0.115    11.694    
                         clock uncertainty           -0.035    11.659    
    SLICE_X19Y8          FDCE (Setup_fdce_C_D)        0.031    11.690    u_core/u_lsu/mem_data_wr_q_reg[12]
  -------------------------------------------------------------------
                         required time                         11.690    
                         arrival time                         -15.170    
  -------------------------------------------------------------------
                         slack                                 -3.481    

Slack (VIOLATED) :        -3.478ns  (required time - arrival time)
  Source:                 u_tcm/u_ram/ram_reg_3_2/CLKBWRCLK
                            (rising edge-triggered cell RAMB36E1 clocked by clk_i  {rise@0.000ns fall@5.000ns period=10.000ns})
  Destination:            u_core/u_lsu/mem_data_wr_q_reg[2]/D
                            (rising edge-triggered cell FDCE clocked by clk_i  {rise@0.000ns fall@5.000ns period=10.000ns})
  Path Group:             clk_i
  Path Type:              Setup (Max at Slow Process Corner)
  Requirement:            10.000ns  (clk_i rise@10.000ns - clk_i rise@0.000ns)
  Data Path Delay:        13.376ns  (logic 4.765ns (35.624%)  route 8.611ns (64.376%))
  Logic Levels:           14  (CARRY4=1 LUT3=2 LUT5=1 LUT6=8 MUXF7=1 MUXF8=1)
  Clock Path Skew:        -0.097ns (DCD - SCD + CPR)
    Destination Clock Delay (DCD):    1.578ns = ( 11.578 - 10.000 ) 
    Source Clock Delay      (SCD):    1.790ns
    Clock Pessimism Removal (CPR):    0.115ns
  Clock Uncertainty:      0.035ns  ((TSJ^2 + TIJ^2)^1/2 + DJ) / 2 + PE
    Total System Jitter     (TSJ):    0.071ns
    Total Input Jitter      (TIJ):    0.000ns
    Discrete Jitter          (DJ):    0.000ns
    Phase Error              (PE):    0.000ns

    Location             Delay type                Incr(ns)  Path(ns)    Netlist Resource(s)
  -------------------------------------------------------------------    -------------------
                         (clock clk_i rise edge)      0.000     0.000 r  
                         propagated clock network latency
                                                      1.790     1.790    
    RAMB36_X0Y3          RAMB36E1                     0.000     1.790 r  u_tcm/u_ram/ram_reg_3_2/CLKBWRCLK
    RAMB36_X0Y3          RAMB36E1 (Prop_ramb36e1_CLKBWRCLK_DOBDO[1])
                                                      2.454     4.244 f  u_tcm/u_ram/ram_reg_3_2/DOBDO[1]
                         net (fo=15, routed)          0.989     5.234    u_core/u_fetch/ram_read0_q[29]
    SLICE_X13Y13         LUT3 (Prop_lut3_I1_O)        0.124     5.358 f  u_core/u_fetch/exception_e1_q[1]_i_2/O
                         net (fo=23, routed)          1.064     6.422    u_core/u_fetch/fetch_dec_instr_w[29]
    SLICE_X20Y10         LUT5 (Prop_lut5_I1_O)        0.124     6.546 f  u_core/u_fetch/ctrl_e1_q[7]_i_4/O
                         net (fo=6, routed)           0.703     7.249    u_core/u_fetch/ctrl_e1_q[7]_i_4_n_0
    SLICE_X20Y8          LUT6 (Prop_lut6_I3_O)        0.124     7.373 f  u_core/u_fetch/rd_valid_e1_q_i_130/O
                         net (fo=1, routed)           1.052     8.425    u_core/u_fetch/rd_valid_e1_q_i_130_n_0
    SLICE_X24Y9          LUT6 (Prop_lut6_I1_O)        0.124     8.549 f  u_core/u_fetch/rd_valid_e1_q_i_95/O
                         net (fo=48, routed)          0.593     9.142    u_core/u_issue/u_pipe_ctrl/rd_valid_e1_q_reg_i_36_0
    SLICE_X27Y7          LUT6 (Prop_lut6_I3_O)        0.124     9.266 f  u_core/u_issue/u_pipe_ctrl/rd_valid_e1_q_i_67/O
                         net (fo=1, routed)           0.000     9.266    u_core/u_issue/u_pipe_ctrl/rd_valid_e1_q_i_67_n_0
    SLICE_X27Y7          MUXF7 (Prop_muxf7_I1_O)      0.245     9.511 f  u_core/u_issue/u_pipe_ctrl/rd_valid_e1_q_reg_i_32/O
                         net (fo=1, routed)           0.000     9.511    u_core/u_issue/u_pipe_ctrl/rd_valid_e1_q_reg_i_32_n_0
    SLICE_X27Y7          MUXF8 (Prop_muxf8_I0_O)      0.104     9.615 f  u_core/u_issue/u_pipe_ctrl/rd_valid_e1_q_reg_i_15/O
                         net (fo=1, routed)           0.848    10.463    u_core/u_issue/u_pipe_ctrl/rd_valid_e1_q_reg_i_15_n_0
    SLICE_X26Y7          LUT6 (Prop_lut6_I1_O)        0.316    10.779 f  u_core/u_issue/u_pipe_ctrl/rd_valid_e1_q_i_8/O
                         net (fo=3, routed)           0.946    11.725    u_core/u_fetch/opcode_issue_r4_alias
    SLICE_X23Y7          LUT6 (Prop_lut6_I2_O)        0.124    11.849 r  u_core/u_fetch/mem_writeback_q_i_6_comp/O
                         net (fo=37, routed)          0.703    12.552    u_core/u_fetch/mem_writeback_q_i_6_n_0
    SLICE_X23Y6          LUT6 (Prop_lut6_I3_O)        0.124    12.676 r  u_core/u_fetch/mem_wr_q[3]_i_8_comp/O
                         net (fo=1, routed)           0.000    12.676    u_core/u_fetch/mem_wr_q[3]_i_8_n_0
    SLICE_X23Y6          CARRY4 (Prop_carry4_S[1]_O[1])
                                                      0.227    12.903 f  u_core/u_fetch/mem_wr_q_reg[3]_i_3/O[1]
                         net (fo=18, routed)          0.482    13.386    u_core/u_fetch/O[1]
    SLICE_X22Y6          LUT6 (Prop_lut6_I3_O)        0.303    13.689 r  u_core/u_fetch/mem_wr_q[3]_i_4_comp/O
                         net (fo=9, routed)           0.849    14.538    u_core/u_fetch/u_lsu/mem_data_r112_out
    SLICE_X22Y8          LUT6 (Prop_lut6_I2_O)        0.124    14.662 r  u_core/u_fetch/mem_wr_q[0]_i_5_comp_3/O
                         net (fo=14, routed)          0.380    15.042    u_core/u_fetch/mem_d_ack_q_reg
    SLICE_X21Y8          LUT3 (Prop_lut3_I0_O)        0.124    15.166 r  u_core/u_fetch/mem_data_wr_q[2]_i_1/O
                         net (fo=1, routed)           0.000    15.166    u_core/u_lsu/mem_data_wr_q_reg[31]_0[2]
    SLICE_X21Y8          FDCE                                         r  u_core/u_lsu/mem_data_wr_q_reg[2]/D
  -------------------------------------------------------------------    -------------------

                         (clock clk_i rise edge)     10.000    10.000 r  
                         propagated clock network latency
                                                      1.578    11.578    
                         clock pessimism              0.115    11.693    
                         clock uncertainty           -0.035    11.658    
    SLICE_X21Y8          FDCE (Setup_fdce_C_D)        0.031    11.689    u_core/u_lsu/mem_data_wr_q_reg[2]
  -------------------------------------------------------------------
                         required time                         11.689    
                         arrival time                         -15.166    
  -------------------------------------------------------------------
                         slack                                 -3.478    

Slack (VIOLATED) :        -3.466ns  (required time - arrival time)
  Source:                 u_tcm/u_ram/ram_reg_3_2/CLKBWRCLK
                            (rising edge-triggered cell RAMB36E1 clocked by clk_i  {rise@0.000ns fall@5.000ns period=10.000ns})
  Destination:            u_core/u_lsu/mem_data_wr_q_reg[13]/D
                            (rising edge-triggered cell FDCE clocked by clk_i  {rise@0.000ns fall@5.000ns period=10.000ns})
  Path Group:             clk_i
  Path Type:              Setup (Max at Slow Process Corner)
  Requirement:            10.000ns  (clk_i rise@10.000ns - clk_i rise@0.000ns)
  Data Path Delay:        13.361ns  (logic 4.765ns (35.663%)  route 8.596ns (64.337%))
  Logic Levels:           14  (CARRY4=1 LUT3=1 LUT4=1 LUT5=1 LUT6=8 MUXF7=1 MUXF8=1)
  Clock Path Skew:        -0.098ns (DCD - SCD + CPR)
    Destination Clock Delay (DCD):    1.577ns = ( 11.577 - 10.000 ) 
    Source Clock Delay      (SCD):    1.790ns
    Clock Pessimism Removal (CPR):    0.115ns
  Clock Uncertainty:      0.035ns  ((TSJ^2 + TIJ^2)^1/2 + DJ) / 2 + PE
    Total System Jitter     (TSJ):    0.071ns
    Total Input Jitter      (TIJ):    0.000ns
    Discrete Jitter          (DJ):    0.000ns
    Phase Error              (PE):    0.000ns

    Location             Delay type                Incr(ns)  Path(ns)    Netlist Resource(s)
  -------------------------------------------------------------------    -------------------
                         (clock clk_i rise edge)      0.000     0.000 r  
                         propagated clock network latency
                                                      1.790     1.790    
    RAMB36_X0Y3          RAMB36E1                     0.000     1.790 r  u_tcm/u_ram/ram_reg_3_2/CLKBWRCLK
    RAMB36_X0Y3          RAMB36E1 (Prop_ramb36e1_CLKBWRCLK_DOBDO[1])
                                                      2.454     4.244 f  u_tcm/u_ram/ram_reg_3_2/DOBDO[1]
                         net (fo=15, routed)          0.989     5.234    u_core/u_fetch/ram_read0_q[29]
    SLICE_X13Y13         LUT3 (Prop_lut3_I1_O)        0.124     5.358 f  u_core/u_fetch/exception_e1_q[1]_i_2/O
                         net (fo=23, routed)          1.064     6.422    u_core/u_fetch/fetch_dec_instr_w[29]
    SLICE_X20Y10         LUT5 (Prop_lut5_I1_O)        0.124     6.546 f  u_core/u_fetch/ctrl_e1_q[7]_i_4/O
                         net (fo=6, routed)           0.703     7.249    u_core/u_fetch/ctrl_e1_q[7]_i_4_n_0
    SLICE_X20Y8          LUT6 (Prop_lut6_I3_O)        0.124     7.373 f  u_core/u_fetch/rd_valid_e1_q_i_130/O
                         net (fo=1, routed)           1.052     8.425    u_core/u_fetch/rd_valid_e1_q_i_130_n_0
    SLICE_X24Y9          LUT6 (Prop_lut6_I1_O)        0.124     8.549 f  u_core/u_fetch/rd_valid_e1_q_i_95/O
                         net (fo=48, routed)          0.593     9.142    u_core/u_issue/u_pipe_ctrl/rd_valid_e1_q_reg_i_36_0
    SLICE_X27Y7          LUT6 (Prop_lut6_I3_O)        0.124     9.266 f  u_core/u_issue/u_pipe_ctrl/rd_valid_e1_q_i_67/O
                         net (fo=1, routed)           0.000     9.266    u_core/u_issue/u_pipe_ctrl/rd_valid_e1_q_i_67_n_0
    SLICE_X27Y7          MUXF7 (Prop_muxf7_I1_O)      0.245     9.511 f  u_core/u_issue/u_pipe_ctrl/rd_valid_e1_q_reg_i_32/O
                         net (fo=1, routed)           0.000     9.511    u_core/u_issue/u_pipe_ctrl/rd_valid_e1_q_reg_i_32_n_0
    SLICE_X27Y7          MUXF8 (Prop_muxf8_I0_O)      0.104     9.615 f  u_core/u_issue/u_pipe_ctrl/rd_valid_e1_q_reg_i_15/O
                         net (fo=1, routed)           0.848    10.463    u_core/u_issue/u_pipe_ctrl/rd_valid_e1_q_reg_i_15_n_0
    SLICE_X26Y7          LUT6 (Prop_lut6_I1_O)        0.316    10.779 f  u_core/u_issue/u_pipe_ctrl/rd_valid_e1_q_i_8/O
                         net (fo=3, routed)           0.946    11.725    u_core/u_fetch/opcode_issue_r4_alias
    SLICE_X23Y7          LUT6 (Prop_lut6_I2_O)        0.124    11.849 r  u_core/u_fetch/mem_writeback_q_i_6_comp/O
                         net (fo=37, routed)          0.703    12.552    u_core/u_fetch/mem_writeback_q_i_6_n_0
    SLICE_X23Y6          LUT6 (Prop_lut6_I3_O)        0.124    12.676 r  u_core/u_fetch/mem_wr_q[3]_i_8_comp/O
                         net (fo=1, routed)           0.000    12.676    u_core/u_fetch/mem_wr_q[3]_i_8_n_0
    SLICE_X23Y6          CARRY4 (Prop_carry4_S[1]_O[1])
                                                      0.227    12.903 f  u_core/u_fetch/mem_wr_q_reg[3]_i_3/O[1]
                         net (fo=18, routed)          0.482    13.386    u_core/u_fetch/O[1]
    SLICE_X22Y6          LUT6 (Prop_lut6_I3_O)        0.303    13.689 r  u_core/u_fetch/mem_wr_q[3]_i_4_comp/O
                         net (fo=9, routed)           0.849    14.538    u_core/u_fetch/u_lsu/mem_data_r112_out
    SLICE_X22Y8          LUT6 (Prop_lut6_I2_O)        0.124    14.662 r  u_core/u_fetch/mem_wr_q[0]_i_5_comp_3/O
                         net (fo=14, routed)          0.366    15.028    u_core/u_issue/u_pipe_ctrl/mem_data_wr_q_reg[15]_0
    SLICE_X23Y8          LUT4 (Prop_lut4_I3_O)        0.124    15.152 r  u_core/u_issue/u_pipe_ctrl/mem_data_wr_q[13]_i_1/O
                         net (fo=1, routed)           0.000    15.152    u_core/u_lsu/mem_data_wr_q_reg[31]_0[13]
    SLICE_X23Y8          FDCE                                         r  u_core/u_lsu/mem_data_wr_q_reg[13]/D
  -------------------------------------------------------------------    -------------------

                         (clock clk_i rise edge)     10.000    10.000 r  
                         propagated clock network latency
                                                      1.577    11.577    
                         clock pessimism              0.115    11.692    
                         clock uncertainty           -0.035    11.657    
    SLICE_X23Y8          FDCE (Setup_fdce_C_D)        0.029    11.686    u_core/u_lsu/mem_data_wr_q_reg[13]
  -------------------------------------------------------------------
                         required time                         11.686    
                         arrival time                         -15.152    
  -------------------------------------------------------------------
                         slack                                 -3.466    

Slack (VIOLATED) :        -3.461ns  (required time - arrival time)
  Source:                 u_tcm/u_ram/ram_reg_3_2/CLKBWRCLK
                            (rising edge-triggered cell RAMB36E1 clocked by clk_i  {rise@0.000ns fall@5.000ns period=10.000ns})
  Destination:            u_core/u_lsu/mem_wr_q_reg[0]/D
                            (rising edge-triggered cell FDCE clocked by clk_i  {rise@0.000ns fall@5.000ns period=10.000ns})
  Path Group:             clk_i
  Path Type:              Setup (Max at Slow Process Corner)
  Requirement:            10.000ns  (clk_i rise@10.000ns - clk_i rise@0.000ns)
  Data Path Delay:        13.358ns  (logic 4.765ns (35.671%)  route 8.593ns (64.329%))
  Logic Levels:           14  (CARRY4=1 LUT3=1 LUT5=1 LUT6=9 MUXF7=1 MUXF8=1)
  Clock Path Skew:        -0.098ns (DCD - SCD + CPR)
    Destination Clock Delay (DCD):    1.577ns = ( 11.577 - 10.000 ) 
    Source Clock Delay      (SCD):    1.790ns
    Clock Pessimism Removal (CPR):    0.115ns
  Clock Uncertainty:      0.035ns  ((TSJ^2 + TIJ^2)^1/2 + DJ) / 2 + PE
    Total System Jitter     (TSJ):    0.071ns
    Total Input Jitter      (TIJ):    0.000ns
    Discrete Jitter          (DJ):    0.000ns
    Phase Error              (PE):    0.000ns

    Location             Delay type                Incr(ns)  Path(ns)    Netlist Resource(s)
  -------------------------------------------------------------------    -------------------
                         (clock clk_i rise edge)      0.000     0.000 r  
                         propagated clock network latency
                                                      1.790     1.790    
    RAMB36_X0Y3          RAMB36E1                     0.000     1.790 r  u_tcm/u_ram/ram_reg_3_2/CLKBWRCLK
    RAMB36_X0Y3          RAMB36E1 (Prop_ramb36e1_CLKBWRCLK_DOBDO[1])
                                                      2.454     4.244 f  u_tcm/u_ram/ram_reg_3_2/DOBDO[1]
                         net (fo=15, routed)          0.989     5.234    u_core/u_fetch/ram_read0_q[29]
    SLICE_X13Y13         LUT3 (Prop_lut3_I1_O)        0.124     5.358 f  u_core/u_fetch/exception_e1_q[1]_i_2/O
                         net (fo=23, routed)          1.064     6.422    u_core/u_fetch/fetch_dec_instr_w[29]
    SLICE_X20Y10         LUT5 (Prop_lut5_I1_O)        0.124     6.546 f  u_core/u_fetch/ctrl_e1_q[7]_i_4/O
                         net (fo=6, routed)           0.703     7.249    u_core/u_fetch/ctrl_e1_q[7]_i_4_n_0
    SLICE_X20Y8          LUT6 (Prop_lut6_I3_O)        0.124     7.373 f  u_core/u_fetch/rd_valid_e1_q_i_130/O
                         net (fo=1, routed)           1.052     8.425    u_core/u_fetch/rd_valid_e1_q_i_130_n_0
    SLICE_X24Y9          LUT6 (Prop_lut6_I1_O)        0.124     8.549 f  u_core/u_fetch/rd_valid_e1_q_i_95/O
                         net (fo=48, routed)          0.593     9.142    u_core/u_issue/u_pipe_ctrl/rd_valid_e1_q_reg_i_36_0
    SLICE_X27Y7          LUT6 (Prop_lut6_I3_O)        0.124     9.266 f  u_core/u_issue/u_pipe_ctrl/rd_valid_e1_q_i_67/O
                         net (fo=1, routed)           0.000     9.266    u_core/u_issue/u_pipe_ctrl/rd_valid_e1_q_i_67_n_0
    SLICE_X27Y7          MUXF7 (Prop_muxf7_I1_O)      0.245     9.511 f  u_core/u_issue/u_pipe_ctrl/rd_valid_e1_q_reg_i_32/O
                         net (fo=1, routed)           0.000     9.511    u_core/u_issue/u_pipe_ctrl/rd_valid_e1_q_reg_i_32_n_0
    SLICE_X27Y7          MUXF8 (Prop_muxf8_I0_O)      0.104     9.615 f  u_core/u_issue/u_pipe_ctrl/rd_valid_e1_q_reg_i_15/O
                         net (fo=1, routed)           0.848    10.463    u_core/u_issue/u_pipe_ctrl/rd_valid_e1_q_reg_i_15_n_0
    SLICE_X26Y7          LUT6 (Prop_lut6_I1_O)        0.316    10.779 f  u_core/u_issue/u_pipe_ctrl/rd_valid_e1_q_i_8/O
                         net (fo=3, routed)           0.946    11.725    u_core/u_fetch/opcode_issue_r4_alias
    SLICE_X23Y7          LUT6 (Prop_lut6_I2_O)        0.124    11.849 r  u_core/u_fetch/mem_writeback_q_i_6_comp/O
                         net (fo=37, routed)          0.703    12.552    u_core/u_fetch/mem_writeback_q_i_6_n_0
    SLICE_X23Y6          LUT6 (Prop_lut6_I3_O)        0.124    12.676 r  u_core/u_fetch/mem_wr_q[3]_i_8_comp/O
                         net (fo=1, routed)           0.000    12.676    u_core/u_fetch/mem_wr_q[3]_i_8_n_0
    SLICE_X23Y6          CARRY4 (Prop_carry4_S[1]_O[1])
                                                      0.227    12.903 f  u_core/u_fetch/mem_wr_q_reg[3]_i_3/O[1]
                         net (fo=18, routed)          0.482    13.386    u_core/u_fetch/O[1]
    SLICE_X22Y6          LUT6 (Prop_lut6_I3_O)        0.303    13.689 r  u_core/u_fetch/mem_wr_q[3]_i_4_comp/O
                         net (fo=9, routed)           0.849    14.538    u_core/u_fetch/u_lsu/mem_data_r112_out
    SLICE_X22Y8          LUT6 (Prop_lut6_I2_O)        0.124    14.662 r  u_core/u_fetch/mem_wr_q[0]_i_5_comp_3/O
                         net (fo=14, routed)          0.363    15.025    u_core/u_fetch/mem_d_ack_q_reg
    SLICE_X23Y8          LUT6 (Prop_lut6_I5_O)        0.124    15.149 r  u_core/u_fetch/mem_wr_q[0]_i_1/O
                         net (fo=1, routed)           0.000    15.149    u_core/u_lsu/mem_wr_q_reg[3]_0[0]
    SLICE_X23Y8          FDCE                                         r  u_core/u_lsu/mem_wr_q_reg[0]/D
  -------------------------------------------------------------------    -------------------

                         (clock clk_i rise edge)     10.000    10.000 r  
                         propagated clock network latency
                                                      1.577    11.577    
                         clock pessimism              0.115    11.692    
                         clock uncertainty           -0.035    11.657    
    SLICE_X23Y8          FDCE (Setup_fdce_C_D)        0.031    11.688    u_core/u_lsu/mem_wr_q_reg[0]
  -------------------------------------------------------------------
                         required time                         11.688    
                         arrival time                         -15.149    
  -------------------------------------------------------------------
                         slack                                 -3.461    

Slack (VIOLATED) :        -3.442ns  (required time - arrival time)
  Source:                 u_tcm/u_ram/ram_reg_3_2/CLKBWRCLK
                            (rising edge-triggered cell RAMB36E1 clocked by clk_i  {rise@0.000ns fall@5.000ns period=10.000ns})
  Destination:            u_core/u_lsu/mem_data_wr_q_reg[6]/D
                            (rising edge-triggered cell FDCE clocked by clk_i  {rise@0.000ns fall@5.000ns period=10.000ns})
  Path Group:             clk_i
  Path Type:              Setup (Max at Slow Process Corner)
  Requirement:            10.000ns  (clk_i rise@10.000ns - clk_i rise@0.000ns)
  Data Path Delay:        13.389ns  (logic 4.765ns (35.589%)  route 8.624ns (64.411%))
  Logic Levels:           14  (CARRY4=1 LUT3=2 LUT5=1 LUT6=8 MUXF7=1 MUXF8=1)
  Clock Path Skew:        -0.098ns (DCD - SCD + CPR)
    Destination Clock Delay (DCD):    1.577ns = ( 11.577 - 10.000 ) 
    Source Clock Delay      (SCD):    1.790ns
    Clock Pessimism Removal (CPR):    0.115ns
  Clock Uncertainty:      0.035ns  ((TSJ^2 + TIJ^2)^1/2 + DJ) / 2 + PE
    Total System Jitter     (TSJ):    0.071ns
    Total Input Jitter      (TIJ):    0.000ns
    Discrete Jitter          (DJ):    0.000ns
    Phase Error              (PE):    0.000ns

    Location             Delay type                Incr(ns)  Path(ns)    Netlist Resource(s)
  -------------------------------------------------------------------    -------------------
                         (clock clk_i rise edge)      0.000     0.000 r  
                         propagated clock network latency
                                                      1.790     1.790    
    RAMB36_X0Y3          RAMB36E1                     0.000     1.790 r  u_tcm/u_ram/ram_reg_3_2/CLKBWRCLK
    RAMB36_X0Y3          RAMB36E1 (Prop_ramb36e1_CLKBWRCLK_DOBDO[1])
                                                      2.454     4.244 f  u_tcm/u_ram/ram_reg_3_2/DOBDO[1]
                         net (fo=15, routed)          0.989     5.234    u_core/u_fetch/ram_read0_q[29]
    SLICE_X13Y13         LUT3 (Prop_lut3_I1_O)        0.124     5.358 f  u_core/u_fetch/exception_e1_q[1]_i_2/O
                         net (fo=23, routed)          1.064     6.422    u_core/u_fetch/fetch_dec_instr_w[29]
    SLICE_X20Y10         LUT5 (Prop_lut5_I1_O)        0.124     6.546 f  u_core/u_fetch/ctrl_e1_q[7]_i_4/O
                         net (fo=6, routed)           0.703     7.249    u_core/u_fetch/ctrl_e1_q[7]_i_4_n_0
    SLICE_X20Y8          LUT6 (Prop_lut6_I3_O)        0.124     7.373 f  u_core/u_fetch/rd_valid_e1_q_i_130/O
                         net (fo=1, routed)           1.052     8.425    u_core/u_fetch/rd_valid_e1_q_i_130_n_0
    SLICE_X24Y9          LUT6 (Prop_lut6_I1_O)        0.124     8.549 f  u_core/u_fetch/rd_valid_e1_q_i_95/O
                         net (fo=48, routed)          0.593     9.142    u_core/u_issue/u_pipe_ctrl/rd_valid_e1_q_reg_i_36_0
    SLICE_X27Y7          LUT6 (Prop_lut6_I3_O)        0.124     9.266 f  u_core/u_issue/u_pipe_ctrl/rd_valid_e1_q_i_67/O
                         net (fo=1, routed)           0.000     9.266    u_core/u_issue/u_pipe_ctrl/rd_valid_e1_q_i_67_n_0
    SLICE_X27Y7          MUXF7 (Prop_muxf7_I1_O)      0.245     9.511 f  u_core/u_issue/u_pipe_ctrl/rd_valid_e1_q_reg_i_32/O
                         net (fo=1, routed)           0.000     9.511    u_core/u_issue/u_pipe_ctrl/rd_valid_e1_q_reg_i_32_n_0
    SLICE_X27Y7          MUXF8 (Prop_muxf8_I0_O)      0.104     9.615 f  u_core/u_issue/u_pipe_ctrl/rd_valid_e1_q_reg_i_15/O
                         net (fo=1, routed)           0.848    10.463    u_core/u_issue/u_pipe_ctrl/rd_valid_e1_q_reg_i_15_n_0
    SLICE_X26Y7          LUT6 (Prop_lut6_I1_O)        0.316    10.779 f  u_core/u_issue/u_pipe_ctrl/rd_valid_e1_q_i_8/O
                         net (fo=3, routed)           0.946    11.725    u_core/u_fetch/opcode_issue_r4_alias
    SLICE_X23Y7          LUT6 (Prop_lut6_I2_O)        0.124    11.849 r  u_core/u_fetch/mem_writeback_q_i_6_comp/O
                         net (fo=37, routed)          0.703    12.552    u_core/u_fetch/mem_writeback_q_i_6_n_0
    SLICE_X23Y6          LUT6 (Prop_lut6_I3_O)        0.124    12.676 r  u_core/u_fetch/mem_wr_q[3]_i_8_comp/O
                         net (fo=1, routed)           0.000    12.676    u_core/u_fetch/mem_wr_q[3]_i_8_n_0
    SLICE_X23Y6          CARRY4 (Prop_carry4_S[1]_O[1])
                                                      0.227    12.903 f  u_core/u_fetch/mem_wr_q_reg[3]_i_3/O[1]
                         net (fo=18, routed)          0.482    13.386    u_core/u_fetch/O[1]
    SLICE_X22Y6          LUT6 (Prop_lut6_I3_O)        0.303    13.689 r  u_core/u_fetch/mem_wr_q[3]_i_4_comp/O
                         net (fo=9, routed)           0.849    14.538    u_core/u_fetch/u_lsu/mem_data_r112_out
    SLICE_X22Y8          LUT6 (Prop_lut6_I2_O)        0.124    14.662 r  u_core/u_fetch/mem_wr_q[0]_i_5_comp_3/O
                         net (fo=14, routed)          0.394    15.056    u_core/u_fetch/mem_d_ack_q_reg
    SLICE_X22Y7          LUT3 (Prop_lut3_I0_O)        0.124    15.180 r  u_core/u_fetch/mem_data_wr_q[6]_i_1/O
                         net (fo=1, routed)           0.000    15.180    u_core/u_lsu/mem_data_wr_q_reg[31]_0[6]
    SLICE_X22Y7          FDCE                                         r  u_core/u_lsu/mem_data_wr_q_reg[6]/D
  -------------------------------------------------------------------    -------------------

                         (clock clk_i rise edge)     10.000    10.000 r  
                         propagated clock network latency
                                                      1.577    11.577    
                         clock pessimism              0.115    11.692    
                         clock uncertainty           -0.035    11.657    
    SLICE_X22Y7          FDCE (Setup_fdce_C_D)        0.081    11.738    u_core/u_lsu/mem_data_wr_q_reg[6]
  -------------------------------------------------------------------
                         required time                         11.738    
                         arrival time                         -15.180    
  -------------------------------------------------------------------
                         slack                                 -3.442    

Slack (VIOLATED) :        -3.435ns  (required time - arrival time)
  Source:                 u_tcm/u_ram/ram_reg_3_2/CLKBWRCLK
                            (rising edge-triggered cell RAMB36E1 clocked by clk_i  {rise@0.000ns fall@5.000ns period=10.000ns})
  Destination:            u_core/u_div/dividend_q_reg[29]/D
                            (rising edge-triggered cell FDCE clocked by clk_i  {rise@0.000ns fall@5.000ns period=10.000ns})
  Path Group:             clk_i
  Path Type:              Setup (Max at Slow Process Corner)
  Requirement:            10.000ns  (clk_i rise@10.000ns - clk_i rise@0.000ns)
  Data Path Delay:        13.354ns  (logic 5.514ns (41.291%)  route 7.840ns (58.709%))
  Logic Levels:           19  (CARRY4=8 LUT2=1 LUT3=2 LUT5=2 LUT6=4 MUXF7=1 MUXF8=1)
  Clock Path Skew:        -0.107ns (DCD - SCD + CPR)
    Destination Clock Delay (DCD):    1.568ns = ( 11.568 - 10.000 ) 
    Source Clock Delay      (SCD):    1.790ns
    Clock Pessimism Removal (CPR):    0.115ns
  Clock Uncertainty:      0.035ns  ((TSJ^2 + TIJ^2)^1/2 + DJ) / 2 + PE
    Total System Jitter     (TSJ):    0.071ns
    Total Input Jitter      (TIJ):    0.000ns
    Discrete Jitter          (DJ):    0.000ns
    Phase Error              (PE):    0.000ns

    Location             Delay type                Incr(ns)  Path(ns)    Netlist Resource(s)
  -------------------------------------------------------------------    -------------------
                         (clock clk_i rise edge)      0.000     0.000 r  
                         propagated clock network latency
                                                      1.790     1.790    
    RAMB36_X0Y3          RAMB36E1                     0.000     1.790 r  u_tcm/u_ram/ram_reg_3_2/CLKBWRCLK
    RAMB36_X0Y3          RAMB36E1 (Prop_ramb36e1_CLKBWRCLK_DOBDO[1])
                                                      2.454     4.244 r  u_tcm/u_ram/ram_reg_3_2/DOBDO[1]
                         net (fo=15, routed)          0.989     5.234    u_core/u_fetch/ram_read0_q[29]
    SLICE_X13Y13         LUT3 (Prop_lut3_I1_O)        0.124     5.358 r  u_core/u_fetch/exception_e1_q[1]_i_2/O
                         net (fo=23, routed)          1.064     6.422    u_core/u_fetch/fetch_dec_instr_w[29]
    SLICE_X20Y10         LUT5 (Prop_lut5_I1_O)        0.124     6.546 r  u_core/u_fetch/ctrl_e1_q[7]_i_4/O
                         net (fo=6, routed)           0.703     7.249    u_core/u_fetch/ctrl_e1_q[7]_i_4_n_0
    SLICE_X20Y8          LUT6 (Prop_lut6_I3_O)        0.124     7.373 r  u_core/u_fetch/rd_valid_e1_q_i_130/O
                         net (fo=1, routed)           1.052     8.425    u_core/u_fetch/rd_valid_e1_q_i_130_n_0
    SLICE_X24Y9          LUT6 (Prop_lut6_I1_O)        0.124     8.549 r  u_core/u_fetch/rd_valid_e1_q_i_95/O
                         net (fo=48, routed)          0.593     9.142    u_core/u_issue/u_pipe_ctrl/rd_valid_e1_q_reg_i_36_0
    SLICE_X27Y7          LUT6 (Prop_lut6_I3_O)        0.124     9.266 r  u_core/u_issue/u_pipe_ctrl/rd_valid_e1_q_i_67/O
                         net (fo=1, routed)           0.000     9.266    u_core/u_issue/u_pipe_ctrl/rd_valid_e1_q_i_67_n_0
    SLICE_X27Y7          MUXF7 (Prop_muxf7_I1_O)      0.245     9.511 r  u_core/u_issue/u_pipe_ctrl/rd_valid_e1_q_reg_i_32/O
                         net (fo=1, routed)           0.000     9.511    u_core/u_issue/u_pipe_ctrl/rd_valid_e1_q_reg_i_32_n_0
    SLICE_X27Y7          MUXF8 (Prop_muxf8_I0_O)      0.104     9.615 r  u_core/u_issue/u_pipe_ctrl/rd_valid_e1_q_reg_i_15/O
                         net (fo=1, routed)           0.848    10.463    u_core/u_issue/u_pipe_ctrl/rd_valid_e1_q_reg_i_15_n_0
    SLICE_X26Y7          LUT6 (Prop_lut6_I1_O)        0.316    10.779 r  u_core/u_issue/u_pipe_ctrl/rd_valid_e1_q_i_8/O
                         net (fo=3, routed)           0.652    11.430    u_core/u_issue/u_pipe_ctrl/opcode_issue_r4
    SLICE_X27Y9          LUT5 (Prop_lut5_I1_O)        0.124    11.554 f  u_core/u_issue/u_pipe_ctrl/q_mask_q[31]_i_5/O
                         net (fo=64, routed)          0.598    12.152    u_core/u_fetch/exec_opcode_valid_w
    SLICE_X26Y11         LUT3 (Prop_lut3_I2_O)        0.124    12.276 r  u_core/u_fetch/q_mask_q[29]_i_2/O
                         net (fo=99, routed)          0.827    13.103    u_core/u_div/div_start_w
    SLICE_X21Y12         LUT2 (Prop_lut2_I1_O)        0.124    13.227 r  u_core/u_div/dividend_q[3]_i_3/O
                         net (fo=1, routed)           0.514    13.741    u_core/u_div/dividend_q[3]_i_3_n_0
    SLICE_X21Y13         CARRY4 (Prop_carry4_DI[3]_CO[3])
                                                      0.385    14.126 r  u_core/u_div/dividend_q_reg[3]_i_1/CO[3]
                         net (fo=1, routed)           0.000    14.126    u_core/u_div/dividend_q_reg[3]_i_1_n_0
    SLICE_X21Y14         CARRY4 (Prop_carry4_CI_CO[3])
                                                      0.114    14.240 r  u_core/u_div/dividend_q_reg[7]_i_1/CO[3]
                         net (fo=1, routed)           0.000    14.240    u_core/u_div/dividend_q_reg[7]_i_1_n_0
    SLICE_X21Y15         CARRY4 (Prop_carry4_CI_CO[3])
                                                      0.114    14.354 r  u_core/u_div/dividend_q_reg[11]_i_1/CO[3]
                         net (fo=1, routed)           0.000    14.354    u_core/u_div/dividend_q_reg[11]_i_1_n_0
    SLICE_X21Y16         CARRY4 (Prop_carry4_CI_CO[3])
                                                      0.114    14.468 r  u_core/u_div/dividend_q_reg[15]_i_1/CO[3]
                         net (fo=1, routed)           0.000    14.468    u_core/u_div/dividend_q_reg[15]_i_1_n_0
    SLICE_X21Y17         CARRY4 (Prop_carry4_CI_CO[3])
                                                      0.114    14.582 r  u_core/u_div/dividend_q_reg[19]_i_1/CO[3]
                         net (fo=1, routed)           0.000    14.582    u_core/u_div/dividend_q_reg[19]_i_1_n_0
    SLICE_X21Y18         CARRY4 (Prop_carry4_CI_CO[3])
                                                      0.114    14.696 r  u_core/u_div/dividend_q_reg[23]_i_1/CO[3]
                         net (fo=1, routed)           0.000    14.696    u_core/u_div/dividend_q_reg[23]_i_1_n_0
    SLICE_X21Y19         CARRY4 (Prop_carry4_CI_CO[3])
                                                      0.114    14.810 r  u_core/u_div/dividend_q_reg[27]_i_1/CO[3]
                         net (fo=1, routed)           0.000    14.810    u_core/u_div/dividend_q_reg[27]_i_1_n_0
    SLICE_X21Y20         CARRY4 (Prop_carry4_CI_O[1])
                                                      0.334    15.144 r  u_core/u_div/dividend_q_reg[31]_i_2/O[1]
                         net (fo=1, routed)           0.000    15.144    u_core/u_div/dividend_q_reg[31]_i_2_n_6
    SLICE_X21Y20         FDCE                                         r  u_core/u_div/dividend_q_reg[29]/D
  -------------------------------------------------------------------    -------------------

                         (clock clk_i rise edge)     10.000    10.000 r  
                         propagated clock network latency
                                                      1.568    11.568    
                         clock pessimism              0.115    11.683    
                         clock uncertainty           -0.035    11.648    
    SLICE_X21Y20         FDCE (Setup_fdce_C_D)        0.062    11.710    u_core/u_div/dividend_q_reg[29]
  -------------------------------------------------------------------
                         required time                         11.710    
                         arrival time                         -15.144    
  -------------------------------------------------------------------
                         slack                                 -3.435    

Slack (VIOLATED) :        -3.414ns  (required time - arrival time)
  Source:                 u_tcm/u_ram/ram_reg_3_2/CLKBWRCLK
                            (rising edge-triggered cell RAMB36E1 clocked by clk_i  {rise@0.000ns fall@5.000ns period=10.000ns})
  Destination:            u_core/u_div/dividend_q_reg[31]/D
                            (rising edge-triggered cell FDCE clocked by clk_i  {rise@0.000ns fall@5.000ns period=10.000ns})
  Path Group:             clk_i
  Path Type:              Setup (Max at Slow Process Corner)
  Requirement:            10.000ns  (clk_i rise@10.000ns - clk_i rise@0.000ns)
  Data Path Delay:        13.333ns  (logic 5.493ns (41.199%)  route 7.840ns (58.801%))
  Logic Levels:           19  (CARRY4=8 LUT2=1 LUT3=2 LUT5=2 LUT6=4 MUXF7=1 MUXF8=1)
  Clock Path Skew:        -0.107ns (DCD - SCD + CPR)
    Destination Clock Delay (DCD):    1.568ns = ( 11.568 - 10.000 ) 
    Source Clock Delay      (SCD):    1.790ns
    Clock Pessimism Removal (CPR):    0.115ns
  Clock Uncertainty:      0.035ns  ((TSJ^2 + TIJ^2)^1/2 + DJ) / 2 + PE
    Total System Jitter     (TSJ):    0.071ns
    Total Input Jitter      (TIJ):    0.000ns
    Discrete Jitter          (DJ):    0.000ns
    Phase Error              (PE):    0.000ns

    Location             Delay type                Incr(ns)  Path(ns)    Netlist Resource(s)
  -------------------------------------------------------------------    -------------------
                         (clock clk_i rise edge)      0.000     0.000 r  
                         propagated clock network latency
                                                      1.790     1.790    
    RAMB36_X0Y3          RAMB36E1                     0.000     1.790 r  u_tcm/u_ram/ram_reg_3_2/CLKBWRCLK
    RAMB36_X0Y3          RAMB36E1 (Prop_ramb36e1_CLKBWRCLK_DOBDO[1])
                                                      2.454     4.244 r  u_tcm/u_ram/ram_reg_3_2/DOBDO[1]
                         net (fo=15, routed)          0.989     5.234    u_core/u_fetch/ram_read0_q[29]
    SLICE_X13Y13         LUT3 (Prop_lut3_I1_O)        0.124     5.358 r  u_core/u_fetch/exception_e1_q[1]_i_2/O
                         net (fo=23, routed)          1.064     6.422    u_core/u_fetch/fetch_dec_instr_w[29]
    SLICE_X20Y10         LUT5 (Prop_lut5_I1_O)        0.124     6.546 r  u_core/u_fetch/ctrl_e1_q[7]_i_4/O
                         net (fo=6, routed)           0.703     7.249    u_core/u_fetch/ctrl_e1_q[7]_i_4_n_0
    SLICE_X20Y8          LUT6 (Prop_lut6_I3_O)        0.124     7.373 r  u_core/u_fetch/rd_valid_e1_q_i_130/O
                         net (fo=1, routed)           1.052     8.425    u_core/u_fetch/rd_valid_e1_q_i_130_n_0
    SLICE_X24Y9          LUT6 (Prop_lut6_I1_O)        0.124     8.549 r  u_core/u_fetch/rd_valid_e1_q_i_95/O
                         net (fo=48, routed)          0.593     9.142    u_core/u_issue/u_pipe_ctrl/rd_valid_e1_q_reg_i_36_0
    SLICE_X27Y7          LUT6 (Prop_lut6_I3_O)        0.124     9.266 r  u_core/u_issue/u_pipe_ctrl/rd_valid_e1_q_i_67/O
                         net (fo=1, routed)           0.000     9.266    u_core/u_issue/u_pipe_ctrl/rd_valid_e1_q_i_67_n_0
    SLICE_X27Y7          MUXF7 (Prop_muxf7_I1_O)      0.245     9.511 r  u_core/u_issue/u_pipe_ctrl/rd_valid_e1_q_reg_i_32/O
                         net (fo=1, routed)           0.000     9.511    u_core/u_issue/u_pipe_ctrl/rd_valid_e1_q_reg_i_32_n_0
    SLICE_X27Y7          MUXF8 (Prop_muxf8_I0_O)      0.104     9.615 r  u_core/u_issue/u_pipe_ctrl/rd_valid_e1_q_reg_i_15/O
                         net (fo=1, routed)           0.848    10.463    u_core/u_issue/u_pipe_ctrl/rd_valid_e1_q_reg_i_15_n_0
    SLICE_X26Y7          LUT6 (Prop_lut6_I1_O)        0.316    10.779 r  u_core/u_issue/u_pipe_ctrl/rd_valid_e1_q_i_8/O
                         net (fo=3, routed)           0.652    11.430    u_core/u_issue/u_pipe_ctrl/opcode_issue_r4
    SLICE_X27Y9          LUT5 (Prop_lut5_I1_O)        0.124    11.554 f  u_core/u_issue/u_pipe_ctrl/q_mask_q[31]_i_5/O
                         net (fo=64, routed)          0.598    12.152    u_core/u_fetch/exec_opcode_valid_w
    SLICE_X26Y11         LUT3 (Prop_lut3_I2_O)        0.124    12.276 r  u_core/u_fetch/q_mask_q[29]_i_2/O
                         net (fo=99, routed)          0.827    13.103    u_core/u_div/div_start_w
    SLICE_X21Y12         LUT2 (Prop_lut2_I1_O)        0.124    13.227 r  u_core/u_div/dividend_q[3]_i_3/O
                         net (fo=1, routed)           0.514    13.741    u_core/u_div/dividend_q[3]_i_3_n_0
    SLICE_X21Y13         CARRY4 (Prop_carry4_DI[3]_CO[3])
                                                      0.385    14.126 r  u_core/u_div/dividend_q_reg[3]_i_1/CO[3]
                         net (fo=1, routed)           0.000    14.126    u_core/u_div/dividend_q_reg[3]_i_1_n_0
    SLICE_X21Y14         CARRY4 (Prop_carry4_CI_CO[3])
                                                      0.114    14.240 r  u_core/u_div/dividend_q_reg[7]_i_1/CO[3]
                         net (fo=1, routed)           0.000    14.240    u_core/u_div/dividend_q_reg[7]_i_1_n_0
    SLICE_X21Y15         CARRY4 (Prop_carry4_CI_CO[3])
                                                      0.114    14.354 r  u_core/u_div/dividend_q_reg[11]_i_1/CO[3]
                         net (fo=1, routed)           0.000    14.354    u_core/u_div/dividend_q_reg[11]_i_1_n_0
    SLICE_X21Y16         CARRY4 (Prop_carry4_CI_CO[3])
                                                      0.114    14.468 r  u_core/u_div/dividend_q_reg[15]_i_1/CO[3]
                         net (fo=1, routed)           0.000    14.468    u_core/u_div/dividend_q_reg[15]_i_1_n_0
    SLICE_X21Y17         CARRY4 (Prop_carry4_CI_CO[3])
                                                      0.114    14.582 r  u_core/u_div/dividend_q_reg[19]_i_1/CO[3]
                         net (fo=1, routed)           0.000    14.582    u_core/u_div/dividend_q_reg[19]_i_1_n_0
    SLICE_X21Y18         CARRY4 (Prop_carry4_CI_CO[3])
                                                      0.114    14.696 r  u_core/u_div/dividend_q_reg[23]_i_1/CO[3]
                         net (fo=1, routed)           0.000    14.696    u_core/u_div/dividend_q_reg[23]_i_1_n_0
    SLICE_X21Y19         CARRY4 (Prop_carry4_CI_CO[3])
                                                      0.114    14.810 r  u_core/u_div/dividend_q_reg[27]_i_1/CO[3]
                         net (fo=1, routed)           0.000    14.810    u_core/u_div/dividend_q_reg[27]_i_1_n_0
    SLICE_X21Y20         CARRY4 (Prop_carry4_CI_O[3])
                                                      0.313    15.123 r  u_core/u_div/dividend_q_reg[31]_i_2/O[3]
                         net (fo=1, routed)           0.000    15.123    u_core/u_div/dividend_q_reg[31]_i_2_n_4
    SLICE_X21Y20         FDCE                                         r  u_core/u_div/dividend_q_reg[31]/D
  -------------------------------------------------------------------    -------------------

                         (clock clk_i rise edge)     10.000    10.000 r  
                         propagated clock network latency
                                                      1.568    11.568    
                         clock pessimism              0.115    11.683    
                         clock uncertainty           -0.035    11.648    
    SLICE_X21Y20         FDCE (Setup_fdce_C_D)        0.062    11.710    u_core/u_div/dividend_q_reg[31]
  -------------------------------------------------------------------
                         required time                         11.710    
                         arrival time                         -15.123    
  -------------------------------------------------------------------
                         slack                                 -3.414    

Slack (VIOLATED) :        -3.405ns  (required time - arrival time)
  Source:                 u_tcm/u_ram/ram_reg_1_3/CLKBWRCLK
                            (rising edge-triggered cell RAMB36E1 clocked by clk_i  {rise@0.000ns fall@5.000ns period=10.000ns})
  Destination:            u_core/u_fetch/branch_pc_q_reg[3]/D
                            (rising edge-triggered cell FDCE clocked by clk_i  {rise@0.000ns fall@5.000ns period=10.000ns})
  Path Group:             clk_i
  Path Type:              Setup (Max at Slow Process Corner)
  Requirement:            10.000ns  (clk_i rise@10.000ns - clk_i rise@0.000ns)
  Data Path Delay:        13.162ns  (logic 5.035ns (38.256%)  route 8.127ns (61.744%))
  Logic Levels:           13  (CARRY4=2 LUT3=1 LUT5=3 LUT6=5 MUXF7=1 MUXF8=1)
  Clock Path Skew:        -0.178ns (DCD - SCD + CPR)
    Destination Clock Delay (DCD):    1.488ns = ( 11.488 - 10.000 ) 
    Source Clock Delay      (SCD):    1.781ns
    Clock Pessimism Removal (CPR):    0.115ns
  Clock Uncertainty:      0.035ns  ((TSJ^2 + TIJ^2)^1/2 + DJ) / 2 + PE
    Total System Jitter     (TSJ):    0.071ns
    Total Input Jitter      (TIJ):    0.000ns
    Discrete Jitter          (DJ):    0.000ns
    Phase Error              (PE):    0.000ns

    Location             Delay type                Incr(ns)  Path(ns)    Netlist Resource(s)
  -------------------------------------------------------------------    -------------------
                         (clock clk_i rise edge)      0.000     0.000 r  
                         propagated clock network latency
                                                      1.781     1.781    
    RAMB36_X1Y4          RAMB36E1                     0.000     1.781 r  u_tcm/u_ram/ram_reg_1_3/CLKBWRCLK
    RAMB36_X1Y4          RAMB36E1 (Prop_ramb36e1_CLKBWRCLK_DOBDO[1])
                                                      2.454     4.235 r  u_tcm/u_ram/ram_reg_1_3/DOBDO[1]
                         net (fo=4, routed)           1.327     5.562    u_core/u_fetch/ram_read0_q[15]
    SLICE_X37Y21         LUT3 (Prop_lut3_I1_O)        0.124     5.686 r  u_core/u_fetch/csr_wdata_e1_q[21]_i_18/O
                         net (fo=87, routed)          1.056     6.742    u_core/u_issue/u_regfile/csr_wdata_e1_q_reg[10]_i_7_0
    SLICE_X45Y28         LUT6 (Prop_lut6_I4_O)        0.124     6.866 r  u_core/u_issue/u_regfile/csr_wdata_e1_q[16]_i_16/O
                         net (fo=1, routed)           0.000     6.866    u_core/u_issue/u_regfile/csr_wdata_e1_q[16]_i_16_n_0
    SLICE_X45Y28         MUXF7 (Prop_muxf7_I0_O)      0.212     7.078 r  u_core/u_issue/u_regfile/csr_wdata_e1_q_reg[16]_i_9/O
                         net (fo=1, routed)           0.000     7.078    u_core/u_issue/u_regfile/csr_wdata_e1_q_reg[16]_i_9_n_0
    SLICE_X45Y28         MUXF8 (Prop_muxf8_I1_O)      0.094     7.172 r  u_core/u_issue/u_regfile/csr_wdata_e1_q_reg[16]_i_5/O
                         net (fo=1, routed)           0.989     8.160    u_core/u_issue/u_pipe_ctrl/csr_wdata_e1_q[16]_i_2_1
    SLICE_X36Y24         LUT5 (Prop_lut5_I4_O)        0.316     8.476 r  u_core/u_issue/u_pipe_ctrl/csr_wdata_e1_q[16]_i_3/O
                         net (fo=1, routed)           0.976     9.453    u_core/u_issue/u_pipe_ctrl/csr_wdata_e1_q[16]_i_3_n_0
    SLICE_X32Y22         LUT6 (Prop_lut6_I0_O)        0.124     9.577 r  u_core/u_issue/u_pipe_ctrl/csr_wdata_e1_q[16]_i_2/O
                         net (fo=17, routed)          1.239    10.816    u_core/u_issue/u_pipe_ctrl/result_q_reg[19][0]
    SLICE_X31Y20         LUT6 (Prop_lut6_I1_O)        0.124    10.940 r  u_core/u_issue/u_pipe_ctrl/exception_e1_q[4]_i_79/O
                         net (fo=1, routed)           0.000    10.940    u_core/u_issue/u_pipe_ctrl/exception_e1_q[4]_i_79_n_0
    SLICE_X31Y20         CARRY4 (Prop_carry4_S[1]_CO[3])
                                                      0.550    11.490 r  u_core/u_issue/u_pipe_ctrl/exception_e1_q_reg[4]_i_49/CO[3]
                         net (fo=1, routed)           0.000    11.490    u_core/u_issue/u_pipe_ctrl/exception_e1_q_reg[4]_i_49_n_0
    SLICE_X31Y21         CARRY4 (Prop_carry4_CI_CO[2])
                                                      0.228    11.718 r  u_core/u_issue/u_pipe_ctrl/exception_e1_q_reg[4]_i_32/CO[2]
                         net (fo=2, routed)           0.693    12.411    u_core/u_issue/u_pipe_ctrl/u_exec/branch_taken_r0
    SLICE_X34Y21         LUT6 (Prop_lut6_I3_O)        0.313    12.724 r  u_core/u_issue/u_pipe_ctrl/exception_e1_q[4]_i_14/O
                         net (fo=1, routed)           0.165    12.889    u_core/u_fetch/exception_e1_q[4]_i_3__0_1
    SLICE_X34Y21         LUT6 (Prop_lut6_I2_O)        0.124    13.013 r  u_core/u_fetch/exception_e1_q[4]_i_8_comp/O
                         net (fo=2, routed)           0.420    13.433    u_core/u_fetch/exception_e1_q[4]_i_8_n_0
    SLICE_X35Y22         LUT5 (Prop_lut5_I3_O)        0.124    13.557 f  u_core/u_fetch/exception_e1_q[4]_i_3__0/O
                         net (fo=32, routed)          0.760    14.317    u_core/u_fetch/skid_valid_q_reg_0
    SLICE_X35Y16         LUT5 (Prop_lut5_I3_O)        0.124    14.441 r  u_core/u_fetch/branch_pc_q[3]_i_1/O
                         net (fo=1, routed)           0.502    14.943    u_core/u_fetch/branch_pc_q[3]_i_1_n_0
    SLICE_X34Y17         FDCE                                         r  u_core/u_fetch/branch_pc_q_reg[3]/D
  -------------------------------------------------------------------    -------------------

                         (clock clk_i rise edge)     10.000    10.000 r  
                         propagated clock network latency
                                                      1.488    11.488    
                         clock pessimism              0.115    11.603    
                         clock uncertainty           -0.035    11.568    
    SLICE_X34Y17         FDCE (Setup_fdce_C_D)       -0.030    11.538    u_core/u_fetch/branch_pc_q_reg[3]
  -------------------------------------------------------------------
                         required time                         11.538    
                         arrival time                         -14.943    
  -------------------------------------------------------------------
                         slack                                 -3.405    

Slack (VIOLATED) :        -3.403ns  (required time - arrival time)
  Source:                 u_tcm/u_ram/ram_reg_3_2/CLKBWRCLK
                            (rising edge-triggered cell RAMB36E1 clocked by clk_i  {rise@0.000ns fall@5.000ns period=10.000ns})
  Destination:            u_core/u_csr/rd_result_e1_q_reg[19]/D
                            (rising edge-triggered cell FDCE clocked by clk_i  {rise@0.000ns fall@5.000ns period=10.000ns})
  Path Group:             clk_i
  Path Type:              Setup (Max at Slow Process Corner)
  Requirement:            10.000ns  (clk_i rise@10.000ns - clk_i rise@0.000ns)
  Data Path Delay:        13.210ns  (logic 4.359ns (32.998%)  route 8.851ns (67.002%))
  Logic Levels:           13  (LUT2=1 LUT3=1 LUT5=2 LUT6=7 MUXF7=1 MUXF8=1)
  Clock Path Skew:        -0.186ns (DCD - SCD + CPR)
    Destination Clock Delay (DCD):    1.489ns = ( 11.489 - 10.000 ) 
    Source Clock Delay      (SCD):    1.790ns
    Clock Pessimism Removal (CPR):    0.115ns
  Clock Uncertainty:      0.035ns  ((TSJ^2 + TIJ^2)^1/2 + DJ) / 2 + PE
    Total System Jitter     (TSJ):    0.071ns
    Total Input Jitter      (TIJ):    0.000ns
    Discrete Jitter          (DJ):    0.000ns
    Phase Error              (PE):    0.000ns

    Location             Delay type                Incr(ns)  Path(ns)    Netlist Resource(s)
  -------------------------------------------------------------------    -------------------
                         (clock clk_i rise edge)      0.000     0.000 r  
                         propagated clock network latency
                                                      1.790     1.790    
    RAMB36_X0Y3          RAMB36E1                     0.000     1.790 r  u_tcm/u_ram/ram_reg_3_2/CLKBWRCLK
    RAMB36_X0Y3          RAMB36E1 (Prop_ramb36e1_CLKBWRCLK_DOBDO[1])
                                                      2.454     4.244 f  u_tcm/u_ram/ram_reg_3_2/DOBDO[1]
                         net (fo=15, routed)          0.989     5.234    u_core/u_fetch/ram_read0_q[29]
    SLICE_X13Y13         LUT3 (Prop_lut3_I1_O)        0.124     5.358 f  u_core/u_fetch/exception_e1_q[1]_i_2/O
                         net (fo=23, routed)          1.064     6.422    u_core/u_fetch/fetch_dec_instr_w[29]
    SLICE_X20Y10         LUT5 (Prop_lut5_I1_O)        0.124     6.546 f  u_core/u_fetch/ctrl_e1_q[7]_i_4/O
                         net (fo=6, routed)           0.703     7.249    u_core/u_fetch/ctrl_e1_q[7]_i_4_n_0
    SLICE_X20Y8          LUT6 (Prop_lut6_I3_O)        0.124     7.373 f  u_core/u_fetch/rd_valid_e1_q_i_130/O
                         net (fo=1, routed)           1.052     8.425    u_core/u_fetch/rd_valid_e1_q_i_130_n_0
    SLICE_X24Y9          LUT6 (Prop_lut6_I1_O)        0.124     8.549 f  u_core/u_fetch/rd_valid_e1_q_i_95/O
                         net (fo=48, routed)          0.593     9.142    u_core/u_issue/u_pipe_ctrl/rd_valid_e1_q_reg_i_36_0
    SLICE_X27Y7          LUT6 (Prop_lut6_I3_O)        0.124     9.266 f  u_core/u_issue/u_pipe_ctrl/rd_valid_e1_q_i_67/O
                         net (fo=1, routed)           0.000     9.266    u_core/u_issue/u_pipe_ctrl/rd_valid_e1_q_i_67_n_0
    SLICE_X27Y7          MUXF7 (Prop_muxf7_I1_O)      0.245     9.511 f  u_core/u_issue/u_pipe_ctrl/rd_valid_e1_q_reg_i_32/O
                         net (fo=1, routed)           0.000     9.511    u_core/u_issue/u_pipe_ctrl/rd_valid_e1_q_reg_i_32_n_0
    SLICE_X27Y7          MUXF8 (Prop_muxf8_I0_O)      0.104     9.615 f  u_core/u_issue/u_pipe_ctrl/rd_valid_e1_q_reg_i_15/O
                         net (fo=1, routed)           0.848    10.463    u_core/u_issue/u_pipe_ctrl/rd_valid_e1_q_reg_i_15_n_0
    SLICE_X26Y7          LUT6 (Prop_lut6_I1_O)        0.316    10.779 f  u_core/u_issue/u_pipe_ctrl/rd_valid_e1_q_i_8/O
                         net (fo=3, routed)           0.652    11.430    u_core/u_issue/u_pipe_ctrl/opcode_issue_r4
    SLICE_X27Y9          LUT5 (Prop_lut5_I1_O)        0.124    11.554 r  u_core/u_issue/u_pipe_ctrl/q_mask_q[31]_i_5/O
                         net (fo=64, routed)          0.403    11.958    u_core/u_fetch/exec_opcode_valid_w
    SLICE_X31Y9          LUT6 (Prop_lut6_I0_O)        0.124    12.082 r  u_core/u_fetch/rd_result_e1_q[31]_i_5/O
                         net (fo=2, routed)           0.499    12.581    u_core/u_fetch/csr_opcode_invalid_w
    SLICE_X31Y7          LUT2 (Prop_lut2_I0_O)        0.124    12.705 r  u_core/u_fetch/rd_result_e1_q[31]_i_2/O
                         net (fo=38, routed)          1.060    13.765    u_core/u_fetch/rd_result_e1_q[31]_i_2_n_0
    SLICE_X37Y14         LUT6 (Prop_lut6_I5_O)        0.124    13.889 r  u_core/u_fetch/rd_result_e1_q[19]_i_2_comp_1/O
                         net (fo=1, routed)           0.988    14.877    u_core/u_fetch/u_csr/csr_rdata_w[19]_repN_1
    SLICE_X37Y15         LUT6 (Prop_lut6_I5_O)        0.124    15.001 r  u_core/u_fetch/rd_result_e1_q[19]_i_1_comp/O
                         net (fo=1, routed)           0.000    15.001    u_core/u_csr/rd_result_e1_q_reg[31]_1[19]
    SLICE_X37Y15         FDCE                                         r  u_core/u_csr/rd_result_e1_q_reg[19]/D
  -------------------------------------------------------------------    -------------------

                         (clock clk_i rise edge)     10.000    10.000 r  
                         propagated clock network latency
                                                      1.489    11.489    
                         clock pessimism              0.115    11.604    
                         clock uncertainty           -0.035    11.569    
    SLICE_X37Y15         FDCE (Setup_fdce_C_D)        0.029    11.598    u_core/u_csr/rd_result_e1_q_reg[19]
  -------------------------------------------------------------------
                         required time                         11.598    
                         arrival time                         -15.001    
  -------------------------------------------------------------------
                         slack                                 -3.403    

Slack (VIOLATED) :        -3.399ns  (required time - arrival time)
  Source:                 u_tcm/u_ram/ram_reg_1_3/CLKBWRCLK
                            (rising edge-triggered cell RAMB36E1 clocked by clk_i  {rise@0.000ns fall@5.000ns period=10.000ns})
  Destination:            u_core/u_fetch/branch_pc_q_reg[21]/D
                            (rising edge-triggered cell FDCE clocked by clk_i  {rise@0.000ns fall@5.000ns period=10.000ns})
  Path Group:             clk_i
  Path Type:              Setup (Max at Slow Process Corner)
  Requirement:            10.000ns  (clk_i rise@10.000ns - clk_i rise@0.000ns)
  Data Path Delay:        13.172ns  (logic 5.035ns (38.226%)  route 8.137ns (61.774%))
  Logic Levels:           13  (CARRY4=2 LUT3=1 LUT5=3 LUT6=5 MUXF7=1 MUXF8=1)
  Clock Path Skew:        -0.178ns (DCD - SCD + CPR)
    Destination Clock Delay (DCD):    1.488ns = ( 11.488 - 10.000 ) 
    Source Clock Delay      (SCD):    1.781ns
    Clock Pessimism Removal (CPR):    0.115ns
  Clock Uncertainty:      0.035ns  ((TSJ^2 + TIJ^2)^1/2 + DJ) / 2 + PE
    Total System Jitter     (TSJ):    0.071ns
    Total Input Jitter      (TIJ):    0.000ns
    Discrete Jitter          (DJ):    0.000ns
    Phase Error              (PE):    0.000ns

    Location             Delay type                Incr(ns)  Path(ns)    Netlist Resource(s)
  -------------------------------------------------------------------    -------------------
                         (clock clk_i rise edge)      0.000     0.000 r  
                         propagated clock network latency
                                                      1.781     1.781    
    RAMB36_X1Y4          RAMB36E1                     0.000     1.781 r  u_tcm/u_ram/ram_reg_1_3/CLKBWRCLK
    RAMB36_X1Y4          RAMB36E1 (Prop_ramb36e1_CLKBWRCLK_DOBDO[1])
                                                      2.454     4.235 r  u_tcm/u_ram/ram_reg_1_3/DOBDO[1]
                         net (fo=4, routed)           1.327     5.562    u_core/u_fetch/ram_read0_q[15]
    SLICE_X37Y21         LUT3 (Prop_lut3_I1_O)        0.124     5.686 r  u_core/u_fetch/csr_wdata_e1_q[21]_i_18/O
                         net (fo=87, routed)          1.056     6.742    u_core/u_issue/u_regfile/csr_wdata_e1_q_reg[10]_i_7_0
    SLICE_X45Y28         LUT6 (Prop_lut6_I4_O)        0.124     6.866 r  u_core/u_issue/u_regfile/csr_wdata_e1_q[16]_i_16/O
                         net (fo=1, routed)           0.000     6.866    u_core/u_issue/u_regfile/csr_wdata_e1_q[16]_i_16_n_0
    SLICE_X45Y28         MUXF7 (Prop_muxf7_I0_O)      0.212     7.078 r  u_core/u_issue/u_regfile/csr_wdata_e1_q_reg[16]_i_9/O
                         net (fo=1, routed)           0.000     7.078    u_core/u_issue/u_regfile/csr_wdata_e1_q_reg[16]_i_9_n_0
    SLICE_X45Y28         MUXF8 (Prop_muxf8_I1_O)      0.094     7.172 r  u_core/u_issue/u_regfile/csr_wdata_e1_q_reg[16]_i_5/O
                         net (fo=1, routed)           0.989     8.160    u_core/u_issue/u_pipe_ctrl/csr_wdata_e1_q[16]_i_2_1
    SLICE_X36Y24         LUT5 (Prop_lut5_I4_O)        0.316     8.476 r  u_core/u_issue/u_pipe_ctrl/csr_wdata_e1_q[16]_i_3/O
                         net (fo=1, routed)           0.976     9.453    u_core/u_issue/u_pipe_ctrl/csr_wdata_e1_q[16]_i_3_n_0
    SLICE_X32Y22         LUT6 (Prop_lut6_I0_O)        0.124     9.577 r  u_core/u_issue/u_pipe_ctrl/csr_wdata_e1_q[16]_i_2/O
                         net (fo=17, routed)          1.239    10.816    u_core/u_issue/u_pipe_ctrl/result_q_reg[19][0]
    SLICE_X31Y20         LUT6 (Prop_lut6_I1_O)        0.124    10.940 r  u_core/u_issue/u_pipe_ctrl/exception_e1_q[4]_i_79/O
                         net (fo=1, routed)           0.000    10.940    u_core/u_issue/u_pipe_ctrl/exception_e1_q[4]_i_79_n_0
    SLICE_X31Y20         CARRY4 (Prop_carry4_S[1]_CO[3])
                                                      0.550    11.490 r  u_core/u_issue/u_pipe_ctrl/exception_e1_q_reg[4]_i_49/CO[3]
                         net (fo=1, routed)           0.000    11.490    u_core/u_issue/u_pipe_ctrl/exception_e1_q_reg[4]_i_49_n_0
    SLICE_X31Y21         CARRY4 (Prop_carry4_CI_CO[2])
                                                      0.228    11.718 r  u_core/u_issue/u_pipe_ctrl/exception_e1_q_reg[4]_i_32/CO[2]
                         net (fo=2, routed)           0.693    12.411    u_core/u_issue/u_pipe_ctrl/u_exec/branch_taken_r0
    SLICE_X34Y21         LUT6 (Prop_lut6_I3_O)        0.313    12.724 r  u_core/u_issue/u_pipe_ctrl/exception_e1_q[4]_i_14/O
                         net (fo=1, routed)           0.165    12.889    u_core/u_fetch/exception_e1_q[4]_i_3__0_1
    SLICE_X34Y21         LUT6 (Prop_lut6_I2_O)        0.124    13.013 r  u_core/u_fetch/exception_e1_q[4]_i_8_comp/O
                         net (fo=2, routed)           0.420    13.433    u_core/u_fetch/exception_e1_q[4]_i_8_n_0
    SLICE_X35Y22         LUT5 (Prop_lut5_I3_O)        0.124    13.557 f  u_core/u_fetch/exception_e1_q[4]_i_3__0/O
                         net (fo=32, routed)          0.662    14.219    u_core/u_fetch/skid_valid_q_reg_0
    SLICE_X35Y20         LUT5 (Prop_lut5_I3_O)        0.124    14.343 r  u_core/u_fetch/branch_pc_q[21]_i_1/O
                         net (fo=1, routed)           0.610    14.953    u_core/u_fetch/branch_pc_q[21]_i_1_n_0
    SLICE_X34Y17         FDCE                                         r  u_core/u_fetch/branch_pc_q_reg[21]/D
  -------------------------------------------------------------------    -------------------

                         (clock clk_i rise edge)     10.000    10.000 r  
                         propagated clock network latency
                                                      1.488    11.488    
                         clock pessimism              0.115    11.603    
                         clock uncertainty           -0.035    11.568    
    SLICE_X34Y17         FDCE (Setup_fdce_C_D)       -0.013    11.555    u_core/u_fetch/branch_pc_q_reg[21]
  -------------------------------------------------------------------
                         required time                         11.555    
                         arrival time                         -14.953    
  -------------------------------------------------------------------
                         slack                                 -3.399    




