Copyright 1986-2022 Xilinx, Inc. All Rights Reserved.
------------------------------------------------------------------------------------------------------------------------
| Tool Version : Vivado v.2022.2 (win64) Build 3671981 Fri Oct 14 05:00:03 MDT 2022
| Date         : Sun Sep  6 16:32:52 2026
| Host         : LAPTOP-A7P3RQOS running 64-bit major release  (build 9200)
| Command      : report_timing_summary -max_paths 20 -file D:/code/FPGA/vivado/ultra_top_tcm/reports/timing_summary.rpt
| Design       : riscv_tcm_top
| Device       : 7z020-clg400
| Speed File   : -1  PRODUCTION 1.12 2019-11-22
------------------------------------------------------------------------------------------------------------------------

Timing Summary Report

------------------------------------------------------------------------------------------------
| Timer Settings
| --------------
------------------------------------------------------------------------------------------------

  Enable Multi Corner Analysis               :  Yes
  Enable Pessimism Removal                   :  Yes
  Pessimism Removal Resolution               :  Nearest Common Node
  Enable Input Delay Default Clock           :  No
  Enable Preset / Clear Arcs                 :  No
  Disable Flight Delays                      :  No
  Ignore I/O Paths                           :  No
  Timing Early Launch at Borrowing Latches   :  No
  Borrow Time for Max Delay Exceptions       :  Yes
  Merge Timing Exceptions                    :  Yes

  Corner  Analyze    Analyze    
  Name    Max Paths  Min Paths  
  ------  ---------  ---------  
  Slow    Yes        Yes        
  Fast    Yes        Yes        


------------------------------------------------------------------------------------------------
| Report Methodology
| ------------------
------------------------------------------------------------------------------------------------

No report available as report_methodology has not been run prior. Run report_methodology on the current design for the summary of methodology violations.



check_timing report

Table of Contents
-----------------
1. checking no_clock (0)
2. checking constant_clock (0)
3. checking pulse_width_clock (0)
4. checking unconstrained_internal_endpoints (0)
5. checking no_input_delay (140)
6. checking no_output_delay (145)
7. checking multiple_clock (0)
8. checking generated_clocks (0)
9. checking loops (0)
10. checking partial_input_delay (0)
11. checking partial_output_delay (0)
12. checking latch_loops (0)

1. checking no_clock (0)
------------------------
 There are 0 register/latch pins with no clock.


2. checking constant_clock (0)
------------------------------
 There are 0 register/latch pins with constant_clock.


3. checking pulse_width_clock (0)
---------------------------------
 There are 0 register/latch pins which need pulse_width check


4. checking unconstrained_internal_endpoints (0)
------------------------------------------------
 There are 0 pins that are not constrained for maximum delay.

 There are 0 pins that are not constrained for maximum delay due to constant clock.


5. checking no_input_delay (140)
--------------------------------
 There are 138 input ports with no input delay specified. (HIGH)

 There are 2 input ports with no input delay but user has a false path constraint. (MEDIUM)


6. checking no_output_delay (145)
---------------------------------
 There are 145 ports with no output delay specified. (HIGH)

 There are 0 ports with no output delay but user has a false path constraint

 There are 0 ports with no output delay but with a timing clock defined on it or propagating through it


7. checking multiple_clock (0)
------------------------------
 There are 0 register/latch pins with multiple clocks.


8. checking generated_clocks (0)
--------------------------------
 There are 0 generated clocks that are not connected to a clock source.


9. checking loops (0)
---------------------
 There are 0 combinational loops in the design.


10. checking partial_input_delay (0)
------------------------------------
 There are 0 input ports with partial input delay specified.


11. checking partial_output_delay (0)
-------------------------------------
 There are 0 ports with partial output delay specified.


12. checking latch_loops (0)
----------------------------
 There are 0 combinational latch loops in the design through latch input



------------------------------------------------------------------------------------------------
| Design Timing Summary
| ---------------------
------------------------------------------------------------------------------------------------

    WNS(ns)      TNS(ns)  TNS Failing Endpoints  TNS Total Endpoints      WHS(ns)      THS(ns)  THS Failing Endpoints  THS Total Endpoints     WPWS(ns)     TPWS(ns)  TPWS Failing Endpoints  TPWS Total Endpoints  
    -------      -------  ---------------------  -------------------      -------      -------  ---------------------  -------------------     --------     --------  ----------------------  --------------------  
     -5.309    -1910.408                    876                 5614        0.137        0.000                      0                 5614        4.500        0.000                       0                  2699  


Timing constraints are not met.


------------------------------------------------------------------------------------------------
| Clock Summary
| -------------
------------------------------------------------------------------------------------------------

Clock  Waveform(ns)       Period(ns)      Frequency(MHz)
-----  ------------       ----------      --------------
clk_i  {0.000 5.000}      10.000          100.000         


------------------------------------------------------------------------------------------------
| Intra Clock Table
| -----------------
------------------------------------------------------------------------------------------------

Clock             WNS(ns)      TNS(ns)  TNS Failing Endpoints  TNS Total Endpoints      WHS(ns)      THS(ns)  THS Failing Endpoints  THS Total Endpoints     WPWS(ns)     TPWS(ns)  TPWS Failing Endpoints  TPWS Total Endpoints  
-----             -------      -------  ---------------------  -------------------      -------      -------  ---------------------  -------------------     --------     --------  ----------------------  --------------------  
clk_i              -5.309    -1910.408                    876                 5614        0.137        0.000                      0                 5614        4.500        0.000                       0                  2699  


------------------------------------------------------------------------------------------------
| Inter Clock Table
| -----------------
------------------------------------------------------------------------------------------------

From Clock    To Clock          WNS(ns)      TNS(ns)  TNS Failing Endpoints  TNS Total Endpoints      WHS(ns)      THS(ns)  THS Failing Endpoints  THS Total Endpoints  
----------    --------          -------      -------  ---------------------  -------------------      -------      -------  ---------------------  -------------------  


------------------------------------------------------------------------------------------------
| Other Path Groups Table
| -----------------------
------------------------------------------------------------------------------------------------

Path Group    From Clock    To Clock          WNS(ns)      TNS(ns)  TNS Failing Endpoints  TNS Total Endpoints      WHS(ns)      THS(ns)  THS Failing Endpoints  THS Total Endpoints  
----------    ----------    --------          -------      -------  ---------------------  -------------------      -------      -------  ---------------------  -------------------  


------------------------------------------------------------------------------------------------
| Timing Details
| --------------
------------------------------------------------------------------------------------------------


---------------------------------------------------------------------------------------------------
From Clock:  clk_i
  To Clock:  clk_i

Setup :          876  Failing Endpoints,  Worst Slack       -5.309ns,  Total Violation    -1910.408ns
Hold  :            0  Failing Endpoints,  Worst Slack        0.137ns,  Total Violation        0.000ns
PW    :            0  Failing Endpoints,  Worst Slack        4.500ns,  Total Violation        0.000ns
---------------------------------------------------------------------------------------------------


Max Delay Paths
--------------------------------------------------------------------------------------
Slack (VIOLATED) :        -5.309ns  (required time - arrival time)
  Source:                 u_tcm/u_ram/ram_reg_2_0/CLKBWRCLK
                            (rising edge-triggered cell RAMB36E1 clocked by clk_i  {rise@0.000ns fall@5.000ns period=10.000ns})
  Destination:            u_core/u_lsu/mem_data_wr_q_reg[0]/D
                            (rising edge-triggered cell FDCE clocked by clk_i  {rise@0.000ns fall@5.000ns period=10.000ns})
  Path Group:             clk_i
  Path Type:              Setup (Max at Slow Process Corner)
  Requirement:            10.000ns  (clk_i rise@10.000ns - clk_i rise@0.000ns)
  Data Path Delay:        15.173ns  (logic 5.339ns (35.188%)  route 9.834ns (64.812%))
  Logic Levels:           17  (CARRY4=1 LUT3=2 LUT5=2 LUT6=10 MUXF7=1 MUXF8=1)
  Clock Path Skew:        -0.145ns (DCD - SCD + CPR)
    Destination Clock Delay (DCD):    2.128ns = ( 12.128 - 10.000 ) 
    Source Clock Delay      (SCD):    2.456ns
    Clock Pessimism Removal (CPR):    0.184ns
  Clock Uncertainty:      0.035ns  ((TSJ^2 + TIJ^2)^1/2 + DJ) / 2 + PE
    Total System Jitter     (TSJ):    0.071ns
    Total Input Jitter      (TIJ):    0.000ns
    Discrete Jitter          (DJ):    0.000ns
    Phase Error              (PE):    0.000ns

    Location             Delay type                Incr(ns)  Path(ns)    Netlist Resource(s)
  -------------------------------------------------------------------    -------------------
                         (clock clk_i rise edge)      0.000     0.000 r  
                                                      0.000     0.000 r  clk_i (IN)
                         net (fo=0)                   0.000     0.000    clk_i
                         IBUF (Prop_ibuf_I_O)         0.972     0.972 r  clk_i_IBUF_inst/O
                         net (fo=1, unplaced)         0.800     1.771    clk_i_IBUF
                         BUFG (Prop_bufg_I_O)         0.101     1.872 r  clk_i_IBUF_BUFG_inst/O
                         net (fo=2698, unplaced)      0.584     2.456    u_tcm/u_ram/clk_i_IBUF_BUFG
                         RAMB36E1                                     r  u_tcm/u_ram/ram_reg_2_0/CLKBWRCLK
  -------------------------------------------------------------------    -------------------
                         RAMB36E1 (Prop_ramb36e1_CLKBWRCLK_DOBDO[0])
                                                      2.454     4.910 r  u_tcm/u_ram/ram_reg_2_0/DOBDO[0]
                         net (fo=4, unplaced)         0.800     5.710    u_core/u_fetch/ram_read0_q[16]
                         LUT3 (Prop_lut3_I1_O)        0.124     5.834 r  u_core/u_fetch/exception_e1_q[5]_i_20/O
                         net (fo=91, unplaced)        1.208     7.042    u_core/u_fetch/skid_buffer_q_reg[16]_0
                         LUT6 (Prop_lut6_I1_O)        0.124     7.166 r  u_core/u_fetch/take_interrupt_q_i_11/O
                         net (fo=2, unplaced)         1.122     8.288    u_core/u_fetch/take_interrupt_q_i_11_n_0
                         LUT6 (Prop_lut6_I1_O)        0.124     8.412 f  u_core/u_fetch/take_interrupt_q_i_5/O
                         net (fo=2, unplaced)         0.913     9.325    u_core/u_fetch/take_interrupt_q_i_5_n_0
                         LUT6 (Prop_lut6_I3_O)        0.124     9.449 f  u_core/u_fetch/rd_valid_e1_q_i_94/O
                         net (fo=48, unplaced)        0.530     9.979    u_core/u_issue/u_pipe_ctrl/rd_valid_e1_q_reg_i_35_0
                         LUT6 (Prop_lut6_I3_O)        0.124    10.103 f  u_core/u_issue/u_pipe_ctrl/rd_valid_e1_q_i_46/O
                         net (fo=1, unplaced)         0.000    10.103    u_core/u_issue/u_pipe_ctrl/rd_valid_e1_q_i_46_n_0
                         MUXF7 (Prop_muxf7_I1_O)      0.247    10.350 f  u_core/u_issue/u_pipe_ctrl/rd_valid_e1_q_reg_i_21/O
                         net (fo=1, unplaced)         0.000    10.350    u_core/u_issue/u_pipe_ctrl/rd_valid_e1_q_reg_i_21_n_0
                         MUXF8 (Prop_muxf8_I0_O)      0.098    10.448 f  u_core/u_issue/u_pipe_ctrl/rd_valid_e1_q_reg_i_9/O
                         net (fo=1, unplaced)         0.717    11.165    u_core/u_issue/u_pipe_ctrl/rd_valid_e1_q_reg_i_9_n_0
                         LUT6 (Prop_lut6_I0_O)        0.319    11.484 f  u_core/u_issue/u_pipe_ctrl/rd_valid_e1_q_i_6/O
                         net (fo=2, unplaced)         0.913    12.397    u_core/u_issue/u_pipe_ctrl/opcode_issue_r3
                         LUT6 (Prop_lut6_I2_O)        0.124    12.521 r  u_core/u_issue/u_pipe_ctrl/rd_valid_e1_q_i_3/O
                         net (fo=25, unplaced)        0.514    13.035    u_core/u_fetch/lsu_opcode_valid_w
                         LUT6 (Prop_lut6_I5_O)        0.124    13.159 r  u_core/u_fetch/mem_rd_q_i_4/O
                         net (fo=8, unplaced)         0.487    13.646    u_core/u_fetch/mem_rd_q_i_4_n_0
                         LUT6 (Prop_lut6_I5_O)        0.124    13.770 r  u_core/u_fetch/mem_load_q_i_2/O
                         net (fo=8, unplaced)         0.487    14.257    u_core/u_fetch/u_lsu/mem_addr_r1
                         LUT5 (Prop_lut5_I1_O)        0.124    14.381 r  u_core/u_fetch/mem_wr_q[3]_i_9/O
                         net (fo=1, unplaced)         0.000    14.381    u_core/u_fetch/mem_wr_q[3]_i_9_n_0
                         CARRY4 (Prop_carry4_S[0]_O[1])
                                                      0.427    14.808 f  u_core/u_fetch/mem_wr_q_reg[3]_i_3/O[1]
                         net (fo=11, unplaced)        0.657    15.465    u_core/u_fetch/O[1]
                         LUT6 (Prop_lut6_I0_O)        0.306    15.771 f  u_core/u_fetch/mem_rd_q_i_3/O
                         net (fo=7, unplaced)         0.484    16.255    u_core/u_fetch/mem_rd_q_i_3_n_0
                         LUT6 (Prop_lut6_I3_O)        0.124    16.379 r  u_core/u_fetch/mem_wr_q[3]_i_2/O
                         net (fo=12, unplaced)        0.497    16.876    u_core/u_fetch/ram_reg_1_3
                         LUT5 (Prop_lut5_I4_O)        0.124    17.000 r  u_core/u_fetch/mem_wr_q[0]_i_5/O
                         net (fo=17, unplaced)        0.505    17.505    u_core/u_fetch/mem_d_ack_q_reg
                         LUT3 (Prop_lut3_I0_O)        0.124    17.629 r  u_core/u_fetch/mem_data_wr_q[0]_i_1/O
                         net (fo=1, unplaced)         0.000    17.629    u_core/u_lsu/mem_data_wr_q_reg[31]_0[0]
                         FDCE                                         r  u_core/u_lsu/mem_data_wr_q_reg[0]/D
  -------------------------------------------------------------------    -------------------

                         (clock clk_i rise edge)     10.000    10.000 r  
                                                      0.000    10.000 r  clk_i (IN)
                         net (fo=0)                   0.000    10.000    clk_i
                         IBUF (Prop_ibuf_I_O)         0.838    10.838 r  clk_i_IBUF_inst/O
                         net (fo=1, unplaced)         0.760    11.598    clk_i_IBUF
                         BUFG (Prop_bufg_I_O)         0.091    11.689 r  clk_i_IBUF_BUFG_inst/O
                         net (fo=2698, unplaced)      0.439    12.128    u_core/u_lsu/clk_i_IBUF_BUFG
                         FDCE                                         r  u_core/u_lsu/mem_data_wr_q_reg[0]/C
                         clock pessimism              0.184    12.311    
                         clock uncertainty           -0.035    12.276    
                         FDCE (Setup_fdce_C_D)        0.044    12.320    u_core/u_lsu/mem_data_wr_q_reg[0]
  -------------------------------------------------------------------
                         required time                         12.320    
                         arrival time                         -17.629    
  -------------------------------------------------------------------
                         slack                                 -5.309    

Slack (VIOLATED) :        -5.309ns  (required time - arrival time)
  Source:                 u_tcm/u_ram/ram_reg_2_0/CLKBWRCLK
                            (rising edge-triggered cell RAMB36E1 clocked by clk_i  {rise@0.000ns fall@5.000ns period=10.000ns})
  Destination:            u_core/u_lsu/mem_data_wr_q_reg[10]/D
                            (rising edge-triggered cell FDCE clocked by clk_i  {rise@0.000ns fall@5.000ns period=10.000ns})
  Path Group:             clk_i
  Path Type:              Setup (Max at Slow Process Corner)
  Requirement:            10.000ns  (clk_i rise@10.000ns - clk_i rise@0.000ns)
  Data Path Delay:        15.173ns  (logic 5.339ns (35.188%)  route 9.834ns (64.812%))
  Logic Levels:           17  (CARRY4=1 LUT3=1 LUT4=1 LUT5=2 LUT6=10 MUXF7=1 MUXF8=1)
  Clock Path Skew:        -0.145ns (DCD - SCD + CPR)
    Destination Clock Delay (DCD):    2.128ns = ( 12.128 - 10.000 ) 
    Source Clock Delay      (SCD):    2.456ns
    Clock Pessimism Removal (CPR):    0.184ns
  Clock Uncertainty:      0.035ns  ((TSJ^2 + TIJ^2)^1/2 + DJ) / 2 + PE
    Total System Jitter     (TSJ):    0.071ns
    Total Input Jitter      (TIJ):    0.000ns
    Discrete Jitter          (DJ):    0.000ns
    Phase Error              (PE):    0.000ns

    Location             Delay type                Incr(ns)  Path(ns)    Netlist Resource(s)
  -------------------------------------------------------------------    -------------------
                         (clock clk_i rise edge)      0.000     0.000 r  
                                                      0.000     0.000 r  clk_i (IN)
                         net (fo=0)                   0.000     0.000    clk_i
                         IBUF (Prop_ibuf_I_O)         0.972     0.972 r  clk_i_IBUF_inst/O
                         net (fo=1, unplaced)         0.800     1.771    clk_i_IBUF
                         BUFG (Prop_bufg_I_O)         0.101     1.872 r  clk_i_IBUF_BUFG_inst/O
                         net (fo=2698, unplaced)      0.584     2.456    u_tcm/u_ram/clk_i_IBUF_BUFG
                         RAMB36E1                                     r  u_tcm/u_ram/ram_reg_2_0/CLKBWRCLK
  -------------------------------------------------------------------    -------------------
                         RAMB36E1 (Prop_ramb36e1_CLKBWRCLK_DOBDO[0])
                                                      2.454     4.910 r  u_tcm/u_ram/ram_reg_2_0/DOBDO[0]
                         net (fo=4, unplaced)         0.800     5.710    u_core/u_fetch/ram_read0_q[16]
                         LUT3 (Prop_lut3_I1_O)        0.124     5.834 r  u_core/u_fetch/exception_e1_q[5]_i_20/O
                         net (fo=91, unplaced)        1.208     7.042    u_core/u_fetch/skid_buffer_q_reg[16]_0
                         LUT6 (Prop_lut6_I1_O)        0.124     7.166 r  u_core/u_fetch/take_interrupt_q_i_11/O
                         net (fo=2, unplaced)         1.122     8.288    u_core/u_fetch/take_interrupt_q_i_11_n_0
                         LUT6 (Prop_lut6_I1_O)        0.124     8.412 f  u_core/u_fetch/take_interrupt_q_i_5/O
                         net (fo=2, unplaced)         0.913     9.325    u_core/u_fetch/take_interrupt_q_i_5_n_0
                         LUT6 (Prop_lut6_I3_O)        0.124     9.449 f  u_core/u_fetch/rd_valid_e1_q_i_94/O
                         net (fo=48, unplaced)        0.530     9.979    u_core/u_issue/u_pipe_ctrl/rd_valid_e1_q_reg_i_35_0
                         LUT6 (Prop_lut6_I3_O)        0.124    10.103 f  u_core/u_issue/u_pipe_ctrl/rd_valid_e1_q_i_46/O
                         net (fo=1, unplaced)         0.000    10.103    u_core/u_issue/u_pipe_ctrl/rd_valid_e1_q_i_46_n_0
                         MUXF7 (Prop_muxf7_I1_O)      0.247    10.350 f  u_core/u_issue/u_pipe_ctrl/rd_valid_e1_q_reg_i_21/O
                         net (fo=1, unplaced)         0.000    10.350    u_core/u_issue/u_pipe_ctrl/rd_valid_e1_q_reg_i_21_n_0
                         MUXF8 (Prop_muxf8_I0_O)      0.098    10.448 f  u_core/u_issue/u_pipe_ctrl/rd_valid_e1_q_reg_i_9/O
                         net (fo=1, unplaced)         0.717    11.165    u_core/u_issue/u_pipe_ctrl/rd_valid_e1_q_reg_i_9_n_0
                         LUT6 (Prop_lut6_I0_O)        0.319    11.484 f  u_core/u_issue/u_pipe_ctrl/rd_valid_e1_q_i_6/O
                         net (fo=2, unplaced)         0.913    12.397    u_core/u_issue/u_pipe_ctrl/opcode_issue_r3
                         LUT6 (Prop_lut6_I2_O)        0.124    12.521 r  u_core/u_issue/u_pipe_ctrl/rd_valid_e1_q_i_3/O
                         net (fo=25, unplaced)        0.514    13.035    u_core/u_fetch/lsu_opcode_valid_w
                         LUT6 (Prop_lut6_I5_O)        0.124    13.159 r  u_core/u_fetch/mem_rd_q_i_4/O
                         net (fo=8, unplaced)         0.487    13.646    u_core/u_fetch/mem_rd_q_i_4_n_0
                         LUT6 (Prop_lut6_I5_O)        0.124    13.770 r  u_core/u_fetch/mem_load_q_i_2/O
                         net (fo=8, unplaced)         0.487    14.257    u_core/u_fetch/u_lsu/mem_addr_r1
                         LUT5 (Prop_lut5_I1_O)        0.124    14.381 r  u_core/u_fetch/mem_wr_q[3]_i_9/O
                         net (fo=1, unplaced)         0.000    14.381    u_core/u_fetch/mem_wr_q[3]_i_9_n_0
                         CARRY4 (Prop_carry4_S[0]_O[1])
                                                      0.427    14.808 f  u_core/u_fetch/mem_wr_q_reg[3]_i_3/O[1]
                         net (fo=11, unplaced)        0.657    15.465    u_core/u_fetch/O[1]
                         LUT6 (Prop_lut6_I0_O)        0.306    15.771 f  u_core/u_fetch/mem_rd_q_i_3/O
                         net (fo=7, unplaced)         0.484    16.255    u_core/u_fetch/mem_rd_q_i_3_n_0
                         LUT6 (Prop_lut6_I3_O)        0.124    16.379 r  u_core/u_fetch/mem_wr_q[3]_i_2/O
                         net (fo=12, unplaced)        0.497    16.876    u_core/u_fetch/ram_reg_1_3
                         LUT5 (Prop_lut5_I4_O)        0.124    17.000 r  u_core/u_fetch/mem_wr_q[0]_i_5/O
                         net (fo=17, unplaced)        0.505    17.505    u_core/u_issue/u_pipe_ctrl/mem_data_wr_q_reg[15]_0
                         LUT4 (Prop_lut4_I3_O)        0.124    17.629 r  u_core/u_issue/u_pipe_ctrl/mem_data_wr_q[10]_i_1/O
                         net (fo=1, unplaced)         0.000    17.629    u_core/u_lsu/mem_data_wr_q_reg[31]_0[10]
                         FDCE                                         r  u_core/u_lsu/mem_data_wr_q_reg[10]/D
  -------------------------------------------------------------------    -------------------

                         (clock clk_i rise edge)     10.000    10.000 r  
                                                      0.000    10.000 r  clk_i (IN)
                         net (fo=0)                   0.000    10.000    clk_i
                         IBUF (Prop_ibuf_I_O)         0.838    10.838 r  clk_i_IBUF_inst/O
                         net (fo=1, unplaced)         0.760    11.598    clk_i_IBUF
                         BUFG (Prop_bufg_I_O)         0.091    11.689 r  clk_i_IBUF_BUFG_inst/O
                         net (fo=2698, unplaced)      0.439    12.128    u_core/u_lsu/clk_i_IBUF_BUFG
                         FDCE                                         r  u_core/u_lsu/mem_data_wr_q_reg[10]/C
                         clock pessimism              0.184    12.311    
                         clock uncertainty           -0.035    12.276    
                         FDCE (Setup_fdce_C_D)        0.044    12.320    u_core/u_lsu/mem_data_wr_q_reg[10]
  -------------------------------------------------------------------
                         required time                         12.320    
                         arrival time                         -17.629    
  -------------------------------------------------------------------
                         slack                                 -5.309    

Slack (VIOLATED) :        -5.309ns  (required time - arrival time)
  Source:                 u_tcm/u_ram/ram_reg_2_0/CLKBWRCLK
                            (rising edge-triggered cell RAMB36E1 clocked by clk_i  {rise@0.000ns fall@5.000ns period=10.000ns})
  Destination:            u_core/u_lsu/mem_data_wr_q_reg[11]/D
                            (rising edge-triggered cell FDCE clocked by clk_i  {rise@0.000ns fall@5.000ns period=10.000ns})
  Path Group:             clk_i
  Path Type:              Setup (Max at Slow Process Corner)
  Requirement:            10.000ns  (clk_i rise@10.000ns - clk_i rise@0.000ns)
  Data Path Delay:        15.173ns  (logic 5.339ns (35.188%)  route 9.834ns (64.812%))
  Logic Levels:           17  (CARRY4=1 LUT3=1 LUT4=1 LUT5=2 LUT6=10 MUXF7=1 MUXF8=1)
  Clock Path Skew:        -0.145ns (DCD - SCD + CPR)
    Destination Clock Delay (DCD):    2.128ns = ( 12.128 - 10.000 ) 
    Source Clock Delay      (SCD):    2.456ns
    Clock Pessimism Removal (CPR):    0.184ns
  Clock Uncertainty:      0.035ns  ((TSJ^2 + TIJ^2)^1/2 + DJ) / 2 + PE
    Total System Jitter     (TSJ):    0.071ns
    Total Input Jitter      (TIJ):    0.000ns
    Discrete Jitter          (DJ):    0.000ns
    Phase Error              (PE):    0.000ns

    Location             Delay type                Incr(ns)  Path(ns)    Netlist Resource(s)
  -------------------------------------------------------------------    -------------------
                         (clock clk_i rise edge)      0.000     0.000 r  
                                                      0.000     0.000 r  clk_i (IN)
                         net (fo=0)                   0.000     0.000    clk_i
                         IBUF (Prop_ibuf_I_O)         0.972     0.972 r  clk_i_IBUF_inst/O
                         net (fo=1, unplaced)         0.800     1.771    clk_i_IBUF
                         BUFG (Prop_bufg_I_O)         0.101     1.872 r  clk_i_IBUF_BUFG_inst/O
                         net (fo=2698, unplaced)      0.584     2.456    u_tcm/u_ram/clk_i_IBUF_BUFG
                         RAMB36E1                                     r  u_tcm/u_ram/ram_reg_2_0/CLKBWRCLK
  -------------------------------------------------------------------    -------------------
                         RAMB36E1 (Prop_ramb36e1_CLKBWRCLK_DOBDO[0])
                                                      2.454     4.910 r  u_tcm/u_ram/ram_reg_2_0/DOBDO[0]
                         net (fo=4, unplaced)         0.800     5.710    u_core/u_fetch/ram_read0_q[16]
                         LUT3 (Prop_lut3_I1_O)        0.124     5.834 r  u_core/u_fetch/exception_e1_q[5]_i_20/O
                         net (fo=91, unplaced)        1.208     7.042    u_core/u_fetch/skid_buffer_q_reg[16]_0
                         LUT6 (Prop_lut6_I1_O)        0.124     7.166 r  u_core/u_fetch/take_interrupt_q_i_11/O
                         net (fo=2, unplaced)         1.122     8.288    u_core/u_fetch/take_interrupt_q_i_11_n_0
                         LUT6 (Prop_lut6_I1_O)        0.124     8.412 f  u_core/u_fetch/take_interrupt_q_i_5/O
                         net (fo=2, unplaced)         0.913     9.325    u_core/u_fetch/take_interrupt_q_i_5_n_0
                         LUT6 (Prop_lut6_I3_O)        0.124     9.449 f  u_core/u_fetch/rd_valid_e1_q_i_94/O
                         net (fo=48, unplaced)        0.530     9.979    u_core/u_issue/u_pipe_ctrl/rd_valid_e1_q_reg_i_35_0
                         LUT6 (Prop_lut6_I3_O)        0.124    10.103 f  u_core/u_issue/u_pipe_ctrl/rd_valid_e1_q_i_46/O
                         net (fo=1, unplaced)         0.000    10.103    u_core/u_issue/u_pipe_ctrl/rd_valid_e1_q_i_46_n_0
                         MUXF7 (Prop_muxf7_I1_O)      0.247    10.350 f  u_core/u_issue/u_pipe_ctrl/rd_valid_e1_q_reg_i_21/O
                         net (fo=1, unplaced)         0.000    10.350    u_core/u_issue/u_pipe_ctrl/rd_valid_e1_q_reg_i_21_n_0
                         MUXF8 (Prop_muxf8_I0_O)      0.098    10.448 f  u_core/u_issue/u_pipe_ctrl/rd_valid_e1_q_reg_i_9/O
                         net (fo=1, unplaced)         0.717    11.165    u_core/u_issue/u_pipe_ctrl/rd_valid_e1_q_reg_i_9_n_0
                         LUT6 (Prop_lut6_I0_O)        0.319    11.484 f  u_core/u_issue/u_pipe_ctrl/rd_valid_e1_q_i_6/O
                         net (fo=2, unplaced)         0.913    12.397    u_core/u_issue/u_pipe_ctrl/opcode_issue_r3
                         LUT6 (Prop_lut6_I2_O)        0.124    12.521 r  u_core/u_issue/u_pipe_ctrl/rd_valid_e1_q_i_3/O
                         net (fo=25, unplaced)        0.514    13.035    u_core/u_fetch/lsu_opcode_valid_w
                         LUT6 (Prop_lut6_I5_O)        0.124    13.159 r  u_core/u_fetch/mem_rd_q_i_4/O
                         net (fo=8, unplaced)         0.487    13.646    u_core/u_fetch/mem_rd_q_i_4_n_0
                         LUT6 (Prop_lut6_I5_O)        0.124    13.770 r  u_core/u_fetch/mem_load_q_i_2/O
                         net (fo=8, unplaced)         0.487    14.257    u_core/u_fetch/u_lsu/mem_addr_r1
                         LUT5 (Prop_lut5_I1_O)        0.124    14.381 r  u_core/u_fetch/mem_wr_q[3]_i_9/O
                         net (fo=1, unplaced)         0.000    14.381    u_core/u_fetch/mem_wr_q[3]_i_9_n_0
                         CARRY4 (Prop_carry4_S[0]_O[1])
                                                      0.427    14.808 f  u_core/u_fetch/mem_wr_q_reg[3]_i_3/O[1]
                         net (fo=11, unplaced)        0.657    15.465    u_core/u_fetch/O[1]
                         LUT6 (Prop_lut6_I0_O)        0.306    15.771 f  u_core/u_fetch/mem_rd_q_i_3/O
                         net (fo=7, unplaced)         0.484    16.255    u_core/u_fetch/mem_rd_q_i_3_n_0
                         LUT6 (Prop_lut6_I3_O)        0.124    16.379 r  u_core/u_fetch/mem_wr_q[3]_i_2/O
                         net (fo=12, unplaced)        0.497    16.876    u_core/u_fetch/ram_reg_1_3
                         LUT5 (Prop_lut5_I4_O)        0.124    17.000 r  u_core/u_fetch/mem_wr_q[0]_i_5/O
                         net (fo=17, unplaced)        0.505    17.505    u_core/u_issue/u_pipe_ctrl/mem_data_wr_q_reg[15]_0
                         LUT4 (Prop_lut4_I3_O)        0.124    17.629 r  u_core/u_issue/u_pipe_ctrl/mem_data_wr_q[11]_i_1/O
                         net (fo=1, unplaced)         0.000    17.629    u_core/u_lsu/mem_data_wr_q_reg[31]_0[11]
                         FDCE                                         r  u_core/u_lsu/mem_data_wr_q_reg[11]/D
  -------------------------------------------------------------------    -------------------

                         (clock clk_i rise edge)     10.000    10.000 r  
                                                      0.000    10.000 r  clk_i (IN)
                         net (fo=0)                   0.000    10.000    clk_i
                         IBUF (Prop_ibuf_I_O)         0.838    10.838 r  clk_i_IBUF_inst/O
                         net (fo=1, unplaced)         0.760    11.598    clk_i_IBUF
                         BUFG (Prop_bufg_I_O)         0.091    11.689 r  clk_i_IBUF_BUFG_inst/O
                         net (fo=2698, unplaced)      0.439    12.128    u_core/u_lsu/clk_i_IBUF_BUFG
                         FDCE                                         r  u_core/u_lsu/mem_data_wr_q_reg[11]/C
                         clock pessimism              0.184    12.311    
                         clock uncertainty           -0.035    12.276    
                         FDCE (Setup_fdce_C_D)        0.044    12.320    u_core/u_lsu/mem_data_wr_q_reg[11]
  -------------------------------------------------------------------
                         required time                         12.320    
                         arrival time                         -17.629    
  -------------------------------------------------------------------
                         slack                                 -5.309    

Slack (VIOLATED) :        -5.309ns  (required time - arrival time)
  Source:                 u_tcm/u_ram/ram_reg_2_0/CLKBWRCLK
                            (rising edge-triggered cell RAMB36E1 clocked by clk_i  {rise@0.000ns fall@5.000ns period=10.000ns})
  Destination:            u_core/u_lsu/mem_data_wr_q_reg[12]/D
                            (rising edge-triggered cell FDCE clocked by clk_i  {rise@0.000ns fall@5.000ns period=10.000ns})
  Path Group:             clk_i
  Path Type:              Setup (Max at Slow Process Corner)
  Requirement:            10.000ns  (clk_i rise@10.000ns - clk_i rise@0.000ns)
  Data Path Delay:        15.173ns  (logic 5.339ns (35.188%)  route 9.834ns (64.812%))
  Logic Levels:           17  (CARRY4=1 LUT3=1 LUT4=1 LUT5=2 LUT6=10 MUXF7=1 MUXF8=1)
  Clock Path Skew:        -0.145ns (DCD - SCD + CPR)
    Destination Clock Delay (DCD):    2.128ns = ( 12.128 - 10.000 ) 
    Source Clock Delay      (SCD):    2.456ns
    Clock Pessimism Removal (CPR):    0.184ns
  Clock Uncertainty:      0.035ns  ((TSJ^2 + TIJ^2)^1/2 + DJ) / 2 + PE
    Total System Jitter     (TSJ):    0.071ns
    Total Input Jitter      (TIJ):    0.000ns
    Discrete Jitter          (DJ):    0.000ns
    Phase Error              (PE):    0.000ns

    Location             Delay type                Incr(ns)  Path(ns)    Netlist Resource(s)
  -------------------------------------------------------------------    -------------------
                         (clock clk_i rise edge)      0.000     0.000 r  
                                                      0.000     0.000 r  clk_i (IN)
                         net (fo=0)                   0.000     0.000    clk_i
                         IBUF (Prop_ibuf_I_O)         0.972     0.972 r  clk_i_IBUF_inst/O
                         net (fo=1, unplaced)         0.800     1.771    clk_i_IBUF
                         BUFG (Prop_bufg_I_O)         0.101     1.872 r  clk_i_IBUF_BUFG_inst/O
                         net (fo=2698, unplaced)      0.584     2.456    u_tcm/u_ram/clk_i_IBUF_BUFG
                         RAMB36E1                                     r  u_tcm/u_ram/ram_reg_2_0/CLKBWRCLK
  -------------------------------------------------------------------    -------------------
                         RAMB36E1 (Prop_ramb36e1_CLKBWRCLK_DOBDO[0])
                                                      2.454     4.910 r  u_tcm/u_ram/ram_reg_2_0/DOBDO[0]
                         net (fo=4, unplaced)         0.800     5.710    u_core/u_fetch/ram_read0_q[16]
                         LUT3 (Prop_lut3_I1_O)        0.124     5.834 r  u_core/u_fetch/exception_e1_q[5]_i_20/O
                         net (fo=91, unplaced)        1.208     7.042    u_core/u_fetch/skid_buffer_q_reg[16]_0
                         LUT6 (Prop_lut6_I1_O)        0.124     7.166 r  u_core/u_fetch/take_interrupt_q_i_11/O
                         net (fo=2, unplaced)         1.122     8.288    u_core/u_fetch/take_interrupt_q_i_11_n_0
                         LUT6 (Prop_lut6_I1_O)        0.124     8.412 f  u_core/u_fetch/take_interrupt_q_i_5/O
                         net (fo=2, unplaced)         0.913     9.325    u_core/u_fetch/take_interrupt_q_i_5_n_0
                         LUT6 (Prop_lut6_I3_O)        0.124     9.449 f  u_core/u_fetch/rd_valid_e1_q_i_94/O
                         net (fo=48, unplaced)        0.530     9.979    u_core/u_issue/u_pipe_ctrl/rd_valid_e1_q_reg_i_35_0
                         LUT6 (Prop_lut6_I3_O)        0.124    10.103 f  u_core/u_issue/u_pipe_ctrl/rd_valid_e1_q_i_46/O
                         net (fo=1, unplaced)         0.000    10.103    u_core/u_issue/u_pipe_ctrl/rd_valid_e1_q_i_46_n_0
                         MUXF7 (Prop_muxf7_I1_O)      0.247    10.350 f  u_core/u_issue/u_pipe_ctrl/rd_valid_e1_q_reg_i_21/O
                         net (fo=1, unplaced)         0.000    10.350    u_core/u_issue/u_pipe_ctrl/rd_valid_e1_q_reg_i_21_n_0
                         MUXF8 (Prop_muxf8_I0_O)      0.098    10.448 f  u_core/u_issue/u_pipe_ctrl/rd_valid_e1_q_reg_i_9/O
                         net (fo=1, unplaced)         0.717    11.165    u_core/u_issue/u_pipe_ctrl/rd_valid_e1_q_reg_i_9_n_0
                         LUT6 (Prop_lut6_I0_O)        0.319    11.484 f  u_core/u_issue/u_pipe_ctrl/rd_valid_e1_q_i_6/O
                         net (fo=2, unplaced)         0.913    12.397    u_core/u_issue/u_pipe_ctrl/opcode_issue_r3
                         LUT6 (Prop_lut6_I2_O)        0.124    12.521 r  u_core/u_issue/u_pipe_ctrl/rd_valid_e1_q_i_3/O
                         net (fo=25, unplaced)        0.514    13.035    u_core/u_fetch/lsu_opcode_valid_w
                         LUT6 (Prop_lut6_I5_O)        0.124    13.159 r  u_core/u_fetch/mem_rd_q_i_4/O
                         net (fo=8, unplaced)         0.487    13.646    u_core/u_fetch/mem_rd_q_i_4_n_0
                         LUT6 (Prop_lut6_I5_O)        0.124    13.770 r  u_core/u_fetch/mem_load_q_i_2/O
                         net (fo=8, unplaced)         0.487    14.257    u_core/u_fetch/u_lsu/mem_addr_r1
                         LUT5 (Prop_lut5_I1_O)        0.124    14.381 r  u_core/u_fetch/mem_wr_q[3]_i_9/O
                         net (fo=1, unplaced)         0.000    14.381    u_core/u_fetch/mem_wr_q[3]_i_9_n_0
                         CARRY4 (Prop_carry4_S[0]_O[1])
                                                      0.427    14.808 f  u_core/u_fetch/mem_wr_q_reg[3]_i_3/O[1]
                         net (fo=11, unplaced)        0.657    15.465    u_core/u_fetch/O[1]
                         LUT6 (Prop_lut6_I0_O)        0.306    15.771 f  u_core/u_fetch/mem_rd_q_i_3/O
                         net (fo=7, unplaced)         0.484    16.255    u_core/u_fetch/mem_rd_q_i_3_n_0
                         LUT6 (Prop_lut6_I3_O)        0.124    16.379 r  u_core/u_fetch/mem_wr_q[3]_i_2/O
                         net (fo=12, unplaced)        0.497    16.876    u_core/u_fetch/ram_reg_1_3
                         LUT5 (Prop_lut5_I4_O)        0.124    17.000 r  u_core/u_fetch/mem_wr_q[0]_i_5/O
                         net (fo=17, unplaced)        0.505    17.505    u_core/u_issue/u_pipe_ctrl/mem_data_wr_q_reg[15]_0
                         LUT4 (Prop_lut4_I3_O)        0.124    17.629 r  u_core/u_issue/u_pipe_ctrl/mem_data_wr_q[12]_i_1/O
                         net (fo=1, unplaced)         0.000    17.629    u_core/u_lsu/mem_data_wr_q_reg[31]_0[12]
                         FDCE                                         r  u_core/u_lsu/mem_data_wr_q_reg[12]/D
  -------------------------------------------------------------------    -------------------

                         (clock clk_i rise edge)     10.000    10.000 r  
                                                      0.000    10.000 r  clk_i (IN)
                         net (fo=0)                   0.000    10.000    clk_i
                         IBUF (Prop_ibuf_I_O)         0.838    10.838 r  clk_i_IBUF_inst/O
                         net (fo=1, unplaced)         0.760    11.598    clk_i_IBUF
                         BUFG (Prop_bufg_I_O)         0.091    11.689 r  clk_i_IBUF_BUFG_inst/O
                         net (fo=2698, unplaced)      0.439    12.128    u_core/u_lsu/clk_i_IBUF_BUFG
                         FDCE                                         r  u_core/u_lsu/mem_data_wr_q_reg[12]/C
                         clock pessimism              0.184    12.311    
                         clock uncertainty           -0.035    12.276    
                         FDCE (Setup_fdce_C_D)        0.044    12.320    u_core/u_lsu/mem_data_wr_q_reg[12]
  -------------------------------------------------------------------
                         required time                         12.320    
                         arrival time                         -17.629    
  -------------------------------------------------------------------
                         slack                                 -5.309    

Slack (VIOLATED) :        -5.309ns  (required time - arrival time)
  Source:                 u_tcm/u_ram/ram_reg_2_0/CLKBWRCLK
                            (rising edge-triggered cell RAMB36E1 clocked by clk_i  {rise@0.000ns fall@5.000ns period=10.000ns})
  Destination:            u_core/u_lsu/mem_data_wr_q_reg[13]/D
                            (rising edge-triggered cell FDCE clocked by clk_i  {rise@0.000ns fall@5.000ns period=10.000ns})
  Path Group:             clk_i
  Path Type:              Setup (Max at Slow Process Corner)
  Requirement:            10.000ns  (clk_i rise@10.000ns - clk_i rise@0.000ns)
  Data Path Delay:        15.173ns  (logic 5.339ns (35.188%)  route 9.834ns (64.812%))
  Logic Levels:           17  (CARRY4=1 LUT3=1 LUT4=1 LUT5=2 LUT6=10 MUXF7=1 MUXF8=1)
  Clock Path Skew:        -0.145ns (DCD - SCD + CPR)
    Destination Clock Delay (DCD):    2.128ns = ( 12.128 - 10.000 ) 
    Source Clock Delay      (SCD):    2.456ns
    Clock Pessimism Removal (CPR):    0.184ns
  Clock Uncertainty:      0.035ns  ((TSJ^2 + TIJ^2)^1/2 + DJ) / 2 + PE
    Total System Jitter     (TSJ):    0.071ns
    Total Input Jitter      (TIJ):    0.000ns
    Discrete Jitter          (DJ):    0.000ns
    Phase Error              (PE):    0.000ns

    Location             Delay type                Incr(ns)  Path(ns)    Netlist Resource(s)
  -------------------------------------------------------------------    -------------------
                         (clock clk_i rise edge)      0.000     0.000 r  
                                                      0.000     0.000 r  clk_i (IN)
                         net (fo=0)                   0.000     0.000    clk_i
                         IBUF (Prop_ibuf_I_O)         0.972     0.972 r  clk_i_IBUF_inst/O
                         net (fo=1, unplaced)         0.800     1.771    clk_i_IBUF
                         BUFG (Prop_bufg_I_O)         0.101     1.872 r  clk_i_IBUF_BUFG_inst/O
                         net (fo=2698, unplaced)      0.584     2.456    u_tcm/u_ram/clk_i_IBUF_BUFG
                         RAMB36E1                                     r  u_tcm/u_ram/ram_reg_2_0/CLKBWRCLK
  -------------------------------------------------------------------    -------------------
                         RAMB36E1 (Prop_ramb36e1_CLKBWRCLK_DOBDO[0])
                                                      2.454     4.910 r  u_tcm/u_ram/ram_reg_2_0/DOBDO[0]
                         net (fo=4, unplaced)         0.800     5.710    u_core/u_fetch/ram_read0_q[16]
                         LUT3 (Prop_lut3_I1_O)        0.124     5.834 r  u_core/u_fetch/exception_e1_q[5]_i_20/O
                         net (fo=91, unplaced)        1.208     7.042    u_core/u_fetch/skid_buffer_q_reg[16]_0
                         LUT6 (Prop_lut6_I1_O)        0.124     7.166 r  u_core/u_fetch/take_interrupt_q_i_11/O
                         net (fo=2, unplaced)         1.122     8.288    u_core/u_fetch/take_interrupt_q_i_11_n_0
                         LUT6 (Prop_lut6_I1_O)        0.124     8.412 f  u_core/u_fetch/take_interrupt_q_i_5/O
                         net (fo=2, unplaced)         0.913     9.325    u_core/u_fetch/take_interrupt_q_i_5_n_0
                         LUT6 (Prop_lut6_I3_O)        0.124     9.449 f  u_core/u_fetch/rd_valid_e1_q_i_94/O
                         net (fo=48, unplaced)        0.530     9.979    u_core/u_issue/u_pipe_ctrl/rd_valid_e1_q_reg_i_35_0
                         LUT6 (Prop_lut6_I3_O)        0.124    10.103 f  u_core/u_issue/u_pipe_ctrl/rd_valid_e1_q_i_46/O
                         net (fo=1, unplaced)         0.000    10.103    u_core/u_issue/u_pipe_ctrl/rd_valid_e1_q_i_46_n_0
                         MUXF7 (Prop_muxf7_I1_O)      0.247    10.350 f  u_core/u_issue/u_pipe_ctrl/rd_valid_e1_q_reg_i_21/O
                         net (fo=1, unplaced)         0.000    10.350    u_core/u_issue/u_pipe_ctrl/rd_valid_e1_q_reg_i_21_n_0
                         MUXF8 (Prop_muxf8_I0_O)      0.098    10.448 f  u_core/u_issue/u_pipe_ctrl/rd_valid_e1_q_reg_i_9/O
                         net (fo=1, unplaced)         0.717    11.165    u_core/u_issue/u_pipe_ctrl/rd_valid_e1_q_reg_i_9_n_0
                         LUT6 (Prop_lut6_I0_O)        0.319    11.484 f  u_core/u_issue/u_pipe_ctrl/rd_valid_e1_q_i_6/O
                         net (fo=2, unplaced)         0.913    12.397    u_core/u_issue/u_pipe_ctrl/opcode_issue_r3
                         LUT6 (Prop_lut6_I2_O)        0.124    12.521 r  u_core/u_issue/u_pipe_ctrl/rd_valid_e1_q_i_3/O
                         net (fo=25, unplaced)        0.514    13.035    u_core/u_fetch/lsu_opcode_valid_w
                         LUT6 (Prop_lut6_I5_O)        0.124    13.159 r  u_core/u_fetch/mem_rd_q_i_4/O
                         net (fo=8, unplaced)         0.487    13.646    u_core/u_fetch/mem_rd_q_i_4_n_0
                         LUT6 (Prop_lut6_I5_O)        0.124    13.770 r  u_core/u_fetch/mem_load_q_i_2/O
                         net (fo=8, unplaced)         0.487    14.257    u_core/u_fetch/u_lsu/mem_addr_r1
                         LUT5 (Prop_lut5_I1_O)        0.124    14.381 r  u_core/u_fetch/mem_wr_q[3]_i_9/O
                         net (fo=1, unplaced)         0.000    14.381    u_core/u_fetch/mem_wr_q[3]_i_9_n_0
                         CARRY4 (Prop_carry4_S[0]_O[1])
                                                      0.427    14.808 f  u_core/u_fetch/mem_wr_q_reg[3]_i_3/O[1]
                         net (fo=11, unplaced)        0.657    15.465    u_core/u_fetch/O[1]
                         LUT6 (Prop_lut6_I0_O)        0.306    15.771 f  u_core/u_fetch/mem_rd_q_i_3/O
                         net (fo=7, unplaced)         0.484    16.255    u_core/u_fetch/mem_rd_q_i_3_n_0
                         LUT6 (Prop_lut6_I3_O)        0.124    16.379 r  u_core/u_fetch/mem_wr_q[3]_i_2/O
                         net (fo=12, unplaced)        0.497    16.876    u_core/u_fetch/ram_reg_1_3
                         LUT5 (Prop_lut5_I4_O)        0.124    17.000 r  u_core/u_fetch/mem_wr_q[0]_i_5/O
                         net (fo=17, unplaced)        0.505    17.505    u_core/u_issue/u_pipe_ctrl/mem_data_wr_q_reg[15]_0
                         LUT4 (Prop_lut4_I3_O)        0.124    17.629 r  u_core/u_issue/u_pipe_ctrl/mem_data_wr_q[13]_i_1/O
                         net (fo=1, unplaced)         0.000    17.629    u_core/u_lsu/mem_data_wr_q_reg[31]_0[13]
                         FDCE                                         r  u_core/u_lsu/mem_data_wr_q_reg[13]/D
  -------------------------------------------------------------------    -------------------

                         (clock clk_i rise edge)     10.000    10.000 r  
                                                      0.000    10.000 r  clk_i (IN)
                         net (fo=0)                   0.000    10.000    clk_i
                         IBUF (Prop_ibuf_I_O)         0.838    10.838 r  clk_i_IBUF_inst/O
                         net (fo=1, unplaced)         0.760    11.598    clk_i_IBUF
                         BUFG (Prop_bufg_I_O)         0.091    11.689 r  clk_i_IBUF_BUFG_inst/O
                         net (fo=2698, unplaced)      0.439    12.128    u_core/u_lsu/clk_i_IBUF_BUFG
                         FDCE                                         r  u_core/u_lsu/mem_data_wr_q_reg[13]/C
                         clock pessimism              0.184    12.311    
                         clock uncertainty           -0.035    12.276    
                         FDCE (Setup_fdce_C_D)        0.044    12.320    u_core/u_lsu/mem_data_wr_q_reg[13]
  -------------------------------------------------------------------
                         required time                         12.320    
                         arrival time                         -17.629    
  -------------------------------------------------------------------
                         slack                                 -5.309    

Slack (VIOLATED) :        -5.309ns  (required time - arrival time)
  Source:                 u_tcm/u_ram/ram_reg_2_0/CLKBWRCLK
                            (rising edge-triggered cell RAMB36E1 clocked by clk_i  {rise@0.000ns fall@5.000ns period=10.000ns})
  Destination:            u_core/u_lsu/mem_data_wr_q_reg[14]/D
                            (rising edge-triggered cell FDCE clocked by clk_i  {rise@0.000ns fall@5.000ns period=10.000ns})
  Path Group:             clk_i
  Path Type:              Setup (Max at Slow Process Corner)
  Requirement:            10.000ns  (clk_i rise@10.000ns - clk_i rise@0.000ns)
  Data Path Delay:        15.173ns  (logic 5.339ns (35.188%)  route 9.834ns (64.812%))
  Logic Levels:           17  (CARRY4=1 LUT3=1 LUT4=1 LUT5=2 LUT6=10 MUXF7=1 MUXF8=1)
  Clock Path Skew:        -0.145ns (DCD - SCD + CPR)
    Destination Clock Delay (DCD):    2.128ns = ( 12.128 - 10.000 ) 
    Source Clock Delay      (SCD):    2.456ns
    Clock Pessimism Removal (CPR):    0.184ns
  Clock Uncertainty:      0.035ns  ((TSJ^2 + TIJ^2)^1/2 + DJ) / 2 + PE
    Total System Jitter     (TSJ):    0.071ns
    Total Input Jitter      (TIJ):    0.000ns
    Discrete Jitter          (DJ):    0.000ns
    Phase Error              (PE):    0.000ns

    Location             Delay type                Incr(ns)  Path(ns)    Netlist Resource(s)
  -------------------------------------------------------------------    -------------------
                         (clock clk_i rise edge)      0.000     0.000 r  
                                                      0.000     0.000 r  clk_i (IN)
                         net (fo=0)                   0.000     0.000    clk_i
                         IBUF (Prop_ibuf_I_O)         0.972     0.972 r  clk_i_IBUF_inst/O
                         net (fo=1, unplaced)         0.800     1.771    clk_i_IBUF
                         BUFG (Prop_bufg_I_O)         0.101     1.872 r  clk_i_IBUF_BUFG_inst/O
                         net (fo=2698, unplaced)      0.584     2.456    u_tcm/u_ram/clk_i_IBUF_BUFG
                         RAMB36E1                                     r  u_tcm/u_ram/ram_reg_2_0/CLKBWRCLK
  -------------------------------------------------------------------    -------------------
                         RAMB36E1 (Prop_ramb36e1_CLKBWRCLK_DOBDO[0])
                                                      2.454     4.910 r  u_tcm/u_ram/ram_reg_2_0/DOBDO[0]
                         net (fo=4, unplaced)         0.800     5.710    u_core/u_fetch/ram_read0_q[16]
                         LUT3 (Prop_lut3_I1_O)        0.124     5.834 r  u_core/u_fetch/exception_e1_q[5]_i_20/O
                         net (fo=91, unplaced)        1.208     7.042    u_core/u_fetch/skid_buffer_q_reg[16]_0
                         LUT6 (Prop_lut6_I1_O)        0.124     7.166 r  u_core/u_fetch/take_interrupt_q_i_11/O
                         net (fo=2, unplaced)         1.122     8.288    u_core/u_fetch/take_interrupt_q_i_11_n_0
                         LUT6 (Prop_lut6_I1_O)        0.124     8.412 f  u_core/u_fetch/take_interrupt_q_i_5/O
                         net (fo=2, unplaced)         0.913     9.325    u_core/u_fetch/take_interrupt_q_i_5_n_0
                         LUT6 (Prop_lut6_I3_O)        0.124     9.449 f  u_core/u_fetch/rd_valid_e1_q_i_94/O
                         net (fo=48, unplaced)        0.530     9.979    u_core/u_issue/u_pipe_ctrl/rd_valid_e1_q_reg_i_35_0
                         LUT6 (Prop_lut6_I3_O)        0.124    10.103 f  u_core/u_issue/u_pipe_ctrl/rd_valid_e1_q_i_46/O
                         net (fo=1, unplaced)         0.000    10.103    u_core/u_issue/u_pipe_ctrl/rd_valid_e1_q_i_46_n_0
                         MUXF7 (Prop_muxf7_I1_O)      0.247    10.350 f  u_core/u_issue/u_pipe_ctrl/rd_valid_e1_q_reg_i_21/O
                         net (fo=1, unplaced)         0.000    10.350    u_core/u_issue/u_pipe_ctrl/rd_valid_e1_q_reg_i_21_n_0
                         MUXF8 (Prop_muxf8_I0_O)      0.098    10.448 f  u_core/u_issue/u_pipe_ctrl/rd_valid_e1_q_reg_i_9/O
                         net (fo=1, unplaced)         0.717    11.165    u_core/u_issue/u_pipe_ctrl/rd_valid_e1_q_reg_i_9_n_0
                         LUT6 (Prop_lut6_I0_O)        0.319    11.484 f  u_core/u_issue/u_pipe_ctrl/rd_valid_e1_q_i_6/O
                         net (fo=2, unplaced)         0.913    12.397    u_core/u_issue/u_pipe_ctrl/opcode_issue_r3
                         LUT6 (Prop_lut6_I2_O)        0.124    12.521 r  u_core/u_issue/u_pipe_ctrl/rd_valid_e1_q_i_3/O
                         net (fo=25, unplaced)        0.514    13.035    u_core/u_fetch/lsu_opcode_valid_w
                         LUT6 (Prop_lut6_I5_O)        0.124    13.159 r  u_core/u_fetch/mem_rd_q_i_4/O
                         net (fo=8, unplaced)         0.487    13.646    u_core/u_fetch/mem_rd_q_i_4_n_0
                         LUT6 (Prop_lut6_I5_O)        0.124    13.770 r  u_core/u_fetch/mem_load_q_i_2/O
                         net (fo=8, unplaced)         0.487    14.257    u_core/u_fetch/u_lsu/mem_addr_r1
                         LUT5 (Prop_lut5_I1_O)        0.124    14.381 r  u_core/u_fetch/mem_wr_q[3]_i_9/O
                         net (fo=1, unplaced)         0.000    14.381    u_core/u_fetch/mem_wr_q[3]_i_9_n_0
                         CARRY4 (Prop_carry4_S[0]_O[1])
                                                      0.427    14.808 f  u_core/u_fetch/mem_wr_q_reg[3]_i_3/O[1]
                         net (fo=11, unplaced)        0.657    15.465    u_core/u_fetch/O[1]
                         LUT6 (Prop_lut6_I0_O)        0.306    15.771 f  u_core/u_fetch/mem_rd_q_i_3/O
                         net (fo=7, unplaced)         0.484    16.255    u_core/u_fetch/mem_rd_q_i_3_n_0
                         LUT6 (Prop_lut6_I3_O)        0.124    16.379 r  u_core/u_fetch/mem_wr_q[3]_i_2/O
                         net (fo=12, unplaced)        0.497    16.876    u_core/u_fetch/ram_reg_1_3
                         LUT5 (Prop_lut5_I4_O)        0.124    17.000 r  u_core/u_fetch/mem_wr_q[0]_i_5/O
                         net (fo=17, unplaced)        0.505    17.505    u_core/u_issue/u_pipe_ctrl/mem_data_wr_q_reg[15]_0
                         LUT4 (Prop_lut4_I3_O)        0.124    17.629 r  u_core/u_issue/u_pipe_ctrl/mem_data_wr_q[14]_i_1/O
                         net (fo=1, unplaced)         0.000    17.629    u_core/u_lsu/mem_data_wr_q_reg[31]_0[14]
                         FDCE                                         r  u_core/u_lsu/mem_data_wr_q_reg[14]/D
  -------------------------------------------------------------------    -------------------

                         (clock clk_i rise edge)     10.000    10.000 r  
                                                      0.000    10.000 r  clk_i (IN)
                         net (fo=0)                   0.000    10.000    clk_i
                         IBUF (Prop_ibuf_I_O)         0.838    10.838 r  clk_i_IBUF_inst/O
                         net (fo=1, unplaced)         0.760    11.598    clk_i_IBUF
                         BUFG (Prop_bufg_I_O)         0.091    11.689 r  clk_i_IBUF_BUFG_inst/O
                         net (fo=2698, unplaced)      0.439    12.128    u_core/u_lsu/clk_i_IBUF_BUFG
                         FDCE                                         r  u_core/u_lsu/mem_data_wr_q_reg[14]/C
                         clock pessimism              0.184    12.311    
                         clock uncertainty           -0.035    12.276    
                         FDCE (Setup_fdce_C_D)        0.044    12.320    u_core/u_lsu/mem_data_wr_q_reg[14]
  -------------------------------------------------------------------
                         required time                         12.320    
                         arrival time                         -17.629    
  -------------------------------------------------------------------
                         slack                                 -5.309    

Slack (VIOLATED) :        -5.309ns  (required time - arrival time)
  Source:                 u_tcm/u_ram/ram_reg_2_0/CLKBWRCLK
                            (rising edge-triggered cell RAMB36E1 clocked by clk_i  {rise@0.000ns fall@5.000ns period=10.000ns})
  Destination:            u_core/u_lsu/mem_data_wr_q_reg[15]/D
                            (rising edge-triggered cell FDCE clocked by clk_i  {rise@0.000ns fall@5.000ns period=10.000ns})
  Path Group:             clk_i
  Path Type:              Setup (Max at Slow Process Corner)
  Requirement:            10.000ns  (clk_i rise@10.000ns - clk_i rise@0.000ns)
  Data Path Delay:        15.173ns  (logic 5.339ns (35.188%)  route 9.834ns (64.812%))
  Logic Levels:           17  (CARRY4=1 LUT3=1 LUT4=1 LUT5=2 LUT6=10 MUXF7=1 MUXF8=1)
  Clock Path Skew:        -0.145ns (DCD - SCD + CPR)
    Destination Clock Delay (DCD):    2.128ns = ( 12.128 - 10.000 ) 
    Source Clock Delay      (SCD):    2.456ns
    Clock Pessimism Removal (CPR):    0.184ns
  Clock Uncertainty:      0.035ns  ((TSJ^2 + TIJ^2)^1/2 + DJ) / 2 + PE
    Total System Jitter     (TSJ):    0.071ns
    Total Input Jitter      (TIJ):    0.000ns
    Discrete Jitter          (DJ):    0.000ns
    Phase Error              (PE):    0.000ns

    Location             Delay type                Incr(ns)  Path(ns)    Netlist Resource(s)
  -------------------------------------------------------------------    -------------------
                         (clock clk_i rise edge)      0.000     0.000 r  
                                                      0.000     0.000 r  clk_i (IN)
                         net (fo=0)                   0.000     0.000    clk_i
                         IBUF (Prop_ibuf_I_O)         0.972     0.972 r  clk_i_IBUF_inst/O
                         net (fo=1, unplaced)         0.800     1.771    clk_i_IBUF
                         BUFG (Prop_bufg_I_O)         0.101     1.872 r  clk_i_IBUF_BUFG_inst/O
                         net (fo=2698, unplaced)      0.584     2.456    u_tcm/u_ram/clk_i_IBUF_BUFG
                         RAMB36E1                                     r  u_tcm/u_ram/ram_reg_2_0/CLKBWRCLK
  -------------------------------------------------------------------    -------------------
                         RAMB36E1 (Prop_ramb36e1_CLKBWRCLK_DOBDO[0])
                                                      2.454     4.910 r  u_tcm/u_ram/ram_reg_2_0/DOBDO[0]
                         net (fo=4, unplaced)         0.800     5.710    u_core/u_fetch/ram_read0_q[16]
                         LUT3 (Prop_lut3_I1_O)        0.124     5.834 r  u_core/u_fetch/exception_e1_q[5]_i_20/O
                         net (fo=91, unplaced)        1.208     7.042    u_core/u_fetch/skid_buffer_q_reg[16]_0
                         LUT6 (Prop_lut6_I1_O)        0.124     7.166 r  u_core/u_fetch/take_interrupt_q_i_11/O
                         net (fo=2, unplaced)         1.122     8.288    u_core/u_fetch/take_interrupt_q_i_11_n_0
                         LUT6 (Prop_lut6_I1_O)        0.124     8.412 f  u_core/u_fetch/take_interrupt_q_i_5/O
                         net (fo=2, unplaced)         0.913     9.325    u_core/u_fetch/take_interrupt_q_i_5_n_0
                         LUT6 (Prop_lut6_I3_O)        0.124     9.449 f  u_core/u_fetch/rd_valid_e1_q_i_94/O
                         net (fo=48, unplaced)        0.530     9.979    u_core/u_issue/u_pipe_ctrl/rd_valid_e1_q_reg_i_35_0
                         LUT6 (Prop_lut6_I3_O)        0.124    10.103 f  u_core/u_issue/u_pipe_ctrl/rd_valid_e1_q_i_46/O
                         net (fo=1, unplaced)         0.000    10.103    u_core/u_issue/u_pipe_ctrl/rd_valid_e1_q_i_46_n_0
                         MUXF7 (Prop_muxf7_I1_O)      0.247    10.350 f  u_core/u_issue/u_pipe_ctrl/rd_valid_e1_q_reg_i_21/O
                         net (fo=1, unplaced)         0.000    10.350    u_core/u_issue/u_pipe_ctrl/rd_valid_e1_q_reg_i_21_n_0
                         MUXF8 (Prop_muxf8_I0_O)      0.098    10.448 f  u_core/u_issue/u_pipe_ctrl/rd_valid_e1_q_reg_i_9/O
                         net (fo=1, unplaced)         0.717    11.165    u_core/u_issue/u_pipe_ctrl/rd_valid_e1_q_reg_i_9_n_0
                         LUT6 (Prop_lut6_I0_O)        0.319    11.484 f  u_core/u_issue/u_pipe_ctrl/rd_valid_e1_q_i_6/O
                         net (fo=2, unplaced)         0.913    12.397    u_core/u_issue/u_pipe_ctrl/opcode_issue_r3
                         LUT6 (Prop_lut6_I2_O)        0.124    12.521 r  u_core/u_issue/u_pipe_ctrl/rd_valid_e1_q_i_3/O
                         net (fo=25, unplaced)        0.514    13.035    u_core/u_fetch/lsu_opcode_valid_w
                         LUT6 (Prop_lut6_I5_O)        0.124    13.159 r  u_core/u_fetch/mem_rd_q_i_4/O
                         net (fo=8, unplaced)         0.487    13.646    u_core/u_fetch/mem_rd_q_i_4_n_0
                         LUT6 (Prop_lut6_I5_O)        0.124    13.770 r  u_core/u_fetch/mem_load_q_i_2/O
                         net (fo=8, unplaced)         0.487    14.257    u_core/u_fetch/u_lsu/mem_addr_r1
                         LUT5 (Prop_lut5_I1_O)        0.124    14.381 r  u_core/u_fetch/mem_wr_q[3]_i_9/O
                         net (fo=1, unplaced)         0.000    14.381    u_core/u_fetch/mem_wr_q[3]_i_9_n_0
                         CARRY4 (Prop_carry4_S[0]_O[1])
                                                      0.427    14.808 f  u_core/u_fetch/mem_wr_q_reg[3]_i_3/O[1]
                         net (fo=11, unplaced)        0.657    15.465    u_core/u_fetch/O[1]
                         LUT6 (Prop_lut6_I0_O)        0.306    15.771 f  u_core/u_fetch/mem_rd_q_i_3/O
                         net (fo=7, unplaced)         0.484    16.255    u_core/u_fetch/mem_rd_q_i_3_n_0
                         LUT6 (Prop_lut6_I3_O)        0.124    16.379 r  u_core/u_fetch/mem_wr_q[3]_i_2/O
                         net (fo=12, unplaced)        0.497    16.876    u_core/u_fetch/ram_reg_1_3
                         LUT5 (Prop_lut5_I4_O)        0.124    17.000 r  u_core/u_fetch/mem_wr_q[0]_i_5/O
                         net (fo=17, unplaced)        0.505    17.505    u_core/u_issue/u_pipe_ctrl/mem_data_wr_q_reg[15]_0
                         LUT4 (Prop_lut4_I3_O)        0.124    17.629 r  u_core/u_issue/u_pipe_ctrl/mem_data_wr_q[15]_i_1/O
                         net (fo=1, unplaced)         0.000    17.629    u_core/u_lsu/mem_data_wr_q_reg[31]_0[15]
                         FDCE                                         r  u_core/u_lsu/mem_data_wr_q_reg[15]/D
  -------------------------------------------------------------------    -------------------

                         (clock clk_i rise edge)     10.000    10.000 r  
                                                      0.000    10.000 r  clk_i (IN)
                         net (fo=0)                   0.000    10.000    clk_i
                         IBUF (Prop_ibuf_I_O)         0.838    10.838 r  clk_i_IBUF_inst/O
                         net (fo=1, unplaced)         0.760    11.598    clk_i_IBUF
                         BUFG (Prop_bufg_I_O)         0.091    11.689 r  clk_i_IBUF_BUFG_inst/O
                         net (fo=2698, unplaced)      0.439    12.128    u_core/u_lsu/clk_i_IBUF_BUFG
                         FDCE                                         r  u_core/u_lsu/mem_data_wr_q_reg[15]/C
                         clock pessimism              0.184    12.311    
                         clock uncertainty           -0.035    12.276    
                         FDCE (Setup_fdce_C_D)        0.044    12.320    u_core/u_lsu/mem_data_wr_q_reg[15]
  -------------------------------------------------------------------
                         required time                         12.320    
                         arrival time                         -17.629    
  -------------------------------------------------------------------
                         slack                                 -5.309    

Slack (VIOLATED) :        -5.309ns  (required time - arrival time)
  Source:                 u_tcm/u_ram/ram_reg_2_0/CLKBWRCLK
                            (rising edge-triggered cell RAMB36E1 clocked by clk_i  {rise@0.000ns fall@5.000ns period=10.000ns})
  Destination:            u_core/u_lsu/mem_data_wr_q_reg[1]/D
                            (rising edge-triggered cell FDCE clocked by clk_i  {rise@0.000ns fall@5.000ns period=10.000ns})
  Path Group:             clk_i
  Path Type:              Setup (Max at Slow Process Corner)
  Requirement:            10.000ns  (clk_i rise@10.000ns - clk_i rise@0.000ns)
  Data Path Delay:        15.173ns  (logic 5.339ns (35.188%)  route 9.834ns (64.812%))
  Logic Levels:           17  (CARRY4=1 LUT3=2 LUT5=2 LUT6=10 MUXF7=1 MUXF8=1)
  Clock Path Skew:        -0.145ns (DCD - SCD + CPR)
    Destination Clock Delay (DCD):    2.128ns = ( 12.128 - 10.000 ) 
    Source Clock Delay      (SCD):    2.456ns
    Clock Pessimism Removal (CPR):    0.184ns
  Clock Uncertainty:      0.035ns  ((TSJ^2 + TIJ^2)^1/2 + DJ) / 2 + PE
    Total System Jitter     (TSJ):    0.071ns
    Total Input Jitter      (TIJ):    0.000ns
    Discrete Jitter          (DJ):    0.000ns
    Phase Error              (PE):    0.000ns

    Location             Delay type                Incr(ns)  Path(ns)    Netlist Resource(s)
  -------------------------------------------------------------------    -------------------
                         (clock clk_i rise edge)      0.000     0.000 r  
                                                      0.000     0.000 r  clk_i (IN)
                         net (fo=0)                   0.000     0.000    clk_i
                         IBUF (Prop_ibuf_I_O)         0.972     0.972 r  clk_i_IBUF_inst/O
                         net (fo=1, unplaced)         0.800     1.771    clk_i_IBUF
                         BUFG (Prop_bufg_I_O)         0.101     1.872 r  clk_i_IBUF_BUFG_inst/O
                         net (fo=2698, unplaced)      0.584     2.456    u_tcm/u_ram/clk_i_IBUF_BUFG
                         RAMB36E1                                     r  u_tcm/u_ram/ram_reg_2_0/CLKBWRCLK
  -------------------------------------------------------------------    -------------------
                         RAMB36E1 (Prop_ramb36e1_CLKBWRCLK_DOBDO[0])
                                                      2.454     4.910 r  u_tcm/u_ram/ram_reg_2_0/DOBDO[0]
                         net (fo=4, unplaced)         0.800     5.710    u_core/u_fetch/ram_read0_q[16]
                         LUT3 (Prop_lut3_I1_O)        0.124     5.834 r  u_core/u_fetch/exception_e1_q[5]_i_20/O
                         net (fo=91, unplaced)        1.208     7.042    u_core/u_fetch/skid_buffer_q_reg[16]_0
                         LUT6 (Prop_lut6_I1_O)        0.124     7.166 r  u_core/u_fetch/take_interrupt_q_i_11/O
                         net (fo=2, unplaced)         1.122     8.288    u_core/u_fetch/take_interrupt_q_i_11_n_0
                         LUT6 (Prop_lut6_I1_O)        0.124     8.412 f  u_core/u_fetch/take_interrupt_q_i_5/O
                         net (fo=2, unplaced)         0.913     9.325    u_core/u_fetch/take_interrupt_q_i_5_n_0
                         LUT6 (Prop_lut6_I3_O)        0.124     9.449 f  u_core/u_fetch/rd_valid_e1_q_i_94/O
                         net (fo=48, unplaced)        0.530     9.979    u_core/u_issue/u_pipe_ctrl/rd_valid_e1_q_reg_i_35_0
                         LUT6 (Prop_lut6_I3_O)        0.124    10.103 f  u_core/u_issue/u_pipe_ctrl/rd_valid_e1_q_i_46/O
                         net (fo=1, unplaced)         0.000    10.103    u_core/u_issue/u_pipe_ctrl/rd_valid_e1_q_i_46_n_0
                         MUXF7 (Prop_muxf7_I1_O)      0.247    10.350 f  u_core/u_issue/u_pipe_ctrl/rd_valid_e1_q_reg_i_21/O
                         net (fo=1, unplaced)         0.000    10.350    u_core/u_issue/u_pipe_ctrl/rd_valid_e1_q_reg_i_21_n_0
                         MUXF8 (Prop_muxf8_I0_O)      0.098    10.448 f  u_core/u_issue/u_pipe_ctrl/rd_valid_e1_q_reg_i_9/O
                         net (fo=1, unplaced)         0.717    11.165    u_core/u_issue/u_pipe_ctrl/rd_valid_e1_q_reg_i_9_n_0
                         LUT6 (Prop_lut6_I0_O)        0.319    11.484 f  u_core/u_issue/u_pipe_ctrl/rd_valid_e1_q_i_6/O
                         net (fo=2, unplaced)         0.913    12.397    u_core/u_issue/u_pipe_ctrl/opcode_issue_r3
                         LUT6 (Prop_lut6_I2_O)        0.124    12.521 r  u_core/u_issue/u_pipe_ctrl/rd_valid_e1_q_i_3/O
                         net (fo=25, unplaced)        0.514    13.035    u_core/u_fetch/lsu_opcode_valid_w
                         LUT6 (Prop_lut6_I5_O)        0.124    13.159 r  u_core/u_fetch/mem_rd_q_i_4/O
                         net (fo=8, unplaced)         0.487    13.646    u_core/u_fetch/mem_rd_q_i_4_n_0
                         LUT6 (Prop_lut6_I5_O)        0.124    13.770 r  u_core/u_fetch/mem_load_q_i_2/O
                         net (fo=8, unplaced)         0.487    14.257    u_core/u_fetch/u_lsu/mem_addr_r1
                         LUT5 (Prop_lut5_I1_O)        0.124    14.381 r  u_core/u_fetch/mem_wr_q[3]_i_9/O
                         net (fo=1, unplaced)         0.000    14.381    u_core/u_fetch/mem_wr_q[3]_i_9_n_0
                         CARRY4 (Prop_carry4_S[0]_O[1])
                                                      0.427    14.808 f  u_core/u_fetch/mem_wr_q_reg[3]_i_3/O[1]
                         net (fo=11, unplaced)        0.657    15.465    u_core/u_fetch/O[1]
                         LUT6 (Prop_lut6_I0_O)        0.306    15.771 f  u_core/u_fetch/mem_rd_q_i_3/O
                         net (fo=7, unplaced)         0.484    16.255    u_core/u_fetch/mem_rd_q_i_3_n_0
                         LUT6 (Prop_lut6_I3_O)        0.124    16.379 r  u_core/u_fetch/mem_wr_q[3]_i_2/O
                         net (fo=12, unplaced)        0.497    16.876    u_core/u_fetch/ram_reg_1_3
                         LUT5 (Prop_lut5_I4_O)        0.124    17.000 r  u_core/u_fetch/mem_wr_q[0]_i_5/O
                         net (fo=17, unplaced)        0.505    17.505    u_core/u_fetch/mem_d_ack_q_reg
                         LUT3 (Prop_lut3_I0_O)        0.124    17.629 r  u_core/u_fetch/mem_data_wr_q[1]_i_1/O
                         net (fo=1, unplaced)         0.000    17.629    u_core/u_lsu/mem_data_wr_q_reg[31]_0[1]
                         FDCE                                         r  u_core/u_lsu/mem_data_wr_q_reg[1]/D
  -------------------------------------------------------------------    -------------------

                         (clock clk_i rise edge)     10.000    10.000 r  
                                                      0.000    10.000 r  clk_i (IN)
                         net (fo=0)                   0.000    10.000    clk_i
                         IBUF (Prop_ibuf_I_O)         0.838    10.838 r  clk_i_IBUF_inst/O
                         net (fo=1, unplaced)         0.760    11.598    clk_i_IBUF
                         BUFG (Prop_bufg_I_O)         0.091    11.689 r  clk_i_IBUF_BUFG_inst/O
                         net (fo=2698, unplaced)      0.439    12.128    u_core/u_lsu/clk_i_IBUF_BUFG
                         FDCE                                         r  u_core/u_lsu/mem_data_wr_q_reg[1]/C
                         clock pessimism              0.184    12.311    
                         clock uncertainty           -0.035    12.276    
                         FDCE (Setup_fdce_C_D)        0.044    12.320    u_core/u_lsu/mem_data_wr_q_reg[1]
  -------------------------------------------------------------------
                         required time                         12.320    
                         arrival time                         -17.629    
  -------------------------------------------------------------------
                         slack                                 -5.309    

Slack (VIOLATED) :        -5.309ns  (required time - arrival time)
  Source:                 u_tcm/u_ram/ram_reg_2_0/CLKBWRCLK
                            (rising edge-triggered cell RAMB36E1 clocked by clk_i  {rise@0.000ns fall@5.000ns period=10.000ns})
  Destination:            u_core/u_lsu/mem_data_wr_q_reg[2]/D
                            (rising edge-triggered cell FDCE clocked by clk_i  {rise@0.000ns fall@5.000ns period=10.000ns})
  Path Group:             clk_i
  Path Type:              Setup (Max at Slow Process Corner)
  Requirement:            10.000ns  (clk_i rise@10.000ns - clk_i rise@0.000ns)
  Data Path Delay:        15.173ns  (logic 5.339ns (35.188%)  route 9.834ns (64.812%))
  Logic Levels:           17  (CARRY4=1 LUT3=2 LUT5=2 LUT6=10 MUXF7=1 MUXF8=1)
  Clock Path Skew:        -0.145ns (DCD - SCD + CPR)
    Destination Clock Delay (DCD):    2.128ns = ( 12.128 - 10.000 ) 
    Source Clock Delay      (SCD):    2.456ns
    Clock Pessimism Removal (CPR):    0.184ns
  Clock Uncertainty:      0.035ns  ((TSJ^2 + TIJ^2)^1/2 + DJ) / 2 + PE
    Total System Jitter     (TSJ):    0.071ns
    Total Input Jitter      (TIJ):    0.000ns
    Discrete Jitter          (DJ):    0.000ns
    Phase Error              (PE):    0.000ns

    Location             Delay type                Incr(ns)  Path(ns)    Netlist Resource(s)
  -------------------------------------------------------------------    -------------------
                         (clock clk_i rise edge)      0.000     0.000 r  
                                                      0.000     0.000 r  clk_i (IN)
                         net (fo=0)                   0.000     0.000    clk_i
                         IBUF (Prop_ibuf_I_O)         0.972     0.972 r  clk_i_IBUF_inst/O
                         net (fo=1, unplaced)         0.800     1.771    clk_i_IBUF
                         BUFG (Prop_bufg_I_O)         0.101     1.872 r  clk_i_IBUF_BUFG_inst/O
                         net (fo=2698, unplaced)      0.584     2.456    u_tcm/u_ram/clk_i_IBUF_BUFG
                         RAMB36E1                                     r  u_tcm/u_ram/ram_reg_2_0/CLKBWRCLK
  -------------------------------------------------------------------    -------------------
                         RAMB36E1 (Prop_ramb36e1_CLKBWRCLK_DOBDO[0])
                                                      2.454     4.910 r  u_tcm/u_ram/ram_reg_2_0/DOBDO[0]
                         net (fo=4, unplaced)         0.800     5.710    u_core/u_fetch/ram_read0_q[16]
                         LUT3 (Prop_lut3_I1_O)        0.124     5.834 r  u_core/u_fetch/exception_e1_q[5]_i_20/O
                         net (fo=91, unplaced)        1.208     7.042    u_core/u_fetch/skid_buffer_q_reg[16]_0
                         LUT6 (Prop_lut6_I1_O)        0.124     7.166 r  u_core/u_fetch/take_interrupt_q_i_11/O
                         net (fo=2, unplaced)         1.122     8.288    u_core/u_fetch/take_interrupt_q_i_11_n_0
                         LUT6 (Prop_lut6_I1_O)        0.124     8.412 f  u_core/u_fetch/take_interrupt_q_i_5/O
                         net (fo=2, unplaced)         0.913     9.325    u_core/u_fetch/take_interrupt_q_i_5_n_0
                         LUT6 (Prop_lut6_I3_O)        0.124     9.449 f  u_core/u_fetch/rd_valid_e1_q_i_94/O
                         net (fo=48, unplaced)        0.530     9.979    u_core/u_issue/u_pipe_ctrl/rd_valid_e1_q_reg_i_35_0
                         LUT6 (Prop_lut6_I3_O)        0.124    10.103 f  u_core/u_issue/u_pipe_ctrl/rd_valid_e1_q_i_46/O
                         net (fo=1, unplaced)         0.000    10.103    u_core/u_issue/u_pipe_ctrl/rd_valid_e1_q_i_46_n_0
                         MUXF7 (Prop_muxf7_I1_O)      0.247    10.350 f  u_core/u_issue/u_pipe_ctrl/rd_valid_e1_q_reg_i_21/O
                         net (fo=1, unplaced)         0.000    10.350    u_core/u_issue/u_pipe_ctrl/rd_valid_e1_q_reg_i_21_n_0
                         MUXF8 (Prop_muxf8_I0_O)      0.098    10.448 f  u_core/u_issue/u_pipe_ctrl/rd_valid_e1_q_reg_i_9/O
                         net (fo=1, unplaced)         0.717    11.165    u_core/u_issue/u_pipe_ctrl/rd_valid_e1_q_reg_i_9_n_0
                         LUT6 (Prop_lut6_I0_O)        0.319    11.484 f  u_core/u_issue/u_pipe_ctrl/rd_valid_e1_q_i_6/O
                         net (fo=2, unplaced)         0.913    12.397    u_core/u_issue/u_pipe_ctrl/opcode_issue_r3
                         LUT6 (Prop_lut6_I2_O)        0.124    12.521 r  u_core/u_issue/u_pipe_ctrl/rd_valid_e1_q_i_3/O
                         net (fo=25, unplaced)        0.514    13.035    u_core/u_fetch/lsu_opcode_valid_w
                         LUT6 (Prop_lut6_I5_O)        0.124    13.159 r  u_core/u_fetch/mem_rd_q_i_4/O
                         net (fo=8, unplaced)         0.487    13.646    u_core/u_fetch/mem_rd_q_i_4_n_0
                         LUT6 (Prop_lut6_I5_O)        0.124    13.770 r  u_core/u_fetch/mem_load_q_i_2/O
                         net (fo=8, unplaced)         0.487    14.257    u_core/u_fetch/u_lsu/mem_addr_r1
                         LUT5 (Prop_lut5_I1_O)        0.124    14.381 r  u_core/u_fetch/mem_wr_q[3]_i_9/O
                         net (fo=1, unplaced)         0.000    14.381    u_core/u_fetch/mem_wr_q[3]_i_9_n_0
                         CARRY4 (Prop_carry4_S[0]_O[1])
                                                      0.427    14.808 f  u_core/u_fetch/mem_wr_q_reg[3]_i_3/O[1]
                         net (fo=11, unplaced)        0.657    15.465    u_core/u_fetch/O[1]
                         LUT6 (Prop_lut6_I0_O)        0.306    15.771 f  u_core/u_fetch/mem_rd_q_i_3/O
                         net (fo=7, unplaced)         0.484    16.255    u_core/u_fetch/mem_rd_q_i_3_n_0
                         LUT6 (Prop_lut6_I3_O)        0.124    16.379 r  u_core/u_fetch/mem_wr_q[3]_i_2/O
                         net (fo=12, unplaced)        0.497    16.876    u_core/u_fetch/ram_reg_1_3
                         LUT5 (Prop_lut5_I4_O)        0.124    17.000 r  u_core/u_fetch/mem_wr_q[0]_i_5/O
                         net (fo=17, unplaced)        0.505    17.505    u_core/u_fetch/mem_d_ack_q_reg
                         LUT3 (Prop_lut3_I0_O)        0.124    17.629 r  u_core/u_fetch/mem_data_wr_q[2]_i_1/O
                         net (fo=1, unplaced)         0.000    17.629    u_core/u_lsu/mem_data_wr_q_reg[31]_0[2]
                         FDCE                                         r  u_core/u_lsu/mem_data_wr_q_reg[2]/D
  -------------------------------------------------------------------    -------------------

                         (clock clk_i rise edge)     10.000    10.000 r  
                                                      0.000    10.000 r  clk_i (IN)
                         net (fo=0)                   0.000    10.000    clk_i
                         IBUF (Prop_ibuf_I_O)         0.838    10.838 r  clk_i_IBUF_inst/O
                         net (fo=1, unplaced)         0.760    11.598    clk_i_IBUF
                         BUFG (Prop_bufg_I_O)         0.091    11.689 r  clk_i_IBUF_BUFG_inst/O
                         net (fo=2698, unplaced)      0.439    12.128    u_core/u_lsu/clk_i_IBUF_BUFG
                         FDCE                                         r  u_core/u_lsu/mem_data_wr_q_reg[2]/C
                         clock pessimism              0.184    12.311    
                         clock uncertainty           -0.035    12.276    
                         FDCE (Setup_fdce_C_D)        0.044    12.320    u_core/u_lsu/mem_data_wr_q_reg[2]
  -------------------------------------------------------------------
                         required time                         12.320    
                         arrival time                         -17.629    
  -------------------------------------------------------------------
                         slack                                 -5.309    

Slack (VIOLATED) :        -5.309ns  (required time - arrival time)
  Source:                 u_tcm/u_ram/ram_reg_2_0/CLKBWRCLK
                            (rising edge-triggered cell RAMB36E1 clocked by clk_i  {rise@0.000ns fall@5.000ns period=10.000ns})
  Destination:            u_core/u_lsu/mem_data_wr_q_reg[3]/D
                            (rising edge-triggered cell FDCE clocked by clk_i  {rise@0.000ns fall@5.000ns period=10.000ns})
  Path Group:             clk_i
  Path Type:              Setup (Max at Slow Process Corner)
  Requirement:            10.000ns  (clk_i rise@10.000ns - clk_i rise@0.000ns)
  Data Path Delay:        15.173ns  (logic 5.339ns (35.188%)  route 9.834ns (64.812%))
  Logic Levels:           17  (CARRY4=1 LUT3=2 LUT5=2 LUT6=10 MUXF7=1 MUXF8=1)
  Clock Path Skew:        -0.145ns (DCD - SCD + CPR)
    Destination Clock Delay (DCD):    2.128ns = ( 12.128 - 10.000 ) 
    Source Clock Delay      (SCD):    2.456ns
    Clock Pessimism Removal (CPR):    0.184ns
  Clock Uncertainty:      0.035ns  ((TSJ^2 + TIJ^2)^1/2 + DJ) / 2 + PE
    Total System Jitter     (TSJ):    0.071ns
    Total Input Jitter      (TIJ):    0.000ns
    Discrete Jitter          (DJ):    0.000ns
    Phase Error              (PE):    0.000ns

    Location             Delay type                Incr(ns)  Path(ns)    Netlist Resource(s)
  -------------------------------------------------------------------    -------------------
                         (clock clk_i rise edge)      0.000     0.000 r  
                                                      0.000     0.000 r  clk_i (IN)
                         net (fo=0)                   0.000     0.000    clk_i
                         IBUF (Prop_ibuf_I_O)         0.972     0.972 r  clk_i_IBUF_inst/O
                         net (fo=1, unplaced)         0.800     1.771    clk_i_IBUF
                         BUFG (Prop_bufg_I_O)         0.101     1.872 r  clk_i_IBUF_BUFG_inst/O
                         net (fo=2698, unplaced)      0.584     2.456    u_tcm/u_ram/clk_i_IBUF_BUFG
                         RAMB36E1                                     r  u_tcm/u_ram/ram_reg_2_0/CLKBWRCLK
  -------------------------------------------------------------------    -------------------
                         RAMB36E1 (Prop_ramb36e1_CLKBWRCLK_DOBDO[0])
                                                      2.454     4.910 r  u_tcm/u_ram/ram_reg_2_0/DOBDO[0]
                         net (fo=4, unplaced)         0.800     5.710    u_core/u_fetch/ram_read0_q[16]
                         LUT3 (Prop_lut3_I1_O)        0.124     5.834 r  u_core/u_fetch/exception_e1_q[5]_i_20/O
                         net (fo=91, unplaced)        1.208     7.042    u_core/u_fetch/skid_buffer_q_reg[16]_0
                         LUT6 (Prop_lut6_I1_O)        0.124     7.166 r  u_core/u_fetch/take_interrupt_q_i_11/O
                         net (fo=2, unplaced)         1.122     8.288    u_core/u_fetch/take_interrupt_q_i_11_n_0
                         LUT6 (Prop_lut6_I1_O)        0.124     8.412 f  u_core/u_fetch/take_interrupt_q_i_5/O
                         net (fo=2, unplaced)         0.913     9.325    u_core/u_fetch/take_interrupt_q_i_5_n_0
                         LUT6 (Prop_lut6_I3_O)        0.124     9.449 f  u_core/u_fetch/rd_valid_e1_q_i_94/O
                         net (fo=48, unplaced)        0.530     9.979    u_core/u_issue/u_pipe_ctrl/rd_valid_e1_q_reg_i_35_0
                         LUT6 (Prop_lut6_I3_O)        0.124    10.103 f  u_core/u_issue/u_pipe_ctrl/rd_valid_e1_q_i_46/O
                         net (fo=1, unplaced)         0.000    10.103    u_core/u_issue/u_pipe_ctrl/rd_valid_e1_q_i_46_n_0
                         MUXF7 (Prop_muxf7_I1_O)      0.247    10.350 f  u_core/u_issue/u_pipe_ctrl/rd_valid_e1_q_reg_i_21/O
                         net (fo=1, unplaced)         0.000    10.350    u_core/u_issue/u_pipe_ctrl/rd_valid_e1_q_reg_i_21_n_0
                         MUXF8 (Prop_muxf8_I0_O)      0.098    10.448 f  u_core/u_issue/u_pipe_ctrl/rd_valid_e1_q_reg_i_9/O
                         net (fo=1, unplaced)         0.717    11.165    u_core/u_issue/u_pipe_ctrl/rd_valid_e1_q_reg_i_9_n_0
                         LUT6 (Prop_lut6_I0_O)        0.319    11.484 f  u_core/u_issue/u_pipe_ctrl/rd_valid_e1_q_i_6/O
                         net (fo=2, unplaced)         0.913    12.397    u_core/u_issue/u_pipe_ctrl/opcode_issue_r3
                         LUT6 (Prop_lut6_I2_O)        0.124    12.521 r  u_core/u_issue/u_pipe_ctrl/rd_valid_e1_q_i_3/O
                         net (fo=25, unplaced)        0.514    13.035    u_core/u_fetch/lsu_opcode_valid_w
                         LUT6 (Prop_lut6_I5_O)        0.124    13.159 r  u_core/u_fetch/mem_rd_q_i_4/O
                         net (fo=8, unplaced)         0.487    13.646    u_core/u_fetch/mem_rd_q_i_4_n_0
                         LUT6 (Prop_lut6_I5_O)        0.124    13.770 r  u_core/u_fetch/mem_load_q_i_2/O
                         net (fo=8, unplaced)         0.487    14.257    u_core/u_fetch/u_lsu/mem_addr_r1
                         LUT5 (Prop_lut5_I1_O)        0.124    14.381 r  u_core/u_fetch/mem_wr_q[3]_i_9/O
                         net (fo=1, unplaced)         0.000    14.381    u_core/u_fetch/mem_wr_q[3]_i_9_n_0
                         CARRY4 (Prop_carry4_S[0]_O[1])
                                                      0.427    14.808 f  u_core/u_fetch/mem_wr_q_reg[3]_i_3/O[1]
                         net (fo=11, unplaced)        0.657    15.465    u_core/u_fetch/O[1]
                         LUT6 (Prop_lut6_I0_O)        0.306    15.771 f  u_core/u_fetch/mem_rd_q_i_3/O
                         net (fo=7, unplaced)         0.484    16.255    u_core/u_fetch/mem_rd_q_i_3_n_0
                         LUT6 (Prop_lut6_I3_O)        0.124    16.379 r  u_core/u_fetch/mem_wr_q[3]_i_2/O
                         net (fo=12, unplaced)        0.497    16.876    u_core/u_fetch/ram_reg_1_3
                         LUT5 (Prop_lut5_I4_O)        0.124    17.000 r  u_core/u_fetch/mem_wr_q[0]_i_5/O
                         net (fo=17, unplaced)        0.505    17.505    u_core/u_fetch/mem_d_ack_q_reg
                         LUT3 (Prop_lut3_I0_O)        0.124    17.629 r  u_core/u_fetch/mem_data_wr_q[3]_i_1/O
                         net (fo=1, unplaced)         0.000    17.629    u_core/u_lsu/mem_data_wr_q_reg[31]_0[3]
                         FDCE                                         r  u_core/u_lsu/mem_data_wr_q_reg[3]/D
  -------------------------------------------------------------------    -------------------

                         (clock clk_i rise edge)     10.000    10.000 r  
                                                      0.000    10.000 r  clk_i (IN)
                         net (fo=0)                   0.000    10.000    clk_i
                         IBUF (Prop_ibuf_I_O)         0.838    10.838 r  clk_i_IBUF_inst/O
                         net (fo=1, unplaced)         0.760    11.598    clk_i_IBUF
                         BUFG (Prop_bufg_I_O)         0.091    11.689 r  clk_i_IBUF_BUFG_inst/O
                         net (fo=2698, unplaced)      0.439    12.128    u_core/u_lsu/clk_i_IBUF_BUFG
                         FDCE                                         r  u_core/u_lsu/mem_data_wr_q_reg[3]/C
                         clock pessimism              0.184    12.311    
                         clock uncertainty           -0.035    12.276    
                         FDCE (Setup_fdce_C_D)        0.044    12.320    u_core/u_lsu/mem_data_wr_q_reg[3]
  -------------------------------------------------------------------
                         required time                         12.320    
                         arrival time                         -17.629    
  -------------------------------------------------------------------
                         slack                                 -5.309    

Slack (VIOLATED) :        -5.309ns  (required time - arrival time)
  Source:                 u_tcm/u_ram/ram_reg_2_0/CLKBWRCLK
                            (rising edge-triggered cell RAMB36E1 clocked by clk_i  {rise@0.000ns fall@5.000ns period=10.000ns})
  Destination:            u_core/u_lsu/mem_data_wr_q_reg[4]/D
                            (rising edge-triggered cell FDCE clocked by clk_i  {rise@0.000ns fall@5.000ns period=10.000ns})
  Path Group:             clk_i
  Path Type:              Setup (Max at Slow Process Corner)
  Requirement:            10.000ns  (clk_i rise@10.000ns - clk_i rise@0.000ns)
  Data Path Delay:        15.173ns  (logic 5.339ns (35.188%)  route 9.834ns (64.812%))
  Logic Levels:           17  (CARRY4=1 LUT3=2 LUT5=2 LUT6=10 MUXF7=1 MUXF8=1)
  Clock Path Skew:        -0.145ns (DCD - SCD + CPR)
    Destination Clock Delay (DCD):    2.128ns = ( 12.128 - 10.000 ) 
    Source Clock Delay      (SCD):    2.456ns
    Clock Pessimism Removal (CPR):    0.184ns
  Clock Uncertainty:      0.035ns  ((TSJ^2 + TIJ^2)^1/2 + DJ) / 2 + PE
    Total System Jitter     (TSJ):    0.071ns
    Total Input Jitter      (TIJ):    0.000ns
    Discrete Jitter          (DJ):    0.000ns
    Phase Error              (PE):    0.000ns

    Location             Delay type                Incr(ns)  Path(ns)    Netlist Resource(s)
  -------------------------------------------------------------------    -------------------
                         (clock clk_i rise edge)      0.000     0.000 r  
                                                      0.000     0.000 r  clk_i (IN)
                         net (fo=0)                   0.000     0.000    clk_i
                         IBUF (Prop_ibuf_I_O)         0.972     0.972 r  clk_i_IBUF_inst/O
                         net (fo=1, unplaced)         0.800     1.771    clk_i_IBUF
                         BUFG (Prop_bufg_I_O)         0.101     1.872 r  clk_i_IBUF_BUFG_inst/O
                         net (fo=2698, unplaced)      0.584     2.456    u_tcm/u_ram/clk_i_IBUF_BUFG
                         RAMB36E1                                     r  u_tcm/u_ram/ram_reg_2_0/CLKBWRCLK
  -------------------------------------------------------------------    -------------------
                         RAMB36E1 (Prop_ramb36e1_CLKBWRCLK_DOBDO[0])
                                                      2.454     4.910 r  u_tcm/u_ram/ram_reg_2_0/DOBDO[0]
                         net (fo=4, unplaced)         0.800     5.710    u_core/u_fetch/ram_read0_q[16]
                         LUT3 (Prop_lut3_I1_O)        0.124     5.834 r  u_core/u_fetch/exception_e1_q[5]_i_20/O
                         net (fo=91, unplaced)        1.208     7.042    u_core/u_fetch/skid_buffer_q_reg[16]_0
                         LUT6 (Prop_lut6_I1_O)        0.124     7.166 r  u_core/u_fetch/take_interrupt_q_i_11/O
                         net (fo=2, unplaced)         1.122     8.288    u_core/u_fetch/take_interrupt_q_i_11_n_0
                         LUT6 (Prop_lut6_I1_O)        0.124     8.412 f  u_core/u_fetch/take_interrupt_q_i_5/O
                         net (fo=2, unplaced)         0.913     9.325    u_core/u_fetch/take_interrupt_q_i_5_n_0
                         LUT6 (Prop_lut6_I3_O)        0.124     9.449 f  u_core/u_fetch/rd_valid_e1_q_i_94/O
                         net (fo=48, unplaced)        0.530     9.979    u_core/u_issue/u_pipe_ctrl/rd_valid_e1_q_reg_i_35_0
                         LUT6 (Prop_lut6_I3_O)        0.124    10.103 f  u_core/u_issue/u_pipe_ctrl/rd_valid_e1_q_i_46/O
                         net (fo=1, unplaced)         0.000    10.103    u_core/u_issue/u_pipe_ctrl/rd_valid_e1_q_i_46_n_0
                         MUXF7 (Prop_muxf7_I1_O)      0.247    10.350 f  u_core/u_issue/u_pipe_ctrl/rd_valid_e1_q_reg_i_21/O
                         net (fo=1, unplaced)         0.000    10.350    u_core/u_issue/u_pipe_ctrl/rd_valid_e1_q_reg_i_21_n_0
                         MUXF8 (Prop_muxf8_I0_O)      0.098    10.448 f  u_core/u_issue/u_pipe_ctrl/rd_valid_e1_q_reg_i_9/O
                         net (fo=1, unplaced)         0.717    11.165    u_core/u_issue/u_pipe_ctrl/rd_valid_e1_q_reg_i_9_n_0
                         LUT6 (Prop_lut6_I0_O)        0.319    11.484 f  u_core/u_issue/u_pipe_ctrl/rd_valid_e1_q_i_6/O
                         net (fo=2, unplaced)         0.913    12.397    u_core/u_issue/u_pipe_ctrl/opcode_issue_r3
                         LUT6 (Prop_lut6_I2_O)        0.124    12.521 r  u_core/u_issue/u_pipe_ctrl/rd_valid_e1_q_i_3/O
                         net (fo=25, unplaced)        0.514    13.035    u_core/u_fetch/lsu_opcode_valid_w
                         LUT6 (Prop_lut6_I5_O)        0.124    13.159 r  u_core/u_fetch/mem_rd_q_i_4/O
                         net (fo=8, unplaced)         0.487    13.646    u_core/u_fetch/mem_rd_q_i_4_n_0
                         LUT6 (Prop_lut6_I5_O)        0.124    13.770 r  u_core/u_fetch/mem_load_q_i_2/O
                         net (fo=8, unplaced)         0.487    14.257    u_core/u_fetch/u_lsu/mem_addr_r1
                         LUT5 (Prop_lut5_I1_O)        0.124    14.381 r  u_core/u_fetch/mem_wr_q[3]_i_9/O
                         net (fo=1, unplaced)         0.000    14.381    u_core/u_fetch/mem_wr_q[3]_i_9_n_0
                         CARRY4 (Prop_carry4_S[0]_O[1])
                                                      0.427    14.808 f  u_core/u_fetch/mem_wr_q_reg[3]_i_3/O[1]
                         net (fo=11, unplaced)        0.657    15.465    u_core/u_fetch/O[1]
                         LUT6 (Prop_lut6_I0_O)        0.306    15.771 f  u_core/u_fetch/mem_rd_q_i_3/O
                         net (fo=7, unplaced)         0.484    16.255    u_core/u_fetch/mem_rd_q_i_3_n_0
                         LUT6 (Prop_lut6_I3_O)        0.124    16.379 r  u_core/u_fetch/mem_wr_q[3]_i_2/O
                         net (fo=12, unplaced)        0.497    16.876    u_core/u_fetch/ram_reg_1_3
                         LUT5 (Prop_lut5_I4_O)        0.124    17.000 r  u_core/u_fetch/mem_wr_q[0]_i_5/O
                         net (fo=17, unplaced)        0.505    17.505    u_core/u_fetch/mem_d_ack_q_reg
                         LUT3 (Prop_lut3_I0_O)        0.124    17.629 r  u_core/u_fetch/mem_data_wr_q[4]_i_1/O
                         net (fo=1, unplaced)         0.000    17.629    u_core/u_lsu/mem_data_wr_q_reg[31]_0[4]
                         FDCE                                         r  u_core/u_lsu/mem_data_wr_q_reg[4]/D
  -------------------------------------------------------------------    -------------------

                         (clock clk_i rise edge)     10.000    10.000 r  
                                                      0.000    10.000 r  clk_i (IN)
                         net (fo=0)                   0.000    10.000    clk_i
                         IBUF (Prop_ibuf_I_O)         0.838    10.838 r  clk_i_IBUF_inst/O
                         net (fo=1, unplaced)         0.760    11.598    clk_i_IBUF
                         BUFG (Prop_bufg_I_O)         0.091    11.689 r  clk_i_IBUF_BUFG_inst/O
                         net (fo=2698, unplaced)      0.439    12.128    u_core/u_lsu/clk_i_IBUF_BUFG
                         FDCE                                         r  u_core/u_lsu/mem_data_wr_q_reg[4]/C
                         clock pessimism              0.184    12.311    
                         clock uncertainty           -0.035    12.276    
                         FDCE (Setup_fdce_C_D)        0.044    12.320    u_core/u_lsu/mem_data_wr_q_reg[4]
  -------------------------------------------------------------------
                         required time                         12.320    
                         arrival time                         -17.629    
  -------------------------------------------------------------------
                         slack                                 -5.309    

Slack (VIOLATED) :        -5.309ns  (required time - arrival time)
  Source:                 u_tcm/u_ram/ram_reg_2_0/CLKBWRCLK
                            (rising edge-triggered cell RAMB36E1 clocked by clk_i  {rise@0.000ns fall@5.000ns period=10.000ns})
  Destination:            u_core/u_lsu/mem_data_wr_q_reg[5]/D
                            (rising edge-triggered cell FDCE clocked by clk_i  {rise@0.000ns fall@5.000ns period=10.000ns})
  Path Group:             clk_i
  Path Type:              Setup (Max at Slow Process Corner)
  Requirement:            10.000ns  (clk_i rise@10.000ns - clk_i rise@0.000ns)
  Data Path Delay:        15.173ns  (logic 5.339ns (35.188%)  route 9.834ns (64.812%))
  Logic Levels:           17  (CARRY4=1 LUT3=2 LUT5=2 LUT6=10 MUXF7=1 MUXF8=1)
  Clock Path Skew:        -0.145ns (DCD - SCD + CPR)
    Destination Clock Delay (DCD):    2.128ns = ( 12.128 - 10.000 ) 
    Source Clock Delay      (SCD):    2.456ns
    Clock Pessimism Removal (CPR):    0.184ns
  Clock Uncertainty:      0.035ns  ((TSJ^2 + TIJ^2)^1/2 + DJ) / 2 + PE
    Total System Jitter     (TSJ):    0.071ns
    Total Input Jitter      (TIJ):    0.000ns
    Discrete Jitter          (DJ):    0.000ns
    Phase Error              (PE):    0.000ns

    Location             Delay type                Incr(ns)  Path(ns)    Netlist Resource(s)
  -------------------------------------------------------------------    -------------------
                         (clock clk_i rise edge)      0.000     0.000 r  
                                                      0.000     0.000 r  clk_i (IN)
                         net (fo=0)                   0.000     0.000    clk_i
                         IBUF (Prop_ibuf_I_O)         0.972     0.972 r  clk_i_IBUF_inst/O
                         net (fo=1, unplaced)         0.800     1.771    clk_i_IBUF
                         BUFG (Prop_bufg_I_O)         0.101     1.872 r  clk_i_IBUF_BUFG_inst/O
                         net (fo=2698, unplaced)      0.584     2.456    u_tcm/u_ram/clk_i_IBUF_BUFG
                         RAMB36E1                                     r  u_tcm/u_ram/ram_reg_2_0/CLKBWRCLK
  -------------------------------------------------------------------    -------------------
                         RAMB36E1 (Prop_ramb36e1_CLKBWRCLK_DOBDO[0])
                                                      2.454     4.910 r  u_tcm/u_ram/ram_reg_2_0/DOBDO[0]
                         net (fo=4, unplaced)         0.800     5.710    u_core/u_fetch/ram_read0_q[16]
                         LUT3 (Prop_lut3_I1_O)        0.124     5.834 r  u_core/u_fetch/exception_e1_q[5]_i_20/O
                         net (fo=91, unplaced)        1.208     7.042    u_core/u_fetch/skid_buffer_q_reg[16]_0
                         LUT6 (Prop_lut6_I1_O)        0.124     7.166 r  u_core/u_fetch/take_interrupt_q_i_11/O
                         net (fo=2, unplaced)         1.122     8.288    u_core/u_fetch/take_interrupt_q_i_11_n_0
                         LUT6 (Prop_lut6_I1_O)        0.124     8.412 f  u_core/u_fetch/take_interrupt_q_i_5/O
                         net (fo=2, unplaced)         0.913     9.325    u_core/u_fetch/take_interrupt_q_i_5_n_0
                         LUT6 (Prop_lut6_I3_O)        0.124     9.449 f  u_core/u_fetch/rd_valid_e1_q_i_94/O
                         net (fo=48, unplaced)        0.530     9.979    u_core/u_issue/u_pipe_ctrl/rd_valid_e1_q_reg_i_35_0
                         LUT6 (Prop_lut6_I3_O)        0.124    10.103 f  u_core/u_issue/u_pipe_ctrl/rd_valid_e1_q_i_46/O
                         net (fo=1, unplaced)         0.000    10.103    u_core/u_issue/u_pipe_ctrl/rd_valid_e1_q_i_46_n_0
                         MUXF7 (Prop_muxf7_I1_O)      0.247    10.350 f  u_core/u_issue/u_pipe_ctrl/rd_valid_e1_q_reg_i_21/O
                         net (fo=1, unplaced)         0.000    10.350    u_core/u_issue/u_pipe_ctrl/rd_valid_e1_q_reg_i_21_n_0
                         MUXF8 (Prop_muxf8_I0_O)      0.098    10.448 f  u_core/u_issue/u_pipe_ctrl/rd_valid_e1_q_reg_i_9/O
                         net (fo=1, unplaced)         0.717    11.165    u_core/u_issue/u_pipe_ctrl/rd_valid_e1_q_reg_i_9_n_0
                         LUT6 (Prop_lut6_I0_O)        0.319    11.484 f  u_core/u_issue/u_pipe_ctrl/rd_valid_e1_q_i_6/O
                         net (fo=2, unplaced)         0.913    12.397    u_core/u_issue/u_pipe_ctrl/opcode_issue_r3
                         LUT6 (Prop_lut6_I2_O)        0.124    12.521 r  u_core/u_issue/u_pipe_ctrl/rd_valid_e1_q_i_3/O
                         net (fo=25, unplaced)        0.514    13.035    u_core/u_fetch/lsu_opcode_valid_w
                         LUT6 (Prop_lut6_I5_O)        0.124    13.159 r  u_core/u_fetch/mem_rd_q_i_4/O
                         net (fo=8, unplaced)         0.487    13.646    u_core/u_fetch/mem_rd_q_i_4_n_0
                         LUT6 (Prop_lut6_I5_O)        0.124    13.770 r  u_core/u_fetch/mem_load_q_i_2/O
                         net (fo=8, unplaced)         0.487    14.257    u_core/u_fetch/u_lsu/mem_addr_r1
                         LUT5 (Prop_lut5_I1_O)        0.124    14.381 r  u_core/u_fetch/mem_wr_q[3]_i_9/O
                         net (fo=1, unplaced)         0.000    14.381    u_core/u_fetch/mem_wr_q[3]_i_9_n_0
                         CARRY4 (Prop_carry4_S[0]_O[1])
                                                      0.427    14.808 f  u_core/u_fetch/mem_wr_q_reg[3]_i_3/O[1]
                         net (fo=11, unplaced)        0.657    15.465    u_core/u_fetch/O[1]
                         LUT6 (Prop_lut6_I0_O)        0.306    15.771 f  u_core/u_fetch/mem_rd_q_i_3/O
                         net (fo=7, unplaced)         0.484    16.255    u_core/u_fetch/mem_rd_q_i_3_n_0
                         LUT6 (Prop_lut6_I3_O)        0.124    16.379 r  u_core/u_fetch/mem_wr_q[3]_i_2/O
                         net (fo=12, unplaced)        0.497    16.876    u_core/u_fetch/ram_reg_1_3
                         LUT5 (Prop_lut5_I4_O)        0.124    17.000 r  u_core/u_fetch/mem_wr_q[0]_i_5/O
                         net (fo=17, unplaced)        0.505    17.505    u_core/u_fetch/mem_d_ack_q_reg
                         LUT3 (Prop_lut3_I0_O)        0.124    17.629 r  u_core/u_fetch/mem_data_wr_q[5]_i_1/O
                         net (fo=1, unplaced)         0.000    17.629    u_core/u_lsu/mem_data_wr_q_reg[31]_0[5]
                         FDCE                                         r  u_core/u_lsu/mem_data_wr_q_reg[5]/D
  -------------------------------------------------------------------    -------------------

                         (clock clk_i rise edge)     10.000    10.000 r  
                                                      0.000    10.000 r  clk_i (IN)
                         net (fo=0)                   0.000    10.000    clk_i
                         IBUF (Prop_ibuf_I_O)         0.838    10.838 r  clk_i_IBUF_inst/O
                         net (fo=1, unplaced)         0.760    11.598    clk_i_IBUF
                         BUFG (Prop_bufg_I_O)         0.091    11.689 r  clk_i_IBUF_BUFG_inst/O
                         net (fo=2698, unplaced)      0.439    12.128    u_core/u_lsu/clk_i_IBUF_BUFG
                         FDCE                                         r  u_core/u_lsu/mem_data_wr_q_reg[5]/C
                         clock pessimism              0.184    12.311    
                         clock uncertainty           -0.035    12.276    
                         FDCE (Setup_fdce_C_D)        0.044    12.320    u_core/u_lsu/mem_data_wr_q_reg[5]
  -------------------------------------------------------------------
                         required time                         12.320    
                         arrival time                         -17.629    
  -------------------------------------------------------------------
                         slack                                 -5.309    

Slack (VIOLATED) :        -5.309ns  (required time - arrival time)
  Source:                 u_tcm/u_ram/ram_reg_2_0/CLKBWRCLK
                            (rising edge-triggered cell RAMB36E1 clocked by clk_i  {rise@0.000ns fall@5.000ns period=10.000ns})
  Destination:            u_core/u_lsu/mem_data_wr_q_reg[6]/D
                            (rising edge-triggered cell FDCE clocked by clk_i  {rise@0.000ns fall@5.000ns period=10.000ns})
  Path Group:             clk_i
  Path Type:              Setup (Max at Slow Process Corner)
  Requirement:            10.000ns  (clk_i rise@10.000ns - clk_i rise@0.000ns)
  Data Path Delay:        15.173ns  (logic 5.339ns (35.188%)  route 9.834ns (64.812%))
  Logic Levels:           17  (CARRY4=1 LUT3=2 LUT5=2 LUT6=10 MUXF7=1 MUXF8=1)
  Clock Path Skew:        -0.145ns (DCD - SCD + CPR)
    Destination Clock Delay (DCD):    2.128ns = ( 12.128 - 10.000 ) 
    Source Clock Delay      (SCD):    2.456ns
    Clock Pessimism Removal (CPR):    0.184ns
  Clock Uncertainty:      0.035ns  ((TSJ^2 + TIJ^2)^1/2 + DJ) / 2 + PE
    Total System Jitter     (TSJ):    0.071ns
    Total Input Jitter      (TIJ):    0.000ns
    Discrete Jitter          (DJ):    0.000ns
    Phase Error              (PE):    0.000ns

    Location             Delay type                Incr(ns)  Path(ns)    Netlist Resource(s)
  -------------------------------------------------------------------    -------------------
                         (clock clk_i rise edge)      0.000     0.000 r  
                                                      0.000     0.000 r  clk_i (IN)
                         net (fo=0)                   0.000     0.000    clk_i
                         IBUF (Prop_ibuf_I_O)         0.972     0.972 r  clk_i_IBUF_inst/O
                         net (fo=1, unplaced)         0.800     1.771    clk_i_IBUF
                         BUFG (Prop_bufg_I_O)         0.101     1.872 r  clk_i_IBUF_BUFG_inst/O
                         net (fo=2698, unplaced)      0.584     2.456    u_tcm/u_ram/clk_i_IBUF_BUFG
                         RAMB36E1                                     r  u_tcm/u_ram/ram_reg_2_0/CLKBWRCLK
  -------------------------------------------------------------------    -------------------
                         RAMB36E1 (Prop_ramb36e1_CLKBWRCLK_DOBDO[0])
                                                      2.454     4.910 r  u_tcm/u_ram/ram_reg_2_0/DOBDO[0]
                         net (fo=4, unplaced)         0.800     5.710    u_core/u_fetch/ram_read0_q[16]
                         LUT3 (Prop_lut3_I1_O)        0.124     5.834 r  u_core/u_fetch/exception_e1_q[5]_i_20/O
                         net (fo=91, unplaced)        1.208     7.042    u_core/u_fetch/skid_buffer_q_reg[16]_0
                         LUT6 (Prop_lut6_I1_O)        0.124     7.166 r  u_core/u_fetch/take_interrupt_q_i_11/O
                         net (fo=2, unplaced)         1.122     8.288    u_core/u_fetch/take_interrupt_q_i_11_n_0
                         LUT6 (Prop_lut6_I1_O)        0.124     8.412 f  u_core/u_fetch/take_interrupt_q_i_5/O
                         net (fo=2, unplaced)         0.913     9.325    u_core/u_fetch/take_interrupt_q_i_5_n_0
                         LUT6 (Prop_lut6_I3_O)        0.124     9.449 f  u_core/u_fetch/rd_valid_e1_q_i_94/O
                         net (fo=48, unplaced)        0.530     9.979    u_core/u_issue/u_pipe_ctrl/rd_valid_e1_q_reg_i_35_0
                         LUT6 (Prop_lut6_I3_O)        0.124    10.103 f  u_core/u_issue/u_pipe_ctrl/rd_valid_e1_q_i_46/O
                         net (fo=1, unplaced)         0.000    10.103    u_core/u_issue/u_pipe_ctrl/rd_valid_e1_q_i_46_n_0
                         MUXF7 (Prop_muxf7_I1_O)      0.247    10.350 f  u_core/u_issue/u_pipe_ctrl/rd_valid_e1_q_reg_i_21/O
                         net (fo=1, unplaced)         0.000    10.350    u_core/u_issue/u_pipe_ctrl/rd_valid_e1_q_reg_i_21_n_0
                         MUXF8 (Prop_muxf8_I0_O)      0.098    10.448 f  u_core/u_issue/u_pipe_ctrl/rd_valid_e1_q_reg_i_9/O
                         net (fo=1, unplaced)         0.717    11.165    u_core/u_issue/u_pipe_ctrl/rd_valid_e1_q_reg_i_9_n_0
                         LUT6 (Prop_lut6_I0_O)        0.319    11.484 f  u_core/u_issue/u_pipe_ctrl/rd_valid_e1_q_i_6/O
                         net (fo=2, unplaced)         0.913    12.397    u_core/u_issue/u_pipe_ctrl/opcode_issue_r3
                         LUT6 (Prop_lut6_I2_O)        0.124    12.521 r  u_core/u_issue/u_pipe_ctrl/rd_valid_e1_q_i_3/O
                         net (fo=25, unplaced)        0.514    13.035    u_core/u_fetch/lsu_opcode_valid_w
                         LUT6 (Prop_lut6_I5_O)        0.124    13.159 r  u_core/u_fetch/mem_rd_q_i_4/O
                         net (fo=8, unplaced)         0.487    13.646    u_core/u_fetch/mem_rd_q_i_4_n_0
                         LUT6 (Prop_lut6_I5_O)        0.124    13.770 r  u_core/u_fetch/mem_load_q_i_2/O
                         net (fo=8, unplaced)         0.487    14.257    u_core/u_fetch/u_lsu/mem_addr_r1
                         LUT5 (Prop_lut5_I1_O)        0.124    14.381 r  u_core/u_fetch/mem_wr_q[3]_i_9/O
                         net (fo=1, unplaced)         0.000    14.381    u_core/u_fetch/mem_wr_q[3]_i_9_n_0
                         CARRY4 (Prop_carry4_S[0]_O[1])
                                                      0.427    14.808 f  u_core/u_fetch/mem_wr_q_reg[3]_i_3/O[1]
                         net (fo=11, unplaced)        0.657    15.465    u_core/u_fetch/O[1]
                         LUT6 (Prop_lut6_I0_O)        0.306    15.771 f  u_core/u_fetch/mem_rd_q_i_3/O
                         net (fo=7, unplaced)         0.484    16.255    u_core/u_fetch/mem_rd_q_i_3_n_0
                         LUT6 (Prop_lut6_I3_O)        0.124    16.379 r  u_core/u_fetch/mem_wr_q[3]_i_2/O
                         net (fo=12, unplaced)        0.497    16.876    u_core/u_fetch/ram_reg_1_3
                         LUT5 (Prop_lut5_I4_O)        0.124    17.000 r  u_core/u_fetch/mem_wr_q[0]_i_5/O
                         net (fo=17, unplaced)        0.505    17.505    u_core/u_fetch/mem_d_ack_q_reg
                         LUT3 (Prop_lut3_I0_O)        0.124    17.629 r  u_core/u_fetch/mem_data_wr_q[6]_i_1/O
                         net (fo=1, unplaced)         0.000    17.629    u_core/u_lsu/mem_data_wr_q_reg[31]_0[6]
                         FDCE                                         r  u_core/u_lsu/mem_data_wr_q_reg[6]/D
  -------------------------------------------------------------------    -------------------

                         (clock clk_i rise edge)     10.000    10.000 r  
                                                      0.000    10.000 r  clk_i (IN)
                         net (fo=0)                   0.000    10.000    clk_i
                         IBUF (Prop_ibuf_I_O)         0.838    10.838 r  clk_i_IBUF_inst/O
                         net (fo=1, unplaced)         0.760    11.598    clk_i_IBUF
                         BUFG (Prop_bufg_I_O)         0.091    11.689 r  clk_i_IBUF_BUFG_inst/O
                         net (fo=2698, unplaced)      0.439    12.128    u_core/u_lsu/clk_i_IBUF_BUFG
                         FDCE                                         r  u_core/u_lsu/mem_data_wr_q_reg[6]/C
                         clock pessimism              0.184    12.311    
                         clock uncertainty           -0.035    12.276    
                         FDCE (Setup_fdce_C_D)        0.044    12.320    u_core/u_lsu/mem_data_wr_q_reg[6]
  -------------------------------------------------------------------
                         required time                         12.320    
                         arrival time                         -17.629    
  -------------------------------------------------------------------
                         slack                                 -5.309    

Slack (VIOLATED) :        -5.309ns  (required time - arrival time)
  Source:                 u_tcm/u_ram/ram_reg_2_0/CLKBWRCLK
                            (rising edge-triggered cell RAMB36E1 clocked by clk_i  {rise@0.000ns fall@5.000ns period=10.000ns})
  Destination:            u_core/u_lsu/mem_data_wr_q_reg[7]/D
                            (rising edge-triggered cell FDCE clocked by clk_i  {rise@0.000ns fall@5.000ns period=10.000ns})
  Path Group:             clk_i
  Path Type:              Setup (Max at Slow Process Corner)
  Requirement:            10.000ns  (clk_i rise@10.000ns - clk_i rise@0.000ns)
  Data Path Delay:        15.173ns  (logic 5.339ns (35.188%)  route 9.834ns (64.812%))
  Logic Levels:           17  (CARRY4=1 LUT3=2 LUT5=2 LUT6=10 MUXF7=1 MUXF8=1)
  Clock Path Skew:        -0.145ns (DCD - SCD + CPR)
    Destination Clock Delay (DCD):    2.128ns = ( 12.128 - 10.000 ) 
    Source Clock Delay      (SCD):    2.456ns
    Clock Pessimism Removal (CPR):    0.184ns
  Clock Uncertainty:      0.035ns  ((TSJ^2 + TIJ^2)^1/2 + DJ) / 2 + PE
    Total System Jitter     (TSJ):    0.071ns
    Total Input Jitter      (TIJ):    0.000ns
    Discrete Jitter          (DJ):    0.000ns
    Phase Error              (PE):    0.000ns

    Location             Delay type                Incr(ns)  Path(ns)    Netlist Resource(s)
  -------------------------------------------------------------------    -------------------
                         (clock clk_i rise edge)      0.000     0.000 r  
                                                      0.000     0.000 r  clk_i (IN)
                         net (fo=0)                   0.000     0.000    clk_i
                         IBUF (Prop_ibuf_I_O)         0.972     0.972 r  clk_i_IBUF_inst/O
                         net (fo=1, unplaced)         0.800     1.771    clk_i_IBUF
                         BUFG (Prop_bufg_I_O)         0.101     1.872 r  clk_i_IBUF_BUFG_inst/O
                         net (fo=2698, unplaced)      0.584     2.456    u_tcm/u_ram/clk_i_IBUF_BUFG
                         RAMB36E1                                     r  u_tcm/u_ram/ram_reg_2_0/CLKBWRCLK
  -------------------------------------------------------------------    -------------------
                         RAMB36E1 (Prop_ramb36e1_CLKBWRCLK_DOBDO[0])
                                                      2.454     4.910 r  u_tcm/u_ram/ram_reg_2_0/DOBDO[0]
                         net (fo=4, unplaced)         0.800     5.710    u_core/u_fetch/ram_read0_q[16]
                         LUT3 (Prop_lut3_I1_O)        0.124     5.834 r  u_core/u_fetch/exception_e1_q[5]_i_20/O
                         net (fo=91, unplaced)        1.208     7.042    u_core/u_fetch/skid_buffer_q_reg[16]_0
                         LUT6 (Prop_lut6_I1_O)        0.124     7.166 r  u_core/u_fetch/take_interrupt_q_i_11/O
                         net (fo=2, unplaced)         1.122     8.288    u_core/u_fetch/take_interrupt_q_i_11_n_0
                         LUT6 (Prop_lut6_I1_O)        0.124     8.412 f  u_core/u_fetch/take_interrupt_q_i_5/O
                         net (fo=2, unplaced)         0.913     9.325    u_core/u_fetch/take_interrupt_q_i_5_n_0
                         LUT6 (Prop_lut6_I3_O)        0.124     9.449 f  u_core/u_fetch/rd_valid_e1_q_i_94/O
                         net (fo=48, unplaced)        0.530     9.979    u_core/u_issue/u_pipe_ctrl/rd_valid_e1_q_reg_i_35_0
                         LUT6 (Prop_lut6_I3_O)        0.124    10.103 f  u_core/u_issue/u_pipe_ctrl/rd_valid_e1_q_i_46/O
                         net (fo=1, unplaced)         0.000    10.103    u_core/u_issue/u_pipe_ctrl/rd_valid_e1_q_i_46_n_0
                         MUXF7 (Prop_muxf7_I1_O)      0.247    10.350 f  u_core/u_issue/u_pipe_ctrl/rd_valid_e1_q_reg_i_21/O
                         net (fo=1, unplaced)         0.000    10.350    u_core/u_issue/u_pipe_ctrl/rd_valid_e1_q_reg_i_21_n_0
                         MUXF8 (Prop_muxf8_I0_O)      0.098    10.448 f  u_core/u_issue/u_pipe_ctrl/rd_valid_e1_q_reg_i_9/O
                         net (fo=1, unplaced)         0.717    11.165    u_core/u_issue/u_pipe_ctrl/rd_valid_e1_q_reg_i_9_n_0
                         LUT6 (Prop_lut6_I0_O)        0.319    11.484 f  u_core/u_issue/u_pipe_ctrl/rd_valid_e1_q_i_6/O
                         net (fo=2, unplaced)         0.913    12.397    u_core/u_issue/u_pipe_ctrl/opcode_issue_r3
                         LUT6 (Prop_lut6_I2_O)        0.124    12.521 r  u_core/u_issue/u_pipe_ctrl/rd_valid_e1_q_i_3/O
                         net (fo=25, unplaced)        0.514    13.035    u_core/u_fetch/lsu_opcode_valid_w
                         LUT6 (Prop_lut6_I5_O)        0.124    13.159 r  u_core/u_fetch/mem_rd_q_i_4/O
                         net (fo=8, unplaced)         0.487    13.646    u_core/u_fetch/mem_rd_q_i_4_n_0
                         LUT6 (Prop_lut6_I5_O)        0.124    13.770 r  u_core/u_fetch/mem_load_q_i_2/O
                         net (fo=8, unplaced)         0.487    14.257    u_core/u_fetch/u_lsu/mem_addr_r1
                         LUT5 (Prop_lut5_I1_O)        0.124    14.381 r  u_core/u_fetch/mem_wr_q[3]_i_9/O
                         net (fo=1, unplaced)         0.000    14.381    u_core/u_fetch/mem_wr_q[3]_i_9_n_0
                         CARRY4 (Prop_carry4_S[0]_O[1])
                                                      0.427    14.808 f  u_core/u_fetch/mem_wr_q_reg[3]_i_3/O[1]
                         net (fo=11, unplaced)        0.657    15.465    u_core/u_fetch/O[1]
                         LUT6 (Prop_lut6_I0_O)        0.306    15.771 f  u_core/u_fetch/mem_rd_q_i_3/O
                         net (fo=7, unplaced)         0.484    16.255    u_core/u_fetch/mem_rd_q_i_3_n_0
                         LUT6 (Prop_lut6_I3_O)        0.124    16.379 r  u_core/u_fetch/mem_wr_q[3]_i_2/O
                         net (fo=12, unplaced)        0.497    16.876    u_core/u_fetch/ram_reg_1_3
                         LUT5 (Prop_lut5_I4_O)        0.124    17.000 r  u_core/u_fetch/mem_wr_q[0]_i_5/O
                         net (fo=17, unplaced)        0.505    17.505    u_core/u_fetch/mem_d_ack_q_reg
                         LUT3 (Prop_lut3_I0_O)        0.124    17.629 r  u_core/u_fetch/mem_data_wr_q[7]_i_1/O
                         net (fo=1, unplaced)         0.000    17.629    u_core/u_lsu/mem_data_wr_q_reg[31]_0[7]
                         FDCE                                         r  u_core/u_lsu/mem_data_wr_q_reg[7]/D
  -------------------------------------------------------------------    -------------------

                         (clock clk_i rise edge)     10.000    10.000 r  
                                                      0.000    10.000 r  clk_i (IN)
                         net (fo=0)                   0.000    10.000    clk_i
                         IBUF (Prop_ibuf_I_O)         0.838    10.838 r  clk_i_IBUF_inst/O
                         net (fo=1, unplaced)         0.760    11.598    clk_i_IBUF
                         BUFG (Prop_bufg_I_O)         0.091    11.689 r  clk_i_IBUF_BUFG_inst/O
                         net (fo=2698, unplaced)      0.439    12.128    u_core/u_lsu/clk_i_IBUF_BUFG
                         FDCE                                         r  u_core/u_lsu/mem_data_wr_q_reg[7]/C
                         clock pessimism              0.184    12.311    
                         clock uncertainty           -0.035    12.276    
                         FDCE (Setup_fdce_C_D)        0.044    12.320    u_core/u_lsu/mem_data_wr_q_reg[7]
  -------------------------------------------------------------------
                         required time                         12.320    
                         arrival time                         -17.629    
  -------------------------------------------------------------------
                         slack                                 -5.309    

Slack (VIOLATED) :        -5.309ns  (required time - arrival time)
  Source:                 u_tcm/u_ram/ram_reg_2_0/CLKBWRCLK
                            (rising edge-triggered cell RAMB36E1 clocked by clk_i  {rise@0.000ns fall@5.000ns period=10.000ns})
  Destination:            u_core/u_lsu/mem_data_wr_q_reg[8]/D
                            (rising edge-triggered cell FDCE clocked by clk_i  {rise@0.000ns fall@5.000ns period=10.000ns})
  Path Group:             clk_i
  Path Type:              Setup (Max at Slow Process Corner)
  Requirement:            10.000ns  (clk_i rise@10.000ns - clk_i rise@0.000ns)
  Data Path Delay:        15.173ns  (logic 5.339ns (35.188%)  route 9.834ns (64.812%))
  Logic Levels:           17  (CARRY4=1 LUT3=1 LUT4=1 LUT5=2 LUT6=10 MUXF7=1 MUXF8=1)
  Clock Path Skew:        -0.145ns (DCD - SCD + CPR)
    Destination Clock Delay (DCD):    2.128ns = ( 12.128 - 10.000 ) 
    Source Clock Delay      (SCD):    2.456ns
    Clock Pessimism Removal (CPR):    0.184ns
  Clock Uncertainty:      0.035ns  ((TSJ^2 + TIJ^2)^1/2 + DJ) / 2 + PE
    Total System Jitter     (TSJ):    0.071ns
    Total Input Jitter      (TIJ):    0.000ns
    Discrete Jitter          (DJ):    0.000ns
    Phase Error              (PE):    0.000ns

    Location             Delay type                Incr(ns)  Path(ns)    Netlist Resource(s)
  -------------------------------------------------------------------    -------------------
                         (clock clk_i rise edge)      0.000     0.000 r  
                                                      0.000     0.000 r  clk_i (IN)
                         net (fo=0)                   0.000     0.000    clk_i
                         IBUF (Prop_ibuf_I_O)         0.972     0.972 r  clk_i_IBUF_inst/O
                         net (fo=1, unplaced)         0.800     1.771    clk_i_IBUF
                         BUFG (Prop_bufg_I_O)         0.101     1.872 r  clk_i_IBUF_BUFG_inst/O
                         net (fo=2698, unplaced)      0.584     2.456    u_tcm/u_ram/clk_i_IBUF_BUFG
                         RAMB36E1                                     r  u_tcm/u_ram/ram_reg_2_0/CLKBWRCLK
  -------------------------------------------------------------------    -------------------
                         RAMB36E1 (Prop_ramb36e1_CLKBWRCLK_DOBDO[0])
                                                      2.454     4.910 r  u_tcm/u_ram/ram_reg_2_0/DOBDO[0]
                         net (fo=4, unplaced)         0.800     5.710    u_core/u_fetch/ram_read0_q[16]
                         LUT3 (Prop_lut3_I1_O)        0.124     5.834 r  u_core/u_fetch/exception_e1_q[5]_i_20/O
                         net (fo=91, unplaced)        1.208     7.042    u_core/u_fetch/skid_buffer_q_reg[16]_0
                         LUT6 (Prop_lut6_I1_O)        0.124     7.166 r  u_core/u_fetch/take_interrupt_q_i_11/O
                         net (fo=2, unplaced)         1.122     8.288    u_core/u_fetch/take_interrupt_q_i_11_n_0
                         LUT6 (Prop_lut6_I1_O)        0.124     8.412 f  u_core/u_fetch/take_interrupt_q_i_5/O
                         net (fo=2, unplaced)         0.913     9.325    u_core/u_fetch/take_interrupt_q_i_5_n_0
                         LUT6 (Prop_lut6_I3_O)        0.124     9.449 f  u_core/u_fetch/rd_valid_e1_q_i_94/O
                         net (fo=48, unplaced)        0.530     9.979    u_core/u_issue/u_pipe_ctrl/rd_valid_e1_q_reg_i_35_0
                         LUT6 (Prop_lut6_I3_O)        0.124    10.103 f  u_core/u_issue/u_pipe_ctrl/rd_valid_e1_q_i_46/O
                         net (fo=1, unplaced)         0.000    10.103    u_core/u_issue/u_pipe_ctrl/rd_valid_e1_q_i_46_n_0
                         MUXF7 (Prop_muxf7_I1_O)      0.247    10.350 f  u_core/u_issue/u_pipe_ctrl/rd_valid_e1_q_reg_i_21/O
                         net (fo=1, unplaced)         0.000    10.350    u_core/u_issue/u_pipe_ctrl/rd_valid_e1_q_reg_i_21_n_0
                         MUXF8 (Prop_muxf8_I0_O)      0.098    10.448 f  u_core/u_issue/u_pipe_ctrl/rd_valid_e1_q_reg_i_9/O
                         net (fo=1, unplaced)         0.717    11.165    u_core/u_issue/u_pipe_ctrl/rd_valid_e1_q_reg_i_9_n_0
                         LUT6 (Prop_lut6_I0_O)        0.319    11.484 f  u_core/u_issue/u_pipe_ctrl/rd_valid_e1_q_i_6/O
                         net (fo=2, unplaced)         0.913    12.397    u_core/u_issue/u_pipe_ctrl/opcode_issue_r3
                         LUT6 (Prop_lut6_I2_O)        0.124    12.521 r  u_core/u_issue/u_pipe_ctrl/rd_valid_e1_q_i_3/O
                         net (fo=25, unplaced)        0.514    13.035    u_core/u_fetch/lsu_opcode_valid_w
                         LUT6 (Prop_lut6_I5_O)        0.124    13.159 r  u_core/u_fetch/mem_rd_q_i_4/O
                         net (fo=8, unplaced)         0.487    13.646    u_core/u_fetch/mem_rd_q_i_4_n_0
                         LUT6 (Prop_lut6_I5_O)        0.124    13.770 r  u_core/u_fetch/mem_load_q_i_2/O
                         net (fo=8, unplaced)         0.487    14.257    u_core/u_fetch/u_lsu/mem_addr_r1
                         LUT5 (Prop_lut5_I1_O)        0.124    14.381 r  u_core/u_fetch/mem_wr_q[3]_i_9/O
                         net (fo=1, unplaced)         0.000    14.381    u_core/u_fetch/mem_wr_q[3]_i_9_n_0
                         CARRY4 (Prop_carry4_S[0]_O[1])
                                                      0.427    14.808 f  u_core/u_fetch/mem_wr_q_reg[3]_i_3/O[1]
                         net (fo=11, unplaced)        0.657    15.465    u_core/u_fetch/O[1]
                         LUT6 (Prop_lut6_I0_O)        0.306    15.771 f  u_core/u_fetch/mem_rd_q_i_3/O
                         net (fo=7, unplaced)         0.484    16.255    u_core/u_fetch/mem_rd_q_i_3_n_0
                         LUT6 (Prop_lut6_I3_O)        0.124    16.379 r  u_core/u_fetch/mem_wr_q[3]_i_2/O
                         net (fo=12, unplaced)        0.497    16.876    u_core/u_fetch/ram_reg_1_3
                         LUT5 (Prop_lut5_I4_O)        0.124    17.000 r  u_core/u_fetch/mem_wr_q[0]_i_5/O
                         net (fo=17, unplaced)        0.505    17.505    u_core/u_issue/u_pipe_ctrl/mem_data_wr_q_reg[15]_0
                         LUT4 (Prop_lut4_I3_O)        0.124    17.629 r  u_core/u_issue/u_pipe_ctrl/mem_data_wr_q[8]_i_1/O
                         net (fo=1, unplaced)         0.000    17.629    u_core/u_lsu/mem_data_wr_q_reg[31]_0[8]
                         FDCE                                         r  u_core/u_lsu/mem_data_wr_q_reg[8]/D
  -------------------------------------------------------------------    -------------------

                         (clock clk_i rise edge)     10.000    10.000 r  
                                                      0.000    10.000 r  clk_i (IN)
                         net (fo=0)                   0.000    10.000    clk_i
                         IBUF (Prop_ibuf_I_O)         0.838    10.838 r  clk_i_IBUF_inst/O
                         net (fo=1, unplaced)         0.760    11.598    clk_i_IBUF
                         BUFG (Prop_bufg_I_O)         0.091    11.689 r  clk_i_IBUF_BUFG_inst/O
                         net (fo=2698, unplaced)      0.439    12.128    u_core/u_lsu/clk_i_IBUF_BUFG
                         FDCE                                         r  u_core/u_lsu/mem_data_wr_q_reg[8]/C
                         clock pessimism              0.184    12.311    
                         clock uncertainty           -0.035    12.276    
                         FDCE (Setup_fdce_C_D)        0.044    12.320    u_core/u_lsu/mem_data_wr_q_reg[8]
  -------------------------------------------------------------------
                         required time                         12.320    
                         arrival time                         -17.629    
  -------------------------------------------------------------------
                         slack                                 -5.309    

Slack (VIOLATED) :        -5.309ns  (required time - arrival time)
  Source:                 u_tcm/u_ram/ram_reg_2_0/CLKBWRCLK
                            (rising edge-triggered cell RAMB36E1 clocked by clk_i  {rise@0.000ns fall@5.000ns period=10.000ns})
  Destination:            u_core/u_lsu/mem_data_wr_q_reg[9]/D
                            (rising edge-triggered cell FDCE clocked by clk_i  {rise@0.000ns fall@5.000ns period=10.000ns})
  Path Group:             clk_i
  Path Type:              Setup (Max at Slow Process Corner)
  Requirement:            10.000ns  (clk_i rise@10.000ns - clk_i rise@0.000ns)
  Data Path Delay:        15.173ns  (logic 5.339ns (35.188%)  route 9.834ns (64.812%))
  Logic Levels:           17  (CARRY4=1 LUT3=1 LUT4=1 LUT5=2 LUT6=10 MUXF7=1 MUXF8=1)
  Clock Path Skew:        -0.145ns (DCD - SCD + CPR)
    Destination Clock Delay (DCD):    2.128ns = ( 12.128 - 10.000 ) 
    Source Clock Delay      (SCD):    2.456ns
    Clock Pessimism Removal (CPR):    0.184ns
  Clock Uncertainty:      0.035ns  ((TSJ^2 + TIJ^2)^1/2 + DJ) / 2 + PE
    Total System Jitter     (TSJ):    0.071ns
    Total Input Jitter      (TIJ):    0.000ns
    Discrete Jitter          (DJ):    0.000ns
    Phase Error              (PE):    0.000ns

    Location             Delay type                Incr(ns)  Path(ns)    Netlist Resource(s)
  -------------------------------------------------------------------    -------------------
                         (clock clk_i rise edge)      0.000     0.000 r  
                                                      0.000     0.000 r  clk_i (IN)
                         net (fo=0)                   0.000     0.000    clk_i
                         IBUF (Prop_ibuf_I_O)         0.972     0.972 r  clk_i_IBUF_inst/O
                         net (fo=1, unplaced)         0.800     1.771    clk_i_IBUF
                         BUFG (Prop_bufg_I_O)         0.101     1.872 r  clk_i_IBUF_BUFG_inst/O
                         net (fo=2698, unplaced)      0.584     2.456    u_tcm/u_ram/clk_i_IBUF_BUFG
                         RAMB36E1                                     r  u_tcm/u_ram/ram_reg_2_0/CLKBWRCLK
  -------------------------------------------------------------------    -------------------
                         RAMB36E1 (Prop_ramb36e1_CLKBWRCLK_DOBDO[0])
                                                      2.454     4.910 r  u_tcm/u_ram/ram_reg_2_0/DOBDO[0]
                         net (fo=4, unplaced)         0.800     5.710    u_core/u_fetch/ram_read0_q[16]
                         LUT3 (Prop_lut3_I1_O)        0.124     5.834 r  u_core/u_fetch/exception_e1_q[5]_i_20/O
                         net (fo=91, unplaced)        1.208     7.042    u_core/u_fetch/skid_buffer_q_reg[16]_0
                         LUT6 (Prop_lut6_I1_O)        0.124     7.166 r  u_core/u_fetch/take_interrupt_q_i_11/O
                         net (fo=2, unplaced)         1.122     8.288    u_core/u_fetch/take_interrupt_q_i_11_n_0
                         LUT6 (Prop_lut6_I1_O)        0.124     8.412 f  u_core/u_fetch/take_interrupt_q_i_5/O
                         net (fo=2, unplaced)         0.913     9.325    u_core/u_fetch/take_interrupt_q_i_5_n_0
                         LUT6 (Prop_lut6_I3_O)        0.124     9.449 f  u_core/u_fetch/rd_valid_e1_q_i_94/O
                         net (fo=48, unplaced)        0.530     9.979    u_core/u_issue/u_pipe_ctrl/rd_valid_e1_q_reg_i_35_0
                         LUT6 (Prop_lut6_I3_O)        0.124    10.103 f  u_core/u_issue/u_pipe_ctrl/rd_valid_e1_q_i_46/O
                         net (fo=1, unplaced)         0.000    10.103    u_core/u_issue/u_pipe_ctrl/rd_valid_e1_q_i_46_n_0
                         MUXF7 (Prop_muxf7_I1_O)      0.247    10.350 f  u_core/u_issue/u_pipe_ctrl/rd_valid_e1_q_reg_i_21/O
                         net (fo=1, unplaced)         0.000    10.350    u_core/u_issue/u_pipe_ctrl/rd_valid_e1_q_reg_i_21_n_0
                         MUXF8 (Prop_muxf8_I0_O)      0.098    10.448 f  u_core/u_issue/u_pipe_ctrl/rd_valid_e1_q_reg_i_9/O
                         net (fo=1, unplaced)         0.717    11.165    u_core/u_issue/u_pipe_ctrl/rd_valid_e1_q_reg_i_9_n_0
                         LUT6 (Prop_lut6_I0_O)        0.319    11.484 f  u_core/u_issue/u_pipe_ctrl/rd_valid_e1_q_i_6/O
                         net (fo=2, unplaced)         0.913    12.397    u_core/u_issue/u_pipe_ctrl/opcode_issue_r3
                         LUT6 (Prop_lut6_I2_O)        0.124    12.521 r  u_core/u_issue/u_pipe_ctrl/rd_valid_e1_q_i_3/O
                         net (fo=25, unplaced)        0.514    13.035    u_core/u_fetch/lsu_opcode_valid_w
                         LUT6 (Prop_lut6_I5_O)        0.124    13.159 r  u_core/u_fetch/mem_rd_q_i_4/O
                         net (fo=8, unplaced)         0.487    13.646    u_core/u_fetch/mem_rd_q_i_4_n_0
                         LUT6 (Prop_lut6_I5_O)        0.124    13.770 r  u_core/u_fetch/mem_load_q_i_2/O
                         net (fo=8, unplaced)         0.487    14.257    u_core/u_fetch/u_lsu/mem_addr_r1
                         LUT5 (Prop_lut5_I1_O)        0.124    14.381 r  u_core/u_fetch/mem_wr_q[3]_i_9/O
                         net (fo=1, unplaced)         0.000    14.381    u_core/u_fetch/mem_wr_q[3]_i_9_n_0
                         CARRY4 (Prop_carry4_S[0]_O[1])
                                                      0.427    14.808 f  u_core/u_fetch/mem_wr_q_reg[3]_i_3/O[1]
                         net (fo=11, unplaced)        0.657    15.465    u_core/u_fetch/O[1]
                         LUT6 (Prop_lut6_I0_O)        0.306    15.771 f  u_core/u_fetch/mem_rd_q_i_3/O
                         net (fo=7, unplaced)         0.484    16.255    u_core/u_fetch/mem_rd_q_i_3_n_0
                         LUT6 (Prop_lut6_I3_O)        0.124    16.379 r  u_core/u_fetch/mem_wr_q[3]_i_2/O
                         net (fo=12, unplaced)        0.497    16.876    u_core/u_fetch/ram_reg_1_3
                         LUT5 (Prop_lut5_I4_O)        0.124    17.000 r  u_core/u_fetch/mem_wr_q[0]_i_5/O
                         net (fo=17, unplaced)        0.505    17.505    u_core/u_issue/u_pipe_ctrl/mem_data_wr_q_reg[15]_0
                         LUT4 (Prop_lut4_I3_O)        0.124    17.629 r  u_core/u_issue/u_pipe_ctrl/mem_data_wr_q[9]_i_1/O
                         net (fo=1, unplaced)         0.000    17.629    u_core/u_lsu/mem_data_wr_q_reg[31]_0[9]
                         FDCE                                         r  u_core/u_lsu/mem_data_wr_q_reg[9]/D
  -------------------------------------------------------------------    -------------------

                         (clock clk_i rise edge)     10.000    10.000 r  
                                                      0.000    10.000 r  clk_i (IN)
                         net (fo=0)                   0.000    10.000    clk_i
                         IBUF (Prop_ibuf_I_O)         0.838    10.838 r  clk_i_IBUF_inst/O
                         net (fo=1, unplaced)         0.760    11.598    clk_i_IBUF
                         BUFG (Prop_bufg_I_O)         0.091    11.689 r  clk_i_IBUF_BUFG_inst/O
                         net (fo=2698, unplaced)      0.439    12.128    u_core/u_lsu/clk_i_IBUF_BUFG
                         FDCE                                         r  u_core/u_lsu/mem_data_wr_q_reg[9]/C
                         clock pessimism              0.184    12.311    
                         clock uncertainty           -0.035    12.276    
                         FDCE (Setup_fdce_C_D)        0.044    12.320    u_core/u_lsu/mem_data_wr_q_reg[9]
  -------------------------------------------------------------------
                         required time                         12.320    
                         arrival time                         -17.629    
  -------------------------------------------------------------------
                         slack                                 -5.309    

Slack (VIOLATED) :        -5.309ns  (required time - arrival time)
  Source:                 u_tcm/u_ram/ram_reg_2_0/CLKBWRCLK
                            (rising edge-triggered cell RAMB36E1 clocked by clk_i  {rise@0.000ns fall@5.000ns period=10.000ns})
  Destination:            u_core/u_lsu/mem_wr_q_reg[0]/D
                            (rising edge-triggered cell FDCE clocked by clk_i  {rise@0.000ns fall@5.000ns period=10.000ns})
  Path Group:             clk_i
  Path Type:              Setup (Max at Slow Process Corner)
  Requirement:            10.000ns  (clk_i rise@10.000ns - clk_i rise@0.000ns)
  Data Path Delay:        15.173ns  (logic 5.339ns (35.188%)  route 9.834ns (64.812%))
  Logic Levels:           17  (CARRY4=1 LUT3=1 LUT5=2 LUT6=11 MUXF7=1 MUXF8=1)
  Clock Path Skew:        -0.145ns (DCD - SCD + CPR)
    Destination Clock Delay (DCD):    2.128ns = ( 12.128 - 10.000 ) 
    Source Clock Delay      (SCD):    2.456ns
    Clock Pessimism Removal (CPR):    0.184ns
  Clock Uncertainty:      0.035ns  ((TSJ^2 + TIJ^2)^1/2 + DJ) / 2 + PE
    Total System Jitter     (TSJ):    0.071ns
    Total Input Jitter      (TIJ):    0.000ns
    Discrete Jitter          (DJ):    0.000ns
    Phase Error              (PE):    0.000ns

    Location             Delay type                Incr(ns)  Path(ns)    Netlist Resource(s)
  -------------------------------------------------------------------    -------------------
                         (clock clk_i rise edge)      0.000     0.000 r  
                                                      0.000     0.000 r  clk_i (IN)
                         net (fo=0)                   0.000     0.000    clk_i
                         IBUF (Prop_ibuf_I_O)         0.972     0.972 r  clk_i_IBUF_inst/O
                         net (fo=1, unplaced)         0.800     1.771    clk_i_IBUF
                         BUFG (Prop_bufg_I_O)         0.101     1.872 r  clk_i_IBUF_BUFG_inst/O
                         net (fo=2698, unplaced)      0.584     2.456    u_tcm/u_ram/clk_i_IBUF_BUFG
                         RAMB36E1                                     r  u_tcm/u_ram/ram_reg_2_0/CLKBWRCLK
  -------------------------------------------------------------------    -------------------
                         RAMB36E1 (Prop_ramb36e1_CLKBWRCLK_DOBDO[0])
                                                      2.454     4.910 r  u_tcm/u_ram/ram_reg_2_0/DOBDO[0]
                         net (fo=4, unplaced)         0.800     5.710    u_core/u_fetch/ram_read0_q[16]
                         LUT3 (Prop_lut3_I1_O)        0.124     5.834 r  u_core/u_fetch/exception_e1_q[5]_i_20/O
                         net (fo=91, unplaced)        1.208     7.042    u_core/u_fetch/skid_buffer_q_reg[16]_0
                         LUT6 (Prop_lut6_I1_O)        0.124     7.166 r  u_core/u_fetch/take_interrupt_q_i_11/O
                         net (fo=2, unplaced)         1.122     8.288    u_core/u_fetch/take_interrupt_q_i_11_n_0
                         LUT6 (Prop_lut6_I1_O)        0.124     8.412 f  u_core/u_fetch/take_interrupt_q_i_5/O
                         net (fo=2, unplaced)         0.913     9.325    u_core/u_fetch/take_interrupt_q_i_5_n_0
                         LUT6 (Prop_lut6_I3_O)        0.124     9.449 f  u_core/u_fetch/rd_valid_e1_q_i_94/O
                         net (fo=48, unplaced)        0.530     9.979    u_core/u_issue/u_pipe_ctrl/rd_valid_e1_q_reg_i_35_0
                         LUT6 (Prop_lut6_I3_O)        0.124    10.103 f  u_core/u_issue/u_pipe_ctrl/rd_valid_e1_q_i_46/O
                         net (fo=1, unplaced)         0.000    10.103    u_core/u_issue/u_pipe_ctrl/rd_valid_e1_q_i_46_n_0
                         MUXF7 (Prop_muxf7_I1_O)      0.247    10.350 f  u_core/u_issue/u_pipe_ctrl/rd_valid_e1_q_reg_i_21/O
                         net (fo=1, unplaced)         0.000    10.350    u_core/u_issue/u_pipe_ctrl/rd_valid_e1_q_reg_i_21_n_0
                         MUXF8 (Prop_muxf8_I0_O)      0.098    10.448 f  u_core/u_issue/u_pipe_ctrl/rd_valid_e1_q_reg_i_9/O
                         net (fo=1, unplaced)         0.717    11.165    u_core/u_issue/u_pipe_ctrl/rd_valid_e1_q_reg_i_9_n_0
                         LUT6 (Prop_lut6_I0_O)        0.319    11.484 f  u_core/u_issue/u_pipe_ctrl/rd_valid_e1_q_i_6/O
                         net (fo=2, unplaced)         0.913    12.397    u_core/u_issue/u_pipe_ctrl/opcode_issue_r3
                         LUT6 (Prop_lut6_I2_O)        0.124    12.521 r  u_core/u_issue/u_pipe_ctrl/rd_valid_e1_q_i_3/O
                         net (fo=25, unplaced)        0.514    13.035    u_core/u_fetch/lsu_opcode_valid_w
                         LUT6 (Prop_lut6_I5_O)        0.124    13.159 r  u_core/u_fetch/mem_rd_q_i_4/O
                         net (fo=8, unplaced)         0.487    13.646    u_core/u_fetch/mem_rd_q_i_4_n_0
                         LUT6 (Prop_lut6_I5_O)        0.124    13.770 r  u_core/u_fetch/mem_load_q_i_2/O
                         net (fo=8, unplaced)         0.487    14.257    u_core/u_fetch/u_lsu/mem_addr_r1
                         LUT5 (Prop_lut5_I1_O)        0.124    14.381 r  u_core/u_fetch/mem_wr_q[3]_i_9/O
                         net (fo=1, unplaced)         0.000    14.381    u_core/u_fetch/mem_wr_q[3]_i_9_n_0
                         CARRY4 (Prop_carry4_S[0]_O[1])
                                                      0.427    14.808 f  u_core/u_fetch/mem_wr_q_reg[3]_i_3/O[1]
                         net (fo=11, unplaced)        0.657    15.465    u_core/u_fetch/O[1]
                         LUT6 (Prop_lut6_I0_O)        0.306    15.771 f  u_core/u_fetch/mem_rd_q_i_3/O
                         net (fo=7, unplaced)         0.484    16.255    u_core/u_fetch/mem_rd_q_i_3_n_0
                         LUT6 (Prop_lut6_I3_O)        0.124    16.379 r  u_core/u_fetch/mem_wr_q[3]_i_2/O
                         net (fo=12, unplaced)        0.497    16.876    u_core/u_fetch/ram_reg_1_3
                         LUT5 (Prop_lut5_I4_O)        0.124    17.000 r  u_core/u_fetch/mem_wr_q[0]_i_5/O
                         net (fo=17, unplaced)        0.505    17.505    u_core/u_fetch/mem_d_ack_q_reg
                         LUT6 (Prop_lut6_I5_O)        0.124    17.629 r  u_core/u_fetch/mem_wr_q[0]_i_1/O
                         net (fo=1, unplaced)         0.000    17.629    u_core/u_lsu/mem_wr_q_reg[3]_0[0]
                         FDCE                                         r  u_core/u_lsu/mem_wr_q_reg[0]/D
  -------------------------------------------------------------------    -------------------

                         (clock clk_i rise edge)     10.000    10.000 r  
                                                      0.000    10.000 r  clk_i (IN)
                         net (fo=0)                   0.000    10.000    clk_i
                         IBUF (Prop_ibuf_I_O)         0.838    10.838 r  clk_i_IBUF_inst/O
                         net (fo=1, unplaced)         0.760    11.598    clk_i_IBUF
                         BUFG (Prop_bufg_I_O)         0.091    11.689 r  clk_i_IBUF_BUFG_inst/O
                         net (fo=2698, unplaced)      0.439    12.128    u_core/u_lsu/clk_i_IBUF_BUFG
                         FDCE                                         r  u_core/u_lsu/mem_wr_q_reg[0]/C
                         clock pessimism              0.184    12.311    
                         clock uncertainty           -0.035    12.276    
                         FDCE (Setup_fdce_C_D)        0.044    12.320    u_core/u_lsu/mem_wr_q_reg[0]
  -------------------------------------------------------------------
                         required time                         12.320    
                         arrival time                         -17.629    
  -------------------------------------------------------------------
                         slack                                 -5.309    

Slack (VIOLATED) :        -5.271ns  (required time - arrival time)
  Source:                 u_tcm/u_ram/ram_reg_2_0/CLKBWRCLK
                            (rising edge-triggered cell RAMB36E1 clocked by clk_i  {rise@0.000ns fall@5.000ns period=10.000ns})
  Destination:            u_core/u_lsu/mem_data_wr_q_reg[24]/D
                            (rising edge-triggered cell FDCE clocked by clk_i  {rise@0.000ns fall@5.000ns period=10.000ns})
  Path Group:             clk_i
  Path Type:              Setup (Max at Slow Process Corner)
  Requirement:            10.000ns  (clk_i rise@10.000ns - clk_i rise@0.000ns)
  Data Path Delay:        15.135ns  (logic 5.339ns (35.277%)  route 9.796ns (64.723%))
  Logic Levels:           17  (CARRY4=1 LUT3=1 LUT5=2 LUT6=11 MUXF7=1 MUXF8=1)
  Clock Path Skew:        -0.145ns (DCD - SCD + CPR)
    Destination Clock Delay (DCD):    2.128ns = ( 12.128 - 10.000 ) 
    Source Clock Delay      (SCD):    2.456ns
    Clock Pessimism Removal (CPR):    0.184ns
  Clock Uncertainty:      0.035ns  ((TSJ^2 + TIJ^2)^1/2 + DJ) / 2 + PE
    Total System Jitter     (TSJ):    0.071ns
    Total Input Jitter      (TIJ):    0.000ns
    Discrete Jitter          (DJ):    0.000ns
    Phase Error              (PE):    0.000ns

    Location             Delay type                Incr(ns)  Path(ns)    Netlist Resource(s)
  -------------------------------------------------------------------    -------------------
                         (clock clk_i rise edge)      0.000     0.000 r  
                                                      0.000     0.000 r  clk_i (IN)
                         net (fo=0)                   0.000     0.000    clk_i
                         IBUF (Prop_ibuf_I_O)         0.972     0.972 r  clk_i_IBUF_inst/O
                         net (fo=1, unplaced)         0.800     1.771    clk_i_IBUF
                         BUFG (Prop_bufg_I_O)         0.101     1.872 r  clk_i_IBUF_BUFG_inst/O
                         net (fo=2698, unplaced)      0.584     2.456    u_tcm/u_ram/clk_i_IBUF_BUFG
                         RAMB36E1                                     r  u_tcm/u_ram/ram_reg_2_0/CLKBWRCLK
  -------------------------------------------------------------------    -------------------
                         RAMB36E1 (Prop_ramb36e1_CLKBWRCLK_DOBDO[0])
                                                      2.454     4.910 r  u_tcm/u_ram/ram_reg_2_0/DOBDO[0]
                         net (fo=4, unplaced)         0.800     5.710    u_core/u_fetch/ram_read0_q[16]
                         LUT3 (Prop_lut3_I1_O)        0.124     5.834 r  u_core/u_fetch/exception_e1_q[5]_i_20/O
                         net (fo=91, unplaced)        1.208     7.042    u_core/u_fetch/skid_buffer_q_reg[16]_0
                         LUT6 (Prop_lut6_I1_O)        0.124     7.166 r  u_core/u_fetch/take_interrupt_q_i_11/O
                         net (fo=2, unplaced)         1.122     8.288    u_core/u_fetch/take_interrupt_q_i_11_n_0
                         LUT6 (Prop_lut6_I1_O)        0.124     8.412 f  u_core/u_fetch/take_interrupt_q_i_5/O
                         net (fo=2, unplaced)         0.913     9.325    u_core/u_fetch/take_interrupt_q_i_5_n_0
                         LUT6 (Prop_lut6_I3_O)        0.124     9.449 f  u_core/u_fetch/rd_valid_e1_q_i_94/O
                         net (fo=48, unplaced)        0.530     9.979    u_core/u_issue/u_pipe_ctrl/rd_valid_e1_q_reg_i_35_0
                         LUT6 (Prop_lut6_I3_O)        0.124    10.103 f  u_core/u_issue/u_pipe_ctrl/rd_valid_e1_q_i_46/O
                         net (fo=1, unplaced)         0.000    10.103    u_core/u_issue/u_pipe_ctrl/rd_valid_e1_q_i_46_n_0
                         MUXF7 (Prop_muxf7_I1_O)      0.247    10.350 f  u_core/u_issue/u_pipe_ctrl/rd_valid_e1_q_reg_i_21/O
                         net (fo=1, unplaced)         0.000    10.350    u_core/u_issue/u_pipe_ctrl/rd_valid_e1_q_reg_i_21_n_0
                         MUXF8 (Prop_muxf8_I0_O)      0.098    10.448 f  u_core/u_issue/u_pipe_ctrl/rd_valid_e1_q_reg_i_9/O
                         net (fo=1, unplaced)         0.717    11.165    u_core/u_issue/u_pipe_ctrl/rd_valid_e1_q_reg_i_9_n_0
                         LUT6 (Prop_lut6_I0_O)        0.319    11.484 f  u_core/u_issue/u_pipe_ctrl/rd_valid_e1_q_i_6/O
                         net (fo=2, unplaced)         0.913    12.397    u_core/u_issue/u_pipe_ctrl/opcode_issue_r3
                         LUT6 (Prop_lut6_I2_O)        0.124    12.521 r  u_core/u_issue/u_pipe_ctrl/rd_valid_e1_q_i_3/O
                         net (fo=25, unplaced)        0.514    13.035    u_core/u_fetch/lsu_opcode_valid_w
                         LUT6 (Prop_lut6_I5_O)        0.124    13.159 r  u_core/u_fetch/mem_rd_q_i_4/O
                         net (fo=8, unplaced)         0.487    13.646    u_core/u_fetch/mem_rd_q_i_4_n_0
                         LUT6 (Prop_lut6_I5_O)        0.124    13.770 r  u_core/u_fetch/mem_load_q_i_2/O
                         net (fo=8, unplaced)         0.487    14.257    u_core/u_fetch/u_lsu/mem_addr_r1
                         LUT5 (Prop_lut5_I1_O)        0.124    14.381 r  u_core/u_fetch/mem_wr_q[3]_i_9/O
                         net (fo=1, unplaced)         0.000    14.381    u_core/u_fetch/mem_wr_q[3]_i_9_n_0
                         CARRY4 (Prop_carry4_S[0]_O[1])
                                                      0.427    14.808 r  u_core/u_fetch/mem_wr_q_reg[3]_i_3/O[1]
                         net (fo=11, unplaced)        0.657    15.465    u_core/u_fetch/O[1]
                         LUT6 (Prop_lut6_I0_O)        0.306    15.771 r  u_core/u_fetch/mem_rd_q_i_3/O
                         net (fo=7, unplaced)         0.484    16.255    u_core/u_fetch/mem_rd_q_i_3_n_0
                         LUT6 (Prop_lut6_I1_O)        0.124    16.379 f  u_core/u_fetch/mem_wr_q[3]_i_4/O
                         net (fo=5, unplaced)         0.477    16.856    u_core/u_fetch/u_lsu/mem_data_r112_out
                         LUT5 (Prop_lut5_I3_O)        0.124    16.980 r  u_core/u_fetch/mem_data_wr_q[31]_i_2/O
                         net (fo=8, unplaced)         0.487    17.467    u_core/u_issue/u_pipe_ctrl/mem_data_wr_q_reg[30]
                         LUT6 (Prop_lut6_I1_O)        0.124    17.591 r  u_core/u_issue/u_pipe_ctrl/mem_data_wr_q[24]_i_1/O
                         net (fo=1, unplaced)         0.000    17.591    u_core/u_lsu/mem_data_wr_q_reg[31]_0[24]
                         FDCE                                         r  u_core/u_lsu/mem_data_wr_q_reg[24]/D
  -------------------------------------------------------------------    -------------------

                         (clock clk_i rise edge)     10.000    10.000 r  
                                                      0.000    10.000 r  clk_i (IN)
                         net (fo=0)                   0.000    10.000    clk_i
                         IBUF (Prop_ibuf_I_O)         0.838    10.838 r  clk_i_IBUF_inst/O
                         net (fo=1, unplaced)         0.760    11.598    clk_i_IBUF
                         BUFG (Prop_bufg_I_O)         0.091    11.689 r  clk_i_IBUF_BUFG_inst/O
                         net (fo=2698, unplaced)      0.439    12.128    u_core/u_lsu/clk_i_IBUF_BUFG
                         FDCE                                         r  u_core/u_lsu/mem_data_wr_q_reg[24]/C
                         clock pessimism              0.184    12.311    
                         clock uncertainty           -0.035    12.276    
                         FDCE (Setup_fdce_C_D)        0.044    12.320    u_core/u_lsu/mem_data_wr_q_reg[24]
  -------------------------------------------------------------------
                         required time                         12.320    
                         arrival time                         -17.591    
  -------------------------------------------------------------------
                         slack                                 -5.271    

Slack (VIOLATED) :        -5.271ns  (required time - arrival time)
  Source:                 u_tcm/u_ram/ram_reg_2_0/CLKBWRCLK
                            (rising edge-triggered cell RAMB36E1 clocked by clk_i  {rise@0.000ns fall@5.000ns period=10.000ns})
  Destination:            u_core/u_lsu/mem_data_wr_q_reg[25]/D
                            (rising edge-triggered cell FDCE clocked by clk_i  {rise@0.000ns fall@5.000ns period=10.000ns})
  Path Group:             clk_i
  Path Type:              Setup (Max at Slow Process Corner)
  Requirement:            10.000ns  (clk_i rise@10.000ns - clk_i rise@0.000ns)
  Data Path Delay:        15.135ns  (logic 5.339ns (35.277%)  route 9.796ns (64.723%))
  Logic Levels:           17  (CARRY4=1 LUT3=1 LUT5=2 LUT6=11 MUXF7=1 MUXF8=1)
  Clock Path Skew:        -0.145ns (DCD - SCD + CPR)
    Destination Clock Delay (DCD):    2.128ns = ( 12.128 - 10.000 ) 
    Source Clock Delay      (SCD):    2.456ns
    Clock Pessimism Removal (CPR):    0.184ns
  Clock Uncertainty:      0.035ns  ((TSJ^2 + TIJ^2)^1/2 + DJ) / 2 + PE
    Total System Jitter     (TSJ):    0.071ns
    Total Input Jitter      (TIJ):    0.000ns
    Discrete Jitter          (DJ):    0.000ns
    Phase Error              (PE):    0.000ns

    Location             Delay type                Incr(ns)  Path(ns)    Netlist Resource(s)
  -------------------------------------------------------------------    -------------------
                         (clock clk_i rise edge)      0.000     0.000 r  
                                                      0.000     0.000 r  clk_i (IN)
                         net (fo=0)                   0.000     0.000    clk_i
                         IBUF (Prop_ibuf_I_O)         0.972     0.972 r  clk_i_IBUF_inst/O
                         net (fo=1, unplaced)         0.800     1.771    clk_i_IBUF
                         BUFG (Prop_bufg_I_O)         0.101     1.872 r  clk_i_IBUF_BUFG_inst/O
                         net (fo=2698, unplaced)      0.584     2.456    u_tcm/u_ram/clk_i_IBUF_BUFG
                         RAMB36E1                                     r  u_tcm/u_ram/ram_reg_2_0/CLKBWRCLK
  -------------------------------------------------------------------    -------------------
                         RAMB36E1 (Prop_ramb36e1_CLKBWRCLK_DOBDO[0])
                                                      2.454     4.910 r  u_tcm/u_ram/ram_reg_2_0/DOBDO[0]
                         net (fo=4, unplaced)         0.800     5.710    u_core/u_fetch/ram_read0_q[16]
                         LUT3 (Prop_lut3_I1_O)        0.124     5.834 r  u_core/u_fetch/exception_e1_q[5]_i_20/O
                         net (fo=91, unplaced)        1.208     7.042    u_core/u_fetch/skid_buffer_q_reg[16]_0
                         LUT6 (Prop_lut6_I1_O)        0.124     7.166 r  u_core/u_fetch/take_interrupt_q_i_11/O
                         net (fo=2, unplaced)         1.122     8.288    u_core/u_fetch/take_interrupt_q_i_11_n_0
                         LUT6 (Prop_lut6_I1_O)        0.124     8.412 f  u_core/u_fetch/take_interrupt_q_i_5/O
                         net (fo=2, unplaced)         0.913     9.325    u_core/u_fetch/take_interrupt_q_i_5_n_0
                         LUT6 (Prop_lut6_I3_O)        0.124     9.449 f  u_core/u_fetch/rd_valid_e1_q_i_94/O
                         net (fo=48, unplaced)        0.530     9.979    u_core/u_issue/u_pipe_ctrl/rd_valid_e1_q_reg_i_35_0
                         LUT6 (Prop_lut6_I3_O)        0.124    10.103 f  u_core/u_issue/u_pipe_ctrl/rd_valid_e1_q_i_46/O
                         net (fo=1, unplaced)         0.000    10.103    u_core/u_issue/u_pipe_ctrl/rd_valid_e1_q_i_46_n_0
                         MUXF7 (Prop_muxf7_I1_O)      0.247    10.350 f  u_core/u_issue/u_pipe_ctrl/rd_valid_e1_q_reg_i_21/O
                         net (fo=1, unplaced)         0.000    10.350    u_core/u_issue/u_pipe_ctrl/rd_valid_e1_q_reg_i_21_n_0
                         MUXF8 (Prop_muxf8_I0_O)      0.098    10.448 f  u_core/u_issue/u_pipe_ctrl/rd_valid_e1_q_reg_i_9/O
                         net (fo=1, unplaced)         0.717    11.165    u_core/u_issue/u_pipe_ctrl/rd_valid_e1_q_reg_i_9_n_0
                         LUT6 (Prop_lut6_I0_O)        0.319    11.484 f  u_core/u_issue/u_pipe_ctrl/rd_valid_e1_q_i_6/O
                         net (fo=2, unplaced)         0.913    12.397    u_core/u_issue/u_pipe_ctrl/opcode_issue_r3
                         LUT6 (Prop_lut6_I2_O)        0.124    12.521 r  u_core/u_issue/u_pipe_ctrl/rd_valid_e1_q_i_3/O
                         net (fo=25, unplaced)        0.514    13.035    u_core/u_fetch/lsu_opcode_valid_w
                         LUT6 (Prop_lut6_I5_O)        0.124    13.159 r  u_core/u_fetch/mem_rd_q_i_4/O
                         net (fo=8, unplaced)         0.487    13.646    u_core/u_fetch/mem_rd_q_i_4_n_0
                         LUT6 (Prop_lut6_I5_O)        0.124    13.770 r  u_core/u_fetch/mem_load_q_i_2/O
                         net (fo=8, unplaced)         0.487    14.257    u_core/u_fetch/u_lsu/mem_addr_r1
                         LUT5 (Prop_lut5_I1_O)        0.124    14.381 r  u_core/u_fetch/mem_wr_q[3]_i_9/O
                         net (fo=1, unplaced)         0.000    14.381    u_core/u_fetch/mem_wr_q[3]_i_9_n_0
                         CARRY4 (Prop_carry4_S[0]_O[1])
                                                      0.427    14.808 r  u_core/u_fetch/mem_wr_q_reg[3]_i_3/O[1]
                         net (fo=11, unplaced)        0.657    15.465    u_core/u_fetch/O[1]
                         LUT6 (Prop_lut6_I0_O)        0.306    15.771 r  u_core/u_fetch/mem_rd_q_i_3/O
                         net (fo=7, unplaced)         0.484    16.255    u_core/u_fetch/mem_rd_q_i_3_n_0
                         LUT6 (Prop_lut6_I1_O)        0.124    16.379 f  u_core/u_fetch/mem_wr_q[3]_i_4/O
                         net (fo=5, unplaced)         0.477    16.856    u_core/u_fetch/u_lsu/mem_data_r112_out
                         LUT5 (Prop_lut5_I3_O)        0.124    16.980 r  u_core/u_fetch/mem_data_wr_q[31]_i_2/O
                         net (fo=8, unplaced)         0.487    17.467    u_core/u_issue/u_pipe_ctrl/mem_data_wr_q_reg[30]
                         LUT6 (Prop_lut6_I1_O)        0.124    17.591 r  u_core/u_issue/u_pipe_ctrl/mem_data_wr_q[25]_i_1/O
                         net (fo=1, unplaced)         0.000    17.591    u_core/u_lsu/mem_data_wr_q_reg[31]_0[25]
                         FDCE                                         r  u_core/u_lsu/mem_data_wr_q_reg[25]/D
  -------------------------------------------------------------------    -------------------

                         (clock clk_i rise edge)     10.000    10.000 r  
                                                      0.000    10.000 r  clk_i (IN)
                         net (fo=0)                   0.000    10.000    clk_i
                         IBUF (Prop_ibuf_I_O)         0.838    10.838 r  clk_i_IBUF_inst/O
                         net (fo=1, unplaced)         0.760    11.598    clk_i_IBUF
                         BUFG (Prop_bufg_I_O)         0.091    11.689 r  clk_i_IBUF_BUFG_inst/O
                         net (fo=2698, unplaced)      0.439    12.128    u_core/u_lsu/clk_i_IBUF_BUFG
                         FDCE                                         r  u_core/u_lsu/mem_data_wr_q_reg[25]/C
                         clock pessimism              0.184    12.311    
                         clock uncertainty           -0.035    12.276    
                         FDCE (Setup_fdce_C_D)        0.044    12.320    u_core/u_lsu/mem_data_wr_q_reg[25]
  -------------------------------------------------------------------
                         required time                         12.320    
                         arrival time                         -17.591    
  -------------------------------------------------------------------
                         slack                                 -5.271    

Slack (VIOLATED) :        -5.271ns  (required time - arrival time)
  Source:                 u_tcm/u_ram/ram_reg_2_0/CLKBWRCLK
                            (rising edge-triggered cell RAMB36E1 clocked by clk_i  {rise@0.000ns fall@5.000ns period=10.000ns})
  Destination:            u_core/u_lsu/mem_data_wr_q_reg[26]/D
                            (rising edge-triggered cell FDCE clocked by clk_i  {rise@0.000ns fall@5.000ns period=10.000ns})
  Path Group:             clk_i
  Path Type:              Setup (Max at Slow Process Corner)
  Requirement:            10.000ns  (clk_i rise@10.000ns - clk_i rise@0.000ns)
  Data Path Delay:        15.135ns  (logic 5.339ns (35.277%)  route 9.796ns (64.723%))
  Logic Levels:           17  (CARRY4=1 LUT3=1 LUT5=2 LUT6=11 MUXF7=1 MUXF8=1)
  Clock Path Skew:        -0.145ns (DCD - SCD + CPR)
    Destination Clock Delay (DCD):    2.128ns = ( 12.128 - 10.000 ) 
    Source Clock Delay      (SCD):    2.456ns
    Clock Pessimism Removal (CPR):    0.184ns
  Clock Uncertainty:      0.035ns  ((TSJ^2 + TIJ^2)^1/2 + DJ) / 2 + PE
    Total System Jitter     (TSJ):    0.071ns
    Total Input Jitter      (TIJ):    0.000ns
    Discrete Jitter          (DJ):    0.000ns
    Phase Error              (PE):    0.000ns

    Location             Delay type                Incr(ns)  Path(ns)    Netlist Resource(s)
  -------------------------------------------------------------------    -------------------
                         (clock clk_i rise edge)      0.000     0.000 r  
                                                      0.000     0.000 r  clk_i (IN)
                         net (fo=0)                   0.000     0.000    clk_i
                         IBUF (Prop_ibuf_I_O)         0.972     0.972 r  clk_i_IBUF_inst/O
                         net (fo=1, unplaced)         0.800     1.771    clk_i_IBUF
                         BUFG (Prop_bufg_I_O)         0.101     1.872 r  clk_i_IBUF_BUFG_inst/O
                         net (fo=2698, unplaced)      0.584     2.456    u_tcm/u_ram/clk_i_IBUF_BUFG
                         RAMB36E1                                     r  u_tcm/u_ram/ram_reg_2_0/CLKBWRCLK
  -------------------------------------------------------------------    -------------------
                         RAMB36E1 (Prop_ramb36e1_CLKBWRCLK_DOBDO[0])
                                                      2.454     4.910 r  u_tcm/u_ram/ram_reg_2_0/DOBDO[0]
                         net (fo=4, unplaced)         0.800     5.710    u_core/u_fetch/ram_read0_q[16]
                         LUT3 (Prop_lut3_I1_O)        0.124     5.834 r  u_core/u_fetch/exception_e1_q[5]_i_20/O
                         net (fo=91, unplaced)        1.208     7.042    u_core/u_fetch/skid_buffer_q_reg[16]_0
                         LUT6 (Prop_lut6_I1_O)        0.124     7.166 r  u_core/u_fetch/take_interrupt_q_i_11/O
                         net (fo=2, unplaced)         1.122     8.288    u_core/u_fetch/take_interrupt_q_i_11_n_0
                         LUT6 (Prop_lut6_I1_O)        0.124     8.412 f  u_core/u_fetch/take_interrupt_q_i_5/O
                         net (fo=2, unplaced)         0.913     9.325    u_core/u_fetch/take_interrupt_q_i_5_n_0
                         LUT6 (Prop_lut6_I3_O)        0.124     9.449 f  u_core/u_fetch/rd_valid_e1_q_i_94/O
                         net (fo=48, unplaced)        0.530     9.979    u_core/u_issue/u_pipe_ctrl/rd_valid_e1_q_reg_i_35_0
                         LUT6 (Prop_lut6_I3_O)        0.124    10.103 f  u_core/u_issue/u_pipe_ctrl/rd_valid_e1_q_i_46/O
                         net (fo=1, unplaced)         0.000    10.103    u_core/u_issue/u_pipe_ctrl/rd_valid_e1_q_i_46_n_0
                         MUXF7 (Prop_muxf7_I1_O)      0.247    10.350 f  u_core/u_issue/u_pipe_ctrl/rd_valid_e1_q_reg_i_21/O
                         net (fo=1, unplaced)         0.000    10.350    u_core/u_issue/u_pipe_ctrl/rd_valid_e1_q_reg_i_21_n_0
                         MUXF8 (Prop_muxf8_I0_O)      0.098    10.448 f  u_core/u_issue/u_pipe_ctrl/rd_valid_e1_q_reg_i_9/O
                         net (fo=1, unplaced)         0.717    11.165    u_core/u_issue/u_pipe_ctrl/rd_valid_e1_q_reg_i_9_n_0
                         LUT6 (Prop_lut6_I0_O)        0.319    11.484 f  u_core/u_issue/u_pipe_ctrl/rd_valid_e1_q_i_6/O
                         net (fo=2, unplaced)         0.913    12.397    u_core/u_issue/u_pipe_ctrl/opcode_issue_r3
                         LUT6 (Prop_lut6_I2_O)        0.124    12.521 r  u_core/u_issue/u_pipe_ctrl/rd_valid_e1_q_i_3/O
                         net (fo=25, unplaced)        0.514    13.035    u_core/u_fetch/lsu_opcode_valid_w
                         LUT6 (Prop_lut6_I5_O)        0.124    13.159 r  u_core/u_fetch/mem_rd_q_i_4/O
                         net (fo=8, unplaced)         0.487    13.646    u_core/u_fetch/mem_rd_q_i_4_n_0
                         LUT6 (Prop_lut6_I5_O)        0.124    13.770 r  u_core/u_fetch/mem_load_q_i_2/O
                         net (fo=8, unplaced)         0.487    14.257    u_core/u_fetch/u_lsu/mem_addr_r1
                         LUT5 (Prop_lut5_I1_O)        0.124    14.381 r  u_core/u_fetch/mem_wr_q[3]_i_9/O
                         net (fo=1, unplaced)         0.000    14.381    u_core/u_fetch/mem_wr_q[3]_i_9_n_0
                         CARRY4 (Prop_carry4_S[0]_O[1])
                                                      0.427    14.808 r  u_core/u_fetch/mem_wr_q_reg[3]_i_3/O[1]
                         net (fo=11, unplaced)        0.657    15.465    u_core/u_fetch/O[1]
                         LUT6 (Prop_lut6_I0_O)        0.306    15.771 r  u_core/u_fetch/mem_rd_q_i_3/O
                         net (fo=7, unplaced)         0.484    16.255    u_core/u_fetch/mem_rd_q_i_3_n_0
                         LUT6 (Prop_lut6_I1_O)        0.124    16.379 f  u_core/u_fetch/mem_wr_q[3]_i_4/O
                         net (fo=5, unplaced)         0.477    16.856    u_core/u_fetch/u_lsu/mem_data_r112_out
                         LUT5 (Prop_lut5_I3_O)        0.124    16.980 r  u_core/u_fetch/mem_data_wr_q[31]_i_2/O
                         net (fo=8, unplaced)         0.487    17.467    u_core/u_issue/u_pipe_ctrl/mem_data_wr_q_reg[30]
                         LUT6 (Prop_lut6_I1_O)        0.124    17.591 r  u_core/u_issue/u_pipe_ctrl/mem_data_wr_q[26]_i_1/O
                         net (fo=1, unplaced)         0.000    17.591    u_core/u_lsu/mem_data_wr_q_reg[31]_0[26]
                         FDCE                                         r  u_core/u_lsu/mem_data_wr_q_reg[26]/D
  -------------------------------------------------------------------    -------------------

                         (clock clk_i rise edge)     10.000    10.000 r  
                                                      0.000    10.000 r  clk_i (IN)
                         net (fo=0)                   0.000    10.000    clk_i
                         IBUF (Prop_ibuf_I_O)         0.838    10.838 r  clk_i_IBUF_inst/O
                         net (fo=1, unplaced)         0.760    11.598    clk_i_IBUF
                         BUFG (Prop_bufg_I_O)         0.091    11.689 r  clk_i_IBUF_BUFG_inst/O
                         net (fo=2698, unplaced)      0.439    12.128    u_core/u_lsu/clk_i_IBUF_BUFG
                         FDCE                                         r  u_core/u_lsu/mem_data_wr_q_reg[26]/C
                         clock pessimism              0.184    12.311    
                         clock uncertainty           -0.035    12.276    
                         FDCE (Setup_fdce_C_D)        0.044    12.320    u_core/u_lsu/mem_data_wr_q_reg[26]
  -------------------------------------------------------------------
                         required time                         12.320    
                         arrival time                         -17.591    
  -------------------------------------------------------------------
                         slack                                 -5.271    





Min Delay Paths
--------------------------------------------------------------------------------------
Slack (MET) :             0.137ns  (arrival time - required time)
  Source:                 u_core/u_csr/u_csrfile/csr_sr_q_reg[10]/C
                            (rising edge-triggered cell FDCE clocked by clk_i  {rise@0.000ns fall@5.000ns period=10.000ns})
  Destination:            u_core/u_csr/u_csrfile/csr_sr_q_reg[10]/D
                            (rising edge-triggered cell FDCE clocked by clk_i  {rise@0.000ns fall@5.000ns period=10.000ns})
  Path Group:             clk_i
  Path Type:              Hold (Min at Fast Process Corner)
  Requirement:            0.000ns  (clk_i rise@0.000ns - clk_i rise@0.000ns)
  Data Path Delay:        0.381ns  (logic 0.245ns (64.350%)  route 0.136ns (35.650%))
  Logic Levels:           1  (LUT4=1)
  Clock Path Skew:        0.145ns (DCD - SCD - CPR)
    Destination Clock Delay (DCD):    1.032ns
    Source Clock Delay      (SCD):    0.678ns
    Clock Pessimism Removal (CPR):    0.210ns

    Location             Delay type                Incr(ns)  Path(ns)    Netlist Resource(s)
  -------------------------------------------------------------------    -------------------
                         (clock clk_i rise edge)      0.000     0.000 r  
                                                      0.000     0.000 r  clk_i (IN)
                         net (fo=0)                   0.000     0.000    clk_i
                         IBUF (Prop_ibuf_I_O)         0.200     0.200 r  clk_i_IBUF_inst/O
                         net (fo=1, unplaced)         0.337     0.538    clk_i_IBUF
                         BUFG (Prop_bufg_I_O)         0.026     0.564 r  clk_i_IBUF_BUFG_inst/O
                         net (fo=2698, unplaced)      0.114     0.678    u_core/u_csr/u_csrfile/clk_i_IBUF_BUFG
                         FDCE                                         r  u_core/u_csr/u_csrfile/csr_sr_q_reg[10]/C
  -------------------------------------------------------------------    -------------------
                         FDCE (Prop_fdce_C_Q)         0.147     0.825 r  u_core/u_csr/u_csrfile/csr_sr_q_reg[10]/Q
                         net (fo=2, unplaced)         0.136     0.960    u_core/u_issue/u_pipe_ctrl/status_reg_w[8]
                         LUT4 (Prop_lut4_I3_O)        0.098     1.058 r  u_core/u_issue/u_pipe_ctrl/csr_sr_q[10]_i_1/O
                         net (fo=1, unplaced)         0.000     1.058    u_core/u_csr/u_csrfile/csr_sr_q_reg[10]_0
                         FDCE                                         r  u_core/u_csr/u_csrfile/csr_sr_q_reg[10]/D
  -------------------------------------------------------------------    -------------------

                         (clock clk_i rise edge)      0.000     0.000 r  
                                                      0.000     0.000 r  clk_i (IN)
                         net (fo=0)                   0.000     0.000    clk_i
                         IBUF (Prop_ibuf_I_O)         0.389     0.389 r  clk_i_IBUF_inst/O
                         net (fo=1, unplaced)         0.355     0.744    clk_i_IBUF
                         BUFG (Prop_bufg_I_O)         0.029     0.773 r  clk_i_IBUF_BUFG_inst/O
                         net (fo=2698, unplaced)      0.259     1.032    u_core/u_csr/u_csrfile/clk_i_IBUF_BUFG
                         FDCE                                         r  u_core/u_csr/u_csrfile/csr_sr_q_reg[10]/C
                         clock pessimism             -0.210     0.823    
                         FDCE (Hold_fdce_C_D)         0.099     0.922    u_core/u_csr/u_csrfile/csr_sr_q_reg[10]
  -------------------------------------------------------------------
                         required time                         -0.922    
                         arrival time                           1.058    
  -------------------------------------------------------------------
                         slack                                  0.137    

Slack (MET) :             0.137ns  (arrival time - required time)
  Source:                 u_core/u_csr/u_csrfile/csr_sr_q_reg[13]/C
                            (rising edge-triggered cell FDCE clocked by clk_i  {rise@0.000ns fall@5.000ns period=10.000ns})
  Destination:            u_core/u_csr/u_csrfile/csr_sr_q_reg[13]/D
                            (rising edge-triggered cell FDCE clocked by clk_i  {rise@0.000ns fall@5.000ns period=10.000ns})
  Path Group:             clk_i
  Path Type:              Hold (Min at Fast Process Corner)
  Requirement:            0.000ns  (clk_i rise@0.000ns - clk_i rise@0.000ns)
  Data Path Delay:        0.381ns  (logic 0.245ns (64.350%)  route 0.136ns (35.650%))
  Logic Levels:           1  (LUT4=1)
  Clock Path Skew:        0.145ns (DCD - SCD - CPR)
    Destination Clock Delay (DCD):    1.032ns
    Source Clock Delay      (SCD):    0.678ns
    Clock Pessimism Removal (CPR):    0.210ns

    Location             Delay type                Incr(ns)  Path(ns)    Netlist Resource(s)
  -------------------------------------------------------------------    -------------------
                         (clock clk_i rise edge)      0.000     0.000 r  
                                                      0.000     0.000 r  clk_i (IN)
                         net (fo=0)                   0.000     0.000    clk_i
                         IBUF (Prop_ibuf_I_O)         0.200     0.200 r  clk_i_IBUF_inst/O
                         net (fo=1, unplaced)         0.337     0.538    clk_i_IBUF
                         BUFG (Prop_bufg_I_O)         0.026     0.564 r  clk_i_IBUF_BUFG_inst/O
                         net (fo=2698, unplaced)      0.114     0.678    u_core/u_csr/u_csrfile/clk_i_IBUF_BUFG
                         FDCE                                         r  u_core/u_csr/u_csrfile/csr_sr_q_reg[13]/C
  -------------------------------------------------------------------    -------------------
                         FDCE (Prop_fdce_C_Q)         0.147     0.825 r  u_core/u_csr/u_csrfile/csr_sr_q_reg[13]/Q
                         net (fo=2, unplaced)         0.136     0.960    u_core/u_issue/u_pipe_ctrl/status_reg_w[11]
                         LUT4 (Prop_lut4_I3_O)        0.098     1.058 r  u_core/u_issue/u_pipe_ctrl/csr_sr_q[13]_i_1/O
                         net (fo=1, unplaced)         0.000     1.058    u_core/u_csr/u_csrfile/csr_sr_q_reg[13]_0
                         FDCE                                         r  u_core/u_csr/u_csrfile/csr_sr_q_reg[13]/D
  -------------------------------------------------------------------    -------------------

                         (clock clk_i rise edge)      0.000     0.000 r  
                                                      0.000     0.000 r  clk_i (IN)
                         net (fo=0)                   0.000     0.000    clk_i
                         IBUF (Prop_ibuf_I_O)         0.389     0.389 r  clk_i_IBUF_inst/O
                         net (fo=1, unplaced)         0.355     0.744    clk_i_IBUF
                         BUFG (Prop_bufg_I_O)         0.029     0.773 r  clk_i_IBUF_BUFG_inst/O
                         net (fo=2698, unplaced)      0.259     1.032    u_core/u_csr/u_csrfile/clk_i_IBUF_BUFG
                         FDCE                                         r  u_core/u_csr/u_csrfile/csr_sr_q_reg[13]/C
                         clock pessimism             -0.210     0.823    
                         FDCE (Hold_fdce_C_D)         0.099     0.922    u_core/u_csr/u_csrfile/csr_sr_q_reg[13]
  -------------------------------------------------------------------
                         required time                         -0.922    
                         arrival time                           1.058    
  -------------------------------------------------------------------
                         slack                                  0.137    

Slack (MET) :             0.137ns  (arrival time - required time)
  Source:                 u_core/u_csr/u_csrfile/csr_sr_q_reg[14]/C
                            (rising edge-triggered cell FDCE clocked by clk_i  {rise@0.000ns fall@5.000ns period=10.000ns})
  Destination:            u_core/u_csr/u_csrfile/csr_sr_q_reg[14]/D
                            (rising edge-triggered cell FDCE clocked by clk_i  {rise@0.000ns fall@5.000ns period=10.000ns})
  Path Group:             clk_i
  Path Type:              Hold (Min at Fast Process Corner)
  Requirement:            0.000ns  (clk_i rise@0.000ns - clk_i rise@0.000ns)
  Data Path Delay:        0.381ns  (logic 0.245ns (64.350%)  route 0.136ns (35.650%))
  Logic Levels:           1  (LUT4=1)
  Clock Path Skew:        0.145ns (DCD - SCD - CPR)
    Destination Clock Delay (DCD):    1.032ns
    Source Clock Delay      (SCD):    0.678ns
    Clock Pessimism Removal (CPR):    0.210ns

    Location             Delay type                Incr(ns)  Path(ns)    Netlist Resource(s)
  -------------------------------------------------------------------    -------------------
                         (clock clk_i rise edge)      0.000     0.000 r  
                                                      0.000     0.000 r  clk_i (IN)
                         net (fo=0)                   0.000     0.000    clk_i
                         IBUF (Prop_ibuf_I_O)         0.200     0.200 r  clk_i_IBUF_inst/O
                         net (fo=1, unplaced)         0.337     0.538    clk_i_IBUF
                         BUFG (Prop_bufg_I_O)         0.026     0.564 r  clk_i_IBUF_BUFG_inst/O
                         net (fo=2698, unplaced)      0.114     0.678    u_core/u_csr/u_csrfile/clk_i_IBUF_BUFG
                         FDCE                                         r  u_core/u_csr/u_csrfile/csr_sr_q_reg[14]/C
  -------------------------------------------------------------------    -------------------
                         FDCE (Prop_fdce_C_Q)         0.147     0.825 r  u_core/u_csr/u_csrfile/csr_sr_q_reg[14]/Q
                         net (fo=2, unplaced)         0.136     0.960    u_core/u_issue/u_pipe_ctrl/status_reg_w[12]
                         LUT4 (Prop_lut4_I3_O)        0.098     1.058 r  u_core/u_issue/u_pipe_ctrl/csr_sr_q[14]_i_1/O
                         net (fo=1, unplaced)         0.000     1.058    u_core/u_csr/u_csrfile/csr_sr_q_reg[14]_0
                         FDCE                                         r  u_core/u_csr/u_csrfile/csr_sr_q_reg[14]/D
  -------------------------------------------------------------------    -------------------

                         (clock clk_i rise edge)      0.000     0.000 r  
                                                      0.000     0.000 r  clk_i (IN)
                         net (fo=0)                   0.000     0.000    clk_i
                         IBUF (Prop_ibuf_I_O)         0.389     0.389 r  clk_i_IBUF_inst/O
                         net (fo=1, unplaced)         0.355     0.744    clk_i_IBUF
                         BUFG (Prop_bufg_I_O)         0.029     0.773 r  clk_i_IBUF_BUFG_inst/O
                         net (fo=2698, unplaced)      0.259     1.032    u_core/u_csr/u_csrfile/clk_i_IBUF_BUFG
                         FDCE                                         r  u_core/u_csr/u_csrfile/csr_sr_q_reg[14]/C
                         clock pessimism             -0.210     0.823    
                         FDCE (Hold_fdce_C_D)         0.099     0.922    u_core/u_csr/u_csrfile/csr_sr_q_reg[14]
  -------------------------------------------------------------------
                         required time                         -0.922    
                         arrival time                           1.058    
  -------------------------------------------------------------------
                         slack                                  0.137    

Slack (MET) :             0.137ns  (arrival time - required time)
  Source:                 u_core/u_csr/u_csrfile/csr_sr_q_reg[15]/C
                            (rising edge-triggered cell FDCE clocked by clk_i  {rise@0.000ns fall@5.000ns period=10.000ns})
  Destination:            u_core/u_csr/u_csrfile/csr_sr_q_reg[15]/D
                            (rising edge-triggered cell FDCE clocked by clk_i  {rise@0.000ns fall@5.000ns period=10.000ns})
  Path Group:             clk_i
  Path Type:              Hold (Min at Fast Process Corner)
  Requirement:            0.000ns  (clk_i rise@0.000ns - clk_i rise@0.000ns)
  Data Path Delay:        0.381ns  (logic 0.245ns (64.350%)  route 0.136ns (35.650%))
  Logic Levels:           1  (LUT4=1)
  Clock Path Skew:        0.145ns (DCD - SCD - CPR)
    Destination Clock Delay (DCD):    1.032ns
    Source Clock Delay      (SCD):    0.678ns
    Clock Pessimism Removal (CPR):    0.210ns

    Location             Delay type                Incr(ns)  Path(ns)    Netlist Resource(s)
  -------------------------------------------------------------------    -------------------
                         (clock clk_i rise edge)      0.000     0.000 r  
                                                      0.000     0.000 r  clk_i (IN)
                         net (fo=0)                   0.000     0.000    clk_i
                         IBUF (Prop_ibuf_I_O)         0.200     0.200 r  clk_i_IBUF_inst/O
                         net (fo=1, unplaced)         0.337     0.538    clk_i_IBUF
                         BUFG (Prop_bufg_I_O)         0.026     0.564 r  clk_i_IBUF_BUFG_inst/O
                         net (fo=2698, unplaced)      0.114     0.678    u_core/u_csr/u_csrfile/clk_i_IBUF_BUFG
                         FDCE                                         r  u_core/u_csr/u_csrfile/csr_sr_q_reg[15]/C
  -------------------------------------------------------------------    -------------------
                         FDCE (Prop_fdce_C_Q)         0.147     0.825 r  u_core/u_csr/u_csrfile/csr_sr_q_reg[15]/Q
                         net (fo=2, unplaced)         0.136     0.960    u_core/u_issue/u_pipe_ctrl/status_reg_w[13]
                         LUT4 (Prop_lut4_I3_O)        0.098     1.058 r  u_core/u_issue/u_pipe_ctrl/csr_sr_q[15]_i_1/O
                         net (fo=1, unplaced)         0.000     1.058    u_core/u_csr/u_csrfile/csr_sr_q_reg[15]_0
                         FDCE                                         r  u_core/u_csr/u_csrfile/csr_sr_q_reg[15]/D
  -------------------------------------------------------------------    -------------------

                         (clock clk_i rise edge)      0.000     0.000 r  
                                                      0.000     0.000 r  clk_i (IN)
                         net (fo=0)                   0.000     0.000    clk_i
                         IBUF (Prop_ibuf_I_O)         0.389     0.389 r  clk_i_IBUF_inst/O
                         net (fo=1, unplaced)         0.355     0.744    clk_i_IBUF
                         BUFG (Prop_bufg_I_O)         0.029     0.773 r  clk_i_IBUF_BUFG_inst/O
                         net (fo=2698, unplaced)      0.259     1.032    u_core/u_csr/u_csrfile/clk_i_IBUF_BUFG
                         FDCE                                         r  u_core/u_csr/u_csrfile/csr_sr_q_reg[15]/C
                         clock pessimism             -0.210     0.823    
                         FDCE (Hold_fdce_C_D)         0.099     0.922    u_core/u_csr/u_csrfile/csr_sr_q_reg[15]
  -------------------------------------------------------------------
                         required time                         -0.922    
                         arrival time                           1.058    
  -------------------------------------------------------------------
                         slack                                  0.137    

Slack (MET) :             0.137ns  (arrival time - required time)
  Source:                 u_core/u_csr/u_csrfile/csr_sr_q_reg[16]/C
                            (rising edge-triggered cell FDCE clocked by clk_i  {rise@0.000ns fall@5.000ns period=10.000ns})
  Destination:            u_core/u_csr/u_csrfile/csr_sr_q_reg[16]/D
                            (rising edge-triggered cell FDCE clocked by clk_i  {rise@0.000ns fall@5.000ns period=10.000ns})
  Path Group:             clk_i
  Path Type:              Hold (Min at Fast Process Corner)
  Requirement:            0.000ns  (clk_i rise@0.000ns - clk_i rise@0.000ns)
  Data Path Delay:        0.381ns  (logic 0.245ns (64.350%)  route 0.136ns (35.650%))
  Logic Levels:           1  (LUT4=1)
  Clock Path Skew:        0.145ns (DCD - SCD - CPR)
    Destination Clock Delay (DCD):    1.032ns
    Source Clock Delay      (SCD):    0.678ns
    Clock Pessimism Removal (CPR):    0.210ns

    Location             Delay type                Incr(ns)  Path(ns)    Netlist Resource(s)
  -------------------------------------------------------------------    -------------------
                         (clock clk_i rise edge)      0.000     0.000 r  
                                                      0.000     0.000 r  clk_i (IN)
                         net (fo=0)                   0.000     0.000    clk_i
                         IBUF (Prop_ibuf_I_O)         0.200     0.200 r  clk_i_IBUF_inst/O
                         net (fo=1, unplaced)         0.337     0.538    clk_i_IBUF
                         BUFG (Prop_bufg_I_O)         0.026     0.564 r  clk_i_IBUF_BUFG_inst/O
                         net (fo=2698, unplaced)      0.114     0.678    u_core/u_csr/u_csrfile/clk_i_IBUF_BUFG
                         FDCE                                         r  u_core/u_csr/u_csrfile/csr_sr_q_reg[16]/C
  -------------------------------------------------------------------    -------------------
                         FDCE (Prop_fdce_C_Q)         0.147     0.825 r  u_core/u_csr/u_csrfile/csr_sr_q_reg[16]/Q
                         net (fo=2, unplaced)         0.136     0.960    u_core/u_issue/u_pipe_ctrl/status_reg_w[14]
                         LUT4 (Prop_lut4_I3_O)        0.098     1.058 r  u_core/u_issue/u_pipe_ctrl/csr_sr_q[16]_i_1/O
                         net (fo=1, unplaced)         0.000     1.058    u_core/u_csr/u_csrfile/csr_sr_q_reg[16]_0
                         FDCE                                         r  u_core/u_csr/u_csrfile/csr_sr_q_reg[16]/D
  -------------------------------------------------------------------    -------------------

                         (clock clk_i rise edge)      0.000     0.000 r  
                                                      0.000     0.000 r  clk_i (IN)
                         net (fo=0)                   0.000     0.000    clk_i
                         IBUF (Prop_ibuf_I_O)         0.389     0.389 r  clk_i_IBUF_inst/O
                         net (fo=1, unplaced)         0.355     0.744    clk_i_IBUF
                         BUFG (Prop_bufg_I_O)         0.029     0.773 r  clk_i_IBUF_BUFG_inst/O
                         net (fo=2698, unplaced)      0.259     1.032    u_core/u_csr/u_csrfile/clk_i_IBUF_BUFG
                         FDCE                                         r  u_core/u_csr/u_csrfile/csr_sr_q_reg[16]/C
                         clock pessimism             -0.210     0.823    
                         FDCE (Hold_fdce_C_D)         0.099     0.922    u_core/u_csr/u_csrfile/csr_sr_q_reg[16]
  -------------------------------------------------------------------
                         required time                         -0.922    
                         arrival time                           1.058    
  -------------------------------------------------------------------
                         slack                                  0.137    

Slack (MET) :             0.137ns  (arrival time - required time)
  Source:                 u_core/u_csr/u_csrfile/csr_sr_q_reg[17]/C
                            (rising edge-triggered cell FDCE clocked by clk_i  {rise@0.000ns fall@5.000ns period=10.000ns})
  Destination:            u_core/u_csr/u_csrfile/csr_sr_q_reg[17]/D
                            (rising edge-triggered cell FDCE clocked by clk_i  {rise@0.000ns fall@5.000ns period=10.000ns})
  Path Group:             clk_i
  Path Type:              Hold (Min at Fast Process Corner)
  Requirement:            0.000ns  (clk_i rise@0.000ns - clk_i rise@0.000ns)
  Data Path Delay:        0.381ns  (logic 0.245ns (64.350%)  route 0.136ns (35.650%))
  Logic Levels:           1  (LUT4=1)
  Clock Path Skew:        0.145ns (DCD - SCD - CPR)
    Destination Clock Delay (DCD):    1.032ns
    Source Clock Delay      (SCD):    0.678ns
    Clock Pessimism Removal (CPR):    0.210ns

    Location             Delay type                Incr(ns)  Path(ns)    Netlist Resource(s)
  -------------------------------------------------------------------    -------------------
                         (clock clk_i rise edge)      0.000     0.000 r  
                                                      0.000     0.000 r  clk_i (IN)
                         net (fo=0)                   0.000     0.000    clk_i
                         IBUF (Prop_ibuf_I_O)         0.200     0.200 r  clk_i_IBUF_inst/O
                         net (fo=1, unplaced)         0.337     0.538    clk_i_IBUF
                         BUFG (Prop_bufg_I_O)         0.026     0.564 r  clk_i_IBUF_BUFG_inst/O
                         net (fo=2698, unplaced)      0.114     0.678    u_core/u_csr/u_csrfile/clk_i_IBUF_BUFG
                         FDCE                                         r  u_core/u_csr/u_csrfile/csr_sr_q_reg[17]/C
  -------------------------------------------------------------------    -------------------
                         FDCE (Prop_fdce_C_Q)         0.147     0.825 r  u_core/u_csr/u_csrfile/csr_sr_q_reg[17]/Q
                         net (fo=2, unplaced)         0.136     0.960    u_core/u_issue/u_pipe_ctrl/status_reg_w[15]
                         LUT4 (Prop_lut4_I3_O)        0.098     1.058 r  u_core/u_issue/u_pipe_ctrl/csr_sr_q[17]_i_1/O
                         net (fo=1, unplaced)         0.000     1.058    u_core/u_csr/u_csrfile/csr_sr_q_reg[17]_0
                         FDCE                                         r  u_core/u_csr/u_csrfile/csr_sr_q_reg[17]/D
  -------------------------------------------------------------------    -------------------

                         (clock clk_i rise edge)      0.000     0.000 r  
                                                      0.000     0.000 r  clk_i (IN)
                         net (fo=0)                   0.000     0.000    clk_i
                         IBUF (Prop_ibuf_I_O)         0.389     0.389 r  clk_i_IBUF_inst/O
                         net (fo=1, unplaced)         0.355     0.744    clk_i_IBUF
                         BUFG (Prop_bufg_I_O)         0.029     0.773 r  clk_i_IBUF_BUFG_inst/O
                         net (fo=2698, unplaced)      0.259     1.032    u_core/u_csr/u_csrfile/clk_i_IBUF_BUFG
                         FDCE                                         r  u_core/u_csr/u_csrfile/csr_sr_q_reg[17]/C
                         clock pessimism             -0.210     0.823    
                         FDCE (Hold_fdce_C_D)         0.099     0.922    u_core/u_csr/u_csrfile/csr_sr_q_reg[17]
  -------------------------------------------------------------------
                         required time                         -0.922    
                         arrival time                           1.058    
  -------------------------------------------------------------------
                         slack                                  0.137    

Slack (MET) :             0.137ns  (arrival time - required time)
  Source:                 u_core/u_csr/u_csrfile/csr_sr_q_reg[19]/C
                            (rising edge-triggered cell FDCE clocked by clk_i  {rise@0.000ns fall@5.000ns period=10.000ns})
  Destination:            u_core/u_csr/u_csrfile/csr_sr_q_reg[19]/D
                            (rising edge-triggered cell FDCE clocked by clk_i  {rise@0.000ns fall@5.000ns period=10.000ns})
  Path Group:             clk_i
  Path Type:              Hold (Min at Fast Process Corner)
  Requirement:            0.000ns  (clk_i rise@0.000ns - clk_i rise@0.000ns)
  Data Path Delay:        0.381ns  (logic 0.245ns (64.350%)  route 0.136ns (35.650%))
  Logic Levels:           1  (LUT4=1)
  Clock Path Skew:        0.145ns (DCD - SCD - CPR)
    Destination Clock Delay (DCD):    1.032ns
    Source Clock Delay      (SCD):    0.678ns
    Clock Pessimism Removal (CPR):    0.210ns

    Location             Delay type                Incr(ns)  Path(ns)    Netlist Resource(s)
  -------------------------------------------------------------------    -------------------
                         (clock clk_i rise edge)      0.000     0.000 r  
                                                      0.000     0.000 r  clk_i (IN)
                         net (fo=0)                   0.000     0.000    clk_i
                         IBUF (Prop_ibuf_I_O)         0.200     0.200 r  clk_i_IBUF_inst/O
                         net (fo=1, unplaced)         0.337     0.538    clk_i_IBUF
                         BUFG (Prop_bufg_I_O)         0.026     0.564 r  clk_i_IBUF_BUFG_inst/O
                         net (fo=2698, unplaced)      0.114     0.678    u_core/u_csr/u_csrfile/clk_i_IBUF_BUFG
                         FDCE                                         r  u_core/u_csr/u_csrfile/csr_sr_q_reg[19]/C
  -------------------------------------------------------------------    -------------------
                         FDCE (Prop_fdce_C_Q)         0.147     0.825 r  u_core/u_csr/u_csrfile/csr_sr_q_reg[19]/Q
                         net (fo=2, unplaced)         0.136     0.960    u_core/u_issue/u_pipe_ctrl/csr_sr_q_reg[19]
                         LUT4 (Prop_lut4_I3_O)        0.098     1.058 r  u_core/u_issue/u_pipe_ctrl/csr_sr_q[19]_i_1/O
                         net (fo=1, unplaced)         0.000     1.058    u_core/u_csr/u_csrfile/csr_sr_q_reg[19]_1
                         FDCE                                         r  u_core/u_csr/u_csrfile/csr_sr_q_reg[19]/D
  -------------------------------------------------------------------    -------------------

                         (clock clk_i rise edge)      0.000     0.000 r  
                                                      0.000     0.000 r  clk_i (IN)
                         net (fo=0)                   0.000     0.000    clk_i
                         IBUF (Prop_ibuf_I_O)         0.389     0.389 r  clk_i_IBUF_inst/O
                         net (fo=1, unplaced)         0.355     0.744    clk_i_IBUF
                         BUFG (Prop_bufg_I_O)         0.029     0.773 r  clk_i_IBUF_BUFG_inst/O
                         net (fo=2698, unplaced)      0.259     1.032    u_core/u_csr/u_csrfile/clk_i_IBUF_BUFG
                         FDCE                                         r  u_core/u_csr/u_csrfile/csr_sr_q_reg[19]/C
                         clock pessimism             -0.210     0.823    
                         FDCE (Hold_fdce_C_D)         0.099     0.922    u_core/u_csr/u_csrfile/csr_sr_q_reg[19]
  -------------------------------------------------------------------
                         required time                         -0.922    
                         arrival time                           1.058    
  -------------------------------------------------------------------
                         slack                                  0.137    

Slack (MET) :             0.137ns  (arrival time - required time)
  Source:                 u_core/u_csr/u_csrfile/csr_sr_q_reg[20]/C
                            (rising edge-triggered cell FDCE clocked by clk_i  {rise@0.000ns fall@5.000ns period=10.000ns})
  Destination:            u_core/u_csr/u_csrfile/csr_sr_q_reg[20]/D
                            (rising edge-triggered cell FDCE clocked by clk_i  {rise@0.000ns fall@5.000ns period=10.000ns})
  Path Group:             clk_i
  Path Type:              Hold (Min at Fast Process Corner)
  Requirement:            0.000ns  (clk_i rise@0.000ns - clk_i rise@0.000ns)
  Data Path Delay:        0.381ns  (logic 0.245ns (64.350%)  route 0.136ns (35.650%))
  Logic Levels:           1  (LUT4=1)
  Clock Path Skew:        0.145ns (DCD - SCD - CPR)
    Destination Clock Delay (DCD):    1.032ns
    Source Clock Delay      (SCD):    0.678ns
    Clock Pessimism Removal (CPR):    0.210ns

    Location             Delay type                Incr(ns)  Path(ns)    Netlist Resource(s)
  -------------------------------------------------------------------    -------------------
                         (clock clk_i rise edge)      0.000     0.000 r  
                                                      0.000     0.000 r  clk_i (IN)
                         net (fo=0)                   0.000     0.000    clk_i
                         IBUF (Prop_ibuf_I_O)         0.200     0.200 r  clk_i_IBUF_inst/O
                         net (fo=1, unplaced)         0.337     0.538    clk_i_IBUF
                         BUFG (Prop_bufg_I_O)         0.026     0.564 r  clk_i_IBUF_BUFG_inst/O
                         net (fo=2698, unplaced)      0.114     0.678    u_core/u_csr/u_csrfile/clk_i_IBUF_BUFG
                         FDCE                                         r  u_core/u_csr/u_csrfile/csr_sr_q_reg[20]/C
  -------------------------------------------------------------------    -------------------
                         FDCE (Prop_fdce_C_Q)         0.147     0.825 r  u_core/u_csr/u_csrfile/csr_sr_q_reg[20]/Q
                         net (fo=2, unplaced)         0.136     0.960    u_core/u_issue/u_pipe_ctrl/csr_sr_q_reg[20]
                         LUT4 (Prop_lut4_I3_O)        0.098     1.058 r  u_core/u_issue/u_pipe_ctrl/csr_sr_q[20]_i_1/O
                         net (fo=1, unplaced)         0.000     1.058    u_core/u_csr/u_csrfile/csr_sr_q_reg[20]_1
                         FDCE                                         r  u_core/u_csr/u_csrfile/csr_sr_q_reg[20]/D
  -------------------------------------------------------------------    -------------------

                         (clock clk_i rise edge)      0.000     0.000 r  
                                                      0.000     0.000 r  clk_i (IN)
                         net (fo=0)                   0.000     0.000    clk_i
                         IBUF (Prop_ibuf_I_O)         0.389     0.389 r  clk_i_IBUF_inst/O
                         net (fo=1, unplaced)         0.355     0.744    clk_i_IBUF
                         BUFG (Prop_bufg_I_O)         0.029     0.773 r  clk_i_IBUF_BUFG_inst/O
                         net (fo=2698, unplaced)      0.259     1.032    u_core/u_csr/u_csrfile/clk_i_IBUF_BUFG
                         FDCE                                         r  u_core/u_csr/u_csrfile/csr_sr_q_reg[20]/C
                         clock pessimism             -0.210     0.823    
                         FDCE (Hold_fdce_C_D)         0.099     0.922    u_core/u_csr/u_csrfile/csr_sr_q_reg[20]
  -------------------------------------------------------------------
                         required time                         -0.922    
                         arrival time                           1.058    
  -------------------------------------------------------------------
                         slack                                  0.137    

Slack (MET) :             0.137ns  (arrival time - required time)
  Source:                 u_core/u_csr/u_csrfile/csr_sr_q_reg[21]/C
                            (rising edge-triggered cell FDCE clocked by clk_i  {rise@0.000ns fall@5.000ns period=10.000ns})
  Destination:            u_core/u_csr/u_csrfile/csr_sr_q_reg[21]/D
                            (rising edge-triggered cell FDCE clocked by clk_i  {rise@0.000ns fall@5.000ns period=10.000ns})
  Path Group:             clk_i
  Path Type:              Hold (Min at Fast Process Corner)
  Requirement:            0.000ns  (clk_i rise@0.000ns - clk_i rise@0.000ns)
  Data Path Delay:        0.381ns  (logic 0.245ns (64.350%)  route 0.136ns (35.650%))
  Logic Levels:           1  (LUT4=1)
  Clock Path Skew:        0.145ns (DCD - SCD - CPR)
    Destination Clock Delay (DCD):    1.032ns
    Source Clock Delay      (SCD):    0.678ns
    Clock Pessimism Removal (CPR):    0.210ns

    Location             Delay type                Incr(ns)  Path(ns)    Netlist Resource(s)
  -------------------------------------------------------------------    -------------------
                         (clock clk_i rise edge)      0.000     0.000 r  
                                                      0.000     0.000 r  clk_i (IN)
                         net (fo=0)                   0.000     0.000    clk_i
                         IBUF (Prop_ibuf_I_O)         0.200     0.200 r  clk_i_IBUF_inst/O
                         net (fo=1, unplaced)         0.337     0.538    clk_i_IBUF
                         BUFG (Prop_bufg_I_O)         0.026     0.564 r  clk_i_IBUF_BUFG_inst/O
                         net (fo=2698, unplaced)      0.114     0.678    u_core/u_csr/u_csrfile/clk_i_IBUF_BUFG
                         FDCE                                         r  u_core/u_csr/u_csrfile/csr_sr_q_reg[21]/C
  -------------------------------------------------------------------    -------------------
                         FDCE (Prop_fdce_C_Q)         0.147     0.825 r  u_core/u_csr/u_csrfile/csr_sr_q_reg[21]/Q
                         net (fo=2, unplaced)         0.136     0.960    u_core/u_issue/u_pipe_ctrl/csr_sr_q_reg[21]
                         LUT4 (Prop_lut4_I3_O)        0.098     1.058 r  u_core/u_issue/u_pipe_ctrl/csr_sr_q[21]_i_1/O
                         net (fo=1, unplaced)         0.000     1.058    u_core/u_csr/u_csrfile/csr_sr_q_reg[21]_1
                         FDCE                                         r  u_core/u_csr/u_csrfile/csr_sr_q_reg[21]/D
  -------------------------------------------------------------------    -------------------

                         (clock clk_i rise edge)      0.000     0.000 r  
                                                      0.000     0.000 r  clk_i (IN)
                         net (fo=0)                   0.000     0.000    clk_i
                         IBUF (Prop_ibuf_I_O)         0.389     0.389 r  clk_i_IBUF_inst/O
                         net (fo=1, unplaced)         0.355     0.744    clk_i_IBUF
                         BUFG (Prop_bufg_I_O)         0.029     0.773 r  clk_i_IBUF_BUFG_inst/O
                         net (fo=2698, unplaced)      0.259     1.032    u_core/u_csr/u_csrfile/clk_i_IBUF_BUFG
                         FDCE                                         r  u_core/u_csr/u_csrfile/csr_sr_q_reg[21]/C
                         clock pessimism             -0.210     0.823    
                         FDCE (Hold_fdce_C_D)         0.099     0.922    u_core/u_csr/u_csrfile/csr_sr_q_reg[21]
  -------------------------------------------------------------------
                         required time                         -0.922    
                         arrival time                           1.058    
  -------------------------------------------------------------------
                         slack                                  0.137    

Slack (MET) :             0.137ns  (arrival time - required time)
  Source:                 u_core/u_csr/u_csrfile/csr_sr_q_reg[22]/C
                            (rising edge-triggered cell FDCE clocked by clk_i  {rise@0.000ns fall@5.000ns period=10.000ns})
  Destination:            u_core/u_csr/u_csrfile/csr_sr_q_reg[22]/D
                            (rising edge-triggered cell FDCE clocked by clk_i  {rise@0.000ns fall@5.000ns period=10.000ns})
  Path Group:             clk_i
  Path Type:              Hold (Min at Fast Process Corner)
  Requirement:            0.000ns  (clk_i rise@0.000ns - clk_i rise@0.000ns)
  Data Path Delay:        0.381ns  (logic 0.245ns (64.350%)  route 0.136ns (35.650%))
  Logic Levels:           1  (LUT4=1)
  Clock Path Skew:        0.145ns (DCD - SCD - CPR)
    Destination Clock Delay (DCD):    1.032ns
    Source Clock Delay      (SCD):    0.678ns
    Clock Pessimism Removal (CPR):    0.210ns

    Location             Delay type                Incr(ns)  Path(ns)    Netlist Resource(s)
  -------------------------------------------------------------------    -------------------
                         (clock clk_i rise edge)      0.000     0.000 r  
                                                      0.000     0.000 r  clk_i (IN)
                         net (fo=0)                   0.000     0.000    clk_i
                         IBUF (Prop_ibuf_I_O)         0.200     0.200 r  clk_i_IBUF_inst/O
                         net (fo=1, unplaced)         0.337     0.538    clk_i_IBUF
                         BUFG (Prop_bufg_I_O)         0.026     0.564 r  clk_i_IBUF_BUFG_inst/O
                         net (fo=2698, unplaced)      0.114     0.678    u_core/u_csr/u_csrfile/clk_i_IBUF_BUFG
                         FDCE                                         r  u_core/u_csr/u_csrfile/csr_sr_q_reg[22]/C
  -------------------------------------------------------------------    -------------------
                         FDCE (Prop_fdce_C_Q)         0.147     0.825 r  u_core/u_csr/u_csrfile/csr_sr_q_reg[22]/Q
                         net (fo=2, unplaced)         0.136     0.960    u_core/u_issue/u_pipe_ctrl/csr_sr_q_reg[22]
                         LUT4 (Prop_lut4_I3_O)        0.098     1.058 r  u_core/u_issue/u_pipe_ctrl/csr_sr_q[22]_i_1/O
                         net (fo=1, unplaced)         0.000     1.058    u_core/u_csr/u_csrfile/csr_sr_q_reg[22]_1
                         FDCE                                         r  u_core/u_csr/u_csrfile/csr_sr_q_reg[22]/D
  -------------------------------------------------------------------    -------------------

                         (clock clk_i rise edge)      0.000     0.000 r  
                                                      0.000     0.000 r  clk_i (IN)
                         net (fo=0)                   0.000     0.000    clk_i
                         IBUF (Prop_ibuf_I_O)         0.389     0.389 r  clk_i_IBUF_inst/O
                         net (fo=1, unplaced)         0.355     0.744    clk_i_IBUF
                         BUFG (Prop_bufg_I_O)         0.029     0.773 r  clk_i_IBUF_BUFG_inst/O
                         net (fo=2698, unplaced)      0.259     1.032    u_core/u_csr/u_csrfile/clk_i_IBUF_BUFG
                         FDCE                                         r  u_core/u_csr/u_csrfile/csr_sr_q_reg[22]/C
                         clock pessimism             -0.210     0.823    
                         FDCE (Hold_fdce_C_D)         0.099     0.922    u_core/u_csr/u_csrfile/csr_sr_q_reg[22]
  -------------------------------------------------------------------
                         required time                         -0.922    
                         arrival time                           1.058    
  -------------------------------------------------------------------
                         slack                                  0.137    

Slack (MET) :             0.137ns  (arrival time - required time)
  Source:                 u_core/u_csr/u_csrfile/csr_sr_q_reg[23]/C
                            (rising edge-triggered cell FDCE clocked by clk_i  {rise@0.000ns fall@5.000ns period=10.000ns})
  Destination:            u_core/u_csr/u_csrfile/csr_sr_q_reg[23]/D
                            (rising edge-triggered cell FDCE clocked by clk_i  {rise@0.000ns fall@5.000ns period=10.000ns})
  Path Group:             clk_i
  Path Type:              Hold (Min at Fast Process Corner)
  Requirement:            0.000ns  (clk_i rise@0.000ns - clk_i rise@0.000ns)
  Data Path Delay:        0.381ns  (logic 0.245ns (64.350%)  route 0.136ns (35.650%))
  Logic Levels:           1  (LUT4=1)
  Clock Path Skew:        0.145ns (DCD - SCD - CPR)
    Destination Clock Delay (DCD):    1.032ns
    Source Clock Delay      (SCD):    0.678ns
    Clock Pessimism Removal (CPR):    0.210ns

    Location             Delay type                Incr(ns)  Path(ns)    Netlist Resource(s)
  -------------------------------------------------------------------    -------------------
                         (clock clk_i rise edge)      0.000     0.000 r  
                                                      0.000     0.000 r  clk_i (IN)
                         net (fo=0)                   0.000     0.000    clk_i
                         IBUF (Prop_ibuf_I_O)         0.200     0.200 r  clk_i_IBUF_inst/O
                         net (fo=1, unplaced)         0.337     0.538    clk_i_IBUF
                         BUFG (Prop_bufg_I_O)         0.026     0.564 r  clk_i_IBUF_BUFG_inst/O
                         net (fo=2698, unplaced)      0.114     0.678    u_core/u_csr/u_csrfile/clk_i_IBUF_BUFG
                         FDCE                                         r  u_core/u_csr/u_csrfile/csr_sr_q_reg[23]/C
  -------------------------------------------------------------------    -------------------
                         FDCE (Prop_fdce_C_Q)         0.147     0.825 r  u_core/u_csr/u_csrfile/csr_sr_q_reg[23]/Q
                         net (fo=2, unplaced)         0.136     0.960    u_core/u_issue/u_pipe_ctrl/csr_sr_q_reg[23]
                         LUT4 (Prop_lut4_I3_O)        0.098     1.058 r  u_core/u_issue/u_pipe_ctrl/csr_sr_q[23]_i_1/O
                         net (fo=1, unplaced)         0.000     1.058    u_core/u_csr/u_csrfile/csr_sr_q_reg[23]_1
                         FDCE                                         r  u_core/u_csr/u_csrfile/csr_sr_q_reg[23]/D
  -------------------------------------------------------------------    -------------------

                         (clock clk_i rise edge)      0.000     0.000 r  
                                                      0.000     0.000 r  clk_i (IN)
                         net (fo=0)                   0.000     0.000    clk_i
                         IBUF (Prop_ibuf_I_O)         0.389     0.389 r  clk_i_IBUF_inst/O
                         net (fo=1, unplaced)         0.355     0.744    clk_i_IBUF
                         BUFG (Prop_bufg_I_O)         0.029     0.773 r  clk_i_IBUF_BUFG_inst/O
                         net (fo=2698, unplaced)      0.259     1.032    u_core/u_csr/u_csrfile/clk_i_IBUF_BUFG
                         FDCE                                         r  u_core/u_csr/u_csrfile/csr_sr_q_reg[23]/C
                         clock pessimism             -0.210     0.823    
                         FDCE (Hold_fdce_C_D)         0.099     0.922    u_core/u_csr/u_csrfile/csr_sr_q_reg[23]
  -------------------------------------------------------------------
                         required time                         -0.922    
                         arrival time                           1.058    
  -------------------------------------------------------------------
                         slack                                  0.137    

Slack (MET) :             0.137ns  (arrival time - required time)
  Source:                 u_core/u_csr/u_csrfile/csr_sr_q_reg[24]/C
                            (rising edge-triggered cell FDCE clocked by clk_i  {rise@0.000ns fall@5.000ns period=10.000ns})
  Destination:            u_core/u_csr/u_csrfile/csr_sr_q_reg[24]/D
                            (rising edge-triggered cell FDCE clocked by clk_i  {rise@0.000ns fall@5.000ns period=10.000ns})
  Path Group:             clk_i
  Path Type:              Hold (Min at Fast Process Corner)
  Requirement:            0.000ns  (clk_i rise@0.000ns - clk_i rise@0.000ns)
  Data Path Delay:        0.381ns  (logic 0.245ns (64.350%)  route 0.136ns (35.650%))
  Logic Levels:           1  (LUT4=1)
  Clock Path Skew:        0.145ns (DCD - SCD - CPR)
    Destination Clock Delay (DCD):    1.032ns
    Source Clock Delay      (SCD):    0.678ns
    Clock Pessimism Removal (CPR):    0.210ns

    Location             Delay type                Incr(ns)  Path(ns)    Netlist Resource(s)
  -------------------------------------------------------------------    -------------------
                         (clock clk_i rise edge)      0.000     0.000 r  
                                                      0.000     0.000 r  clk_i (IN)
                         net (fo=0)                   0.000     0.000    clk_i
                         IBUF (Prop_ibuf_I_O)         0.200     0.200 r  clk_i_IBUF_inst/O
                         net (fo=1, unplaced)         0.337     0.538    clk_i_IBUF
                         BUFG (Prop_bufg_I_O)         0.026     0.564 r  clk_i_IBUF_BUFG_inst/O
                         net (fo=2698, unplaced)      0.114     0.678    u_core/u_csr/u_csrfile/clk_i_IBUF_BUFG
                         FDCE                                         r  u_core/u_csr/u_csrfile/csr_sr_q_reg[24]/C
  -------------------------------------------------------------------    -------------------
                         FDCE (Prop_fdce_C_Q)         0.147     0.825 r  u_core/u_csr/u_csrfile/csr_sr_q_reg[24]/Q
                         net (fo=2, unplaced)         0.136     0.960    u_core/u_issue/u_pipe_ctrl/csr_sr_q_reg[24]
                         LUT4 (Prop_lut4_I3_O)        0.098     1.058 r  u_core/u_issue/u_pipe_ctrl/csr_sr_q[24]_i_1/O
                         net (fo=1, unplaced)         0.000     1.058    u_core/u_csr/u_csrfile/csr_sr_q_reg[24]_1
                         FDCE                                         r  u_core/u_csr/u_csrfile/csr_sr_q_reg[24]/D
  -------------------------------------------------------------------    -------------------

                         (clock clk_i rise edge)      0.000     0.000 r  
                                                      0.000     0.000 r  clk_i (IN)
                         net (fo=0)                   0.000     0.000    clk_i
                         IBUF (Prop_ibuf_I_O)         0.389     0.389 r  clk_i_IBUF_inst/O
                         net (fo=1, unplaced)         0.355     0.744    clk_i_IBUF
                         BUFG (Prop_bufg_I_O)         0.029     0.773 r  clk_i_IBUF_BUFG_inst/O
                         net (fo=2698, unplaced)      0.259     1.032    u_core/u_csr/u_csrfile/clk_i_IBUF_BUFG
                         FDCE                                         r  u_core/u_csr/u_csrfile/csr_sr_q_reg[24]/C
                         clock pessimism             -0.210     0.823    
                         FDCE (Hold_fdce_C_D)         0.099     0.922    u_core/u_csr/u_csrfile/csr_sr_q_reg[24]
  -------------------------------------------------------------------
                         required time                         -0.922    
                         arrival time                           1.058    
  -------------------------------------------------------------------
                         slack                                  0.137    

Slack (MET) :             0.137ns  (arrival time - required time)
  Source:                 u_core/u_csr/u_csrfile/csr_sr_q_reg[25]/C
                            (rising edge-triggered cell FDCE clocked by clk_i  {rise@0.000ns fall@5.000ns period=10.000ns})
  Destination:            u_core/u_csr/u_csrfile/csr_sr_q_reg[25]/D
                            (rising edge-triggered cell FDCE clocked by clk_i  {rise@0.000ns fall@5.000ns period=10.000ns})
  Path Group:             clk_i
  Path Type:              Hold (Min at Fast Process Corner)
  Requirement:            0.000ns  (clk_i rise@0.000ns - clk_i rise@0.000ns)
  Data Path Delay:        0.381ns  (logic 0.245ns (64.350%)  route 0.136ns (35.650%))
  Logic Levels:           1  (LUT4=1)
  Clock Path Skew:        0.145ns (DCD - SCD - CPR)
    Destination Clock Delay (DCD):    1.032ns
    Source Clock Delay      (SCD):    0.678ns
    Clock Pessimism Removal (CPR):    0.210ns

    Location             Delay type                Incr(ns)  Path(ns)    Netlist Resource(s)
  -------------------------------------------------------------------    -------------------
                         (clock clk_i rise edge)      0.000     0.000 r  
                                                      0.000     0.000 r  clk_i (IN)
                         net (fo=0)                   0.000     0.000    clk_i
                         IBUF (Prop_ibuf_I_O)         0.200     0.200 r  clk_i_IBUF_inst/O
                         net (fo=1, unplaced)         0.337     0.538    clk_i_IBUF
                         BUFG (Prop_bufg_I_O)         0.026     0.564 r  clk_i_IBUF_BUFG_inst/O
                         net (fo=2698, unplaced)      0.114     0.678    u_core/u_csr/u_csrfile/clk_i_IBUF_BUFG
                         FDCE                                         r  u_core/u_csr/u_csrfile/csr_sr_q_reg[25]/C
  -------------------------------------------------------------------    -------------------
                         FDCE (Prop_fdce_C_Q)         0.147     0.825 r  u_core/u_csr/u_csrfile/csr_sr_q_reg[25]/Q
                         net (fo=2, unplaced)         0.136     0.960    u_core/u_issue/u_pipe_ctrl/csr_sr_q_reg[25]
                         LUT4 (Prop_lut4_I3_O)        0.098     1.058 r  u_core/u_issue/u_pipe_ctrl/csr_sr_q[25]_i_1/O
                         net (fo=1, unplaced)         0.000     1.058    u_core/u_csr/u_csrfile/csr_sr_q_reg[25]_1
                         FDCE                                         r  u_core/u_csr/u_csrfile/csr_sr_q_reg[25]/D
  -------------------------------------------------------------------    -------------------

                         (clock clk_i rise edge)      0.000     0.000 r  
                                                      0.000     0.000 r  clk_i (IN)
                         net (fo=0)                   0.000     0.000    clk_i
                         IBUF (Prop_ibuf_I_O)         0.389     0.389 r  clk_i_IBUF_inst/O
                         net (fo=1, unplaced)         0.355     0.744    clk_i_IBUF
                         BUFG (Prop_bufg_I_O)         0.029     0.773 r  clk_i_IBUF_BUFG_inst/O
                         net (fo=2698, unplaced)      0.259     1.032    u_core/u_csr/u_csrfile/clk_i_IBUF_BUFG
                         FDCE                                         r  u_core/u_csr/u_csrfile/csr_sr_q_reg[25]/C
                         clock pessimism             -0.210     0.823    
                         FDCE (Hold_fdce_C_D)         0.099     0.922    u_core/u_csr/u_csrfile/csr_sr_q_reg[25]
  -------------------------------------------------------------------
                         required time                         -0.922    
                         arrival time                           1.058    
  -------------------------------------------------------------------
                         slack                                  0.137    

Slack (MET) :             0.137ns  (arrival time - required time)
  Source:                 u_core/u_csr/u_csrfile/csr_sr_q_reg[26]/C
                            (rising edge-triggered cell FDCE clocked by clk_i  {rise@0.000ns fall@5.000ns period=10.000ns})
  Destination:            u_core/u_csr/u_csrfile/csr_sr_q_reg[26]/D
                            (rising edge-triggered cell FDCE clocked by clk_i  {rise@0.000ns fall@5.000ns period=10.000ns})
  Path Group:             clk_i
  Path Type:              Hold (Min at Fast Process Corner)
  Requirement:            0.000ns  (clk_i rise@0.000ns - clk_i rise@0.000ns)
  Data Path Delay:        0.381ns  (logic 0.245ns (64.350%)  route 0.136ns (35.650%))
  Logic Levels:           1  (LUT4=1)
  Clock Path Skew:        0.145ns (DCD - SCD - CPR)
    Destination Clock Delay (DCD):    1.032ns
    Source Clock Delay      (SCD):    0.678ns
    Clock Pessimism Removal (CPR):    0.210ns

    Location             Delay type                Incr(ns)  Path(ns)    Netlist Resource(s)
  -------------------------------------------------------------------    -------------------
                         (clock clk_i rise edge)      0.000     0.000 r  
                                                      0.000     0.000 r  clk_i (IN)
                         net (fo=0)                   0.000     0.000    clk_i
                         IBUF (Prop_ibuf_I_O)         0.200     0.200 r  clk_i_IBUF_inst/O
                         net (fo=1, unplaced)         0.337     0.538    clk_i_IBUF
                         BUFG (Prop_bufg_I_O)         0.026     0.564 r  clk_i_IBUF_BUFG_inst/O
                         net (fo=2698, unplaced)      0.114     0.678    u_core/u_csr/u_csrfile/clk_i_IBUF_BUFG
                         FDCE                                         r  u_core/u_csr/u_csrfile/csr_sr_q_reg[26]/C
  -------------------------------------------------------------------    -------------------
                         FDCE (Prop_fdce_C_Q)         0.147     0.825 r  u_core/u_csr/u_csrfile/csr_sr_q_reg[26]/Q
                         net (fo=2, unplaced)         0.136     0.960    u_core/u_issue/u_pipe_ctrl/csr_sr_q_reg[26]
                         LUT4 (Prop_lut4_I3_O)        0.098     1.058 r  u_core/u_issue/u_pipe_ctrl/csr_sr_q[26]_i_1/O
                         net (fo=1, unplaced)         0.000     1.058    u_core/u_csr/u_csrfile/csr_sr_q_reg[26]_1
                         FDCE                                         r  u_core/u_csr/u_csrfile/csr_sr_q_reg[26]/D
  -------------------------------------------------------------------    -------------------

                         (clock clk_i rise edge)      0.000     0.000 r  
                                                      0.000     0.000 r  clk_i (IN)
                         net (fo=0)                   0.000     0.000    clk_i
                         IBUF (Prop_ibuf_I_O)         0.389     0.389 r  clk_i_IBUF_inst/O
                         net (fo=1, unplaced)         0.355     0.744    clk_i_IBUF
                         BUFG (Prop_bufg_I_O)         0.029     0.773 r  clk_i_IBUF_BUFG_inst/O
                         net (fo=2698, unplaced)      0.259     1.032    u_core/u_csr/u_csrfile/clk_i_IBUF_BUFG
                         FDCE                                         r  u_core/u_csr/u_csrfile/csr_sr_q_reg[26]/C
                         clock pessimism             -0.210     0.823    
                         FDCE (Hold_fdce_C_D)         0.099     0.922    u_core/u_csr/u_csrfile/csr_sr_q_reg[26]
  -------------------------------------------------------------------
                         required time                         -0.922    
                         arrival time                           1.058    
  -------------------------------------------------------------------
                         slack                                  0.137    

Slack (MET) :             0.137ns  (arrival time - required time)
  Source:                 u_core/u_csr/u_csrfile/csr_sr_q_reg[27]/C
                            (rising edge-triggered cell FDCE clocked by clk_i  {rise@0.000ns fall@5.000ns period=10.000ns})
  Destination:            u_core/u_csr/u_csrfile/csr_sr_q_reg[27]/D
                            (rising edge-triggered cell FDCE clocked by clk_i  {rise@0.000ns fall@5.000ns period=10.000ns})
  Path Group:             clk_i
  Path Type:              Hold (Min at Fast Process Corner)
  Requirement:            0.000ns  (clk_i rise@0.000ns - clk_i rise@0.000ns)
  Data Path Delay:        0.381ns  (logic 0.245ns (64.350%)  route 0.136ns (35.650%))
  Logic Levels:           1  (LUT4=1)
  Clock Path Skew:        0.145ns (DCD - SCD - CPR)
    Destination Clock Delay (DCD):    1.032ns
    Source Clock Delay      (SCD):    0.678ns
    Clock Pessimism Removal (CPR):    0.210ns

    Location             Delay type                Incr(ns)  Path(ns)    Netlist Resource(s)
  -------------------------------------------------------------------    -------------------
                         (clock clk_i rise edge)      0.000     0.000 r  
                                                      0.000     0.000 r  clk_i (IN)
                         net (fo=0)                   0.000     0.000    clk_i
                         IBUF (Prop_ibuf_I_O)         0.200     0.200 r  clk_i_IBUF_inst/O
                         net (fo=1, unplaced)         0.337     0.538    clk_i_IBUF
                         BUFG (Prop_bufg_I_O)         0.026     0.564 r  clk_i_IBUF_BUFG_inst/O
                         net (fo=2698, unplaced)      0.114     0.678    u_core/u_csr/u_csrfile/clk_i_IBUF_BUFG
                         FDCE                                         r  u_core/u_csr/u_csrfile/csr_sr_q_reg[27]/C
  -------------------------------------------------------------------    -------------------
                         FDCE (Prop_fdce_C_Q)         0.147     0.825 r  u_core/u_csr/u_csrfile/csr_sr_q_reg[27]/Q
                         net (fo=2, unplaced)         0.136     0.960    u_core/u_issue/u_pipe_ctrl/csr_sr_q_reg[27]
                         LUT4 (Prop_lut4_I3_O)        0.098     1.058 r  u_core/u_issue/u_pipe_ctrl/csr_sr_q[27]_i_1/O
                         net (fo=1, unplaced)         0.000     1.058    u_core/u_csr/u_csrfile/csr_sr_q_reg[27]_1
                         FDCE                                         r  u_core/u_csr/u_csrfile/csr_sr_q_reg[27]/D
  -------------------------------------------------------------------    -------------------

                         (clock clk_i rise edge)      0.000     0.000 r  
                                                      0.000     0.000 r  clk_i (IN)
                         net (fo=0)                   0.000     0.000    clk_i
                         IBUF (Prop_ibuf_I_O)         0.389     0.389 r  clk_i_IBUF_inst/O
                         net (fo=1, unplaced)         0.355     0.744    clk_i_IBUF
                         BUFG (Prop_bufg_I_O)         0.029     0.773 r  clk_i_IBUF_BUFG_inst/O
                         net (fo=2698, unplaced)      0.259     1.032    u_core/u_csr/u_csrfile/clk_i_IBUF_BUFG
                         FDCE                                         r  u_core/u_csr/u_csrfile/csr_sr_q_reg[27]/C
                         clock pessimism             -0.210     0.823    
                         FDCE (Hold_fdce_C_D)         0.099     0.922    u_core/u_csr/u_csrfile/csr_sr_q_reg[27]
  -------------------------------------------------------------------
                         required time                         -0.922    
                         arrival time                           1.058    
  -------------------------------------------------------------------
                         slack                                  0.137    

Slack (MET) :             0.137ns  (arrival time - required time)
  Source:                 u_core/u_csr/u_csrfile/csr_sr_q_reg[28]/C
                            (rising edge-triggered cell FDCE clocked by clk_i  {rise@0.000ns fall@5.000ns period=10.000ns})
  Destination:            u_core/u_csr/u_csrfile/csr_sr_q_reg[28]/D
                            (rising edge-triggered cell FDCE clocked by clk_i  {rise@0.000ns fall@5.000ns period=10.000ns})
  Path Group:             clk_i
  Path Type:              Hold (Min at Fast Process Corner)
  Requirement:            0.000ns  (clk_i rise@0.000ns - clk_i rise@0.000ns)
  Data Path Delay:        0.381ns  (logic 0.245ns (64.350%)  route 0.136ns (35.650%))
  Logic Levels:           1  (LUT4=1)
  Clock Path Skew:        0.145ns (DCD - SCD - CPR)
    Destination Clock Delay (DCD):    1.032ns
    Source Clock Delay      (SCD):    0.678ns
    Clock Pessimism Removal (CPR):    0.210ns

    Location             Delay type                Incr(ns)  Path(ns)    Netlist Resource(s)
  -------------------------------------------------------------------    -------------------
                         (clock clk_i rise edge)      0.000     0.000 r  
                                                      0.000     0.000 r  clk_i (IN)
                         net (fo=0)                   0.000     0.000    clk_i
                         IBUF (Prop_ibuf_I_O)         0.200     0.200 r  clk_i_IBUF_inst/O
                         net (fo=1, unplaced)         0.337     0.538    clk_i_IBUF
                         BUFG (Prop_bufg_I_O)         0.026     0.564 r  clk_i_IBUF_BUFG_inst/O
                         net (fo=2698, unplaced)      0.114     0.678    u_core/u_csr/u_csrfile/clk_i_IBUF_BUFG
                         FDCE                                         r  u_core/u_csr/u_csrfile/csr_sr_q_reg[28]/C
  -------------------------------------------------------------------    -------------------
                         FDCE (Prop_fdce_C_Q)         0.147     0.825 r  u_core/u_csr/u_csrfile/csr_sr_q_reg[28]/Q
                         net (fo=2, unplaced)         0.136     0.960    u_core/u_issue/u_pipe_ctrl/csr_sr_q_reg[28]
                         LUT4 (Prop_lut4_I3_O)        0.098     1.058 r  u_core/u_issue/u_pipe_ctrl/csr_sr_q[28]_i_1/O
                         net (fo=1, unplaced)         0.000     1.058    u_core/u_csr/u_csrfile/csr_sr_q_reg[28]_1
                         FDCE                                         r  u_core/u_csr/u_csrfile/csr_sr_q_reg[28]/D
  -------------------------------------------------------------------    -------------------

                         (clock clk_i rise edge)      0.000     0.000 r  
                                                      0.000     0.000 r  clk_i (IN)
                         net (fo=0)                   0.000     0.000    clk_i
                         IBUF (Prop_ibuf_I_O)         0.389     0.389 r  clk_i_IBUF_inst/O
                         net (fo=1, unplaced)         0.355     0.744    clk_i_IBUF
                         BUFG (Prop_bufg_I_O)         0.029     0.773 r  clk_i_IBUF_BUFG_inst/O
                         net (fo=2698, unplaced)      0.259     1.032    u_core/u_csr/u_csrfile/clk_i_IBUF_BUFG
                         FDCE                                         r  u_core/u_csr/u_csrfile/csr_sr_q_reg[28]/C
                         clock pessimism             -0.210     0.823    
                         FDCE (Hold_fdce_C_D)         0.099     0.922    u_core/u_csr/u_csrfile/csr_sr_q_reg[28]
  -------------------------------------------------------------------
                         required time                         -0.922    
                         arrival time                           1.058    
  -------------------------------------------------------------------
                         slack                                  0.137    

Slack (MET) :             0.137ns  (arrival time - required time)
  Source:                 u_core/u_csr/u_csrfile/csr_sr_q_reg[29]/C
                            (rising edge-triggered cell FDCE clocked by clk_i  {rise@0.000ns fall@5.000ns period=10.000ns})
  Destination:            u_core/u_csr/u_csrfile/csr_sr_q_reg[29]/D
                            (rising edge-triggered cell FDCE clocked by clk_i  {rise@0.000ns fall@5.000ns period=10.000ns})
  Path Group:             clk_i
  Path Type:              Hold (Min at Fast Process Corner)
  Requirement:            0.000ns  (clk_i rise@0.000ns - clk_i rise@0.000ns)
  Data Path Delay:        0.381ns  (logic 0.245ns (64.350%)  route 0.136ns (35.650%))
  Logic Levels:           1  (LUT4=1)
  Clock Path Skew:        0.145ns (DCD - SCD - CPR)
    Destination Clock Delay (DCD):    1.032ns
    Source Clock Delay      (SCD):    0.678ns
    Clock Pessimism Removal (CPR):    0.210ns

    Location             Delay type                Incr(ns)  Path(ns)    Netlist Resource(s)
  -------------------------------------------------------------------    -------------------
                         (clock clk_i rise edge)      0.000     0.000 r  
                                                      0.000     0.000 r  clk_i (IN)
                         net (fo=0)                   0.000     0.000    clk_i
                         IBUF (Prop_ibuf_I_O)         0.200     0.200 r  clk_i_IBUF_inst/O
                         net (fo=1, unplaced)         0.337     0.538    clk_i_IBUF
                         BUFG (Prop_bufg_I_O)         0.026     0.564 r  clk_i_IBUF_BUFG_inst/O
                         net (fo=2698, unplaced)      0.114     0.678    u_core/u_csr/u_csrfile/clk_i_IBUF_BUFG
                         FDCE                                         r  u_core/u_csr/u_csrfile/csr_sr_q_reg[29]/C
  -------------------------------------------------------------------    -------------------
                         FDCE (Prop_fdce_C_Q)         0.147     0.825 r  u_core/u_csr/u_csrfile/csr_sr_q_reg[29]/Q
                         net (fo=2, unplaced)         0.136     0.960    u_core/u_issue/u_pipe_ctrl/csr_sr_q_reg[29]
                         LUT4 (Prop_lut4_I3_O)        0.098     1.058 r  u_core/u_issue/u_pipe_ctrl/csr_sr_q[29]_i_1/O
                         net (fo=1, unplaced)         0.000     1.058    u_core/u_csr/u_csrfile/csr_sr_q_reg[29]_1
                         FDCE                                         r  u_core/u_csr/u_csrfile/csr_sr_q_reg[29]/D
  -------------------------------------------------------------------    -------------------

                         (clock clk_i rise edge)      0.000     0.000 r  
                                                      0.000     0.000 r  clk_i (IN)
                         net (fo=0)                   0.000     0.000    clk_i
                         IBUF (Prop_ibuf_I_O)         0.389     0.389 r  clk_i_IBUF_inst/O
                         net (fo=1, unplaced)         0.355     0.744    clk_i_IBUF
                         BUFG (Prop_bufg_I_O)         0.029     0.773 r  clk_i_IBUF_BUFG_inst/O
                         net (fo=2698, unplaced)      0.259     1.032    u_core/u_csr/u_csrfile/clk_i_IBUF_BUFG
                         FDCE                                         r  u_core/u_csr/u_csrfile/csr_sr_q_reg[29]/C
                         clock pessimism             -0.210     0.823    
                         FDCE (Hold_fdce_C_D)         0.099     0.922    u_core/u_csr/u_csrfile/csr_sr_q_reg[29]
  -------------------------------------------------------------------
                         required time                         -0.922    
                         arrival time                           1.058    
  -------------------------------------------------------------------
                         slack                                  0.137    

Slack (MET) :             0.137ns  (arrival time - required time)
  Source:                 u_core/u_csr/u_csrfile/csr_sr_q_reg[30]/C
                            (rising edge-triggered cell FDCE clocked by clk_i  {rise@0.000ns fall@5.000ns period=10.000ns})
  Destination:            u_core/u_csr/u_csrfile/csr_sr_q_reg[30]/D
                            (rising edge-triggered cell FDCE clocked by clk_i  {rise@0.000ns fall@5.000ns period=10.000ns})
  Path Group:             clk_i
  Path Type:              Hold (Min at Fast Process Corner)
  Requirement:            0.000ns  (clk_i rise@0.000ns - clk_i rise@0.000ns)
  Data Path Delay:        0.381ns  (logic 0.245ns (64.350%)  route 0.136ns (35.650%))
  Logic Levels:           1  (LUT4=1)
  Clock Path Skew:        0.145ns (DCD - SCD - CPR)
    Destination Clock Delay (DCD):    1.032ns
    Source Clock Delay      (SCD):    0.678ns
    Clock Pessimism Removal (CPR):    0.210ns

    Location             Delay type                Incr(ns)  Path(ns)    Netlist Resource(s)
  -------------------------------------------------------------------    -------------------
                         (clock clk_i rise edge)      0.000     0.000 r  
                                                      0.000     0.000 r  clk_i (IN)
                         net (fo=0)                   0.000     0.000    clk_i
                         IBUF (Prop_ibuf_I_O)         0.200     0.200 r  clk_i_IBUF_inst/O
                         net (fo=1, unplaced)         0.337     0.538    clk_i_IBUF
                         BUFG (Prop_bufg_I_O)         0.026     0.564 r  clk_i_IBUF_BUFG_inst/O
                         net (fo=2698, unplaced)      0.114     0.678    u_core/u_csr/u_csrfile/clk_i_IBUF_BUFG
                         FDCE                                         r  u_core/u_csr/u_csrfile/csr_sr_q_reg[30]/C
  -------------------------------------------------------------------    -------------------
                         FDCE (Prop_fdce_C_Q)         0.147     0.825 r  u_core/u_csr/u_csrfile/csr_sr_q_reg[30]/Q
                         net (fo=2, unplaced)         0.136     0.960    u_core/u_issue/u_pipe_ctrl/csr_sr_q_reg[30]
                         LUT4 (Prop_lut4_I3_O)        0.098     1.058 r  u_core/u_issue/u_pipe_ctrl/csr_sr_q[30]_i_1/O
                         net (fo=1, unplaced)         0.000     1.058    u_core/u_csr/u_csrfile/csr_sr_q_reg[30]_1
                         FDCE                                         r  u_core/u_csr/u_csrfile/csr_sr_q_reg[30]/D
  -------------------------------------------------------------------    -------------------

                         (clock clk_i rise edge)      0.000     0.000 r  
                                                      0.000     0.000 r  clk_i (IN)
                         net (fo=0)                   0.000     0.000    clk_i
                         IBUF (Prop_ibuf_I_O)         0.389     0.389 r  clk_i_IBUF_inst/O
                         net (fo=1, unplaced)         0.355     0.744    clk_i_IBUF
                         BUFG (Prop_bufg_I_O)         0.029     0.773 r  clk_i_IBUF_BUFG_inst/O
                         net (fo=2698, unplaced)      0.259     1.032    u_core/u_csr/u_csrfile/clk_i_IBUF_BUFG
                         FDCE                                         r  u_core/u_csr/u_csrfile/csr_sr_q_reg[30]/C
                         clock pessimism             -0.210     0.823    
                         FDCE (Hold_fdce_C_D)         0.099     0.922    u_core/u_csr/u_csrfile/csr_sr_q_reg[30]
  -------------------------------------------------------------------
                         required time                         -0.922    
                         arrival time                           1.058    
  -------------------------------------------------------------------
                         slack                                  0.137    

Slack (MET) :             0.137ns  (arrival time - required time)
  Source:                 u_core/u_csr/u_csrfile/csr_sr_q_reg[31]/C
                            (rising edge-triggered cell FDCE clocked by clk_i  {rise@0.000ns fall@5.000ns period=10.000ns})
  Destination:            u_core/u_csr/u_csrfile/csr_sr_q_reg[31]/D
                            (rising edge-triggered cell FDCE clocked by clk_i  {rise@0.000ns fall@5.000ns period=10.000ns})
  Path Group:             clk_i
  Path Type:              Hold (Min at Fast Process Corner)
  Requirement:            0.000ns  (clk_i rise@0.000ns - clk_i rise@0.000ns)
  Data Path Delay:        0.381ns  (logic 0.245ns (64.350%)  route 0.136ns (35.650%))
  Logic Levels:           1  (LUT4=1)
  Clock Path Skew:        0.145ns (DCD - SCD - CPR)
    Destination Clock Delay (DCD):    1.032ns
    Source Clock Delay      (SCD):    0.678ns
    Clock Pessimism Removal (CPR):    0.210ns

    Location             Delay type                Incr(ns)  Path(ns)    Netlist Resource(s)
  -------------------------------------------------------------------    -------------------
                         (clock clk_i rise edge)      0.000     0.000 r  
                                                      0.000     0.000 r  clk_i (IN)
                         net (fo=0)                   0.000     0.000    clk_i
                         IBUF (Prop_ibuf_I_O)         0.200     0.200 r  clk_i_IBUF_inst/O
                         net (fo=1, unplaced)         0.337     0.538    clk_i_IBUF
                         BUFG (Prop_bufg_I_O)         0.026     0.564 r  clk_i_IBUF_BUFG_inst/O
                         net (fo=2698, unplaced)      0.114     0.678    u_core/u_csr/u_csrfile/clk_i_IBUF_BUFG
                         FDCE                                         r  u_core/u_csr/u_csrfile/csr_sr_q_reg[31]/C
  -------------------------------------------------------------------    -------------------
                         FDCE (Prop_fdce_C_Q)         0.147     0.825 r  u_core/u_csr/u_csrfile/csr_sr_q_reg[31]/Q
                         net (fo=2, unplaced)         0.136     0.960    u_core/u_issue/u_pipe_ctrl/csr_sr_q_reg[31]
                         LUT4 (Prop_lut4_I3_O)        0.098     1.058 r  u_core/u_issue/u_pipe_ctrl/csr_sr_q[31]_i_2/O
                         net (fo=1, unplaced)         0.000     1.058    u_core/u_csr/u_csrfile/csr_sr_q_reg[31]_1
                         FDCE                                         r  u_core/u_csr/u_csrfile/csr_sr_q_reg[31]/D
  -------------------------------------------------------------------    -------------------

                         (clock clk_i rise edge)      0.000     0.000 r  
                                                      0.000     0.000 r  clk_i (IN)
                         net (fo=0)                   0.000     0.000    clk_i
                         IBUF (Prop_ibuf_I_O)         0.389     0.389 r  clk_i_IBUF_inst/O
                         net (fo=1, unplaced)         0.355     0.744    clk_i_IBUF
                         BUFG (Prop_bufg_I_O)         0.029     0.773 r  clk_i_IBUF_BUFG_inst/O
                         net (fo=2698, unplaced)      0.259     1.032    u_core/u_csr/u_csrfile/clk_i_IBUF_BUFG
                         FDCE                                         r  u_core/u_csr/u_csrfile/csr_sr_q_reg[31]/C
                         clock pessimism             -0.210     0.823    
                         FDCE (Hold_fdce_C_D)         0.099     0.922    u_core/u_csr/u_csrfile/csr_sr_q_reg[31]
  -------------------------------------------------------------------
                         required time                         -0.922    
                         arrival time                           1.058    
  -------------------------------------------------------------------
                         slack                                  0.137    

Slack (MET) :             0.137ns  (arrival time - required time)
  Source:                 u_core/u_csr/u_csrfile/csr_sr_q_reg[6]/C
                            (rising edge-triggered cell FDCE clocked by clk_i  {rise@0.000ns fall@5.000ns period=10.000ns})
  Destination:            u_core/u_csr/u_csrfile/csr_sr_q_reg[6]/D
                            (rising edge-triggered cell FDCE clocked by clk_i  {rise@0.000ns fall@5.000ns period=10.000ns})
  Path Group:             clk_i
  Path Type:              Hold (Min at Fast Process Corner)
  Requirement:            0.000ns  (clk_i rise@0.000ns - clk_i rise@0.000ns)
  Data Path Delay:        0.381ns  (logic 0.245ns (64.350%)  route 0.136ns (35.650%))
  Logic Levels:           1  (LUT4=1)
  Clock Path Skew:        0.145ns (DCD - SCD - CPR)
    Destination Clock Delay (DCD):    1.032ns
    Source Clock Delay      (SCD):    0.678ns
    Clock Pessimism Removal (CPR):    0.210ns

    Location             Delay type                Incr(ns)  Path(ns)    Netlist Resource(s)
  -------------------------------------------------------------------    -------------------
                         (clock clk_i rise edge)      0.000     0.000 r  
                                                      0.000     0.000 r  clk_i (IN)
                         net (fo=0)                   0.000     0.000    clk_i
                         IBUF (Prop_ibuf_I_O)         0.200     0.200 r  clk_i_IBUF_inst/O
                         net (fo=1, unplaced)         0.337     0.538    clk_i_IBUF
                         BUFG (Prop_bufg_I_O)         0.026     0.564 r  clk_i_IBUF_BUFG_inst/O
                         net (fo=2698, unplaced)      0.114     0.678    u_core/u_csr/u_csrfile/clk_i_IBUF_BUFG
                         FDCE                                         r  u_core/u_csr/u_csrfile/csr_sr_q_reg[6]/C
  -------------------------------------------------------------------    -------------------
                         FDCE (Prop_fdce_C_Q)         0.147     0.825 r  u_core/u_csr/u_csrfile/csr_sr_q_reg[6]/Q
                         net (fo=2, unplaced)         0.136     0.960    u_core/u_issue/u_pipe_ctrl/status_reg_w[4]
                         LUT4 (Prop_lut4_I3_O)        0.098     1.058 r  u_core/u_issue/u_pipe_ctrl/csr_sr_q[6]_i_1/O
                         net (fo=1, unplaced)         0.000     1.058    u_core/u_csr/u_csrfile/csr_sr_q_reg[6]_0
                         FDCE                                         r  u_core/u_csr/u_csrfile/csr_sr_q_reg[6]/D
  -------------------------------------------------------------------    -------------------

                         (clock clk_i rise edge)      0.000     0.000 r  
                                                      0.000     0.000 r  clk_i (IN)
                         net (fo=0)                   0.000     0.000    clk_i
                         IBUF (Prop_ibuf_I_O)         0.389     0.389 r  clk_i_IBUF_inst/O
                         net (fo=1, unplaced)         0.355     0.744    clk_i_IBUF
                         BUFG (Prop_bufg_I_O)         0.029     0.773 r  clk_i_IBUF_BUFG_inst/O
                         net (fo=2698, unplaced)      0.259     1.032    u_core/u_csr/u_csrfile/clk_i_IBUF_BUFG
                         FDCE                                         r  u_core/u_csr/u_csrfile/csr_sr_q_reg[6]/C
                         clock pessimism             -0.210     0.823    
                         FDCE (Hold_fdce_C_D)         0.099     0.922    u_core/u_csr/u_csrfile/csr_sr_q_reg[6]
  -------------------------------------------------------------------
                         required time                         -0.922    
                         arrival time                           1.058    
  -------------------------------------------------------------------
                         slack                                  0.137    





Pulse Width Checks
--------------------------------------------------------------------------------------
Clock Name:         clk_i
Waveform(ns):       { 0.000 5.000 }
Period(ns):         10.000
Sources:            { clk_i }

Check Type        Corner  Lib Pin             Reference Pin  Required(ns)  Actual(ns)  Slack(ns)  Location  Pin
Min Period        n/a     RAMB36E1/CLKARDCLK  n/a            2.944         10.000      7.056                u_tcm/u_ram/ram_reg_0_0/CLKARDCLK
Min Period        n/a     RAMB36E1/CLKBWRCLK  n/a            2.944         10.000      7.056                u_tcm/u_ram/ram_reg_0_0/CLKBWRCLK
Min Period        n/a     RAMB36E1/CLKARDCLK  n/a            2.944         10.000      7.056                u_tcm/u_ram/ram_reg_0_1/CLKARDCLK
Min Period        n/a     RAMB36E1/CLKBWRCLK  n/a            2.944         10.000      7.056                u_tcm/u_ram/ram_reg_0_1/CLKBWRCLK
Min Period        n/a     RAMB36E1/CLKARDCLK  n/a            2.944         10.000      7.056                u_tcm/u_ram/ram_reg_0_2/CLKARDCLK
Min Period        n/a     RAMB36E1/CLKBWRCLK  n/a            2.944         10.000      7.056                u_tcm/u_ram/ram_reg_0_2/CLKBWRCLK
Min Period        n/a     RAMB36E1/CLKARDCLK  n/a            2.944         10.000      7.056                u_tcm/u_ram/ram_reg_0_3/CLKARDCLK
Min Period        n/a     RAMB36E1/CLKBWRCLK  n/a            2.944         10.000      7.056                u_tcm/u_ram/ram_reg_0_3/CLKBWRCLK
Min Period        n/a     RAMB36E1/CLKARDCLK  n/a            2.944         10.000      7.056                u_tcm/u_ram/ram_reg_1_0/CLKARDCLK
Min Period        n/a     RAMB36E1/CLKBWRCLK  n/a            2.944         10.000      7.056                u_tcm/u_ram/ram_reg_1_0/CLKBWRCLK
Min Period        n/a     RAMB36E1/CLKARDCLK  n/a            2.944         10.000      7.056                u_tcm/u_ram/ram_reg_1_1/CLKARDCLK
Min Period        n/a     RAMB36E1/CLKBWRCLK  n/a            2.944         10.000      7.056                u_tcm/u_ram/ram_reg_1_1/CLKBWRCLK
Min Period        n/a     RAMB36E1/CLKARDCLK  n/a            2.944         10.000      7.056                u_tcm/u_ram/ram_reg_1_2/CLKARDCLK
Min Period        n/a     RAMB36E1/CLKBWRCLK  n/a            2.944         10.000      7.056                u_tcm/u_ram/ram_reg_1_2/CLKBWRCLK
Min Period        n/a     RAMB36E1/CLKARDCLK  n/a            2.944         10.000      7.056                u_tcm/u_ram/ram_reg_1_3/CLKARDCLK
Min Period        n/a     RAMB36E1/CLKBWRCLK  n/a            2.944         10.000      7.056                u_tcm/u_ram/ram_reg_1_3/CLKBWRCLK
Min Period        n/a     RAMB36E1/CLKARDCLK  n/a            2.944         10.000      7.056                u_tcm/u_ram/ram_reg_2_0/CLKARDCLK
Min Period        n/a     RAMB36E1/CLKBWRCLK  n/a            2.944         10.000      7.056                u_tcm/u_ram/ram_reg_2_0/CLKBWRCLK
Min Period        n/a     RAMB36E1/CLKARDCLK  n/a            2.944         10.000      7.056                u_tcm/u_ram/ram_reg_2_1/CLKARDCLK
Min Period        n/a     RAMB36E1/CLKBWRCLK  n/a            2.944         10.000      7.056                u_tcm/u_ram/ram_reg_2_1/CLKBWRCLK
Low Pulse Width   Slow    FDCE/C              n/a            0.500         5.000       4.500                u_axi/awvalid_inhibit_q_reg/C
Low Pulse Width   Fast    FDCE/C              n/a            0.500         5.000       4.500                u_axi/awvalid_inhibit_q_reg/C
Low Pulse Width   Slow    FDCE/C              n/a            0.500         5.000       4.500                u_axi/request_pending_q_reg/C
Low Pulse Width   Fast    FDCE/C              n/a            0.500         5.000       4.500                u_axi/request_pending_q_reg/C
Low Pulse Width   Slow    FDCE/C              n/a            0.500         5.000       4.500                u_axi/wvalid_inhibit_q_reg/C
Low Pulse Width   Fast    FDCE/C              n/a            0.500         5.000       4.500                u_axi/wvalid_inhibit_q_reg/C
Low Pulse Width   Slow    FDCE/C              n/a            0.500         5.000       4.500                u_axi/u_req/count_q_reg[0]/C
Low Pulse Width   Fast    FDCE/C              n/a            0.500         5.000       4.500                u_axi/u_req/count_q_reg[0]/C
Low Pulse Width   Slow    FDCE/C              n/a            0.500         5.000       4.500                u_axi/u_req/count_q_reg[1]/C
Low Pulse Width   Fast    FDCE/C              n/a            0.500         5.000       4.500                u_axi/u_req/count_q_reg[1]/C
Low Pulse Width   Slow    FDRE/C              n/a            0.500         5.000       4.500                u_axi/u_req/ram_q_reg[0][10]/C
Low Pulse Width   Fast    FDRE/C              n/a            0.500         5.000       4.500                u_axi/u_req/ram_q_reg[0][10]/C
Low Pulse Width   Slow    FDRE/C              n/a            0.500         5.000       4.500                u_axi/u_req/ram_q_reg[0][11]/C
Low Pulse Width   Fast    FDRE/C              n/a            0.500         5.000       4.500                u_axi/u_req/ram_q_reg[0][11]/C
Low Pulse Width   Slow    FDRE/C              n/a            0.500         5.000       4.500                u_axi/u_req/ram_q_reg[0][12]/C
Low Pulse Width   Fast    FDRE/C              n/a            0.500         5.000       4.500                u_axi/u_req/ram_q_reg[0][12]/C
Low Pulse Width   Slow    FDRE/C              n/a            0.500         5.000       4.500                u_axi/u_req/ram_q_reg[0][13]/C
Low Pulse Width   Fast    FDRE/C              n/a            0.500         5.000       4.500                u_axi/u_req/ram_q_reg[0][13]/C
Low Pulse Width   Slow    FDRE/C              n/a            0.500         5.000       4.500                u_axi/u_req/ram_q_reg[0][14]/C
Low Pulse Width   Fast    FDRE/C              n/a            0.500         5.000       4.500                u_axi/u_req/ram_q_reg[0][14]/C
High Pulse Width  Slow    FDCE/C              n/a            0.500         5.000       4.500                u_axi/awvalid_inhibit_q_reg/C
High Pulse Width  Fast    FDCE/C              n/a            0.500         5.000       4.500                u_axi/awvalid_inhibit_q_reg/C
High Pulse Width  Slow    FDCE/C              n/a            0.500         5.000       4.500                u_axi/request_pending_q_reg/C
High Pulse Width  Fast    FDCE/C              n/a            0.500         5.000       4.500                u_axi/request_pending_q_reg/C
High Pulse Width  Slow    FDCE/C              n/a            0.500         5.000       4.500                u_axi/wvalid_inhibit_q_reg/C
High Pulse Width  Fast    FDCE/C              n/a            0.500         5.000       4.500                u_axi/wvalid_inhibit_q_reg/C
High Pulse Width  Slow    FDCE/C              n/a            0.500         5.000       4.500                u_axi/u_req/count_q_reg[0]/C
High Pulse Width  Fast    FDCE/C              n/a            0.500         5.000       4.500                u_axi/u_req/count_q_reg[0]/C
High Pulse Width  Slow    FDCE/C              n/a            0.500         5.000       4.500                u_axi/u_req/count_q_reg[1]/C
High Pulse Width  Fast    FDCE/C              n/a            0.500         5.000       4.500                u_axi/u_req/count_q_reg[1]/C
High Pulse Width  Slow    FDRE/C              n/a            0.500         5.000       4.500                u_axi/u_req/ram_q_reg[0][10]/C
High Pulse Width  Fast    FDRE/C              n/a            0.500         5.000       4.500                u_axi/u_req/ram_q_reg[0][10]/C
High Pulse Width  Slow    FDRE/C              n/a            0.500         5.000       4.500                u_axi/u_req/ram_q_reg[0][11]/C
High Pulse Width  Fast    FDRE/C              n/a            0.500         5.000       4.500                u_axi/u_req/ram_q_reg[0][11]/C
High Pulse Width  Slow    FDRE/C              n/a            0.500         5.000       4.500                u_axi/u_req/ram_q_reg[0][12]/C
High Pulse Width  Fast    FDRE/C              n/a            0.500         5.000       4.500                u_axi/u_req/ram_q_reg[0][12]/C
High Pulse Width  Slow    FDRE/C              n/a            0.500         5.000       4.500                u_axi/u_req/ram_q_reg[0][13]/C
High Pulse Width  Fast    FDRE/C              n/a            0.500         5.000       4.500                u_axi/u_req/ram_q_reg[0][13]/C
High Pulse Width  Slow    FDRE/C              n/a            0.500         5.000       4.500                u_axi/u_req/ram_q_reg[0][14]/C
High Pulse Width  Fast    FDRE/C              n/a            0.500         5.000       4.500                u_axi/u_req/ram_q_reg[0][14]/C



