Copyright 1986-2022 Xilinx, Inc. All Rights Reserved.
-------------------------------------------------------------------------------------------------------------------------------------------------------------------------------------------------------
| Tool Version : Vivado v.2022.2 (win64) Build 3671981 Fri Oct 14 05:00:03 MDT 2022
| Date         : Sun Sep 13 21:19:46 2026
| Host         : LAPTOP-A7P3RQOS running 64-bit major release  (build 9200)
| Command      : report_timing_summary -delay_type min_max -max_paths 30 -file D:/code/FPGA/vivado/ultra_bht_btb_followup/reports/early_tcm_e_tcm_v4/vivado_post_v4/e_tcm_v4_routed_timing_summary.rpt
| Design       : riscv_tcm_top
| Device       : 7z020-clg400
| Speed File   : -1  PRODUCTION 1.12 2019-11-22
-------------------------------------------------------------------------------------------------------------------------------------------------------------------------------------------------------

Timing Summary Report

------------------------------------------------------------------------------------------------
| Timer Settings
| --------------
------------------------------------------------------------------------------------------------

  Enable Multi Corner Analysis               :  Yes
  Enable Pessimism Removal                   :  Yes
  Pessimism Removal Resolution               :  Nearest Common Node
  Enable Input Delay Default Clock           :  No
  Enable Preset / Clear Arcs                 :  No
  Disable Flight Delays                      :  No
  Ignore I/O Paths                           :  No
  Timing Early Launch at Borrowing Latches   :  No
  Borrow Time for Max Delay Exceptions       :  Yes
  Merge Timing Exceptions                    :  Yes

  Corner  Analyze    Analyze    
  Name    Max Paths  Min Paths  
  ------  ---------  ---------  
  Slow    Yes        Yes        
  Fast    Yes        Yes        


------------------------------------------------------------------------------------------------
| Report Methodology
| ------------------
------------------------------------------------------------------------------------------------

No report available as report_methodology has not been run prior. Run report_methodology on the current design for the summary of methodology violations.



check_timing report

Table of Contents
-----------------
1. checking no_clock (0)
2. checking constant_clock (0)
3. checking pulse_width_clock (0)
4. checking unconstrained_internal_endpoints (0)
5. checking no_input_delay (140)
6. checking no_output_delay (145)
7. checking multiple_clock (0)
8. checking generated_clocks (0)
9. checking loops (0)
10. checking partial_input_delay (0)
11. checking partial_output_delay (0)
12. checking latch_loops (0)

1. checking no_clock (0)
------------------------
 There are 0 register/latch pins with no clock.


2. checking constant_clock (0)
------------------------------
 There are 0 register/latch pins with constant_clock.


3. checking pulse_width_clock (0)
---------------------------------
 There are 0 register/latch pins which need pulse_width check


4. checking unconstrained_internal_endpoints (0)
------------------------------------------------
 There are 0 pins that are not constrained for maximum delay.

 There are 0 pins that are not constrained for maximum delay due to constant clock.


5. checking no_input_delay (140)
--------------------------------
 There are 138 input ports with no input delay specified. (HIGH)

 There are 2 input ports with no input delay but user has a false path constraint. (MEDIUM)


6. checking no_output_delay (145)
---------------------------------
 There are 145 ports with no output delay specified. (HIGH)

 There are 0 ports with no output delay but user has a false path constraint

 There are 0 ports with no output delay but with a timing clock defined on it or propagating through it


7. checking multiple_clock (0)
------------------------------
 There are 0 register/latch pins with multiple clocks.


8. checking generated_clocks (0)
--------------------------------
 There are 0 generated clocks that are not connected to a clock source.


9. checking loops (0)
---------------------
 There are 0 combinational loops in the design.


10. checking partial_input_delay (0)
------------------------------------
 There are 0 input ports with partial input delay specified.


11. checking partial_output_delay (0)
-------------------------------------
 There are 0 ports with partial output delay specified.


12. checking latch_loops (0)
----------------------------
 There are 0 combinational latch loops in the design through latch input



------------------------------------------------------------------------------------------------
| Design Timing Summary
| ---------------------
------------------------------------------------------------------------------------------------

    WNS(ns)      TNS(ns)  TNS Failing Endpoints  TNS Total Endpoints      WHS(ns)      THS(ns)  THS Failing Endpoints  THS Total Endpoints     WPWS(ns)     TPWS(ns)  TPWS Failing Endpoints  TPWS Total Endpoints  
    -------      -------  ---------------------  -------------------      -------      -------  ---------------------  -------------------     --------     --------  ----------------------  --------------------  
      0.000        0.000                      0                 6409        0.042        0.000                      0                 6409        5.000        0.000                       0                  2311  


All user specified timing constraints are met.


------------------------------------------------------------------------------------------------
| Clock Summary
| -------------
------------------------------------------------------------------------------------------------

Clock  Waveform(ns)       Period(ns)      Frequency(MHz)
-----  ------------       ----------      --------------
clk_i  {0.000 6.250}      12.500          80.000          


------------------------------------------------------------------------------------------------
| Intra Clock Table
| -----------------
------------------------------------------------------------------------------------------------

Clock             WNS(ns)      TNS(ns)  TNS Failing Endpoints  TNS Total Endpoints      WHS(ns)      THS(ns)  THS Failing Endpoints  THS Total Endpoints     WPWS(ns)     TPWS(ns)  TPWS Failing Endpoints  TPWS Total Endpoints  
-----             -------      -------  ---------------------  -------------------      -------      -------  ---------------------  -------------------     --------     --------  ----------------------  --------------------  
clk_i               0.000        0.000                      0                 6409        0.042        0.000                      0                 6409        5.000        0.000                       0                  2311  


------------------------------------------------------------------------------------------------
| Inter Clock Table
| -----------------
------------------------------------------------------------------------------------------------

From Clock    To Clock          WNS(ns)      TNS(ns)  TNS Failing Endpoints  TNS Total Endpoints      WHS(ns)      THS(ns)  THS Failing Endpoints  THS Total Endpoints  
----------    --------          -------      -------  ---------------------  -------------------      -------      -------  ---------------------  -------------------  


------------------------------------------------------------------------------------------------
| Other Path Groups Table
| -----------------------
------------------------------------------------------------------------------------------------

Path Group    From Clock    To Clock          WNS(ns)      TNS(ns)  TNS Failing Endpoints  TNS Total Endpoints      WHS(ns)      THS(ns)  THS Failing Endpoints  THS Total Endpoints  
----------    ----------    --------          -------      -------  ---------------------  -------------------      -------      -------  ---------------------  -------------------  


------------------------------------------------------------------------------------------------
| Timing Details
| --------------
------------------------------------------------------------------------------------------------


---------------------------------------------------------------------------------------------------
From Clock:  clk_i
  To Clock:  clk_i

Setup :            0  Failing Endpoints,  Worst Slack        0.000ns,  Total Violation        0.000ns
Hold  :            0  Failing Endpoints,  Worst Slack        0.042ns,  Total Violation        0.000ns
PW    :            0  Failing Endpoints,  Worst Slack        5.000ns,  Total Violation        0.000ns
---------------------------------------------------------------------------------------------------


Max Delay Paths
--------------------------------------------------------------------------------------
Slack (MET) :             0.000ns  (required time - arrival time)
  Source:                 u_tcm/u_ram/ram_reg_3_2/CLKARDCLK
                            (rising edge-triggered cell RAMB36E1 clocked by clk_i  {rise@0.000ns fall@6.250ns period=12.500ns})
  Destination:            u_core/u_fetch/branch_pc_q_reg[26]/D
                            (rising edge-triggered cell FDCE clocked by clk_i  {rise@0.000ns fall@6.250ns period=12.500ns})
  Path Group:             clk_i
  Path Type:              Setup (Max at Slow Process Corner)
  Requirement:            12.500ns  (clk_i rise@12.500ns - clk_i rise@0.000ns)
  Data Path Delay:        12.344ns  (logic 5.205ns (42.167%)  route 7.139ns (57.832%))
  Logic Levels:           16  (CARRY4=5 LUT2=1 LUT3=1 LUT5=1 LUT6=8)
  Clock Path Skew:        -0.200ns (DCD - SCD + CPR)
    Destination Clock Delay (DCD):    1.480ns = ( 13.980 - 12.500 ) 
    Source Clock Delay      (SCD):    1.795ns
    Clock Pessimism Removal (CPR):    0.115ns
  Clock Uncertainty:      0.035ns  ((TSJ^2 + TIJ^2)^1/2 + DJ) / 2 + PE
    Total System Jitter     (TSJ):    0.071ns
    Total Input Jitter      (TIJ):    0.000ns
    Discrete Jitter          (DJ):    0.000ns
    Phase Error              (PE):    0.000ns

    Location             Delay type                Incr(ns)  Path(ns)    Netlist Resource(s)
  -------------------------------------------------------------------    -------------------
                         (clock clk_i rise edge)      0.000     0.000 r  
                                                      0.000     0.000 r  clk_i (IN)
                         net (fo=2310, unset)         1.795     1.795    u_tcm/u_ram/clk_i
    RAMB36_X1Y0          RAMB36E1                                     r  u_tcm/u_ram/ram_reg_3_2/CLKARDCLK
  -------------------------------------------------------------------    -------------------
    RAMB36_X1Y0          RAMB36E1 (Prop_ramb36e1_CLKARDCLK_DOADO[1])
                                                      2.454     4.249 r  u_tcm/u_ram/ram_reg_3_2/DOADO[1]
                         net (fo=7, routed)           1.188     5.438    u_tcm/u_ram/ram_read1_q[29]
    SLICE_X23Y16         LUT3 (Prop_lut3_I0_O)        0.124     5.562 r  u_tcm/u_ram/early_data_hold_q[29]_i_1/O
                         net (fo=5, routed)           0.882     6.444    u_tcm/u_ram/dport_data_rd_w[29]
    SLICE_X20Y11         LUT6 (Prop_lut6_I0_O)        0.124     6.568 r  u_tcm/u_ram/result_wb_q[13]_i_3/O
                         net (fo=1, routed)           0.668     7.235    u_core/u_lsu/u_lsu_request/result_wb_q_reg[13]
    SLICE_X25Y13         LUT6 (Prop_lut6_I5_O)        0.124     7.359 r  u_core/u_lsu/u_lsu_request/result_wb_q[13]_i_2/O
                         net (fo=2, routed)           0.446     7.806    u_core/u_issue/u_pipe_ctrl/writeback_mem_value_w[13]
    SLICE_X29Y12         LUT6 (Prop_lut6_I5_O)        0.124     7.930 r  u_core/u_issue/u_pipe_ctrl/sub_res_w_carry__2_i_33/O
                         net (fo=2, routed)           0.439     8.369    u_core/u_issue/u_pipe_ctrl/sub_res_w_carry__2_i_33_n_0
    SLICE_X31Y11         LUT6 (Prop_lut6_I2_O)        0.124     8.493 r  u_core/u_issue/u_pipe_ctrl/mem_data_wr_q[29]_i_2/O
                         net (fo=14, routed)          0.947     9.440    u_core/u_issue/u_pipe_ctrl/result_wb_q_reg[15]_0[1]
    SLICE_X31Y17         LUT2 (Prop_lut2_I0_O)        0.124     9.564 r  u_core/u_issue/u_pipe_ctrl/branch_update_valid_q_i_108/O
                         net (fo=1, routed)           0.000     9.564    u_core/u_issue/u_pipe_ctrl/branch_update_valid_q_i_108_n_0
    SLICE_X31Y17         CARRY4 (Prop_carry4_S[1]_CO[3])
                                                      0.550    10.114 r  u_core/u_issue/u_pipe_ctrl/branch_update_valid_q_reg_i_100/CO[3]
                         net (fo=1, routed)           0.000    10.114    u_core/u_issue/u_pipe_ctrl/branch_update_valid_q_reg_i_100_n_0
    SLICE_X31Y18         CARRY4 (Prop_carry4_CI_CO[3])
                                                      0.114    10.228 r  u_core/u_issue/u_pipe_ctrl/branch_update_valid_q_reg_i_91/CO[3]
                         net (fo=1, routed)           0.000    10.228    u_core/u_issue/u_pipe_ctrl/branch_update_valid_q_reg_i_91_n_0
    SLICE_X31Y19         CARRY4 (Prop_carry4_CI_CO[3])
                                                      0.114    10.342 r  u_core/u_issue/u_pipe_ctrl/branch_update_valid_q_reg_i_73/CO[3]
                         net (fo=1, routed)           0.000    10.342    u_core/u_issue/u_pipe_ctrl/branch_update_valid_q_reg_i_73_n_0
    SLICE_X31Y20         CARRY4 (Prop_carry4_CI_CO[3])
                                                      0.114    10.456 r  u_core/u_issue/u_pipe_ctrl/branch_update_valid_q_reg_i_51/CO[3]
                         net (fo=1, routed)           0.000    10.456    u_core/u_issue/u_pipe_ctrl/branch_update_valid_q_reg_i_51_n_0
    SLICE_X31Y21         CARRY4 (Prop_carry4_CI_O[3])
                                                      0.313    10.769 r  u_core/u_issue/u_pipe_ctrl/branch_update_valid_q_reg_i_35/O[3]
                         net (fo=1, routed)           0.298    11.067    u_core/u_issue/u_pipe_ctrl/u_exec/greater_than_signed00_out[31]
    SLICE_X28Y21         LUT5 (Prop_lut5_I4_O)        0.306    11.373 r  u_core/u_issue/u_pipe_ctrl/branch_update_valid_q_i_21_comp/O
                         net (fo=1, routed)           0.304    11.677    u_core/u_decode/branch_update_valid_q_i_6_1
    SLICE_X30Y21         LUT6 (Prop_lut6_I5_O)        0.124    11.801 r  u_core/u_decode/branch_update_valid_q_i_18_comp/O
                         net (fo=8, routed)           0.716    12.516    u_core/u_decode/branch_update_valid_q_i_18_n_0
    SLICE_X32Y22         LUT6 (Prop_lut6_I0_O)        0.124    12.640 r  u_core/u_decode/branch_update_valid_q_i_11/O
                         net (fo=27, routed)          0.772    13.412    u_core/u_decode/branch_update_valid_q_i_11_n_0
    SLICE_X32Y27         LUT6 (Prop_lut6_I2_O)        0.124    13.536 r  u_core/u_decode/branch_pc_q[26]_i_3/O
                         net (fo=1, routed)           0.479    14.015    u_core/u_decode/branch_pc_q[26]_i_3_n_0
    SLICE_X32Y23         LUT6 (Prop_lut6_I5_O)        0.124    14.139 r  u_core/u_decode/branch_pc_q[26]_i_1/O
                         net (fo=1, routed)           0.000    14.139    u_core/u_fetch/D[24]
    SLICE_X32Y23         FDCE                                         r  u_core/u_fetch/branch_pc_q_reg[26]/D
  -------------------------------------------------------------------    -------------------

                         (clock clk_i rise edge)     12.500    12.500 r  
                                                      0.000    12.500 r  clk_i (IN)
                         net (fo=2310, unset)         1.480    13.980    u_core/u_fetch/clk_i
    SLICE_X32Y23         FDCE                                         r  u_core/u_fetch/branch_pc_q_reg[26]/C
                         clock pessimism              0.115    14.095    
                         clock uncertainty           -0.035    14.060    
    SLICE_X32Y23         FDCE (Setup_fdce_C_D)        0.079    14.139    u_core/u_fetch/branch_pc_q_reg[26]
  -------------------------------------------------------------------
                         required time                         14.139    
                         arrival time                         -14.139    
  -------------------------------------------------------------------
                         slack                                  0.000    

Slack (MET) :             0.001ns  (required time - arrival time)
  Source:                 u_tcm/u_ram/ram_reg_3_2/CLKARDCLK
                            (rising edge-triggered cell RAMB36E1 clocked by clk_i  {rise@0.000ns fall@6.250ns period=12.500ns})
  Destination:            u_core/u_fetch/branch_pc_q_reg[17]/D
                            (rising edge-triggered cell FDCE clocked by clk_i  {rise@0.000ns fall@6.250ns period=12.500ns})
  Path Group:             clk_i
  Path Type:              Setup (Max at Slow Process Corner)
  Requirement:            12.500ns  (clk_i rise@12.500ns - clk_i rise@0.000ns)
  Data Path Delay:        12.341ns  (logic 5.205ns (42.178%)  route 7.136ns (57.822%))
  Logic Levels:           16  (CARRY4=5 LUT2=1 LUT3=1 LUT5=1 LUT6=8)
  Clock Path Skew:        -0.202ns (DCD - SCD + CPR)
    Destination Clock Delay (DCD):    1.478ns = ( 13.978 - 12.500 ) 
    Source Clock Delay      (SCD):    1.795ns
    Clock Pessimism Removal (CPR):    0.115ns
  Clock Uncertainty:      0.035ns  ((TSJ^2 + TIJ^2)^1/2 + DJ) / 2 + PE
    Total System Jitter     (TSJ):    0.071ns
    Total Input Jitter      (TIJ):    0.000ns
    Discrete Jitter          (DJ):    0.000ns
    Phase Error              (PE):    0.000ns

    Location             Delay type                Incr(ns)  Path(ns)    Netlist Resource(s)
  -------------------------------------------------------------------    -------------------
                         (clock clk_i rise edge)      0.000     0.000 r  
                                                      0.000     0.000 r  clk_i (IN)
                         net (fo=2310, unset)         1.795     1.795    u_tcm/u_ram/clk_i
    RAMB36_X1Y0          RAMB36E1                                     r  u_tcm/u_ram/ram_reg_3_2/CLKARDCLK
  -------------------------------------------------------------------    -------------------
    RAMB36_X1Y0          RAMB36E1 (Prop_ramb36e1_CLKARDCLK_DOADO[1])
                                                      2.454     4.249 r  u_tcm/u_ram/ram_reg_3_2/DOADO[1]
                         net (fo=7, routed)           1.188     5.438    u_tcm/u_ram/ram_read1_q[29]
    SLICE_X23Y16         LUT3 (Prop_lut3_I0_O)        0.124     5.562 r  u_tcm/u_ram/early_data_hold_q[29]_i_1/O
                         net (fo=5, routed)           0.882     6.444    u_tcm/u_ram/dport_data_rd_w[29]
    SLICE_X20Y11         LUT6 (Prop_lut6_I0_O)        0.124     6.568 r  u_tcm/u_ram/result_wb_q[13]_i_3/O
                         net (fo=1, routed)           0.668     7.235    u_core/u_lsu/u_lsu_request/result_wb_q_reg[13]
    SLICE_X25Y13         LUT6 (Prop_lut6_I5_O)        0.124     7.359 r  u_core/u_lsu/u_lsu_request/result_wb_q[13]_i_2/O
                         net (fo=2, routed)           0.446     7.806    u_core/u_issue/u_pipe_ctrl/writeback_mem_value_w[13]
    SLICE_X29Y12         LUT6 (Prop_lut6_I5_O)        0.124     7.930 r  u_core/u_issue/u_pipe_ctrl/sub_res_w_carry__2_i_33/O
                         net (fo=2, routed)           0.439     8.369    u_core/u_issue/u_pipe_ctrl/sub_res_w_carry__2_i_33_n_0
    SLICE_X31Y11         LUT6 (Prop_lut6_I2_O)        0.124     8.493 r  u_core/u_issue/u_pipe_ctrl/mem_data_wr_q[29]_i_2/O
                         net (fo=14, routed)          0.947     9.440    u_core/u_issue/u_pipe_ctrl/result_wb_q_reg[15]_0[1]
    SLICE_X31Y17         LUT2 (Prop_lut2_I0_O)        0.124     9.564 r  u_core/u_issue/u_pipe_ctrl/branch_update_valid_q_i_108/O
                         net (fo=1, routed)           0.000     9.564    u_core/u_issue/u_pipe_ctrl/branch_update_valid_q_i_108_n_0
    SLICE_X31Y17         CARRY4 (Prop_carry4_S[1]_CO[3])
                                                      0.550    10.114 r  u_core/u_issue/u_pipe_ctrl/branch_update_valid_q_reg_i_100/CO[3]
                         net (fo=1, routed)           0.000    10.114    u_core/u_issue/u_pipe_ctrl/branch_update_valid_q_reg_i_100_n_0
    SLICE_X31Y18         CARRY4 (Prop_carry4_CI_CO[3])
                                                      0.114    10.228 r  u_core/u_issue/u_pipe_ctrl/branch_update_valid_q_reg_i_91/CO[3]
                         net (fo=1, routed)           0.000    10.228    u_core/u_issue/u_pipe_ctrl/branch_update_valid_q_reg_i_91_n_0
    SLICE_X31Y19         CARRY4 (Prop_carry4_CI_CO[3])
                                                      0.114    10.342 r  u_core/u_issue/u_pipe_ctrl/branch_update_valid_q_reg_i_73/CO[3]
                         net (fo=1, routed)           0.000    10.342    u_core/u_issue/u_pipe_ctrl/branch_update_valid_q_reg_i_73_n_0
    SLICE_X31Y20         CARRY4 (Prop_carry4_CI_CO[3])
                                                      0.114    10.456 r  u_core/u_issue/u_pipe_ctrl/branch_update_valid_q_reg_i_51/CO[3]
                         net (fo=1, routed)           0.000    10.456    u_core/u_issue/u_pipe_ctrl/branch_update_valid_q_reg_i_51_n_0
    SLICE_X31Y21         CARRY4 (Prop_carry4_CI_O[3])
                                                      0.313    10.769 r  u_core/u_issue/u_pipe_ctrl/branch_update_valid_q_reg_i_35/O[3]
                         net (fo=1, routed)           0.298    11.067    u_core/u_issue/u_pipe_ctrl/u_exec/greater_than_signed00_out[31]
    SLICE_X28Y21         LUT5 (Prop_lut5_I4_O)        0.306    11.373 r  u_core/u_issue/u_pipe_ctrl/branch_update_valid_q_i_21_comp/O
                         net (fo=1, routed)           0.304    11.677    u_core/u_decode/branch_update_valid_q_i_6_1
    SLICE_X30Y21         LUT6 (Prop_lut6_I5_O)        0.124    11.801 r  u_core/u_decode/branch_update_valid_q_i_18_comp/O
                         net (fo=8, routed)           0.716    12.516    u_core/u_decode/branch_update_valid_q_i_18_n_0
    SLICE_X32Y22         LUT6 (Prop_lut6_I0_O)        0.124    12.640 r  u_core/u_decode/branch_update_valid_q_i_11/O
                         net (fo=27, routed)          0.767    13.408    u_core/u_decode/branch_update_valid_q_i_11_n_0
    SLICE_X34Y26         LUT6 (Prop_lut6_I2_O)        0.124    13.532 r  u_core/u_decode/branch_pc_q[17]_i_3/O
                         net (fo=1, routed)           0.480    14.012    u_core/u_decode/branch_pc_q[17]_i_3_n_0
    SLICE_X32Y24         LUT6 (Prop_lut6_I5_O)        0.124    14.136 r  u_core/u_decode/branch_pc_q[17]_i_1/O
                         net (fo=1, routed)           0.000    14.136    u_core/u_fetch/D[15]
    SLICE_X32Y24         FDCE                                         r  u_core/u_fetch/branch_pc_q_reg[17]/D
  -------------------------------------------------------------------    -------------------

                         (clock clk_i rise edge)     12.500    12.500 r  
                                                      0.000    12.500 r  clk_i (IN)
                         net (fo=2310, unset)         1.478    13.978    u_core/u_fetch/clk_i
    SLICE_X32Y24         FDCE                                         r  u_core/u_fetch/branch_pc_q_reg[17]/C
                         clock pessimism              0.115    14.093    
                         clock uncertainty           -0.035    14.058    
    SLICE_X32Y24         FDCE (Setup_fdce_C_D)        0.079    14.137    u_core/u_fetch/branch_pc_q_reg[17]
  -------------------------------------------------------------------
                         required time                         14.137    
                         arrival time                         -14.136    
  -------------------------------------------------------------------
                         slack                                  0.001    

Slack (MET) :             0.008ns  (required time - arrival time)
  Source:                 u_tcm/u_ram/ram_reg_3_2/CLKARDCLK
                            (rising edge-triggered cell RAMB36E1 clocked by clk_i  {rise@0.000ns fall@6.250ns period=12.500ns})
  Destination:            u_core/u_fetch/branch_pc_q_reg[16]/D
                            (rising edge-triggered cell FDCE clocked by clk_i  {rise@0.000ns fall@6.250ns period=12.500ns})
  Path Group:             clk_i
  Path Type:              Setup (Max at Slow Process Corner)
  Requirement:            12.500ns  (clk_i rise@12.500ns - clk_i rise@0.000ns)
  Data Path Delay:        12.332ns  (logic 5.205ns (42.207%)  route 7.127ns (57.793%))
  Logic Levels:           16  (CARRY4=5 LUT2=1 LUT3=1 LUT5=1 LUT6=8)
  Clock Path Skew:        -0.201ns (DCD - SCD + CPR)
    Destination Clock Delay (DCD):    1.479ns = ( 13.979 - 12.500 ) 
    Source Clock Delay      (SCD):    1.795ns
    Clock Pessimism Removal (CPR):    0.115ns
  Clock Uncertainty:      0.035ns  ((TSJ^2 + TIJ^2)^1/2 + DJ) / 2 + PE
    Total System Jitter     (TSJ):    0.071ns
    Total Input Jitter      (TIJ):    0.000ns
    Discrete Jitter          (DJ):    0.000ns
    Phase Error              (PE):    0.000ns

    Location             Delay type                Incr(ns)  Path(ns)    Netlist Resource(s)
  -------------------------------------------------------------------    -------------------
                         (clock clk_i rise edge)      0.000     0.000 r  
                                                      0.000     0.000 r  clk_i (IN)
                         net (fo=2310, unset)         1.795     1.795    u_tcm/u_ram/clk_i
    RAMB36_X1Y0          RAMB36E1                                     r  u_tcm/u_ram/ram_reg_3_2/CLKARDCLK
  -------------------------------------------------------------------    -------------------
    RAMB36_X1Y0          RAMB36E1 (Prop_ramb36e1_CLKARDCLK_DOADO[1])
                                                      2.454     4.249 r  u_tcm/u_ram/ram_reg_3_2/DOADO[1]
                         net (fo=7, routed)           1.188     5.438    u_tcm/u_ram/ram_read1_q[29]
    SLICE_X23Y16         LUT3 (Prop_lut3_I0_O)        0.124     5.562 r  u_tcm/u_ram/early_data_hold_q[29]_i_1/O
                         net (fo=5, routed)           0.882     6.444    u_tcm/u_ram/dport_data_rd_w[29]
    SLICE_X20Y11         LUT6 (Prop_lut6_I0_O)        0.124     6.568 r  u_tcm/u_ram/result_wb_q[13]_i_3/O
                         net (fo=1, routed)           0.668     7.235    u_core/u_lsu/u_lsu_request/result_wb_q_reg[13]
    SLICE_X25Y13         LUT6 (Prop_lut6_I5_O)        0.124     7.359 r  u_core/u_lsu/u_lsu_request/result_wb_q[13]_i_2/O
                         net (fo=2, routed)           0.446     7.806    u_core/u_issue/u_pipe_ctrl/writeback_mem_value_w[13]
    SLICE_X29Y12         LUT6 (Prop_lut6_I5_O)        0.124     7.930 r  u_core/u_issue/u_pipe_ctrl/sub_res_w_carry__2_i_33/O
                         net (fo=2, routed)           0.439     8.369    u_core/u_issue/u_pipe_ctrl/sub_res_w_carry__2_i_33_n_0
    SLICE_X31Y11         LUT6 (Prop_lut6_I2_O)        0.124     8.493 r  u_core/u_issue/u_pipe_ctrl/mem_data_wr_q[29]_i_2/O
                         net (fo=14, routed)          0.947     9.440    u_core/u_issue/u_pipe_ctrl/result_wb_q_reg[15]_0[1]
    SLICE_X31Y17         LUT2 (Prop_lut2_I0_O)        0.124     9.564 r  u_core/u_issue/u_pipe_ctrl/branch_update_valid_q_i_108/O
                         net (fo=1, routed)           0.000     9.564    u_core/u_issue/u_pipe_ctrl/branch_update_valid_q_i_108_n_0
    SLICE_X31Y17         CARRY4 (Prop_carry4_S[1]_CO[3])
                                                      0.550    10.114 r  u_core/u_issue/u_pipe_ctrl/branch_update_valid_q_reg_i_100/CO[3]
                         net (fo=1, routed)           0.000    10.114    u_core/u_issue/u_pipe_ctrl/branch_update_valid_q_reg_i_100_n_0
    SLICE_X31Y18         CARRY4 (Prop_carry4_CI_CO[3])
                                                      0.114    10.228 r  u_core/u_issue/u_pipe_ctrl/branch_update_valid_q_reg_i_91/CO[3]
                         net (fo=1, routed)           0.000    10.228    u_core/u_issue/u_pipe_ctrl/branch_update_valid_q_reg_i_91_n_0
    SLICE_X31Y19         CARRY4 (Prop_carry4_CI_CO[3])
                                                      0.114    10.342 r  u_core/u_issue/u_pipe_ctrl/branch_update_valid_q_reg_i_73/CO[3]
                         net (fo=1, routed)           0.000    10.342    u_core/u_issue/u_pipe_ctrl/branch_update_valid_q_reg_i_73_n_0
    SLICE_X31Y20         CARRY4 (Prop_carry4_CI_CO[3])
                                                      0.114    10.456 r  u_core/u_issue/u_pipe_ctrl/branch_update_valid_q_reg_i_51/CO[3]
                         net (fo=1, routed)           0.000    10.456    u_core/u_issue/u_pipe_ctrl/branch_update_valid_q_reg_i_51_n_0
    SLICE_X31Y21         CARRY4 (Prop_carry4_CI_O[3])
                                                      0.313    10.769 r  u_core/u_issue/u_pipe_ctrl/branch_update_valid_q_reg_i_35/O[3]
                         net (fo=1, routed)           0.298    11.067    u_core/u_issue/u_pipe_ctrl/u_exec/greater_than_signed00_out[31]
    SLICE_X28Y21         LUT5 (Prop_lut5_I4_O)        0.306    11.373 r  u_core/u_issue/u_pipe_ctrl/branch_update_valid_q_i_21_comp/O
                         net (fo=1, routed)           0.304    11.677    u_core/u_decode/branch_update_valid_q_i_6_1
    SLICE_X30Y21         LUT6 (Prop_lut6_I5_O)        0.124    11.801 r  u_core/u_decode/branch_update_valid_q_i_18_comp/O
                         net (fo=8, routed)           0.716    12.516    u_core/u_decode/branch_update_valid_q_i_18_n_0
    SLICE_X32Y22         LUT6 (Prop_lut6_I0_O)        0.124    12.640 r  u_core/u_decode/branch_update_valid_q_i_11/O
                         net (fo=27, routed)          0.752    13.392    u_core/u_decode/branch_update_valid_q_i_11_n_0
    SLICE_X33Y26         LUT6 (Prop_lut6_I2_O)        0.124    13.516 r  u_core/u_decode/branch_pc_q[16]_i_3/O
                         net (fo=1, routed)           0.487    14.004    u_core/u_decode/branch_pc_q[16]_i_3_n_0
    SLICE_X34Y24         LUT6 (Prop_lut6_I5_O)        0.124    14.128 r  u_core/u_decode/branch_pc_q[16]_i_1/O
                         net (fo=1, routed)           0.000    14.128    u_core/u_fetch/D[14]
    SLICE_X34Y24         FDCE                                         r  u_core/u_fetch/branch_pc_q_reg[16]/D
  -------------------------------------------------------------------    -------------------

                         (clock clk_i rise edge)     12.500    12.500 r  
                                                      0.000    12.500 r  clk_i (IN)
                         net (fo=2310, unset)         1.479    13.979    u_core/u_fetch/clk_i
    SLICE_X34Y24         FDCE                                         r  u_core/u_fetch/branch_pc_q_reg[16]/C
                         clock pessimism              0.115    14.094    
                         clock uncertainty           -0.035    14.059    
    SLICE_X34Y24         FDCE (Setup_fdce_C_D)        0.077    14.136    u_core/u_fetch/branch_pc_q_reg[16]
  -------------------------------------------------------------------
                         required time                         14.136    
                         arrival time                         -14.128    
  -------------------------------------------------------------------
                         slack                                  0.008    

Slack (MET) :             0.008ns  (required time - arrival time)
  Source:                 u_tcm/u_ram/ram_reg_3_2/CLKARDCLK
                            (rising edge-triggered cell RAMB36E1 clocked by clk_i  {rise@0.000ns fall@6.250ns period=12.500ns})
  Destination:            u_core/u_fetch/branch_pc_q_reg[23]/D
                            (rising edge-triggered cell FDCE clocked by clk_i  {rise@0.000ns fall@6.250ns period=12.500ns})
  Path Group:             clk_i
  Path Type:              Setup (Max at Slow Process Corner)
  Requirement:            12.500ns  (clk_i rise@12.500ns - clk_i rise@0.000ns)
  Data Path Delay:        12.338ns  (logic 5.205ns (42.187%)  route 7.133ns (57.813%))
  Logic Levels:           16  (CARRY4=5 LUT2=1 LUT3=1 LUT5=1 LUT6=8)
  Clock Path Skew:        -0.199ns (DCD - SCD + CPR)
    Destination Clock Delay (DCD):    1.481ns = ( 13.981 - 12.500 ) 
    Source Clock Delay      (SCD):    1.795ns
    Clock Pessimism Removal (CPR):    0.115ns
  Clock Uncertainty:      0.035ns  ((TSJ^2 + TIJ^2)^1/2 + DJ) / 2 + PE
    Total System Jitter     (TSJ):    0.071ns
    Total Input Jitter      (TIJ):    0.000ns
    Discrete Jitter          (DJ):    0.000ns
    Phase Error              (PE):    0.000ns

    Location             Delay type                Incr(ns)  Path(ns)    Netlist Resource(s)
  -------------------------------------------------------------------    -------------------
                         (clock clk_i rise edge)      0.000     0.000 r  
                                                      0.000     0.000 r  clk_i (IN)
                         net (fo=2310, unset)         1.795     1.795    u_tcm/u_ram/clk_i
    RAMB36_X1Y0          RAMB36E1                                     r  u_tcm/u_ram/ram_reg_3_2/CLKARDCLK
  -------------------------------------------------------------------    -------------------
    RAMB36_X1Y0          RAMB36E1 (Prop_ramb36e1_CLKARDCLK_DOADO[1])
                                                      2.454     4.249 r  u_tcm/u_ram/ram_reg_3_2/DOADO[1]
                         net (fo=7, routed)           1.188     5.438    u_tcm/u_ram/ram_read1_q[29]
    SLICE_X23Y16         LUT3 (Prop_lut3_I0_O)        0.124     5.562 r  u_tcm/u_ram/early_data_hold_q[29]_i_1/O
                         net (fo=5, routed)           0.882     6.444    u_tcm/u_ram/dport_data_rd_w[29]
    SLICE_X20Y11         LUT6 (Prop_lut6_I0_O)        0.124     6.568 r  u_tcm/u_ram/result_wb_q[13]_i_3/O
                         net (fo=1, routed)           0.668     7.235    u_core/u_lsu/u_lsu_request/result_wb_q_reg[13]
    SLICE_X25Y13         LUT6 (Prop_lut6_I5_O)        0.124     7.359 r  u_core/u_lsu/u_lsu_request/result_wb_q[13]_i_2/O
                         net (fo=2, routed)           0.446     7.806    u_core/u_issue/u_pipe_ctrl/writeback_mem_value_w[13]
    SLICE_X29Y12         LUT6 (Prop_lut6_I5_O)        0.124     7.930 r  u_core/u_issue/u_pipe_ctrl/sub_res_w_carry__2_i_33/O
                         net (fo=2, routed)           0.439     8.369    u_core/u_issue/u_pipe_ctrl/sub_res_w_carry__2_i_33_n_0
    SLICE_X31Y11         LUT6 (Prop_lut6_I2_O)        0.124     8.493 r  u_core/u_issue/u_pipe_ctrl/mem_data_wr_q[29]_i_2/O
                         net (fo=14, routed)          0.947     9.440    u_core/u_issue/u_pipe_ctrl/result_wb_q_reg[15]_0[1]
    SLICE_X31Y17         LUT2 (Prop_lut2_I0_O)        0.124     9.564 r  u_core/u_issue/u_pipe_ctrl/branch_update_valid_q_i_108/O
                         net (fo=1, routed)           0.000     9.564    u_core/u_issue/u_pipe_ctrl/branch_update_valid_q_i_108_n_0
    SLICE_X31Y17         CARRY4 (Prop_carry4_S[1]_CO[3])
                                                      0.550    10.114 r  u_core/u_issue/u_pipe_ctrl/branch_update_valid_q_reg_i_100/CO[3]
                         net (fo=1, routed)           0.000    10.114    u_core/u_issue/u_pipe_ctrl/branch_update_valid_q_reg_i_100_n_0
    SLICE_X31Y18         CARRY4 (Prop_carry4_CI_CO[3])
                                                      0.114    10.228 r  u_core/u_issue/u_pipe_ctrl/branch_update_valid_q_reg_i_91/CO[3]
                         net (fo=1, routed)           0.000    10.228    u_core/u_issue/u_pipe_ctrl/branch_update_valid_q_reg_i_91_n_0
    SLICE_X31Y19         CARRY4 (Prop_carry4_CI_CO[3])
                                                      0.114    10.342 r  u_core/u_issue/u_pipe_ctrl/branch_update_valid_q_reg_i_73/CO[3]
                         net (fo=1, routed)           0.000    10.342    u_core/u_issue/u_pipe_ctrl/branch_update_valid_q_reg_i_73_n_0
    SLICE_X31Y20         CARRY4 (Prop_carry4_CI_CO[3])
                                                      0.114    10.456 r  u_core/u_issue/u_pipe_ctrl/branch_update_valid_q_reg_i_51/CO[3]
                         net (fo=1, routed)           0.000    10.456    u_core/u_issue/u_pipe_ctrl/branch_update_valid_q_reg_i_51_n_0
    SLICE_X31Y21         CARRY4 (Prop_carry4_CI_O[3])
                                                      0.313    10.769 r  u_core/u_issue/u_pipe_ctrl/branch_update_valid_q_reg_i_35/O[3]
                         net (fo=1, routed)           0.298    11.067    u_core/u_issue/u_pipe_ctrl/u_exec/greater_than_signed00_out[31]
    SLICE_X28Y21         LUT5 (Prop_lut5_I4_O)        0.306    11.373 r  u_core/u_issue/u_pipe_ctrl/branch_update_valid_q_i_21_comp/O
                         net (fo=1, routed)           0.304    11.677    u_core/u_decode/branch_update_valid_q_i_6_1
    SLICE_X30Y21         LUT6 (Prop_lut6_I5_O)        0.124    11.801 r  u_core/u_decode/branch_update_valid_q_i_18_comp/O
                         net (fo=8, routed)           0.716    12.516    u_core/u_decode/branch_update_valid_q_i_18_n_0
    SLICE_X32Y22         LUT6 (Prop_lut6_I0_O)        0.124    12.640 r  u_core/u_decode/branch_update_valid_q_i_11/O
                         net (fo=27, routed)          0.768    13.409    u_core/u_decode/branch_update_valid_q_i_11_n_0
    SLICE_X34Y26         LUT6 (Prop_lut6_I2_O)        0.124    13.533 r  u_core/u_decode/branch_pc_q[23]_i_3/O
                         net (fo=1, routed)           0.477    14.009    u_core/u_decode/branch_pc_q[23]_i_3_n_0
    SLICE_X34Y23         LUT6 (Prop_lut6_I5_O)        0.124    14.133 r  u_core/u_decode/branch_pc_q[23]_i_1/O
                         net (fo=1, routed)           0.000    14.133    u_core/u_fetch/D[21]
    SLICE_X34Y23         FDCE                                         r  u_core/u_fetch/branch_pc_q_reg[23]/D
  -------------------------------------------------------------------    -------------------

                         (clock clk_i rise edge)     12.500    12.500 r  
                                                      0.000    12.500 r  clk_i (IN)
                         net (fo=2310, unset)         1.481    13.981    u_core/u_fetch/clk_i
    SLICE_X34Y23         FDCE                                         r  u_core/u_fetch/branch_pc_q_reg[23]/C
                         clock pessimism              0.115    14.096    
                         clock uncertainty           -0.035    14.061    
    SLICE_X34Y23         FDCE (Setup_fdce_C_D)        0.081    14.142    u_core/u_fetch/branch_pc_q_reg[23]
  -------------------------------------------------------------------
                         required time                         14.142    
                         arrival time                         -14.133    
  -------------------------------------------------------------------
                         slack                                  0.008    

Slack (MET) :             0.045ns  (required time - arrival time)
  Source:                 u_tcm/u_ram/ram_reg_3_2/CLKARDCLK
                            (rising edge-triggered cell RAMB36E1 clocked by clk_i  {rise@0.000ns fall@6.250ns period=12.500ns})
  Destination:            u_core/u_fetch/branch_pc_q_reg[5]/D
                            (rising edge-triggered cell FDCE clocked by clk_i  {rise@0.000ns fall@6.250ns period=12.500ns})
  Path Group:             clk_i
  Path Type:              Setup (Max at Slow Process Corner)
  Requirement:            12.500ns  (clk_i rise@12.500ns - clk_i rise@0.000ns)
  Data Path Delay:        12.298ns  (logic 5.205ns (42.324%)  route 7.093ns (57.676%))
  Logic Levels:           16  (CARRY4=5 LUT2=1 LUT3=1 LUT5=1 LUT6=8)
  Clock Path Skew:        -0.200ns (DCD - SCD + CPR)
    Destination Clock Delay (DCD):    1.480ns = ( 13.980 - 12.500 ) 
    Source Clock Delay      (SCD):    1.795ns
    Clock Pessimism Removal (CPR):    0.115ns
  Clock Uncertainty:      0.035ns  ((TSJ^2 + TIJ^2)^1/2 + DJ) / 2 + PE
    Total System Jitter     (TSJ):    0.071ns
    Total Input Jitter      (TIJ):    0.000ns
    Discrete Jitter          (DJ):    0.000ns
    Phase Error              (PE):    0.000ns

    Location             Delay type                Incr(ns)  Path(ns)    Netlist Resource(s)
  -------------------------------------------------------------------    -------------------
                         (clock clk_i rise edge)      0.000     0.000 r  
                                                      0.000     0.000 r  clk_i (IN)
                         net (fo=2310, unset)         1.795     1.795    u_tcm/u_ram/clk_i
    RAMB36_X1Y0          RAMB36E1                                     r  u_tcm/u_ram/ram_reg_3_2/CLKARDCLK
  -------------------------------------------------------------------    -------------------
    RAMB36_X1Y0          RAMB36E1 (Prop_ramb36e1_CLKARDCLK_DOADO[1])
                                                      2.454     4.249 r  u_tcm/u_ram/ram_reg_3_2/DOADO[1]
                         net (fo=7, routed)           1.188     5.438    u_tcm/u_ram/ram_read1_q[29]
    SLICE_X23Y16         LUT3 (Prop_lut3_I0_O)        0.124     5.562 r  u_tcm/u_ram/early_data_hold_q[29]_i_1/O
                         net (fo=5, routed)           0.882     6.444    u_tcm/u_ram/dport_data_rd_w[29]
    SLICE_X20Y11         LUT6 (Prop_lut6_I0_O)        0.124     6.568 r  u_tcm/u_ram/result_wb_q[13]_i_3/O
                         net (fo=1, routed)           0.668     7.235    u_core/u_lsu/u_lsu_request/result_wb_q_reg[13]
    SLICE_X25Y13         LUT6 (Prop_lut6_I5_O)        0.124     7.359 r  u_core/u_lsu/u_lsu_request/result_wb_q[13]_i_2/O
                         net (fo=2, routed)           0.446     7.806    u_core/u_issue/u_pipe_ctrl/writeback_mem_value_w[13]
    SLICE_X29Y12         LUT6 (Prop_lut6_I5_O)        0.124     7.930 r  u_core/u_issue/u_pipe_ctrl/sub_res_w_carry__2_i_33/O
                         net (fo=2, routed)           0.439     8.369    u_core/u_issue/u_pipe_ctrl/sub_res_w_carry__2_i_33_n_0
    SLICE_X31Y11         LUT6 (Prop_lut6_I2_O)        0.124     8.493 r  u_core/u_issue/u_pipe_ctrl/mem_data_wr_q[29]_i_2/O
                         net (fo=14, routed)          0.947     9.440    u_core/u_issue/u_pipe_ctrl/result_wb_q_reg[15]_0[1]
    SLICE_X31Y17         LUT2 (Prop_lut2_I0_O)        0.124     9.564 r  u_core/u_issue/u_pipe_ctrl/branch_update_valid_q_i_108/O
                         net (fo=1, routed)           0.000     9.564    u_core/u_issue/u_pipe_ctrl/branch_update_valid_q_i_108_n_0
    SLICE_X31Y17         CARRY4 (Prop_carry4_S[1]_CO[3])
                                                      0.550    10.114 r  u_core/u_issue/u_pipe_ctrl/branch_update_valid_q_reg_i_100/CO[3]
                         net (fo=1, routed)           0.000    10.114    u_core/u_issue/u_pipe_ctrl/branch_update_valid_q_reg_i_100_n_0
    SLICE_X31Y18         CARRY4 (Prop_carry4_CI_CO[3])
                                                      0.114    10.228 r  u_core/u_issue/u_pipe_ctrl/branch_update_valid_q_reg_i_91/CO[3]
                         net (fo=1, routed)           0.000    10.228    u_core/u_issue/u_pipe_ctrl/branch_update_valid_q_reg_i_91_n_0
    SLICE_X31Y19         CARRY4 (Prop_carry4_CI_CO[3])
                                                      0.114    10.342 r  u_core/u_issue/u_pipe_ctrl/branch_update_valid_q_reg_i_73/CO[3]
                         net (fo=1, routed)           0.000    10.342    u_core/u_issue/u_pipe_ctrl/branch_update_valid_q_reg_i_73_n_0
    SLICE_X31Y20         CARRY4 (Prop_carry4_CI_CO[3])
                                                      0.114    10.456 r  u_core/u_issue/u_pipe_ctrl/branch_update_valid_q_reg_i_51/CO[3]
                         net (fo=1, routed)           0.000    10.456    u_core/u_issue/u_pipe_ctrl/branch_update_valid_q_reg_i_51_n_0
    SLICE_X31Y21         CARRY4 (Prop_carry4_CI_O[3])
                                                      0.313    10.769 r  u_core/u_issue/u_pipe_ctrl/branch_update_valid_q_reg_i_35/O[3]
                         net (fo=1, routed)           0.298    11.067    u_core/u_issue/u_pipe_ctrl/u_exec/greater_than_signed00_out[31]
    SLICE_X28Y21         LUT5 (Prop_lut5_I4_O)        0.306    11.373 r  u_core/u_issue/u_pipe_ctrl/branch_update_valid_q_i_21_comp/O
                         net (fo=1, routed)           0.304    11.677    u_core/u_decode/branch_update_valid_q_i_6_1
    SLICE_X30Y21         LUT6 (Prop_lut6_I5_O)        0.124    11.801 r  u_core/u_decode/branch_update_valid_q_i_18_comp/O
                         net (fo=8, routed)           0.716    12.516    u_core/u_decode/branch_update_valid_q_i_18_n_0
    SLICE_X32Y22         LUT6 (Prop_lut6_I0_O)        0.124    12.640 r  u_core/u_decode/branch_update_valid_q_i_11/O
                         net (fo=27, routed)          0.764    13.404    u_core/u_decode/branch_update_valid_q_i_11_n_0
    SLICE_X33Y27         LUT6 (Prop_lut6_I2_O)        0.124    13.528 r  u_core/u_decode/branch_pc_q[5]_i_3/O
                         net (fo=1, routed)           0.441    13.969    u_core/u_decode/branch_pc_q[5]_i_3_n_0
    SLICE_X32Y26         LUT6 (Prop_lut6_I5_O)        0.124    14.093 r  u_core/u_decode/branch_pc_q[5]_i_1/O
                         net (fo=1, routed)           0.000    14.093    u_core/u_fetch/D[3]
    SLICE_X32Y26         FDCE                                         r  u_core/u_fetch/branch_pc_q_reg[5]/D
  -------------------------------------------------------------------    -------------------

                         (clock clk_i rise edge)     12.500    12.500 r  
                                                      0.000    12.500 r  clk_i (IN)
                         net (fo=2310, unset)         1.480    13.980    u_core/u_fetch/clk_i
    SLICE_X32Y26         FDCE                                         r  u_core/u_fetch/branch_pc_q_reg[5]/C
                         clock pessimism              0.115    14.095    
                         clock uncertainty           -0.035    14.060    
    SLICE_X32Y26         FDCE (Setup_fdce_C_D)        0.079    14.139    u_core/u_fetch/branch_pc_q_reg[5]
  -------------------------------------------------------------------
                         required time                         14.139    
                         arrival time                         -14.093    
  -------------------------------------------------------------------
                         slack                                  0.045    

Slack (MET) :             0.062ns  (required time - arrival time)
  Source:                 u_tcm/u_ram/ram_reg_3_2/CLKARDCLK
                            (rising edge-triggered cell RAMB36E1 clocked by clk_i  {rise@0.000ns fall@6.250ns period=12.500ns})
  Destination:            u_core/u_fetch/branch_pc_q_reg[28]/D
                            (rising edge-triggered cell FDCE clocked by clk_i  {rise@0.000ns fall@6.250ns period=12.500ns})
  Path Group:             clk_i
  Path Type:              Setup (Max at Slow Process Corner)
  Requirement:            12.500ns  (clk_i rise@12.500ns - clk_i rise@0.000ns)
  Data Path Delay:        12.281ns  (logic 5.205ns (42.383%)  route 7.076ns (57.617%))
  Logic Levels:           16  (CARRY4=5 LUT2=1 LUT3=1 LUT5=1 LUT6=8)
  Clock Path Skew:        -0.198ns (DCD - SCD + CPR)
    Destination Clock Delay (DCD):    1.482ns = ( 13.982 - 12.500 ) 
    Source Clock Delay      (SCD):    1.795ns
    Clock Pessimism Removal (CPR):    0.115ns
  Clock Uncertainty:      0.035ns  ((TSJ^2 + TIJ^2)^1/2 + DJ) / 2 + PE
    Total System Jitter     (TSJ):    0.071ns
    Total Input Jitter      (TIJ):    0.000ns
    Discrete Jitter          (DJ):    0.000ns
    Phase Error              (PE):    0.000ns

    Location             Delay type                Incr(ns)  Path(ns)    Netlist Resource(s)
  -------------------------------------------------------------------    -------------------
                         (clock clk_i rise edge)      0.000     0.000 r  
                                                      0.000     0.000 r  clk_i (IN)
                         net (fo=2310, unset)         1.795     1.795    u_tcm/u_ram/clk_i
    RAMB36_X1Y0          RAMB36E1                                     r  u_tcm/u_ram/ram_reg_3_2/CLKARDCLK
  -------------------------------------------------------------------    -------------------
    RAMB36_X1Y0          RAMB36E1 (Prop_ramb36e1_CLKARDCLK_DOADO[1])
                                                      2.454     4.249 r  u_tcm/u_ram/ram_reg_3_2/DOADO[1]
                         net (fo=7, routed)           1.188     5.438    u_tcm/u_ram/ram_read1_q[29]
    SLICE_X23Y16         LUT3 (Prop_lut3_I0_O)        0.124     5.562 r  u_tcm/u_ram/early_data_hold_q[29]_i_1/O
                         net (fo=5, routed)           0.882     6.444    u_tcm/u_ram/dport_data_rd_w[29]
    SLICE_X20Y11         LUT6 (Prop_lut6_I0_O)        0.124     6.568 r  u_tcm/u_ram/result_wb_q[13]_i_3/O
                         net (fo=1, routed)           0.668     7.235    u_core/u_lsu/u_lsu_request/result_wb_q_reg[13]
    SLICE_X25Y13         LUT6 (Prop_lut6_I5_O)        0.124     7.359 r  u_core/u_lsu/u_lsu_request/result_wb_q[13]_i_2/O
                         net (fo=2, routed)           0.446     7.806    u_core/u_issue/u_pipe_ctrl/writeback_mem_value_w[13]
    SLICE_X29Y12         LUT6 (Prop_lut6_I5_O)        0.124     7.930 r  u_core/u_issue/u_pipe_ctrl/sub_res_w_carry__2_i_33/O
                         net (fo=2, routed)           0.439     8.369    u_core/u_issue/u_pipe_ctrl/sub_res_w_carry__2_i_33_n_0
    SLICE_X31Y11         LUT6 (Prop_lut6_I2_O)        0.124     8.493 r  u_core/u_issue/u_pipe_ctrl/mem_data_wr_q[29]_i_2/O
                         net (fo=14, routed)          0.947     9.440    u_core/u_issue/u_pipe_ctrl/result_wb_q_reg[15]_0[1]
    SLICE_X31Y17         LUT2 (Prop_lut2_I0_O)        0.124     9.564 r  u_core/u_issue/u_pipe_ctrl/branch_update_valid_q_i_108/O
                         net (fo=1, routed)           0.000     9.564    u_core/u_issue/u_pipe_ctrl/branch_update_valid_q_i_108_n_0
    SLICE_X31Y17         CARRY4 (Prop_carry4_S[1]_CO[3])
                                                      0.550    10.114 r  u_core/u_issue/u_pipe_ctrl/branch_update_valid_q_reg_i_100/CO[3]
                         net (fo=1, routed)           0.000    10.114    u_core/u_issue/u_pipe_ctrl/branch_update_valid_q_reg_i_100_n_0
    SLICE_X31Y18         CARRY4 (Prop_carry4_CI_CO[3])
                                                      0.114    10.228 r  u_core/u_issue/u_pipe_ctrl/branch_update_valid_q_reg_i_91/CO[3]
                         net (fo=1, routed)           0.000    10.228    u_core/u_issue/u_pipe_ctrl/branch_update_valid_q_reg_i_91_n_0
    SLICE_X31Y19         CARRY4 (Prop_carry4_CI_CO[3])
                                                      0.114    10.342 r  u_core/u_issue/u_pipe_ctrl/branch_update_valid_q_reg_i_73/CO[3]
                         net (fo=1, routed)           0.000    10.342    u_core/u_issue/u_pipe_ctrl/branch_update_valid_q_reg_i_73_n_0
    SLICE_X31Y20         CARRY4 (Prop_carry4_CI_CO[3])
                                                      0.114    10.456 r  u_core/u_issue/u_pipe_ctrl/branch_update_valid_q_reg_i_51/CO[3]
                         net (fo=1, routed)           0.000    10.456    u_core/u_issue/u_pipe_ctrl/branch_update_valid_q_reg_i_51_n_0
    SLICE_X31Y21         CARRY4 (Prop_carry4_CI_O[3])
                                                      0.313    10.769 r  u_core/u_issue/u_pipe_ctrl/branch_update_valid_q_reg_i_35/O[3]
                         net (fo=1, routed)           0.298    11.067    u_core/u_issue/u_pipe_ctrl/u_exec/greater_than_signed00_out[31]
    SLICE_X28Y21         LUT5 (Prop_lut5_I4_O)        0.306    11.373 r  u_core/u_issue/u_pipe_ctrl/branch_update_valid_q_i_21_comp/O
                         net (fo=1, routed)           0.304    11.677    u_core/u_decode/branch_update_valid_q_i_6_1
    SLICE_X30Y21         LUT6 (Prop_lut6_I5_O)        0.124    11.801 r  u_core/u_decode/branch_update_valid_q_i_18_comp/O
                         net (fo=8, routed)           0.716    12.516    u_core/u_decode/branch_update_valid_q_i_18_n_0
    SLICE_X32Y22         LUT6 (Prop_lut6_I0_O)        0.124    12.640 r  u_core/u_decode/branch_update_valid_q_i_11/O
                         net (fo=27, routed)          0.731    13.372    u_core/u_decode/branch_update_valid_q_i_11_n_0
    SLICE_X36Y22         LUT6 (Prop_lut6_I2_O)        0.124    13.496 r  u_core/u_decode/branch_pc_q[28]_i_3/O
                         net (fo=1, routed)           0.457    13.952    u_core/u_decode/branch_pc_q[28]_i_3_n_0
    SLICE_X34Y22         LUT6 (Prop_lut6_I5_O)        0.124    14.076 r  u_core/u_decode/branch_pc_q[28]_i_1/O
                         net (fo=1, routed)           0.000    14.076    u_core/u_fetch/D[26]
    SLICE_X34Y22         FDCE                                         r  u_core/u_fetch/branch_pc_q_reg[28]/D
  -------------------------------------------------------------------    -------------------

                         (clock clk_i rise edge)     12.500    12.500 r  
                                                      0.000    12.500 r  clk_i (IN)
                         net (fo=2310, unset)         1.482    13.982    u_core/u_fetch/clk_i
    SLICE_X34Y22         FDCE                                         r  u_core/u_fetch/branch_pc_q_reg[28]/C
                         clock pessimism              0.115    14.097    
                         clock uncertainty           -0.035    14.062    
    SLICE_X34Y22         FDCE (Setup_fdce_C_D)        0.077    14.139    u_core/u_fetch/branch_pc_q_reg[28]
  -------------------------------------------------------------------
                         required time                         14.139    
                         arrival time                         -14.076    
  -------------------------------------------------------------------
                         slack                                  0.062    

Slack (MET) :             0.092ns  (required time - arrival time)
  Source:                 u_tcm/u_ram/ram_reg_3_2/CLKARDCLK
                            (rising edge-triggered cell RAMB36E1 clocked by clk_i  {rise@0.000ns fall@6.250ns period=12.500ns})
  Destination:            u_core/u_fetch/branch_pc_q_reg[25]/D
                            (rising edge-triggered cell FDCE clocked by clk_i  {rise@0.000ns fall@6.250ns period=12.500ns})
  Path Group:             clk_i
  Path Type:              Setup (Max at Slow Process Corner)
  Requirement:            12.500ns  (clk_i rise@12.500ns - clk_i rise@0.000ns)
  Data Path Delay:        12.247ns  (logic 5.205ns (42.501%)  route 7.042ns (57.499%))
  Logic Levels:           16  (CARRY4=5 LUT2=1 LUT3=1 LUT5=1 LUT6=8)
  Clock Path Skew:        -0.202ns (DCD - SCD + CPR)
    Destination Clock Delay (DCD):    1.478ns = ( 13.978 - 12.500 ) 
    Source Clock Delay      (SCD):    1.795ns
    Clock Pessimism Removal (CPR):    0.115ns
  Clock Uncertainty:      0.035ns  ((TSJ^2 + TIJ^2)^1/2 + DJ) / 2 + PE
    Total System Jitter     (TSJ):    0.071ns
    Total Input Jitter      (TIJ):    0.000ns
    Discrete Jitter          (DJ):    0.000ns
    Phase Error              (PE):    0.000ns

    Location             Delay type                Incr(ns)  Path(ns)    Netlist Resource(s)
  -------------------------------------------------------------------    -------------------
                         (clock clk_i rise edge)      0.000     0.000 r  
                                                      0.000     0.000 r  clk_i (IN)
                         net (fo=2310, unset)         1.795     1.795    u_tcm/u_ram/clk_i
    RAMB36_X1Y0          RAMB36E1                                     r  u_tcm/u_ram/ram_reg_3_2/CLKARDCLK
  -------------------------------------------------------------------    -------------------
    RAMB36_X1Y0          RAMB36E1 (Prop_ramb36e1_CLKARDCLK_DOADO[1])
                                                      2.454     4.249 r  u_tcm/u_ram/ram_reg_3_2/DOADO[1]
                         net (fo=7, routed)           1.188     5.438    u_tcm/u_ram/ram_read1_q[29]
    SLICE_X23Y16         LUT3 (Prop_lut3_I0_O)        0.124     5.562 r  u_tcm/u_ram/early_data_hold_q[29]_i_1/O
                         net (fo=5, routed)           0.882     6.444    u_tcm/u_ram/dport_data_rd_w[29]
    SLICE_X20Y11         LUT6 (Prop_lut6_I0_O)        0.124     6.568 r  u_tcm/u_ram/result_wb_q[13]_i_3/O
                         net (fo=1, routed)           0.668     7.235    u_core/u_lsu/u_lsu_request/result_wb_q_reg[13]
    SLICE_X25Y13         LUT6 (Prop_lut6_I5_O)        0.124     7.359 r  u_core/u_lsu/u_lsu_request/result_wb_q[13]_i_2/O
                         net (fo=2, routed)           0.446     7.806    u_core/u_issue/u_pipe_ctrl/writeback_mem_value_w[13]
    SLICE_X29Y12         LUT6 (Prop_lut6_I5_O)        0.124     7.930 r  u_core/u_issue/u_pipe_ctrl/sub_res_w_carry__2_i_33/O
                         net (fo=2, routed)           0.439     8.369    u_core/u_issue/u_pipe_ctrl/sub_res_w_carry__2_i_33_n_0
    SLICE_X31Y11         LUT6 (Prop_lut6_I2_O)        0.124     8.493 r  u_core/u_issue/u_pipe_ctrl/mem_data_wr_q[29]_i_2/O
                         net (fo=14, routed)          0.947     9.440    u_core/u_issue/u_pipe_ctrl/result_wb_q_reg[15]_0[1]
    SLICE_X31Y17         LUT2 (Prop_lut2_I0_O)        0.124     9.564 r  u_core/u_issue/u_pipe_ctrl/branch_update_valid_q_i_108/O
                         net (fo=1, routed)           0.000     9.564    u_core/u_issue/u_pipe_ctrl/branch_update_valid_q_i_108_n_0
    SLICE_X31Y17         CARRY4 (Prop_carry4_S[1]_CO[3])
                                                      0.550    10.114 r  u_core/u_issue/u_pipe_ctrl/branch_update_valid_q_reg_i_100/CO[3]
                         net (fo=1, routed)           0.000    10.114    u_core/u_issue/u_pipe_ctrl/branch_update_valid_q_reg_i_100_n_0
    SLICE_X31Y18         CARRY4 (Prop_carry4_CI_CO[3])
                                                      0.114    10.228 r  u_core/u_issue/u_pipe_ctrl/branch_update_valid_q_reg_i_91/CO[3]
                         net (fo=1, routed)           0.000    10.228    u_core/u_issue/u_pipe_ctrl/branch_update_valid_q_reg_i_91_n_0
    SLICE_X31Y19         CARRY4 (Prop_carry4_CI_CO[3])
                                                      0.114    10.342 r  u_core/u_issue/u_pipe_ctrl/branch_update_valid_q_reg_i_73/CO[3]
                         net (fo=1, routed)           0.000    10.342    u_core/u_issue/u_pipe_ctrl/branch_update_valid_q_reg_i_73_n_0
    SLICE_X31Y20         CARRY4 (Prop_carry4_CI_CO[3])
                                                      0.114    10.456 r  u_core/u_issue/u_pipe_ctrl/branch_update_valid_q_reg_i_51/CO[3]
                         net (fo=1, routed)           0.000    10.456    u_core/u_issue/u_pipe_ctrl/branch_update_valid_q_reg_i_51_n_0
    SLICE_X31Y21         CARRY4 (Prop_carry4_CI_O[3])
                                                      0.313    10.769 r  u_core/u_issue/u_pipe_ctrl/branch_update_valid_q_reg_i_35/O[3]
                         net (fo=1, routed)           0.298    11.067    u_core/u_issue/u_pipe_ctrl/u_exec/greater_than_signed00_out[31]
    SLICE_X28Y21         LUT5 (Prop_lut5_I4_O)        0.306    11.373 r  u_core/u_issue/u_pipe_ctrl/branch_update_valid_q_i_21_comp/O
                         net (fo=1, routed)           0.304    11.677    u_core/u_decode/branch_update_valid_q_i_6_1
    SLICE_X30Y21         LUT6 (Prop_lut6_I5_O)        0.124    11.801 r  u_core/u_decode/branch_update_valid_q_i_18_comp/O
                         net (fo=8, routed)           0.716    12.516    u_core/u_decode/branch_update_valid_q_i_18_n_0
    SLICE_X32Y22         LUT6 (Prop_lut6_I0_O)        0.124    12.640 r  u_core/u_decode/branch_update_valid_q_i_11/O
                         net (fo=27, routed)          0.705    13.345    u_core/u_decode/branch_update_valid_q_i_11_n_0
    SLICE_X33Y26         LUT6 (Prop_lut6_I2_O)        0.124    13.469 r  u_core/u_decode/branch_pc_q[25]_i_3/O
                         net (fo=1, routed)           0.449    13.918    u_core/u_decode/branch_pc_q[25]_i_3_n_0
    SLICE_X32Y25         LUT6 (Prop_lut6_I5_O)        0.124    14.042 r  u_core/u_decode/branch_pc_q[25]_i_1/O
                         net (fo=1, routed)           0.000    14.042    u_core/u_fetch/D[23]
    SLICE_X32Y25         FDCE                                         r  u_core/u_fetch/branch_pc_q_reg[25]/D
  -------------------------------------------------------------------    -------------------

                         (clock clk_i rise edge)     12.500    12.500 r  
                                                      0.000    12.500 r  clk_i (IN)
                         net (fo=2310, unset)         1.478    13.978    u_core/u_fetch/clk_i
    SLICE_X32Y25         FDCE                                         r  u_core/u_fetch/branch_pc_q_reg[25]/C
                         clock pessimism              0.115    14.093    
                         clock uncertainty           -0.035    14.058    
    SLICE_X32Y25         FDCE (Setup_fdce_C_D)        0.077    14.135    u_core/u_fetch/branch_pc_q_reg[25]
  -------------------------------------------------------------------
                         required time                         14.135    
                         arrival time                         -14.042    
  -------------------------------------------------------------------
                         slack                                  0.092    

Slack (MET) :             0.109ns  (required time - arrival time)
  Source:                 u_tcm/u_ram/ram_reg_3_2/CLKARDCLK
                            (rising edge-triggered cell RAMB36E1 clocked by clk_i  {rise@0.000ns fall@6.250ns period=12.500ns})
  Destination:            u_core/u_fetch/branch_pc_q_reg[21]/D
                            (rising edge-triggered cell FDCE clocked by clk_i  {rise@0.000ns fall@6.250ns period=12.500ns})
  Path Group:             clk_i
  Path Type:              Setup (Max at Slow Process Corner)
  Requirement:            12.500ns  (clk_i rise@12.500ns - clk_i rise@0.000ns)
  Data Path Delay:        12.234ns  (logic 5.205ns (42.545%)  route 7.029ns (57.455%))
  Logic Levels:           16  (CARRY4=5 LUT2=1 LUT3=1 LUT5=1 LUT6=8)
  Clock Path Skew:        -0.200ns (DCD - SCD + CPR)
    Destination Clock Delay (DCD):    1.480ns = ( 13.980 - 12.500 ) 
    Source Clock Delay      (SCD):    1.795ns
    Clock Pessimism Removal (CPR):    0.115ns
  Clock Uncertainty:      0.035ns  ((TSJ^2 + TIJ^2)^1/2 + DJ) / 2 + PE
    Total System Jitter     (TSJ):    0.071ns
    Total Input Jitter      (TIJ):    0.000ns
    Discrete Jitter          (DJ):    0.000ns
    Phase Error              (PE):    0.000ns

    Location             Delay type                Incr(ns)  Path(ns)    Netlist Resource(s)
  -------------------------------------------------------------------    -------------------
                         (clock clk_i rise edge)      0.000     0.000 r  
                                                      0.000     0.000 r  clk_i (IN)
                         net (fo=2310, unset)         1.795     1.795    u_tcm/u_ram/clk_i
    RAMB36_X1Y0          RAMB36E1                                     r  u_tcm/u_ram/ram_reg_3_2/CLKARDCLK
  -------------------------------------------------------------------    -------------------
    RAMB36_X1Y0          RAMB36E1 (Prop_ramb36e1_CLKARDCLK_DOADO[1])
                                                      2.454     4.249 r  u_tcm/u_ram/ram_reg_3_2/DOADO[1]
                         net (fo=7, routed)           1.188     5.438    u_tcm/u_ram/ram_read1_q[29]
    SLICE_X23Y16         LUT3 (Prop_lut3_I0_O)        0.124     5.562 r  u_tcm/u_ram/early_data_hold_q[29]_i_1/O
                         net (fo=5, routed)           0.882     6.444    u_tcm/u_ram/dport_data_rd_w[29]
    SLICE_X20Y11         LUT6 (Prop_lut6_I0_O)        0.124     6.568 r  u_tcm/u_ram/result_wb_q[13]_i_3/O
                         net (fo=1, routed)           0.668     7.235    u_core/u_lsu/u_lsu_request/result_wb_q_reg[13]
    SLICE_X25Y13         LUT6 (Prop_lut6_I5_O)        0.124     7.359 r  u_core/u_lsu/u_lsu_request/result_wb_q[13]_i_2/O
                         net (fo=2, routed)           0.446     7.806    u_core/u_issue/u_pipe_ctrl/writeback_mem_value_w[13]
    SLICE_X29Y12         LUT6 (Prop_lut6_I5_O)        0.124     7.930 r  u_core/u_issue/u_pipe_ctrl/sub_res_w_carry__2_i_33/O
                         net (fo=2, routed)           0.439     8.369    u_core/u_issue/u_pipe_ctrl/sub_res_w_carry__2_i_33_n_0
    SLICE_X31Y11         LUT6 (Prop_lut6_I2_O)        0.124     8.493 r  u_core/u_issue/u_pipe_ctrl/mem_data_wr_q[29]_i_2/O
                         net (fo=14, routed)          0.947     9.440    u_core/u_issue/u_pipe_ctrl/result_wb_q_reg[15]_0[1]
    SLICE_X31Y17         LUT2 (Prop_lut2_I0_O)        0.124     9.564 r  u_core/u_issue/u_pipe_ctrl/branch_update_valid_q_i_108/O
                         net (fo=1, routed)           0.000     9.564    u_core/u_issue/u_pipe_ctrl/branch_update_valid_q_i_108_n_0
    SLICE_X31Y17         CARRY4 (Prop_carry4_S[1]_CO[3])
                                                      0.550    10.114 r  u_core/u_issue/u_pipe_ctrl/branch_update_valid_q_reg_i_100/CO[3]
                         net (fo=1, routed)           0.000    10.114    u_core/u_issue/u_pipe_ctrl/branch_update_valid_q_reg_i_100_n_0
    SLICE_X31Y18         CARRY4 (Prop_carry4_CI_CO[3])
                                                      0.114    10.228 r  u_core/u_issue/u_pipe_ctrl/branch_update_valid_q_reg_i_91/CO[3]
                         net (fo=1, routed)           0.000    10.228    u_core/u_issue/u_pipe_ctrl/branch_update_valid_q_reg_i_91_n_0
    SLICE_X31Y19         CARRY4 (Prop_carry4_CI_CO[3])
                                                      0.114    10.342 r  u_core/u_issue/u_pipe_ctrl/branch_update_valid_q_reg_i_73/CO[3]
                         net (fo=1, routed)           0.000    10.342    u_core/u_issue/u_pipe_ctrl/branch_update_valid_q_reg_i_73_n_0
    SLICE_X31Y20         CARRY4 (Prop_carry4_CI_CO[3])
                                                      0.114    10.456 r  u_core/u_issue/u_pipe_ctrl/branch_update_valid_q_reg_i_51/CO[3]
                         net (fo=1, routed)           0.000    10.456    u_core/u_issue/u_pipe_ctrl/branch_update_valid_q_reg_i_51_n_0
    SLICE_X31Y21         CARRY4 (Prop_carry4_CI_O[3])
                                                      0.313    10.769 r  u_core/u_issue/u_pipe_ctrl/branch_update_valid_q_reg_i_35/O[3]
                         net (fo=1, routed)           0.298    11.067    u_core/u_issue/u_pipe_ctrl/u_exec/greater_than_signed00_out[31]
    SLICE_X28Y21         LUT5 (Prop_lut5_I4_O)        0.306    11.373 r  u_core/u_issue/u_pipe_ctrl/branch_update_valid_q_i_21_comp/O
                         net (fo=1, routed)           0.304    11.677    u_core/u_decode/branch_update_valid_q_i_6_1
    SLICE_X30Y21         LUT6 (Prop_lut6_I5_O)        0.124    11.801 r  u_core/u_decode/branch_update_valid_q_i_18_comp/O
                         net (fo=8, routed)           0.716    12.516    u_core/u_decode/branch_update_valid_q_i_18_n_0
    SLICE_X32Y22         LUT6 (Prop_lut6_I0_O)        0.124    12.640 r  u_core/u_decode/branch_update_valid_q_i_11/O
                         net (fo=27, routed)          0.610    13.250    u_core/u_decode/branch_update_valid_q_i_11_n_0
    SLICE_X32Y25         LUT6 (Prop_lut6_I2_O)        0.124    13.374 r  u_core/u_decode/branch_pc_q[21]_i_3/O
                         net (fo=1, routed)           0.531    13.906    u_core/u_decode/branch_pc_q[21]_i_3_n_0
    SLICE_X32Y23         LUT6 (Prop_lut6_I5_O)        0.124    14.030 r  u_core/u_decode/branch_pc_q[21]_i_1/O
                         net (fo=1, routed)           0.000    14.030    u_core/u_fetch/D[19]
    SLICE_X32Y23         FDCE                                         r  u_core/u_fetch/branch_pc_q_reg[21]/D
  -------------------------------------------------------------------    -------------------

                         (clock clk_i rise edge)     12.500    12.500 r  
                                                      0.000    12.500 r  clk_i (IN)
                         net (fo=2310, unset)         1.480    13.980    u_core/u_fetch/clk_i
    SLICE_X32Y23         FDCE                                         r  u_core/u_fetch/branch_pc_q_reg[21]/C
                         clock pessimism              0.115    14.095    
                         clock uncertainty           -0.035    14.060    
    SLICE_X32Y23         FDCE (Setup_fdce_C_D)        0.079    14.139    u_core/u_fetch/branch_pc_q_reg[21]
  -------------------------------------------------------------------
                         required time                         14.139    
                         arrival time                         -14.030    
  -------------------------------------------------------------------
                         slack                                  0.109    

Slack (MET) :             0.129ns  (required time - arrival time)
  Source:                 u_tcm/u_ram/ram_reg_3_2/CLKARDCLK
                            (rising edge-triggered cell RAMB36E1 clocked by clk_i  {rise@0.000ns fall@6.250ns period=12.500ns})
  Destination:            u_core/u_fetch/branch_pc_q_reg[24]/D
                            (rising edge-triggered cell FDCE clocked by clk_i  {rise@0.000ns fall@6.250ns period=12.500ns})
  Path Group:             clk_i
  Path Type:              Setup (Max at Slow Process Corner)
  Requirement:            12.500ns  (clk_i rise@12.500ns - clk_i rise@0.000ns)
  Data Path Delay:        12.165ns  (logic 5.205ns (42.786%)  route 6.960ns (57.214%))
  Logic Levels:           16  (CARRY4=5 LUT2=1 LUT3=1 LUT5=1 LUT6=8)
  Clock Path Skew:        -0.202ns (DCD - SCD + CPR)
    Destination Clock Delay (DCD):    1.478ns = ( 13.978 - 12.500 ) 
    Source Clock Delay      (SCD):    1.795ns
    Clock Pessimism Removal (CPR):    0.115ns
  Clock Uncertainty:      0.035ns  ((TSJ^2 + TIJ^2)^1/2 + DJ) / 2 + PE
    Total System Jitter     (TSJ):    0.071ns
    Total Input Jitter      (TIJ):    0.000ns
    Discrete Jitter          (DJ):    0.000ns
    Phase Error              (PE):    0.000ns

    Location             Delay type                Incr(ns)  Path(ns)    Netlist Resource(s)
  -------------------------------------------------------------------    -------------------
                         (clock clk_i rise edge)      0.000     0.000 r  
                                                      0.000     0.000 r  clk_i (IN)
                         net (fo=2310, unset)         1.795     1.795    u_tcm/u_ram/clk_i
    RAMB36_X1Y0          RAMB36E1                                     r  u_tcm/u_ram/ram_reg_3_2/CLKARDCLK
  -------------------------------------------------------------------    -------------------
    RAMB36_X1Y0          RAMB36E1 (Prop_ramb36e1_CLKARDCLK_DOADO[1])
                                                      2.454     4.249 r  u_tcm/u_ram/ram_reg_3_2/DOADO[1]
                         net (fo=7, routed)           1.188     5.438    u_tcm/u_ram/ram_read1_q[29]
    SLICE_X23Y16         LUT3 (Prop_lut3_I0_O)        0.124     5.562 r  u_tcm/u_ram/early_data_hold_q[29]_i_1/O
                         net (fo=5, routed)           0.882     6.444    u_tcm/u_ram/dport_data_rd_w[29]
    SLICE_X20Y11         LUT6 (Prop_lut6_I0_O)        0.124     6.568 r  u_tcm/u_ram/result_wb_q[13]_i_3/O
                         net (fo=1, routed)           0.668     7.235    u_core/u_lsu/u_lsu_request/result_wb_q_reg[13]
    SLICE_X25Y13         LUT6 (Prop_lut6_I5_O)        0.124     7.359 r  u_core/u_lsu/u_lsu_request/result_wb_q[13]_i_2/O
                         net (fo=2, routed)           0.446     7.806    u_core/u_issue/u_pipe_ctrl/writeback_mem_value_w[13]
    SLICE_X29Y12         LUT6 (Prop_lut6_I5_O)        0.124     7.930 r  u_core/u_issue/u_pipe_ctrl/sub_res_w_carry__2_i_33/O
                         net (fo=2, routed)           0.439     8.369    u_core/u_issue/u_pipe_ctrl/sub_res_w_carry__2_i_33_n_0
    SLICE_X31Y11         LUT6 (Prop_lut6_I2_O)        0.124     8.493 r  u_core/u_issue/u_pipe_ctrl/mem_data_wr_q[29]_i_2/O
                         net (fo=14, routed)          0.947     9.440    u_core/u_issue/u_pipe_ctrl/result_wb_q_reg[15]_0[1]
    SLICE_X31Y17         LUT2 (Prop_lut2_I0_O)        0.124     9.564 r  u_core/u_issue/u_pipe_ctrl/branch_update_valid_q_i_108/O
                         net (fo=1, routed)           0.000     9.564    u_core/u_issue/u_pipe_ctrl/branch_update_valid_q_i_108_n_0
    SLICE_X31Y17         CARRY4 (Prop_carry4_S[1]_CO[3])
                                                      0.550    10.114 r  u_core/u_issue/u_pipe_ctrl/branch_update_valid_q_reg_i_100/CO[3]
                         net (fo=1, routed)           0.000    10.114    u_core/u_issue/u_pipe_ctrl/branch_update_valid_q_reg_i_100_n_0
    SLICE_X31Y18         CARRY4 (Prop_carry4_CI_CO[3])
                                                      0.114    10.228 r  u_core/u_issue/u_pipe_ctrl/branch_update_valid_q_reg_i_91/CO[3]
                         net (fo=1, routed)           0.000    10.228    u_core/u_issue/u_pipe_ctrl/branch_update_valid_q_reg_i_91_n_0
    SLICE_X31Y19         CARRY4 (Prop_carry4_CI_CO[3])
                                                      0.114    10.342 r  u_core/u_issue/u_pipe_ctrl/branch_update_valid_q_reg_i_73/CO[3]
                         net (fo=1, routed)           0.000    10.342    u_core/u_issue/u_pipe_ctrl/branch_update_valid_q_reg_i_73_n_0
    SLICE_X31Y20         CARRY4 (Prop_carry4_CI_CO[3])
                                                      0.114    10.456 r  u_core/u_issue/u_pipe_ctrl/branch_update_valid_q_reg_i_51/CO[3]
                         net (fo=1, routed)           0.000    10.456    u_core/u_issue/u_pipe_ctrl/branch_update_valid_q_reg_i_51_n_0
    SLICE_X31Y21         CARRY4 (Prop_carry4_CI_O[3])
                                                      0.313    10.769 r  u_core/u_issue/u_pipe_ctrl/branch_update_valid_q_reg_i_35/O[3]
                         net (fo=1, routed)           0.298    11.067    u_core/u_issue/u_pipe_ctrl/u_exec/greater_than_signed00_out[31]
    SLICE_X28Y21         LUT5 (Prop_lut5_I4_O)        0.306    11.373 r  u_core/u_issue/u_pipe_ctrl/branch_update_valid_q_i_21_comp/O
                         net (fo=1, routed)           0.304    11.677    u_core/u_decode/branch_update_valid_q_i_6_1
    SLICE_X30Y21         LUT6 (Prop_lut6_I5_O)        0.124    11.801 r  u_core/u_decode/branch_update_valid_q_i_18_comp/O
                         net (fo=8, routed)           0.716    12.516    u_core/u_decode/branch_update_valid_q_i_18_n_0
    SLICE_X32Y22         LUT6 (Prop_lut6_I0_O)        0.124    12.640 r  u_core/u_decode/branch_update_valid_q_i_11/O
                         net (fo=27, routed)          0.768    13.409    u_core/u_decode/branch_update_valid_q_i_11_n_0
    SLICE_X34Y25         LUT6 (Prop_lut6_I2_O)        0.124    13.533 r  u_core/u_decode/branch_pc_q[24]_i_3/O
                         net (fo=1, routed)           0.304    13.837    u_core/u_decode/branch_pc_q[24]_i_3_n_0
    SLICE_X33Y25         LUT6 (Prop_lut6_I5_O)        0.124    13.961 r  u_core/u_decode/branch_pc_q[24]_i_1/O
                         net (fo=1, routed)           0.000    13.961    u_core/u_fetch/D[22]
    SLICE_X33Y25         FDCE                                         r  u_core/u_fetch/branch_pc_q_reg[24]/D
  -------------------------------------------------------------------    -------------------

                         (clock clk_i rise edge)     12.500    12.500 r  
                                                      0.000    12.500 r  clk_i (IN)
                         net (fo=2310, unset)         1.478    13.978    u_core/u_fetch/clk_i
    SLICE_X33Y25         FDCE                                         r  u_core/u_fetch/branch_pc_q_reg[24]/C
                         clock pessimism              0.115    14.093    
                         clock uncertainty           -0.035    14.058    
    SLICE_X33Y25         FDCE (Setup_fdce_C_D)        0.032    14.090    u_core/u_fetch/branch_pc_q_reg[24]
  -------------------------------------------------------------------
                         required time                         14.090    
                         arrival time                         -13.961    
  -------------------------------------------------------------------
                         slack                                  0.129    

Slack (MET) :             0.129ns  (required time - arrival time)
  Source:                 u_tcm/u_ram/ram_reg_3_2/CLKARDCLK
                            (rising edge-triggered cell RAMB36E1 clocked by clk_i  {rise@0.000ns fall@6.250ns period=12.500ns})
  Destination:            u_core/u_fetch/branch_pc_q_reg[4]/D
                            (rising edge-triggered cell FDCE clocked by clk_i  {rise@0.000ns fall@6.250ns period=12.500ns})
  Path Group:             clk_i
  Path Type:              Setup (Max at Slow Process Corner)
  Requirement:            12.500ns  (clk_i rise@12.500ns - clk_i rise@0.000ns)
  Data Path Delay:        12.212ns  (logic 5.205ns (42.622%)  route 7.007ns (57.378%))
  Logic Levels:           16  (CARRY4=5 LUT2=1 LUT3=1 LUT5=1 LUT6=8)
  Clock Path Skew:        -0.200ns (DCD - SCD + CPR)
    Destination Clock Delay (DCD):    1.480ns = ( 13.980 - 12.500 ) 
    Source Clock Delay      (SCD):    1.795ns
    Clock Pessimism Removal (CPR):    0.115ns
  Clock Uncertainty:      0.035ns  ((TSJ^2 + TIJ^2)^1/2 + DJ) / 2 + PE
    Total System Jitter     (TSJ):    0.071ns
    Total Input Jitter      (TIJ):    0.000ns
    Discrete Jitter          (DJ):    0.000ns
    Phase Error              (PE):    0.000ns

    Location             Delay type                Incr(ns)  Path(ns)    Netlist Resource(s)
  -------------------------------------------------------------------    -------------------
                         (clock clk_i rise edge)      0.000     0.000 r  
                                                      0.000     0.000 r  clk_i (IN)
                         net (fo=2310, unset)         1.795     1.795    u_tcm/u_ram/clk_i
    RAMB36_X1Y0          RAMB36E1                                     r  u_tcm/u_ram/ram_reg_3_2/CLKARDCLK
  -------------------------------------------------------------------    -------------------
    RAMB36_X1Y0          RAMB36E1 (Prop_ramb36e1_CLKARDCLK_DOADO[1])
                                                      2.454     4.249 r  u_tcm/u_ram/ram_reg_3_2/DOADO[1]
                         net (fo=7, routed)           1.188     5.438    u_tcm/u_ram/ram_read1_q[29]
    SLICE_X23Y16         LUT3 (Prop_lut3_I0_O)        0.124     5.562 r  u_tcm/u_ram/early_data_hold_q[29]_i_1/O
                         net (fo=5, routed)           0.882     6.444    u_tcm/u_ram/dport_data_rd_w[29]
    SLICE_X20Y11         LUT6 (Prop_lut6_I0_O)        0.124     6.568 r  u_tcm/u_ram/result_wb_q[13]_i_3/O
                         net (fo=1, routed)           0.668     7.235    u_core/u_lsu/u_lsu_request/result_wb_q_reg[13]
    SLICE_X25Y13         LUT6 (Prop_lut6_I5_O)        0.124     7.359 r  u_core/u_lsu/u_lsu_request/result_wb_q[13]_i_2/O
                         net (fo=2, routed)           0.446     7.806    u_core/u_issue/u_pipe_ctrl/writeback_mem_value_w[13]
    SLICE_X29Y12         LUT6 (Prop_lut6_I5_O)        0.124     7.930 r  u_core/u_issue/u_pipe_ctrl/sub_res_w_carry__2_i_33/O
                         net (fo=2, routed)           0.439     8.369    u_core/u_issue/u_pipe_ctrl/sub_res_w_carry__2_i_33_n_0
    SLICE_X31Y11         LUT6 (Prop_lut6_I2_O)        0.124     8.493 r  u_core/u_issue/u_pipe_ctrl/mem_data_wr_q[29]_i_2/O
                         net (fo=14, routed)          0.947     9.440    u_core/u_issue/u_pipe_ctrl/result_wb_q_reg[15]_0[1]
    SLICE_X31Y17         LUT2 (Prop_lut2_I0_O)        0.124     9.564 r  u_core/u_issue/u_pipe_ctrl/branch_update_valid_q_i_108/O
                         net (fo=1, routed)           0.000     9.564    u_core/u_issue/u_pipe_ctrl/branch_update_valid_q_i_108_n_0
    SLICE_X31Y17         CARRY4 (Prop_carry4_S[1]_CO[3])
                                                      0.550    10.114 r  u_core/u_issue/u_pipe_ctrl/branch_update_valid_q_reg_i_100/CO[3]
                         net (fo=1, routed)           0.000    10.114    u_core/u_issue/u_pipe_ctrl/branch_update_valid_q_reg_i_100_n_0
    SLICE_X31Y18         CARRY4 (Prop_carry4_CI_CO[3])
                                                      0.114    10.228 r  u_core/u_issue/u_pipe_ctrl/branch_update_valid_q_reg_i_91/CO[3]
                         net (fo=1, routed)           0.000    10.228    u_core/u_issue/u_pipe_ctrl/branch_update_valid_q_reg_i_91_n_0
    SLICE_X31Y19         CARRY4 (Prop_carry4_CI_CO[3])
                                                      0.114    10.342 r  u_core/u_issue/u_pipe_ctrl/branch_update_valid_q_reg_i_73/CO[3]
                         net (fo=1, routed)           0.000    10.342    u_core/u_issue/u_pipe_ctrl/branch_update_valid_q_reg_i_73_n_0
    SLICE_X31Y20         CARRY4 (Prop_carry4_CI_CO[3])
                                                      0.114    10.456 r  u_core/u_issue/u_pipe_ctrl/branch_update_valid_q_reg_i_51/CO[3]
                         net (fo=1, routed)           0.000    10.456    u_core/u_issue/u_pipe_ctrl/branch_update_valid_q_reg_i_51_n_0
    SLICE_X31Y21         CARRY4 (Prop_carry4_CI_O[3])
                                                      0.313    10.769 r  u_core/u_issue/u_pipe_ctrl/branch_update_valid_q_reg_i_35/O[3]
                         net (fo=1, routed)           0.298    11.067    u_core/u_issue/u_pipe_ctrl/u_exec/greater_than_signed00_out[31]
    SLICE_X28Y21         LUT5 (Prop_lut5_I4_O)        0.306    11.373 r  u_core/u_issue/u_pipe_ctrl/branch_update_valid_q_i_21_comp/O
                         net (fo=1, routed)           0.304    11.677    u_core/u_decode/branch_update_valid_q_i_6_1
    SLICE_X30Y21         LUT6 (Prop_lut6_I5_O)        0.124    11.801 r  u_core/u_decode/branch_update_valid_q_i_18_comp/O
                         net (fo=8, routed)           0.716    12.516    u_core/u_decode/branch_update_valid_q_i_18_n_0
    SLICE_X32Y22         LUT6 (Prop_lut6_I0_O)        0.124    12.640 r  u_core/u_decode/branch_update_valid_q_i_11/O
                         net (fo=27, routed)          0.588    13.228    u_core/u_decode/branch_update_valid_q_i_11_n_0
    SLICE_X33Y21         LUT6 (Prop_lut6_I2_O)        0.124    13.352 r  u_core/u_decode/branch_pc_q[4]_i_3/O
                         net (fo=1, routed)           0.531    13.884    u_core/u_decode/branch_pc_q[4]_i_3_n_0
    SLICE_X32Y26         LUT6 (Prop_lut6_I5_O)        0.124    14.008 r  u_core/u_decode/branch_pc_q[4]_i_1/O
                         net (fo=1, routed)           0.000    14.008    u_core/u_fetch/D[2]
    SLICE_X32Y26         FDCE                                         r  u_core/u_fetch/branch_pc_q_reg[4]/D
  -------------------------------------------------------------------    -------------------

                         (clock clk_i rise edge)     12.500    12.500 r  
                                                      0.000    12.500 r  clk_i (IN)
                         net (fo=2310, unset)         1.480    13.980    u_core/u_fetch/clk_i
    SLICE_X32Y26         FDCE                                         r  u_core/u_fetch/branch_pc_q_reg[4]/C
                         clock pessimism              0.115    14.095    
                         clock uncertainty           -0.035    14.060    
    SLICE_X32Y26         FDCE (Setup_fdce_C_D)        0.077    14.137    u_core/u_fetch/branch_pc_q_reg[4]
  -------------------------------------------------------------------
                         required time                         14.137    
                         arrival time                         -14.008    
  -------------------------------------------------------------------
                         slack                                  0.129    

Slack (MET) :             0.137ns  (required time - arrival time)
  Source:                 u_tcm/u_ram/ram_reg_3_2/CLKARDCLK
                            (rising edge-triggered cell RAMB36E1 clocked by clk_i  {rise@0.000ns fall@6.250ns period=12.500ns})
  Destination:            u_core/u_fetch/branch_pc_q_reg[29]/D
                            (rising edge-triggered cell FDCE clocked by clk_i  {rise@0.000ns fall@6.250ns period=12.500ns})
  Path Group:             clk_i
  Path Type:              Setup (Max at Slow Process Corner)
  Requirement:            12.500ns  (clk_i rise@12.500ns - clk_i rise@0.000ns)
  Data Path Delay:        12.206ns  (logic 5.205ns (42.642%)  route 7.001ns (57.358%))
  Logic Levels:           16  (CARRY4=5 LUT2=1 LUT3=1 LUT5=1 LUT6=8)
  Clock Path Skew:        -0.202ns (DCD - SCD + CPR)
    Destination Clock Delay (DCD):    1.478ns = ( 13.978 - 12.500 ) 
    Source Clock Delay      (SCD):    1.795ns
    Clock Pessimism Removal (CPR):    0.115ns
  Clock Uncertainty:      0.035ns  ((TSJ^2 + TIJ^2)^1/2 + DJ) / 2 + PE
    Total System Jitter     (TSJ):    0.071ns
    Total Input Jitter      (TIJ):    0.000ns
    Discrete Jitter          (DJ):    0.000ns
    Phase Error              (PE):    0.000ns

    Location             Delay type                Incr(ns)  Path(ns)    Netlist Resource(s)
  -------------------------------------------------------------------    -------------------
                         (clock clk_i rise edge)      0.000     0.000 r  
                                                      0.000     0.000 r  clk_i (IN)
                         net (fo=2310, unset)         1.795     1.795    u_tcm/u_ram/clk_i
    RAMB36_X1Y0          RAMB36E1                                     r  u_tcm/u_ram/ram_reg_3_2/CLKARDCLK
  -------------------------------------------------------------------    -------------------
    RAMB36_X1Y0          RAMB36E1 (Prop_ramb36e1_CLKARDCLK_DOADO[1])
                                                      2.454     4.249 r  u_tcm/u_ram/ram_reg_3_2/DOADO[1]
                         net (fo=7, routed)           1.188     5.438    u_tcm/u_ram/ram_read1_q[29]
    SLICE_X23Y16         LUT3 (Prop_lut3_I0_O)        0.124     5.562 r  u_tcm/u_ram/early_data_hold_q[29]_i_1/O
                         net (fo=5, routed)           0.882     6.444    u_tcm/u_ram/dport_data_rd_w[29]
    SLICE_X20Y11         LUT6 (Prop_lut6_I0_O)        0.124     6.568 r  u_tcm/u_ram/result_wb_q[13]_i_3/O
                         net (fo=1, routed)           0.668     7.235    u_core/u_lsu/u_lsu_request/result_wb_q_reg[13]
    SLICE_X25Y13         LUT6 (Prop_lut6_I5_O)        0.124     7.359 r  u_core/u_lsu/u_lsu_request/result_wb_q[13]_i_2/O
                         net (fo=2, routed)           0.446     7.806    u_core/u_issue/u_pipe_ctrl/writeback_mem_value_w[13]
    SLICE_X29Y12         LUT6 (Prop_lut6_I5_O)        0.124     7.930 r  u_core/u_issue/u_pipe_ctrl/sub_res_w_carry__2_i_33/O
                         net (fo=2, routed)           0.439     8.369    u_core/u_issue/u_pipe_ctrl/sub_res_w_carry__2_i_33_n_0
    SLICE_X31Y11         LUT6 (Prop_lut6_I2_O)        0.124     8.493 r  u_core/u_issue/u_pipe_ctrl/mem_data_wr_q[29]_i_2/O
                         net (fo=14, routed)          0.947     9.440    u_core/u_issue/u_pipe_ctrl/result_wb_q_reg[15]_0[1]
    SLICE_X31Y17         LUT2 (Prop_lut2_I0_O)        0.124     9.564 r  u_core/u_issue/u_pipe_ctrl/branch_update_valid_q_i_108/O
                         net (fo=1, routed)           0.000     9.564    u_core/u_issue/u_pipe_ctrl/branch_update_valid_q_i_108_n_0
    SLICE_X31Y17         CARRY4 (Prop_carry4_S[1]_CO[3])
                                                      0.550    10.114 r  u_core/u_issue/u_pipe_ctrl/branch_update_valid_q_reg_i_100/CO[3]
                         net (fo=1, routed)           0.000    10.114    u_core/u_issue/u_pipe_ctrl/branch_update_valid_q_reg_i_100_n_0
    SLICE_X31Y18         CARRY4 (Prop_carry4_CI_CO[3])
                                                      0.114    10.228 r  u_core/u_issue/u_pipe_ctrl/branch_update_valid_q_reg_i_91/CO[3]
                         net (fo=1, routed)           0.000    10.228    u_core/u_issue/u_pipe_ctrl/branch_update_valid_q_reg_i_91_n_0
    SLICE_X31Y19         CARRY4 (Prop_carry4_CI_CO[3])
                                                      0.114    10.342 r  u_core/u_issue/u_pipe_ctrl/branch_update_valid_q_reg_i_73/CO[3]
                         net (fo=1, routed)           0.000    10.342    u_core/u_issue/u_pipe_ctrl/branch_update_valid_q_reg_i_73_n_0
    SLICE_X31Y20         CARRY4 (Prop_carry4_CI_CO[3])
                                                      0.114    10.456 r  u_core/u_issue/u_pipe_ctrl/branch_update_valid_q_reg_i_51/CO[3]
                         net (fo=1, routed)           0.000    10.456    u_core/u_issue/u_pipe_ctrl/branch_update_valid_q_reg_i_51_n_0
    SLICE_X31Y21         CARRY4 (Prop_carry4_CI_O[3])
                                                      0.313    10.769 r  u_core/u_issue/u_pipe_ctrl/branch_update_valid_q_reg_i_35/O[3]
                         net (fo=1, routed)           0.298    11.067    u_core/u_issue/u_pipe_ctrl/u_exec/greater_than_signed00_out[31]
    SLICE_X28Y21         LUT5 (Prop_lut5_I4_O)        0.306    11.373 r  u_core/u_issue/u_pipe_ctrl/branch_update_valid_q_i_21_comp/O
                         net (fo=1, routed)           0.304    11.677    u_core/u_decode/branch_update_valid_q_i_6_1
    SLICE_X30Y21         LUT6 (Prop_lut6_I5_O)        0.124    11.801 r  u_core/u_decode/branch_update_valid_q_i_18_comp/O
                         net (fo=8, routed)           0.716    12.516    u_core/u_decode/branch_update_valid_q_i_18_n_0
    SLICE_X32Y22         LUT6 (Prop_lut6_I0_O)        0.124    12.640 r  u_core/u_decode/branch_update_valid_q_i_11/O
                         net (fo=27, routed)          0.620    13.260    u_core/u_decode/branch_update_valid_q_i_11_n_0
    SLICE_X32Y25         LUT6 (Prop_lut6_I2_O)        0.124    13.384 r  u_core/u_decode/branch_pc_q[29]_i_3/O
                         net (fo=1, routed)           0.493    13.878    u_core/u_decode/branch_pc_q[29]_i_3_n_0
    SLICE_X32Y25         LUT6 (Prop_lut6_I5_O)        0.124    14.002 r  u_core/u_decode/branch_pc_q[29]_i_1/O
                         net (fo=1, routed)           0.000    14.002    u_core/u_fetch/D[27]
    SLICE_X32Y25         FDCE                                         r  u_core/u_fetch/branch_pc_q_reg[29]/D
  -------------------------------------------------------------------    -------------------

                         (clock clk_i rise edge)     12.500    12.500 r  
                                                      0.000    12.500 r  clk_i (IN)
                         net (fo=2310, unset)         1.478    13.978    u_core/u_fetch/clk_i
    SLICE_X32Y25         FDCE                                         r  u_core/u_fetch/branch_pc_q_reg[29]/C
                         clock pessimism              0.115    14.093    
                         clock uncertainty           -0.035    14.058    
    SLICE_X32Y25         FDCE (Setup_fdce_C_D)        0.081    14.139    u_core/u_fetch/branch_pc_q_reg[29]
  -------------------------------------------------------------------
                         required time                         14.139    
                         arrival time                         -14.002    
  -------------------------------------------------------------------
                         slack                                  0.137    

Slack (MET) :             0.148ns  (required time - arrival time)
  Source:                 u_tcm/u_ram/ram_reg_3_2/CLKARDCLK
                            (rising edge-triggered cell RAMB36E1 clocked by clk_i  {rise@0.000ns fall@6.250ns period=12.500ns})
  Destination:            u_core/u_fetch/branch_pc_q_reg[12]/D
                            (rising edge-triggered cell FDCE clocked by clk_i  {rise@0.000ns fall@6.250ns period=12.500ns})
  Path Group:             clk_i
  Path Type:              Setup (Max at Slow Process Corner)
  Requirement:            12.500ns  (clk_i rise@12.500ns - clk_i rise@0.000ns)
  Data Path Delay:        12.143ns  (logic 5.205ns (42.864%)  route 6.938ns (57.136%))
  Logic Levels:           16  (CARRY4=5 LUT2=1 LUT3=1 LUT5=1 LUT6=8)
  Clock Path Skew:        -0.202ns (DCD - SCD + CPR)
    Destination Clock Delay (DCD):    1.478ns = ( 13.978 - 12.500 ) 
    Source Clock Delay      (SCD):    1.795ns
    Clock Pessimism Removal (CPR):    0.115ns
  Clock Uncertainty:      0.035ns  ((TSJ^2 + TIJ^2)^1/2 + DJ) / 2 + PE
    Total System Jitter     (TSJ):    0.071ns
    Total Input Jitter      (TIJ):    0.000ns
    Discrete Jitter          (DJ):    0.000ns
    Phase Error              (PE):    0.000ns

    Location             Delay type                Incr(ns)  Path(ns)    Netlist Resource(s)
  -------------------------------------------------------------------    -------------------
                         (clock clk_i rise edge)      0.000     0.000 r  
                                                      0.000     0.000 r  clk_i (IN)
                         net (fo=2310, unset)         1.795     1.795    u_tcm/u_ram/clk_i
    RAMB36_X1Y0          RAMB36E1                                     r  u_tcm/u_ram/ram_reg_3_2/CLKARDCLK
  -------------------------------------------------------------------    -------------------
    RAMB36_X1Y0          RAMB36E1 (Prop_ramb36e1_CLKARDCLK_DOADO[1])
                                                      2.454     4.249 r  u_tcm/u_ram/ram_reg_3_2/DOADO[1]
                         net (fo=7, routed)           1.188     5.438    u_tcm/u_ram/ram_read1_q[29]
    SLICE_X23Y16         LUT3 (Prop_lut3_I0_O)        0.124     5.562 r  u_tcm/u_ram/early_data_hold_q[29]_i_1/O
                         net (fo=5, routed)           0.882     6.444    u_tcm/u_ram/dport_data_rd_w[29]
    SLICE_X20Y11         LUT6 (Prop_lut6_I0_O)        0.124     6.568 r  u_tcm/u_ram/result_wb_q[13]_i_3/O
                         net (fo=1, routed)           0.668     7.235    u_core/u_lsu/u_lsu_request/result_wb_q_reg[13]
    SLICE_X25Y13         LUT6 (Prop_lut6_I5_O)        0.124     7.359 r  u_core/u_lsu/u_lsu_request/result_wb_q[13]_i_2/O
                         net (fo=2, routed)           0.446     7.806    u_core/u_issue/u_pipe_ctrl/writeback_mem_value_w[13]
    SLICE_X29Y12         LUT6 (Prop_lut6_I5_O)        0.124     7.930 r  u_core/u_issue/u_pipe_ctrl/sub_res_w_carry__2_i_33/O
                         net (fo=2, routed)           0.439     8.369    u_core/u_issue/u_pipe_ctrl/sub_res_w_carry__2_i_33_n_0
    SLICE_X31Y11         LUT6 (Prop_lut6_I2_O)        0.124     8.493 r  u_core/u_issue/u_pipe_ctrl/mem_data_wr_q[29]_i_2/O
                         net (fo=14, routed)          0.947     9.440    u_core/u_issue/u_pipe_ctrl/result_wb_q_reg[15]_0[1]
    SLICE_X31Y17         LUT2 (Prop_lut2_I0_O)        0.124     9.564 r  u_core/u_issue/u_pipe_ctrl/branch_update_valid_q_i_108/O
                         net (fo=1, routed)           0.000     9.564    u_core/u_issue/u_pipe_ctrl/branch_update_valid_q_i_108_n_0
    SLICE_X31Y17         CARRY4 (Prop_carry4_S[1]_CO[3])
                                                      0.550    10.114 r  u_core/u_issue/u_pipe_ctrl/branch_update_valid_q_reg_i_100/CO[3]
                         net (fo=1, routed)           0.000    10.114    u_core/u_issue/u_pipe_ctrl/branch_update_valid_q_reg_i_100_n_0
    SLICE_X31Y18         CARRY4 (Prop_carry4_CI_CO[3])
                                                      0.114    10.228 r  u_core/u_issue/u_pipe_ctrl/branch_update_valid_q_reg_i_91/CO[3]
                         net (fo=1, routed)           0.000    10.228    u_core/u_issue/u_pipe_ctrl/branch_update_valid_q_reg_i_91_n_0
    SLICE_X31Y19         CARRY4 (Prop_carry4_CI_CO[3])
                                                      0.114    10.342 r  u_core/u_issue/u_pipe_ctrl/branch_update_valid_q_reg_i_73/CO[3]
                         net (fo=1, routed)           0.000    10.342    u_core/u_issue/u_pipe_ctrl/branch_update_valid_q_reg_i_73_n_0
    SLICE_X31Y20         CARRY4 (Prop_carry4_CI_CO[3])
                                                      0.114    10.456 r  u_core/u_issue/u_pipe_ctrl/branch_update_valid_q_reg_i_51/CO[3]
                         net (fo=1, routed)           0.000    10.456    u_core/u_issue/u_pipe_ctrl/branch_update_valid_q_reg_i_51_n_0
    SLICE_X31Y21         CARRY4 (Prop_carry4_CI_O[3])
                                                      0.313    10.769 r  u_core/u_issue/u_pipe_ctrl/branch_update_valid_q_reg_i_35/O[3]
                         net (fo=1, routed)           0.298    11.067    u_core/u_issue/u_pipe_ctrl/u_exec/greater_than_signed00_out[31]
    SLICE_X28Y21         LUT5 (Prop_lut5_I4_O)        0.306    11.373 r  u_core/u_issue/u_pipe_ctrl/branch_update_valid_q_i_21_comp/O
                         net (fo=1, routed)           0.304    11.677    u_core/u_decode/branch_update_valid_q_i_6_1
    SLICE_X30Y21         LUT6 (Prop_lut6_I5_O)        0.124    11.801 r  u_core/u_decode/branch_update_valid_q_i_18_comp/O
                         net (fo=8, routed)           0.716    12.516    u_core/u_decode/branch_update_valid_q_i_18_n_0
    SLICE_X32Y22         LUT6 (Prop_lut6_I0_O)        0.124    12.640 r  u_core/u_decode/branch_update_valid_q_i_11/O
                         net (fo=27, routed)          0.755    13.395    u_core/u_decode/branch_update_valid_q_i_11_n_0
    SLICE_X33Y27         LUT6 (Prop_lut6_I2_O)        0.124    13.519 r  u_core/u_decode/branch_pc_q[12]_i_3/O
                         net (fo=1, routed)           0.296    13.815    u_core/u_decode/branch_pc_q[12]_i_3_n_0
    SLICE_X33Y25         LUT6 (Prop_lut6_I5_O)        0.124    13.939 r  u_core/u_decode/branch_pc_q[12]_i_1/O
                         net (fo=1, routed)           0.000    13.939    u_core/u_fetch/D[10]
    SLICE_X33Y25         FDCE                                         r  u_core/u_fetch/branch_pc_q_reg[12]/D
  -------------------------------------------------------------------    -------------------

                         (clock clk_i rise edge)     12.500    12.500 r  
                                                      0.000    12.500 r  clk_i (IN)
                         net (fo=2310, unset)         1.478    13.978    u_core/u_fetch/clk_i
    SLICE_X33Y25         FDCE                                         r  u_core/u_fetch/branch_pc_q_reg[12]/C
                         clock pessimism              0.115    14.093    
                         clock uncertainty           -0.035    14.058    
    SLICE_X33Y25         FDCE (Setup_fdce_C_D)        0.029    14.087    u_core/u_fetch/branch_pc_q_reg[12]
  -------------------------------------------------------------------
                         required time                         14.087    
                         arrival time                         -13.939    
  -------------------------------------------------------------------
                         slack                                  0.148    

Slack (MET) :             0.158ns  (required time - arrival time)
  Source:                 u_tcm/u_ram/ram_reg_3_2/CLKARDCLK
                            (rising edge-triggered cell RAMB36E1 clocked by clk_i  {rise@0.000ns fall@6.250ns period=12.500ns})
  Destination:            u_core/u_fetch/branch_pc_q_reg[10]/D
                            (rising edge-triggered cell FDCE clocked by clk_i  {rise@0.000ns fall@6.250ns period=12.500ns})
  Path Group:             clk_i
  Path Type:              Setup (Max at Slow Process Corner)
  Requirement:            12.500ns  (clk_i rise@12.500ns - clk_i rise@0.000ns)
  Data Path Delay:        12.181ns  (logic 5.205ns (42.731%)  route 6.976ns (57.269%))
  Logic Levels:           16  (CARRY4=5 LUT2=1 LUT3=1 LUT5=1 LUT6=8)
  Clock Path Skew:        -0.202ns (DCD - SCD + CPR)
    Destination Clock Delay (DCD):    1.478ns = ( 13.978 - 12.500 ) 
    Source Clock Delay      (SCD):    1.795ns
    Clock Pessimism Removal (CPR):    0.115ns
  Clock Uncertainty:      0.035ns  ((TSJ^2 + TIJ^2)^1/2 + DJ) / 2 + PE
    Total System Jitter     (TSJ):    0.071ns
    Total Input Jitter      (TIJ):    0.000ns
    Discrete Jitter          (DJ):    0.000ns
    Phase Error              (PE):    0.000ns

    Location             Delay type                Incr(ns)  Path(ns)    Netlist Resource(s)
  -------------------------------------------------------------------    -------------------
                         (clock clk_i rise edge)      0.000     0.000 r  
                                                      0.000     0.000 r  clk_i (IN)
                         net (fo=2310, unset)         1.795     1.795    u_tcm/u_ram/clk_i
    RAMB36_X1Y0          RAMB36E1                                     r  u_tcm/u_ram/ram_reg_3_2/CLKARDCLK
  -------------------------------------------------------------------    -------------------
    RAMB36_X1Y0          RAMB36E1 (Prop_ramb36e1_CLKARDCLK_DOADO[1])
                                                      2.454     4.249 r  u_tcm/u_ram/ram_reg_3_2/DOADO[1]
                         net (fo=7, routed)           1.188     5.438    u_tcm/u_ram/ram_read1_q[29]
    SLICE_X23Y16         LUT3 (Prop_lut3_I0_O)        0.124     5.562 r  u_tcm/u_ram/early_data_hold_q[29]_i_1/O
                         net (fo=5, routed)           0.882     6.444    u_tcm/u_ram/dport_data_rd_w[29]
    SLICE_X20Y11         LUT6 (Prop_lut6_I0_O)        0.124     6.568 r  u_tcm/u_ram/result_wb_q[13]_i_3/O
                         net (fo=1, routed)           0.668     7.235    u_core/u_lsu/u_lsu_request/result_wb_q_reg[13]
    SLICE_X25Y13         LUT6 (Prop_lut6_I5_O)        0.124     7.359 r  u_core/u_lsu/u_lsu_request/result_wb_q[13]_i_2/O
                         net (fo=2, routed)           0.446     7.806    u_core/u_issue/u_pipe_ctrl/writeback_mem_value_w[13]
    SLICE_X29Y12         LUT6 (Prop_lut6_I5_O)        0.124     7.930 r  u_core/u_issue/u_pipe_ctrl/sub_res_w_carry__2_i_33/O
                         net (fo=2, routed)           0.439     8.369    u_core/u_issue/u_pipe_ctrl/sub_res_w_carry__2_i_33_n_0
    SLICE_X31Y11         LUT6 (Prop_lut6_I2_O)        0.124     8.493 r  u_core/u_issue/u_pipe_ctrl/mem_data_wr_q[29]_i_2/O
                         net (fo=14, routed)          0.947     9.440    u_core/u_issue/u_pipe_ctrl/result_wb_q_reg[15]_0[1]
    SLICE_X31Y17         LUT2 (Prop_lut2_I0_O)        0.124     9.564 r  u_core/u_issue/u_pipe_ctrl/branch_update_valid_q_i_108/O
                         net (fo=1, routed)           0.000     9.564    u_core/u_issue/u_pipe_ctrl/branch_update_valid_q_i_108_n_0
    SLICE_X31Y17         CARRY4 (Prop_carry4_S[1]_CO[3])
                                                      0.550    10.114 r  u_core/u_issue/u_pipe_ctrl/branch_update_valid_q_reg_i_100/CO[3]
                         net (fo=1, routed)           0.000    10.114    u_core/u_issue/u_pipe_ctrl/branch_update_valid_q_reg_i_100_n_0
    SLICE_X31Y18         CARRY4 (Prop_carry4_CI_CO[3])
                                                      0.114    10.228 r  u_core/u_issue/u_pipe_ctrl/branch_update_valid_q_reg_i_91/CO[3]
                         net (fo=1, routed)           0.000    10.228    u_core/u_issue/u_pipe_ctrl/branch_update_valid_q_reg_i_91_n_0
    SLICE_X31Y19         CARRY4 (Prop_carry4_CI_CO[3])
                                                      0.114    10.342 r  u_core/u_issue/u_pipe_ctrl/branch_update_valid_q_reg_i_73/CO[3]
                         net (fo=1, routed)           0.000    10.342    u_core/u_issue/u_pipe_ctrl/branch_update_valid_q_reg_i_73_n_0
    SLICE_X31Y20         CARRY4 (Prop_carry4_CI_CO[3])
                                                      0.114    10.456 r  u_core/u_issue/u_pipe_ctrl/branch_update_valid_q_reg_i_51/CO[3]
                         net (fo=1, routed)           0.000    10.456    u_core/u_issue/u_pipe_ctrl/branch_update_valid_q_reg_i_51_n_0
    SLICE_X31Y21         CARRY4 (Prop_carry4_CI_O[3])
                                                      0.313    10.769 r  u_core/u_issue/u_pipe_ctrl/branch_update_valid_q_reg_i_35/O[3]
                         net (fo=1, routed)           0.298    11.067    u_core/u_issue/u_pipe_ctrl/u_exec/greater_than_signed00_out[31]
    SLICE_X28Y21         LUT5 (Prop_lut5_I4_O)        0.306    11.373 r  u_core/u_issue/u_pipe_ctrl/branch_update_valid_q_i_21_comp/O
                         net (fo=1, routed)           0.304    11.677    u_core/u_decode/branch_update_valid_q_i_6_1
    SLICE_X30Y21         LUT6 (Prop_lut6_I5_O)        0.124    11.801 r  u_core/u_decode/branch_update_valid_q_i_18_comp/O
                         net (fo=8, routed)           0.716    12.516    u_core/u_decode/branch_update_valid_q_i_18_n_0
    SLICE_X32Y22         LUT6 (Prop_lut6_I0_O)        0.124    12.640 r  u_core/u_decode/branch_update_valid_q_i_11/O
                         net (fo=27, routed)          0.749    13.389    u_core/u_decode/branch_update_valid_q_i_11_n_0
    SLICE_X33Y26         LUT6 (Prop_lut6_I2_O)        0.124    13.513 r  u_core/u_decode/branch_pc_q[10]_i_3/O
                         net (fo=1, routed)           0.339    13.852    u_core/u_decode/branch_pc_q[10]_i_3_n_0
    SLICE_X32Y24         LUT6 (Prop_lut6_I5_O)        0.124    13.976 r  u_core/u_decode/branch_pc_q[10]_i_1/O
                         net (fo=1, routed)           0.000    13.976    u_core/u_fetch/D[8]
    SLICE_X32Y24         FDCE                                         r  u_core/u_fetch/branch_pc_q_reg[10]/D
  -------------------------------------------------------------------    -------------------

                         (clock clk_i rise edge)     12.500    12.500 r  
                                                      0.000    12.500 r  clk_i (IN)
                         net (fo=2310, unset)         1.478    13.978    u_core/u_fetch/clk_i
    SLICE_X32Y24         FDCE                                         r  u_core/u_fetch/branch_pc_q_reg[10]/C
                         clock pessimism              0.115    14.093    
                         clock uncertainty           -0.035    14.058    
    SLICE_X32Y24         FDCE (Setup_fdce_C_D)        0.077    14.135    u_core/u_fetch/branch_pc_q_reg[10]
  -------------------------------------------------------------------
                         required time                         14.135    
                         arrival time                         -13.976    
  -------------------------------------------------------------------
                         slack                                  0.158    

Slack (MET) :             0.165ns  (required time - arrival time)
  Source:                 u_tcm/u_ram/ram_reg_3_2/CLKARDCLK
                            (rising edge-triggered cell RAMB36E1 clocked by clk_i  {rise@0.000ns fall@6.250ns period=12.500ns})
  Destination:            u_core/u_fetch/branch_pc_q_reg[22]/D
                            (rising edge-triggered cell FDCE clocked by clk_i  {rise@0.000ns fall@6.250ns period=12.500ns})
  Path Group:             clk_i
  Path Type:              Setup (Max at Slow Process Corner)
  Requirement:            12.500ns  (clk_i rise@12.500ns - clk_i rise@0.000ns)
  Data Path Delay:        12.178ns  (logic 5.205ns (42.742%)  route 6.973ns (57.258%))
  Logic Levels:           16  (CARRY4=5 LUT2=1 LUT3=1 LUT5=1 LUT6=8)
  Clock Path Skew:        -0.201ns (DCD - SCD + CPR)
    Destination Clock Delay (DCD):    1.479ns = ( 13.979 - 12.500 ) 
    Source Clock Delay      (SCD):    1.795ns
    Clock Pessimism Removal (CPR):    0.115ns
  Clock Uncertainty:      0.035ns  ((TSJ^2 + TIJ^2)^1/2 + DJ) / 2 + PE
    Total System Jitter     (TSJ):    0.071ns
    Total Input Jitter      (TIJ):    0.000ns
    Discrete Jitter          (DJ):    0.000ns
    Phase Error              (PE):    0.000ns

    Location             Delay type                Incr(ns)  Path(ns)    Netlist Resource(s)
  -------------------------------------------------------------------    -------------------
                         (clock clk_i rise edge)      0.000     0.000 r  
                                                      0.000     0.000 r  clk_i (IN)
                         net (fo=2310, unset)         1.795     1.795    u_tcm/u_ram/clk_i
    RAMB36_X1Y0          RAMB36E1                                     r  u_tcm/u_ram/ram_reg_3_2/CLKARDCLK
  -------------------------------------------------------------------    -------------------
    RAMB36_X1Y0          RAMB36E1 (Prop_ramb36e1_CLKARDCLK_DOADO[1])
                                                      2.454     4.249 r  u_tcm/u_ram/ram_reg_3_2/DOADO[1]
                         net (fo=7, routed)           1.188     5.438    u_tcm/u_ram/ram_read1_q[29]
    SLICE_X23Y16         LUT3 (Prop_lut3_I0_O)        0.124     5.562 r  u_tcm/u_ram/early_data_hold_q[29]_i_1/O
                         net (fo=5, routed)           0.882     6.444    u_tcm/u_ram/dport_data_rd_w[29]
    SLICE_X20Y11         LUT6 (Prop_lut6_I0_O)        0.124     6.568 r  u_tcm/u_ram/result_wb_q[13]_i_3/O
                         net (fo=1, routed)           0.668     7.235    u_core/u_lsu/u_lsu_request/result_wb_q_reg[13]
    SLICE_X25Y13         LUT6 (Prop_lut6_I5_O)        0.124     7.359 r  u_core/u_lsu/u_lsu_request/result_wb_q[13]_i_2/O
                         net (fo=2, routed)           0.446     7.806    u_core/u_issue/u_pipe_ctrl/writeback_mem_value_w[13]
    SLICE_X29Y12         LUT6 (Prop_lut6_I5_O)        0.124     7.930 r  u_core/u_issue/u_pipe_ctrl/sub_res_w_carry__2_i_33/O
                         net (fo=2, routed)           0.439     8.369    u_core/u_issue/u_pipe_ctrl/sub_res_w_carry__2_i_33_n_0
    SLICE_X31Y11         LUT6 (Prop_lut6_I2_O)        0.124     8.493 r  u_core/u_issue/u_pipe_ctrl/mem_data_wr_q[29]_i_2/O
                         net (fo=14, routed)          0.947     9.440    u_core/u_issue/u_pipe_ctrl/result_wb_q_reg[15]_0[1]
    SLICE_X31Y17         LUT2 (Prop_lut2_I0_O)        0.124     9.564 r  u_core/u_issue/u_pipe_ctrl/branch_update_valid_q_i_108/O
                         net (fo=1, routed)           0.000     9.564    u_core/u_issue/u_pipe_ctrl/branch_update_valid_q_i_108_n_0
    SLICE_X31Y17         CARRY4 (Prop_carry4_S[1]_CO[3])
                                                      0.550    10.114 r  u_core/u_issue/u_pipe_ctrl/branch_update_valid_q_reg_i_100/CO[3]
                         net (fo=1, routed)           0.000    10.114    u_core/u_issue/u_pipe_ctrl/branch_update_valid_q_reg_i_100_n_0
    SLICE_X31Y18         CARRY4 (Prop_carry4_CI_CO[3])
                                                      0.114    10.228 r  u_core/u_issue/u_pipe_ctrl/branch_update_valid_q_reg_i_91/CO[3]
                         net (fo=1, routed)           0.000    10.228    u_core/u_issue/u_pipe_ctrl/branch_update_valid_q_reg_i_91_n_0
    SLICE_X31Y19         CARRY4 (Prop_carry4_CI_CO[3])
                                                      0.114    10.342 r  u_core/u_issue/u_pipe_ctrl/branch_update_valid_q_reg_i_73/CO[3]
                         net (fo=1, routed)           0.000    10.342    u_core/u_issue/u_pipe_ctrl/branch_update_valid_q_reg_i_73_n_0
    SLICE_X31Y20         CARRY4 (Prop_carry4_CI_CO[3])
                                                      0.114    10.456 r  u_core/u_issue/u_pipe_ctrl/branch_update_valid_q_reg_i_51/CO[3]
                         net (fo=1, routed)           0.000    10.456    u_core/u_issue/u_pipe_ctrl/branch_update_valid_q_reg_i_51_n_0
    SLICE_X31Y21         CARRY4 (Prop_carry4_CI_O[3])
                                                      0.313    10.769 r  u_core/u_issue/u_pipe_ctrl/branch_update_valid_q_reg_i_35/O[3]
                         net (fo=1, routed)           0.298    11.067    u_core/u_issue/u_pipe_ctrl/u_exec/greater_than_signed00_out[31]
    SLICE_X28Y21         LUT5 (Prop_lut5_I4_O)        0.306    11.373 r  u_core/u_issue/u_pipe_ctrl/branch_update_valid_q_i_21_comp/O
                         net (fo=1, routed)           0.304    11.677    u_core/u_decode/branch_update_valid_q_i_6_1
    SLICE_X30Y21         LUT6 (Prop_lut6_I5_O)        0.124    11.801 r  u_core/u_decode/branch_update_valid_q_i_18_comp/O
                         net (fo=8, routed)           0.716    12.516    u_core/u_decode/branch_update_valid_q_i_18_n_0
    SLICE_X32Y22         LUT6 (Prop_lut6_I0_O)        0.124    12.640 r  u_core/u_decode/branch_update_valid_q_i_11/O
                         net (fo=27, routed)          0.771    13.412    u_core/u_decode/branch_update_valid_q_i_11_n_0
    SLICE_X34Y26         LUT6 (Prop_lut6_I2_O)        0.124    13.536 r  u_core/u_decode/branch_pc_q[22]_i_3/O
                         net (fo=1, routed)           0.313    13.849    u_core/u_decode/branch_pc_q[22]_i_3_n_0
    SLICE_X34Y25         LUT6 (Prop_lut6_I5_O)        0.124    13.973 r  u_core/u_decode/branch_pc_q[22]_i_1/O
                         net (fo=1, routed)           0.000    13.973    u_core/u_fetch/D[20]
    SLICE_X34Y25         FDCE                                         r  u_core/u_fetch/branch_pc_q_reg[22]/D
  -------------------------------------------------------------------    -------------------

                         (clock clk_i rise edge)     12.500    12.500 r  
                                                      0.000    12.500 r  clk_i (IN)
                         net (fo=2310, unset)         1.479    13.979    u_core/u_fetch/clk_i
    SLICE_X34Y25         FDCE                                         r  u_core/u_fetch/branch_pc_q_reg[22]/C
                         clock pessimism              0.115    14.094    
                         clock uncertainty           -0.035    14.059    
    SLICE_X34Y25         FDCE (Setup_fdce_C_D)        0.079    14.138    u_core/u_fetch/branch_pc_q_reg[22]
  -------------------------------------------------------------------
                         required time                         14.138    
                         arrival time                         -13.973    
  -------------------------------------------------------------------
                         slack                                  0.165    

Slack (MET) :             0.178ns  (required time - arrival time)
  Source:                 u_tcm/u_ram/ram_reg_3_2/CLKARDCLK
                            (rising edge-triggered cell RAMB36E1 clocked by clk_i  {rise@0.000ns fall@6.250ns period=12.500ns})
  Destination:            u_core/u_fetch/branch_pc_q_reg[27]/D
                            (rising edge-triggered cell FDCE clocked by clk_i  {rise@0.000ns fall@6.250ns period=12.500ns})
  Path Group:             clk_i
  Path Type:              Setup (Max at Slow Process Corner)
  Requirement:            12.500ns  (clk_i rise@12.500ns - clk_i rise@0.000ns)
  Data Path Delay:        12.165ns  (logic 5.205ns (42.785%)  route 6.960ns (57.215%))
  Logic Levels:           16  (CARRY4=5 LUT2=1 LUT3=1 LUT5=1 LUT6=8)
  Clock Path Skew:        -0.200ns (DCD - SCD + CPR)
    Destination Clock Delay (DCD):    1.480ns = ( 13.980 - 12.500 ) 
    Source Clock Delay      (SCD):    1.795ns
    Clock Pessimism Removal (CPR):    0.115ns
  Clock Uncertainty:      0.035ns  ((TSJ^2 + TIJ^2)^1/2 + DJ) / 2 + PE
    Total System Jitter     (TSJ):    0.071ns
    Total Input Jitter      (TIJ):    0.000ns
    Discrete Jitter          (DJ):    0.000ns
    Phase Error              (PE):    0.000ns

    Location             Delay type                Incr(ns)  Path(ns)    Netlist Resource(s)
  -------------------------------------------------------------------    -------------------
                         (clock clk_i rise edge)      0.000     0.000 r  
                                                      0.000     0.000 r  clk_i (IN)
                         net (fo=2310, unset)         1.795     1.795    u_tcm/u_ram/clk_i
    RAMB36_X1Y0          RAMB36E1                                     r  u_tcm/u_ram/ram_reg_3_2/CLKARDCLK
  -------------------------------------------------------------------    -------------------
    RAMB36_X1Y0          RAMB36E1 (Prop_ramb36e1_CLKARDCLK_DOADO[1])
                                                      2.454     4.249 r  u_tcm/u_ram/ram_reg_3_2/DOADO[1]
                         net (fo=7, routed)           1.188     5.438    u_tcm/u_ram/ram_read1_q[29]
    SLICE_X23Y16         LUT3 (Prop_lut3_I0_O)        0.124     5.562 r  u_tcm/u_ram/early_data_hold_q[29]_i_1/O
                         net (fo=5, routed)           0.882     6.444    u_tcm/u_ram/dport_data_rd_w[29]
    SLICE_X20Y11         LUT6 (Prop_lut6_I0_O)        0.124     6.568 r  u_tcm/u_ram/result_wb_q[13]_i_3/O
                         net (fo=1, routed)           0.668     7.235    u_core/u_lsu/u_lsu_request/result_wb_q_reg[13]
    SLICE_X25Y13         LUT6 (Prop_lut6_I5_O)        0.124     7.359 r  u_core/u_lsu/u_lsu_request/result_wb_q[13]_i_2/O
                         net (fo=2, routed)           0.446     7.806    u_core/u_issue/u_pipe_ctrl/writeback_mem_value_w[13]
    SLICE_X29Y12         LUT6 (Prop_lut6_I5_O)        0.124     7.930 r  u_core/u_issue/u_pipe_ctrl/sub_res_w_carry__2_i_33/O
                         net (fo=2, routed)           0.439     8.369    u_core/u_issue/u_pipe_ctrl/sub_res_w_carry__2_i_33_n_0
    SLICE_X31Y11         LUT6 (Prop_lut6_I2_O)        0.124     8.493 r  u_core/u_issue/u_pipe_ctrl/mem_data_wr_q[29]_i_2/O
                         net (fo=14, routed)          0.947     9.440    u_core/u_issue/u_pipe_ctrl/result_wb_q_reg[15]_0[1]
    SLICE_X31Y17         LUT2 (Prop_lut2_I0_O)        0.124     9.564 r  u_core/u_issue/u_pipe_ctrl/branch_update_valid_q_i_108/O
                         net (fo=1, routed)           0.000     9.564    u_core/u_issue/u_pipe_ctrl/branch_update_valid_q_i_108_n_0
    SLICE_X31Y17         CARRY4 (Prop_carry4_S[1]_CO[3])
                                                      0.550    10.114 r  u_core/u_issue/u_pipe_ctrl/branch_update_valid_q_reg_i_100/CO[3]
                         net (fo=1, routed)           0.000    10.114    u_core/u_issue/u_pipe_ctrl/branch_update_valid_q_reg_i_100_n_0
    SLICE_X31Y18         CARRY4 (Prop_carry4_CI_CO[3])
                                                      0.114    10.228 r  u_core/u_issue/u_pipe_ctrl/branch_update_valid_q_reg_i_91/CO[3]
                         net (fo=1, routed)           0.000    10.228    u_core/u_issue/u_pipe_ctrl/branch_update_valid_q_reg_i_91_n_0
    SLICE_X31Y19         CARRY4 (Prop_carry4_CI_CO[3])
                                                      0.114    10.342 r  u_core/u_issue/u_pipe_ctrl/branch_update_valid_q_reg_i_73/CO[3]
                         net (fo=1, routed)           0.000    10.342    u_core/u_issue/u_pipe_ctrl/branch_update_valid_q_reg_i_73_n_0
    SLICE_X31Y20         CARRY4 (Prop_carry4_CI_CO[3])
                                                      0.114    10.456 r  u_core/u_issue/u_pipe_ctrl/branch_update_valid_q_reg_i_51/CO[3]
                         net (fo=1, routed)           0.000    10.456    u_core/u_issue/u_pipe_ctrl/branch_update_valid_q_reg_i_51_n_0
    SLICE_X31Y21         CARRY4 (Prop_carry4_CI_O[3])
                                                      0.313    10.769 r  u_core/u_issue/u_pipe_ctrl/branch_update_valid_q_reg_i_35/O[3]
                         net (fo=1, routed)           0.298    11.067    u_core/u_issue/u_pipe_ctrl/u_exec/greater_than_signed00_out[31]
    SLICE_X28Y21         LUT5 (Prop_lut5_I4_O)        0.306    11.373 r  u_core/u_issue/u_pipe_ctrl/branch_update_valid_q_i_21_comp/O
                         net (fo=1, routed)           0.304    11.677    u_core/u_decode/branch_update_valid_q_i_6_1
    SLICE_X30Y21         LUT6 (Prop_lut6_I5_O)        0.124    11.801 r  u_core/u_decode/branch_update_valid_q_i_18_comp/O
                         net (fo=8, routed)           0.716    12.516    u_core/u_decode/branch_update_valid_q_i_18_n_0
    SLICE_X32Y22         LUT6 (Prop_lut6_I0_O)        0.124    12.640 r  u_core/u_decode/branch_update_valid_q_i_11/O
                         net (fo=27, routed)          0.761    13.401    u_core/u_decode/branch_update_valid_q_i_11_n_0
    SLICE_X33Y27         LUT6 (Prop_lut6_I2_O)        0.124    13.525 r  u_core/u_decode/branch_pc_q[27]_i_3/O
                         net (fo=1, routed)           0.312    13.837    u_core/u_decode/branch_pc_q[27]_i_3_n_0
    SLICE_X32Y26         LUT6 (Prop_lut6_I5_O)        0.124    13.961 r  u_core/u_decode/branch_pc_q[27]_i_1/O
                         net (fo=1, routed)           0.000    13.961    u_core/u_fetch/D[25]
    SLICE_X32Y26         FDCE                                         r  u_core/u_fetch/branch_pc_q_reg[27]/D
  -------------------------------------------------------------------    -------------------

                         (clock clk_i rise edge)     12.500    12.500 r  
                                                      0.000    12.500 r  clk_i (IN)
                         net (fo=2310, unset)         1.480    13.980    u_core/u_fetch/clk_i
    SLICE_X32Y26         FDCE                                         r  u_core/u_fetch/branch_pc_q_reg[27]/C
                         clock pessimism              0.115    14.095    
                         clock uncertainty           -0.035    14.060    
    SLICE_X32Y26         FDCE (Setup_fdce_C_D)        0.079    14.139    u_core/u_fetch/branch_pc_q_reg[27]
  -------------------------------------------------------------------
                         required time                         14.139    
                         arrival time                         -13.961    
  -------------------------------------------------------------------
                         slack                                  0.178    

Slack (MET) :             0.186ns  (required time - arrival time)
  Source:                 u_tcm/u_ram/ram_reg_3_2/CLKARDCLK
                            (rising edge-triggered cell RAMB36E1 clocked by clk_i  {rise@0.000ns fall@6.250ns period=12.500ns})
  Destination:            u_core/u_fetch/branch_pc_q_reg[2]/D
                            (rising edge-triggered cell FDCE clocked by clk_i  {rise@0.000ns fall@6.250ns period=12.500ns})
  Path Group:             clk_i
  Path Type:              Setup (Max at Slow Process Corner)
  Requirement:            12.500ns  (clk_i rise@12.500ns - clk_i rise@0.000ns)
  Data Path Delay:        12.109ns  (logic 5.205ns (42.986%)  route 6.904ns (57.014%))
  Logic Levels:           16  (CARRY4=5 LUT2=1 LUT3=1 LUT5=1 LUT6=8)
  Clock Path Skew:        -0.199ns (DCD - SCD + CPR)
    Destination Clock Delay (DCD):    1.481ns = ( 13.981 - 12.500 ) 
    Source Clock Delay      (SCD):    1.795ns
    Clock Pessimism Removal (CPR):    0.115ns
  Clock Uncertainty:      0.035ns  ((TSJ^2 + TIJ^2)^1/2 + DJ) / 2 + PE
    Total System Jitter     (TSJ):    0.071ns
    Total Input Jitter      (TIJ):    0.000ns
    Discrete Jitter          (DJ):    0.000ns
    Phase Error              (PE):    0.000ns

    Location             Delay type                Incr(ns)  Path(ns)    Netlist Resource(s)
  -------------------------------------------------------------------    -------------------
                         (clock clk_i rise edge)      0.000     0.000 r  
                                                      0.000     0.000 r  clk_i (IN)
                         net (fo=2310, unset)         1.795     1.795    u_tcm/u_ram/clk_i
    RAMB36_X1Y0          RAMB36E1                                     r  u_tcm/u_ram/ram_reg_3_2/CLKARDCLK
  -------------------------------------------------------------------    -------------------
    RAMB36_X1Y0          RAMB36E1 (Prop_ramb36e1_CLKARDCLK_DOADO[1])
                                                      2.454     4.249 r  u_tcm/u_ram/ram_reg_3_2/DOADO[1]
                         net (fo=7, routed)           1.188     5.438    u_tcm/u_ram/ram_read1_q[29]
    SLICE_X23Y16         LUT3 (Prop_lut3_I0_O)        0.124     5.562 r  u_tcm/u_ram/early_data_hold_q[29]_i_1/O
                         net (fo=5, routed)           0.882     6.444    u_tcm/u_ram/dport_data_rd_w[29]
    SLICE_X20Y11         LUT6 (Prop_lut6_I0_O)        0.124     6.568 r  u_tcm/u_ram/result_wb_q[13]_i_3/O
                         net (fo=1, routed)           0.668     7.235    u_core/u_lsu/u_lsu_request/result_wb_q_reg[13]
    SLICE_X25Y13         LUT6 (Prop_lut6_I5_O)        0.124     7.359 r  u_core/u_lsu/u_lsu_request/result_wb_q[13]_i_2/O
                         net (fo=2, routed)           0.446     7.806    u_core/u_issue/u_pipe_ctrl/writeback_mem_value_w[13]
    SLICE_X29Y12         LUT6 (Prop_lut6_I5_O)        0.124     7.930 r  u_core/u_issue/u_pipe_ctrl/sub_res_w_carry__2_i_33/O
                         net (fo=2, routed)           0.439     8.369    u_core/u_issue/u_pipe_ctrl/sub_res_w_carry__2_i_33_n_0
    SLICE_X31Y11         LUT6 (Prop_lut6_I2_O)        0.124     8.493 r  u_core/u_issue/u_pipe_ctrl/mem_data_wr_q[29]_i_2/O
                         net (fo=14, routed)          0.947     9.440    u_core/u_issue/u_pipe_ctrl/result_wb_q_reg[15]_0[1]
    SLICE_X31Y17         LUT2 (Prop_lut2_I0_O)        0.124     9.564 r  u_core/u_issue/u_pipe_ctrl/branch_update_valid_q_i_108/O
                         net (fo=1, routed)           0.000     9.564    u_core/u_issue/u_pipe_ctrl/branch_update_valid_q_i_108_n_0
    SLICE_X31Y17         CARRY4 (Prop_carry4_S[1]_CO[3])
                                                      0.550    10.114 r  u_core/u_issue/u_pipe_ctrl/branch_update_valid_q_reg_i_100/CO[3]
                         net (fo=1, routed)           0.000    10.114    u_core/u_issue/u_pipe_ctrl/branch_update_valid_q_reg_i_100_n_0
    SLICE_X31Y18         CARRY4 (Prop_carry4_CI_CO[3])
                                                      0.114    10.228 r  u_core/u_issue/u_pipe_ctrl/branch_update_valid_q_reg_i_91/CO[3]
                         net (fo=1, routed)           0.000    10.228    u_core/u_issue/u_pipe_ctrl/branch_update_valid_q_reg_i_91_n_0
    SLICE_X31Y19         CARRY4 (Prop_carry4_CI_CO[3])
                                                      0.114    10.342 r  u_core/u_issue/u_pipe_ctrl/branch_update_valid_q_reg_i_73/CO[3]
                         net (fo=1, routed)           0.000    10.342    u_core/u_issue/u_pipe_ctrl/branch_update_valid_q_reg_i_73_n_0
    SLICE_X31Y20         CARRY4 (Prop_carry4_CI_CO[3])
                                                      0.114    10.456 r  u_core/u_issue/u_pipe_ctrl/branch_update_valid_q_reg_i_51/CO[3]
                         net (fo=1, routed)           0.000    10.456    u_core/u_issue/u_pipe_ctrl/branch_update_valid_q_reg_i_51_n_0
    SLICE_X31Y21         CARRY4 (Prop_carry4_CI_O[3])
                                                      0.313    10.769 r  u_core/u_issue/u_pipe_ctrl/branch_update_valid_q_reg_i_35/O[3]
                         net (fo=1, routed)           0.298    11.067    u_core/u_issue/u_pipe_ctrl/u_exec/greater_than_signed00_out[31]
    SLICE_X28Y21         LUT5 (Prop_lut5_I4_O)        0.306    11.373 r  u_core/u_issue/u_pipe_ctrl/branch_update_valid_q_i_21_comp/O
                         net (fo=1, routed)           0.304    11.677    u_core/u_decode/branch_update_valid_q_i_6_1
    SLICE_X30Y21         LUT6 (Prop_lut6_I5_O)        0.124    11.801 r  u_core/u_decode/branch_update_valid_q_i_18_comp/O
                         net (fo=8, routed)           0.716    12.516    u_core/u_decode/branch_update_valid_q_i_18_n_0
    SLICE_X32Y22         LUT6 (Prop_lut6_I0_O)        0.124    12.640 r  u_core/u_decode/branch_update_valid_q_i_11/O
                         net (fo=27, routed)          0.402    13.043    u_core/u_decode/branch_update_valid_q_i_11_n_0
    SLICE_X34Y22         LUT6 (Prop_lut6_I2_O)        0.124    13.167 r  u_core/u_decode/branch_pc_q[2]_i_3/O
                         net (fo=1, routed)           0.613    13.780    u_core/u_decode/branch_pc_q[2]_i_3_n_0
    SLICE_X33Y22         LUT6 (Prop_lut6_I5_O)        0.124    13.904 r  u_core/u_decode/branch_pc_q[2]_i_1/O
                         net (fo=1, routed)           0.000    13.904    u_core/u_fetch/D[0]
    SLICE_X33Y22         FDCE                                         r  u_core/u_fetch/branch_pc_q_reg[2]/D
  -------------------------------------------------------------------    -------------------

                         (clock clk_i rise edge)     12.500    12.500 r  
                                                      0.000    12.500 r  clk_i (IN)
                         net (fo=2310, unset)         1.481    13.981    u_core/u_fetch/clk_i
    SLICE_X33Y22         FDCE                                         r  u_core/u_fetch/branch_pc_q_reg[2]/C
                         clock pessimism              0.115    14.096    
                         clock uncertainty           -0.035    14.061    
    SLICE_X33Y22         FDCE (Setup_fdce_C_D)        0.029    14.090    u_core/u_fetch/branch_pc_q_reg[2]
  -------------------------------------------------------------------
                         required time                         14.090    
                         arrival time                         -13.904    
  -------------------------------------------------------------------
                         slack                                  0.186    

Slack (MET) :             0.190ns  (required time - arrival time)
  Source:                 u_tcm/u_ram/ram_reg_3_2/CLKARDCLK
                            (rising edge-triggered cell RAMB36E1 clocked by clk_i  {rise@0.000ns fall@6.250ns period=12.500ns})
  Destination:            u_core/u_fetch/branch_pc_q_reg[7]/D
                            (rising edge-triggered cell FDCE clocked by clk_i  {rise@0.000ns fall@6.250ns period=12.500ns})
  Path Group:             clk_i
  Path Type:              Setup (Max at Slow Process Corner)
  Requirement:            12.500ns  (clk_i rise@12.500ns - clk_i rise@0.000ns)
  Data Path Delay:        12.152ns  (logic 5.205ns (42.833%)  route 6.947ns (57.167%))
  Logic Levels:           16  (CARRY4=5 LUT2=1 LUT3=1 LUT5=1 LUT6=8)
  Clock Path Skew:        -0.199ns (DCD - SCD + CPR)
    Destination Clock Delay (DCD):    1.481ns = ( 13.981 - 12.500 ) 
    Source Clock Delay      (SCD):    1.795ns
    Clock Pessimism Removal (CPR):    0.115ns
  Clock Uncertainty:      0.035ns  ((TSJ^2 + TIJ^2)^1/2 + DJ) / 2 + PE
    Total System Jitter     (TSJ):    0.071ns
    Total Input Jitter      (TIJ):    0.000ns
    Discrete Jitter          (DJ):    0.000ns
    Phase Error              (PE):    0.000ns

    Location             Delay type                Incr(ns)  Path(ns)    Netlist Resource(s)
  -------------------------------------------------------------------    -------------------
                         (clock clk_i rise edge)      0.000     0.000 r  
                                                      0.000     0.000 r  clk_i (IN)
                         net (fo=2310, unset)         1.795     1.795    u_tcm/u_ram/clk_i
    RAMB36_X1Y0          RAMB36E1                                     r  u_tcm/u_ram/ram_reg_3_2/CLKARDCLK
  -------------------------------------------------------------------    -------------------
    RAMB36_X1Y0          RAMB36E1 (Prop_ramb36e1_CLKARDCLK_DOADO[1])
                                                      2.454     4.249 r  u_tcm/u_ram/ram_reg_3_2/DOADO[1]
                         net (fo=7, routed)           1.188     5.438    u_tcm/u_ram/ram_read1_q[29]
    SLICE_X23Y16         LUT3 (Prop_lut3_I0_O)        0.124     5.562 r  u_tcm/u_ram/early_data_hold_q[29]_i_1/O
                         net (fo=5, routed)           0.882     6.444    u_tcm/u_ram/dport_data_rd_w[29]
    SLICE_X20Y11         LUT6 (Prop_lut6_I0_O)        0.124     6.568 r  u_tcm/u_ram/result_wb_q[13]_i_3/O
                         net (fo=1, routed)           0.668     7.235    u_core/u_lsu/u_lsu_request/result_wb_q_reg[13]
    SLICE_X25Y13         LUT6 (Prop_lut6_I5_O)        0.124     7.359 r  u_core/u_lsu/u_lsu_request/result_wb_q[13]_i_2/O
                         net (fo=2, routed)           0.446     7.806    u_core/u_issue/u_pipe_ctrl/writeback_mem_value_w[13]
    SLICE_X29Y12         LUT6 (Prop_lut6_I5_O)        0.124     7.930 r  u_core/u_issue/u_pipe_ctrl/sub_res_w_carry__2_i_33/O
                         net (fo=2, routed)           0.439     8.369    u_core/u_issue/u_pipe_ctrl/sub_res_w_carry__2_i_33_n_0
    SLICE_X31Y11         LUT6 (Prop_lut6_I2_O)        0.124     8.493 r  u_core/u_issue/u_pipe_ctrl/mem_data_wr_q[29]_i_2/O
                         net (fo=14, routed)          0.947     9.440    u_core/u_issue/u_pipe_ctrl/result_wb_q_reg[15]_0[1]
    SLICE_X31Y17         LUT2 (Prop_lut2_I0_O)        0.124     9.564 r  u_core/u_issue/u_pipe_ctrl/branch_update_valid_q_i_108/O
                         net (fo=1, routed)           0.000     9.564    u_core/u_issue/u_pipe_ctrl/branch_update_valid_q_i_108_n_0
    SLICE_X31Y17         CARRY4 (Prop_carry4_S[1]_CO[3])
                                                      0.550    10.114 r  u_core/u_issue/u_pipe_ctrl/branch_update_valid_q_reg_i_100/CO[3]
                         net (fo=1, routed)           0.000    10.114    u_core/u_issue/u_pipe_ctrl/branch_update_valid_q_reg_i_100_n_0
    SLICE_X31Y18         CARRY4 (Prop_carry4_CI_CO[3])
                                                      0.114    10.228 r  u_core/u_issue/u_pipe_ctrl/branch_update_valid_q_reg_i_91/CO[3]
                         net (fo=1, routed)           0.000    10.228    u_core/u_issue/u_pipe_ctrl/branch_update_valid_q_reg_i_91_n_0
    SLICE_X31Y19         CARRY4 (Prop_carry4_CI_CO[3])
                                                      0.114    10.342 r  u_core/u_issue/u_pipe_ctrl/branch_update_valid_q_reg_i_73/CO[3]
                         net (fo=1, routed)           0.000    10.342    u_core/u_issue/u_pipe_ctrl/branch_update_valid_q_reg_i_73_n_0
    SLICE_X31Y20         CARRY4 (Prop_carry4_CI_CO[3])
                                                      0.114    10.456 r  u_core/u_issue/u_pipe_ctrl/branch_update_valid_q_reg_i_51/CO[3]
                         net (fo=1, routed)           0.000    10.456    u_core/u_issue/u_pipe_ctrl/branch_update_valid_q_reg_i_51_n_0
    SLICE_X31Y21         CARRY4 (Prop_carry4_CI_O[3])
                                                      0.313    10.769 r  u_core/u_issue/u_pipe_ctrl/branch_update_valid_q_reg_i_35/O[3]
                         net (fo=1, routed)           0.298    11.067    u_core/u_issue/u_pipe_ctrl/u_exec/greater_than_signed00_out[31]
    SLICE_X28Y21         LUT5 (Prop_lut5_I4_O)        0.306    11.373 r  u_core/u_issue/u_pipe_ctrl/branch_update_valid_q_i_21_comp/O
                         net (fo=1, routed)           0.304    11.677    u_core/u_decode/branch_update_valid_q_i_6_1
    SLICE_X30Y21         LUT6 (Prop_lut6_I5_O)        0.124    11.801 r  u_core/u_decode/branch_update_valid_q_i_18_comp/O
                         net (fo=8, routed)           0.716    12.516    u_core/u_decode/branch_update_valid_q_i_18_n_0
    SLICE_X32Y22         LUT6 (Prop_lut6_I0_O)        0.124    12.640 r  u_core/u_decode/branch_update_valid_q_i_11/O
                         net (fo=27, routed)          0.563    13.203    u_core/u_decode/branch_update_valid_q_i_11_n_0
    SLICE_X34Y23         LUT6 (Prop_lut6_I2_O)        0.124    13.327 r  u_core/u_decode/branch_pc_q[7]_i_3/O
                         net (fo=1, routed)           0.496    13.823    u_core/u_decode/branch_pc_q[7]_i_3_n_0
    SLICE_X34Y23         LUT6 (Prop_lut6_I5_O)        0.124    13.947 r  u_core/u_decode/branch_pc_q[7]_i_1/O
                         net (fo=1, routed)           0.000    13.947    u_core/u_fetch/D[5]
    SLICE_X34Y23         FDCE                                         r  u_core/u_fetch/branch_pc_q_reg[7]/D
  -------------------------------------------------------------------    -------------------

                         (clock clk_i rise edge)     12.500    12.500 r  
                                                      0.000    12.500 r  clk_i (IN)
                         net (fo=2310, unset)         1.481    13.981    u_core/u_fetch/clk_i
    SLICE_X34Y23         FDCE                                         r  u_core/u_fetch/branch_pc_q_reg[7]/C
                         clock pessimism              0.115    14.096    
                         clock uncertainty           -0.035    14.061    
    SLICE_X34Y23         FDCE (Setup_fdce_C_D)        0.077    14.138    u_core/u_fetch/branch_pc_q_reg[7]
  -------------------------------------------------------------------
                         required time                         14.138    
                         arrival time                         -13.947    
  -------------------------------------------------------------------
                         slack                                  0.190    

Slack (MET) :             0.197ns  (required time - arrival time)
  Source:                 u_tcm/u_ram/ram_reg_1_3/CLKARDCLK
                            (rising edge-triggered cell RAMB36E1 clocked by clk_i  {rise@0.000ns fall@6.250ns period=12.500ns})
  Destination:            u_core/u_exec/result_q_reg[0]/D
                            (rising edge-triggered cell FDCE clocked by clk_i  {rise@0.000ns fall@6.250ns period=12.500ns})
  Path Group:             clk_i
  Path Type:              Setup (Max at Slow Process Corner)
  Requirement:            12.500ns  (clk_i rise@12.500ns - clk_i rise@0.000ns)
  Data Path Delay:        12.188ns  (logic 4.070ns (33.394%)  route 8.118ns (66.606%))
  Logic Levels:           11  (CARRY4=1 LUT4=1 LUT5=2 LUT6=7)
  Clock Path Skew:        -0.111ns (DCD - SCD + CPR)
    Destination Clock Delay (DCD):    1.561ns = ( 14.061 - 12.500 ) 
    Source Clock Delay      (SCD):    1.787ns
    Clock Pessimism Removal (CPR):    0.115ns
  Clock Uncertainty:      0.035ns  ((TSJ^2 + TIJ^2)^1/2 + DJ) / 2 + PE
    Total System Jitter     (TSJ):    0.071ns
    Total Input Jitter      (TIJ):    0.000ns
    Discrete Jitter          (DJ):    0.000ns
    Phase Error              (PE):    0.000ns

    Location             Delay type                Incr(ns)  Path(ns)    Netlist Resource(s)
  -------------------------------------------------------------------    -------------------
                         (clock clk_i rise edge)      0.000     0.000 r  
                                                      0.000     0.000 r  clk_i (IN)
                         net (fo=2310, unset)         1.787     1.787    u_tcm/u_ram/clk_i
    RAMB36_X1Y6          RAMB36E1                                     r  u_tcm/u_ram/ram_reg_1_3/CLKARDCLK
  -------------------------------------------------------------------    -------------------
    RAMB36_X1Y6          RAMB36E1 (Prop_ramb36e1_CLKARDCLK_DOADO[1])
                                                      2.454     4.241 r  u_tcm/u_ram/ram_reg_1_3/DOADO[1]
                         net (fo=7, routed)           1.401     5.642    u_tcm/u_ram/ram_read1_q[15]
    SLICE_X19Y22         LUT6 (Prop_lut6_I3_O)        0.124     5.766 r  u_tcm/u_ram/result_wb_q[31]_i_12/O
                         net (fo=4, routed)           0.329     6.096    u_core/u_lsu/u_lsu_request/sub_res_w_carry__3_i_40_0
    SLICE_X19Y20         LUT6 (Prop_lut6_I5_O)        0.124     6.220 r  u_core/u_lsu/u_lsu_request/sub_res_w_carry__3_i_42/O
                         net (fo=16, routed)          0.930     7.150    u_core/u_lsu/u_lsu_request/sub_res_w_carry__3_i_42_n_0
    SLICE_X21Y19         LUT6 (Prop_lut6_I4_O)        0.124     7.274 r  u_core/u_lsu/u_lsu_request/mem_data_wr_q[31]_i_18/O
                         net (fo=1, routed)           0.526     7.800    u_core/u_issue/u_pipe_ctrl/writeback_mem_value_w[31]
    SLICE_X27Y19         LUT6 (Prop_lut6_I5_O)        0.124     7.924 r  u_core/u_issue/u_pipe_ctrl/mem_data_wr_q[31]_i_13/O
                         net (fo=2, routed)           1.003     8.927    u_core/u_issue/u_pipe_ctrl/mem_data_wr_q[31]_i_13_n_0
    SLICE_X38Y17         LUT6 (Prop_lut6_I4_O)        0.124     9.051 f  u_core/u_issue/u_pipe_ctrl/csr_wdata_e1_q[31]_i_3/O
                         net (fo=18, routed)          0.616     9.667    u_core/u_decode/lsu_opcode_ra_operand_w[31]
    SLICE_X37Y17         LUT6 (Prop_lut6_I4_O)        0.124     9.791 r  u_core/u_decode/sub_res_w_carry__6_i_18/O
                         net (fo=16, routed)          1.584    11.376    u_core/u_decode/sub_res_w_carry__6_i_18_n_0
    SLICE_X22Y28         LUT4 (Prop_lut4_I1_O)        0.124    11.500 r  u_core/u_decode/result_r2_carry__2_i_5/O
                         net (fo=1, routed)           0.000    11.500    u_core/u_exec/u_alu/result_q[0]_i_14_0[3]
    SLICE_X22Y28         CARRY4 (Prop_carry4_S[3]_CO[3])
                                                      0.376    11.876 r  u_core/u_exec/u_alu/result_r2_carry__2/CO[3]
                         net (fo=1, routed)           0.789    12.665    u_core/u_decode/CO[0]
    SLICE_X23Y30         LUT5 (Prop_lut5_I4_O)        0.124    12.789 r  u_core/u_decode/result_q[0]_i_14/O
                         net (fo=1, routed)           0.403    13.192    u_core/u_decode/result_q[0]_i_14_n_0
    SLICE_X23Y30         LUT5 (Prop_lut5_I2_O)        0.124    13.316 r  u_core/u_decode/result_q[0]_i_7/O
                         net (fo=1, routed)           0.535    13.851    u_core/u_decode/result_q[0]_i_7_n_0
    SLICE_X24Y29         LUT6 (Prop_lut6_I5_O)        0.124    13.975 r  u_core/u_decode/result_q[0]_i_1_comp/O
                         net (fo=1, routed)           0.000    13.975    u_core/u_exec/result_q_reg[31]_3[0]
    SLICE_X24Y29         FDCE                                         r  u_core/u_exec/result_q_reg[0]/D
  -------------------------------------------------------------------    -------------------

                         (clock clk_i rise edge)     12.500    12.500 r  
                                                      0.000    12.500 r  clk_i (IN)
                         net (fo=2310, unset)         1.561    14.061    u_core/u_exec/clk_i
    SLICE_X24Y29         FDCE                                         r  u_core/u_exec/result_q_reg[0]/C
                         clock pessimism              0.115    14.176    
                         clock uncertainty           -0.035    14.141    
    SLICE_X24Y29         FDCE (Setup_fdce_C_D)        0.032    14.173    u_core/u_exec/result_q_reg[0]
  -------------------------------------------------------------------
                         required time                         14.173    
                         arrival time                         -13.975    
  -------------------------------------------------------------------
                         slack                                  0.197    

Slack (MET) :             0.202ns  (required time - arrival time)
  Source:                 u_tcm/u_ram/ram_reg_3_2/CLKARDCLK
                            (rising edge-triggered cell RAMB36E1 clocked by clk_i  {rise@0.000ns fall@6.250ns period=12.500ns})
  Destination:            u_core/u_fetch/branch_pc_q_reg[30]/D
                            (rising edge-triggered cell FDCE clocked by clk_i  {rise@0.000ns fall@6.250ns period=12.500ns})
  Path Group:             clk_i
  Path Type:              Setup (Max at Slow Process Corner)
  Requirement:            12.500ns  (clk_i rise@12.500ns - clk_i rise@0.000ns)
  Data Path Delay:        12.091ns  (logic 5.205ns (43.047%)  route 6.886ns (56.953%))
  Logic Levels:           16  (CARRY4=5 LUT2=1 LUT3=1 LUT5=1 LUT6=8)
  Clock Path Skew:        -0.202ns (DCD - SCD + CPR)
    Destination Clock Delay (DCD):    1.478ns = ( 13.978 - 12.500 ) 
    Source Clock Delay      (SCD):    1.795ns
    Clock Pessimism Removal (CPR):    0.115ns
  Clock Uncertainty:      0.035ns  ((TSJ^2 + TIJ^2)^1/2 + DJ) / 2 + PE
    Total System Jitter     (TSJ):    0.071ns
    Total Input Jitter      (TIJ):    0.000ns
    Discrete Jitter          (DJ):    0.000ns
    Phase Error              (PE):    0.000ns

    Location             Delay type                Incr(ns)  Path(ns)    Netlist Resource(s)
  -------------------------------------------------------------------    -------------------
                         (clock clk_i rise edge)      0.000     0.000 r  
                                                      0.000     0.000 r  clk_i (IN)
                         net (fo=2310, unset)         1.795     1.795    u_tcm/u_ram/clk_i
    RAMB36_X1Y0          RAMB36E1                                     r  u_tcm/u_ram/ram_reg_3_2/CLKARDCLK
  -------------------------------------------------------------------    -------------------
    RAMB36_X1Y0          RAMB36E1 (Prop_ramb36e1_CLKARDCLK_DOADO[1])
                                                      2.454     4.249 r  u_tcm/u_ram/ram_reg_3_2/DOADO[1]
                         net (fo=7, routed)           1.188     5.438    u_tcm/u_ram/ram_read1_q[29]
    SLICE_X23Y16         LUT3 (Prop_lut3_I0_O)        0.124     5.562 r  u_tcm/u_ram/early_data_hold_q[29]_i_1/O
                         net (fo=5, routed)           0.882     6.444    u_tcm/u_ram/dport_data_rd_w[29]
    SLICE_X20Y11         LUT6 (Prop_lut6_I0_O)        0.124     6.568 r  u_tcm/u_ram/result_wb_q[13]_i_3/O
                         net (fo=1, routed)           0.668     7.235    u_core/u_lsu/u_lsu_request/result_wb_q_reg[13]
    SLICE_X25Y13         LUT6 (Prop_lut6_I5_O)        0.124     7.359 r  u_core/u_lsu/u_lsu_request/result_wb_q[13]_i_2/O
                         net (fo=2, routed)           0.446     7.806    u_core/u_issue/u_pipe_ctrl/writeback_mem_value_w[13]
    SLICE_X29Y12         LUT6 (Prop_lut6_I5_O)        0.124     7.930 r  u_core/u_issue/u_pipe_ctrl/sub_res_w_carry__2_i_33/O
                         net (fo=2, routed)           0.439     8.369    u_core/u_issue/u_pipe_ctrl/sub_res_w_carry__2_i_33_n_0
    SLICE_X31Y11         LUT6 (Prop_lut6_I2_O)        0.124     8.493 r  u_core/u_issue/u_pipe_ctrl/mem_data_wr_q[29]_i_2/O
                         net (fo=14, routed)          0.947     9.440    u_core/u_issue/u_pipe_ctrl/result_wb_q_reg[15]_0[1]
    SLICE_X31Y17         LUT2 (Prop_lut2_I0_O)        0.124     9.564 r  u_core/u_issue/u_pipe_ctrl/branch_update_valid_q_i_108/O
                         net (fo=1, routed)           0.000     9.564    u_core/u_issue/u_pipe_ctrl/branch_update_valid_q_i_108_n_0
    SLICE_X31Y17         CARRY4 (Prop_carry4_S[1]_CO[3])
                                                      0.550    10.114 r  u_core/u_issue/u_pipe_ctrl/branch_update_valid_q_reg_i_100/CO[3]
                         net (fo=1, routed)           0.000    10.114    u_core/u_issue/u_pipe_ctrl/branch_update_valid_q_reg_i_100_n_0
    SLICE_X31Y18         CARRY4 (Prop_carry4_CI_CO[3])
                                                      0.114    10.228 r  u_core/u_issue/u_pipe_ctrl/branch_update_valid_q_reg_i_91/CO[3]
                         net (fo=1, routed)           0.000    10.228    u_core/u_issue/u_pipe_ctrl/branch_update_valid_q_reg_i_91_n_0
    SLICE_X31Y19         CARRY4 (Prop_carry4_CI_CO[3])
                                                      0.114    10.342 r  u_core/u_issue/u_pipe_ctrl/branch_update_valid_q_reg_i_73/CO[3]
                         net (fo=1, routed)           0.000    10.342    u_core/u_issue/u_pipe_ctrl/branch_update_valid_q_reg_i_73_n_0
    SLICE_X31Y20         CARRY4 (Prop_carry4_CI_CO[3])
                                                      0.114    10.456 r  u_core/u_issue/u_pipe_ctrl/branch_update_valid_q_reg_i_51/CO[3]
                         net (fo=1, routed)           0.000    10.456    u_core/u_issue/u_pipe_ctrl/branch_update_valid_q_reg_i_51_n_0
    SLICE_X31Y21         CARRY4 (Prop_carry4_CI_O[3])
                                                      0.313    10.769 r  u_core/u_issue/u_pipe_ctrl/branch_update_valid_q_reg_i_35/O[3]
                         net (fo=1, routed)           0.298    11.067    u_core/u_issue/u_pipe_ctrl/u_exec/greater_than_signed00_out[31]
    SLICE_X28Y21         LUT5 (Prop_lut5_I4_O)        0.306    11.373 r  u_core/u_issue/u_pipe_ctrl/branch_update_valid_q_i_21_comp/O
                         net (fo=1, routed)           0.304    11.677    u_core/u_decode/branch_update_valid_q_i_6_1
    SLICE_X30Y21         LUT6 (Prop_lut6_I5_O)        0.124    11.801 r  u_core/u_decode/branch_update_valid_q_i_18_comp/O
                         net (fo=8, routed)           0.716    12.516    u_core/u_decode/branch_update_valid_q_i_18_n_0
    SLICE_X32Y22         LUT6 (Prop_lut6_I0_O)        0.124    12.640 r  u_core/u_decode/branch_update_valid_q_i_11/O
                         net (fo=27, routed)          0.706    13.346    u_core/u_decode/branch_update_valid_q_i_11_n_0
    SLICE_X33Y26         LUT6 (Prop_lut6_I2_O)        0.124    13.470 r  u_core/u_decode/branch_pc_q[30]_i_3/O
                         net (fo=1, routed)           0.292    13.763    u_core/u_decode/branch_pc_q[30]_i_3_n_0
    SLICE_X33Y25         LUT6 (Prop_lut6_I5_O)        0.124    13.887 r  u_core/u_decode/branch_pc_q[30]_i_1/O
                         net (fo=1, routed)           0.000    13.887    u_core/u_fetch/D[28]
    SLICE_X33Y25         FDCE                                         r  u_core/u_fetch/branch_pc_q_reg[30]/D
  -------------------------------------------------------------------    -------------------

                         (clock clk_i rise edge)     12.500    12.500 r  
                                                      0.000    12.500 r  clk_i (IN)
                         net (fo=2310, unset)         1.478    13.978    u_core/u_fetch/clk_i
    SLICE_X33Y25         FDCE                                         r  u_core/u_fetch/branch_pc_q_reg[30]/C
                         clock pessimism              0.115    14.093    
                         clock uncertainty           -0.035    14.058    
    SLICE_X33Y25         FDCE (Setup_fdce_C_D)        0.031    14.089    u_core/u_fetch/branch_pc_q_reg[30]
  -------------------------------------------------------------------
                         required time                         14.089    
                         arrival time                         -13.887    
  -------------------------------------------------------------------
                         slack                                  0.202    

Slack (MET) :             0.209ns  (required time - arrival time)
  Source:                 u_dmux/tcm_access_q_reg/C
                            (rising edge-triggered cell FDCE clocked by clk_i  {rise@0.000ns fall@6.250ns period=12.500ns})
  Destination:            u_core/u_exec/result_q_reg[12]/D
                            (rising edge-triggered cell FDCE clocked by clk_i  {rise@0.000ns fall@6.250ns period=12.500ns})
  Path Group:             clk_i
  Path Type:              Setup (Max at Slow Process Corner)
  Requirement:            12.500ns  (clk_i rise@12.500ns - clk_i rise@0.000ns)
  Data Path Delay:        12.209ns  (logic 3.201ns (26.218%)  route 9.008ns (73.782%))
  Logic Levels:           16  (CARRY4=4 LUT2=2 LUT4=2 LUT5=1 LUT6=7)
  Clock Path Skew:        -0.075ns (DCD - SCD + CPR)
    Destination Clock Delay (DCD):    1.557ns = ( 14.057 - 12.500 ) 
    Source Clock Delay      (SCD):    1.747ns
    Clock Pessimism Removal (CPR):    0.115ns
  Clock Uncertainty:      0.035ns  ((TSJ^2 + TIJ^2)^1/2 + DJ) / 2 + PE
    Total System Jitter     (TSJ):    0.071ns
    Total Input Jitter      (TIJ):    0.000ns
    Discrete Jitter          (DJ):    0.000ns
    Phase Error              (PE):    0.000ns

    Location             Delay type                Incr(ns)  Path(ns)    Netlist Resource(s)
  -------------------------------------------------------------------    -------------------
                         (clock clk_i rise edge)      0.000     0.000 r  
                                                      0.000     0.000 r  clk_i (IN)
                         net (fo=2310, unset)         1.747     1.747    u_dmux/clk_i
    SLICE_X25Y7          FDCE                                         r  u_dmux/tcm_access_q_reg/C
  -------------------------------------------------------------------    -------------------
    SLICE_X25Y7          FDCE (Prop_fdce_C_Q)         0.456     2.203 f  u_dmux/tcm_access_q_reg/Q
                         net (fo=116, routed)         1.038     3.241    u_dmux/tcm_access_q
    SLICE_X27Y8          LUT6 (Prop_lut6_I0_O)        0.124     3.365 r  u_dmux/exception_wb_q[4]_i_2/O
                         net (fo=15, routed)          1.109     4.474    u_core/u_lsu/u_lsu_request/result_wb_q[0]_i_7_0
    SLICE_X20Y6          LUT5 (Prop_lut5_I2_O)        0.150     4.624 r  u_core/u_lsu/u_lsu_request/result_wb_q[15]_i_5/O
                         net (fo=30, routed)          0.963     5.587    u_core/u_lsu/u_lsu_request/result_wb_q[15]_i_5_n_0
    SLICE_X18Y12         LUT4 (Prop_lut4_I3_O)        0.328     5.915 r  u_core/u_lsu/u_lsu_request/result_wb_q[3]_i_6/O
                         net (fo=1, routed)           0.993     6.908    u_core/u_lsu/u_lsu_request/result_wb_q[3]_i_6_n_0
    SLICE_X15Y17         LUT6 (Prop_lut6_I5_O)        0.124     7.032 r  u_core/u_lsu/u_lsu_request/result_wb_q[3]_i_2/O
                         net (fo=2, routed)           0.739     7.771    u_core/u_issue/u_pipe_ctrl/writeback_mem_value_w[3]
    SLICE_X24Y17         LUT6 (Prop_lut6_I5_O)        0.124     7.895 r  u_core/u_issue/u_pipe_ctrl/sub_res_w_carry_i_30/O
                         net (fo=2, routed)           0.348     8.243    u_core/u_issue/u_pipe_ctrl/sub_res_w_carry_i_30_n_0
    SLICE_X25Y17         LUT6 (Prop_lut6_I4_O)        0.124     8.367 r  u_core/u_issue/u_pipe_ctrl/sub_res_w_carry_i_12/O
                         net (fo=16, routed)          0.874     9.241    u_core/u_decode/lsu_opcode_ra_operand_w[3]
    SLICE_X26Y22         LUT6 (Prop_lut6_I4_O)        0.124     9.365 r  u_core/u_decode/sub_res_w_carry_i_1/O
                         net (fo=15, routed)          0.624     9.989    u_core/u_decode/buffer_payload_q_reg[3]_1
    SLICE_X25Y20         LUT2 (Prop_lut2_I0_O)        0.124    10.113 r  u_core/u_decode/sub_res_w_carry_i_5/O
                         net (fo=1, routed)           0.000    10.113    u_core/u_exec/u_alu/result_q[0]_i_2[3]
    SLICE_X25Y20         CARRY4 (Prop_carry4_S[3]_CO[3])
                                                      0.401    10.514 r  u_core/u_exec/u_alu/sub_res_w_carry/CO[3]
                         net (fo=1, routed)           0.000    10.514    u_core/u_exec/u_alu/sub_res_w_carry_n_0
    SLICE_X25Y21         CARRY4 (Prop_carry4_CI_CO[3])
                                                      0.114    10.628 r  u_core/u_exec/u_alu/sub_res_w_carry__0/CO[3]
                         net (fo=1, routed)           0.000    10.628    u_core/u_exec/u_alu/sub_res_w_carry__0_n_0
    SLICE_X25Y22         CARRY4 (Prop_carry4_CI_CO[3])
                                                      0.114    10.742 r  u_core/u_exec/u_alu/sub_res_w_carry__1/CO[3]
                         net (fo=1, routed)           0.000    10.742    u_core/u_exec/u_alu/sub_res_w_carry__1_n_0
    SLICE_X25Y23         CARRY4 (Prop_carry4_CI_O[0])
                                                      0.223    10.965 r  u_core/u_exec/u_alu/sub_res_w_carry__2/O[0]
                         net (fo=1, routed)           0.589    11.554    u_core/u_decode/data3[12]
    SLICE_X24Y25         LUT2 (Prop_lut2_I1_O)        0.299    11.853 r  u_core/u_decode/result_q[12]_i_16/O
                         net (fo=1, routed)           0.440    12.294    u_core/u_decode/result_q[12]_i_16_n_0
    SLICE_X24Y27         LUT6 (Prop_lut6_I0_O)        0.124    12.418 r  u_core/u_decode/result_q[12]_i_6/O
                         net (fo=1, routed)           0.562    12.979    u_core/u_decode/result_q[12]_i_6_n_0
    SLICE_X24Y29         LUT6 (Prop_lut6_I4_O)        0.124    13.103 r  u_core/u_decode/result_q[12]_i_2/O
                         net (fo=1, routed)           0.729    13.832    u_core/u_decode/result_q[12]_i_2_n_0
    SLICE_X24Y26         LUT4 (Prop_lut4_I0_O)        0.124    13.956 r  u_core/u_decode/result_q[12]_i_1/O
                         net (fo=1, routed)           0.000    13.956    u_core/u_exec/result_q_reg[31]_3[12]
    SLICE_X24Y26         FDCE                                         r  u_core/u_exec/result_q_reg[12]/D
  -------------------------------------------------------------------    -------------------

                         (clock clk_i rise edge)     12.500    12.500 r  
                                                      0.000    12.500 r  clk_i (IN)
                         net (fo=2310, unset)         1.557    14.057    u_core/u_exec/clk_i
    SLICE_X24Y26         FDCE                                         r  u_core/u_exec/result_q_reg[12]/C
                         clock pessimism              0.115    14.172    
                         clock uncertainty           -0.035    14.137    
    SLICE_X24Y26         FDCE (Setup_fdce_C_D)        0.029    14.166    u_core/u_exec/result_q_reg[12]
  -------------------------------------------------------------------
                         required time                         14.166    
                         arrival time                         -13.956    
  -------------------------------------------------------------------
                         slack                                  0.209    

Slack (MET) :             0.220ns  (required time - arrival time)
  Source:                 u_dmux/tcm_access_q_reg/C
                            (rising edge-triggered cell FDCE clocked by clk_i  {rise@0.000ns fall@6.250ns period=12.500ns})
  Destination:            u_core/u_exec/result_q_reg[13]/D
                            (rising edge-triggered cell FDCE clocked by clk_i  {rise@0.000ns fall@6.250ns period=12.500ns})
  Path Group:             clk_i
  Path Type:              Setup (Max at Slow Process Corner)
  Requirement:            12.500ns  (clk_i rise@12.500ns - clk_i rise@0.000ns)
  Data Path Delay:        12.206ns  (logic 3.192ns (26.151%)  route 9.014ns (73.849%))
  Logic Levels:           15  (CARRY4=4 LUT2=2 LUT4=1 LUT5=1 LUT6=7)
  Clock Path Skew:        -0.067ns (DCD - SCD + CPR)
    Destination Clock Delay (DCD):    1.565ns = ( 14.065 - 12.500 ) 
    Source Clock Delay      (SCD):    1.747ns
    Clock Pessimism Removal (CPR):    0.115ns
  Clock Uncertainty:      0.035ns  ((TSJ^2 + TIJ^2)^1/2 + DJ) / 2 + PE
    Total System Jitter     (TSJ):    0.071ns
    Total Input Jitter      (TIJ):    0.000ns
    Discrete Jitter          (DJ):    0.000ns
    Phase Error              (PE):    0.000ns

    Location             Delay type                Incr(ns)  Path(ns)    Netlist Resource(s)
  -------------------------------------------------------------------    -------------------
                         (clock clk_i rise edge)      0.000     0.000 r  
                                                      0.000     0.000 r  clk_i (IN)
                         net (fo=2310, unset)         1.747     1.747    u_dmux/clk_i
    SLICE_X25Y7          FDCE                                         r  u_dmux/tcm_access_q_reg/C
  -------------------------------------------------------------------    -------------------
    SLICE_X25Y7          FDCE (Prop_fdce_C_Q)         0.456     2.203 f  u_dmux/tcm_access_q_reg/Q
                         net (fo=116, routed)         1.038     3.241    u_dmux/tcm_access_q
    SLICE_X27Y8          LUT6 (Prop_lut6_I0_O)        0.124     3.365 r  u_dmux/exception_wb_q[4]_i_2/O
                         net (fo=15, routed)          1.109     4.474    u_core/u_lsu/u_lsu_request/result_wb_q[0]_i_7_0
    SLICE_X20Y6          LUT5 (Prop_lut5_I2_O)        0.150     4.624 r  u_core/u_lsu/u_lsu_request/result_wb_q[15]_i_5/O
                         net (fo=30, routed)          0.963     5.587    u_core/u_lsu/u_lsu_request/result_wb_q[15]_i_5_n_0
    SLICE_X18Y12         LUT4 (Prop_lut4_I3_O)        0.328     5.915 r  u_core/u_lsu/u_lsu_request/result_wb_q[3]_i_6/O
                         net (fo=1, routed)           0.993     6.908    u_core/u_lsu/u_lsu_request/result_wb_q[3]_i_6_n_0
    SLICE_X15Y17         LUT6 (Prop_lut6_I5_O)        0.124     7.032 r  u_core/u_lsu/u_lsu_request/result_wb_q[3]_i_2/O
                         net (fo=2, routed)           0.739     7.771    u_core/u_issue/u_pipe_ctrl/writeback_mem_value_w[3]
    SLICE_X24Y17         LUT6 (Prop_lut6_I5_O)        0.124     7.895 r  u_core/u_issue/u_pipe_ctrl/sub_res_w_carry_i_30/O
                         net (fo=2, routed)           0.348     8.243    u_core/u_issue/u_pipe_ctrl/sub_res_w_carry_i_30_n_0
    SLICE_X25Y17         LUT6 (Prop_lut6_I4_O)        0.124     8.367 r  u_core/u_issue/u_pipe_ctrl/sub_res_w_carry_i_12/O
                         net (fo=16, routed)          0.874     9.241    u_core/u_decode/lsu_opcode_ra_operand_w[3]
    SLICE_X26Y22         LUT6 (Prop_lut6_I4_O)        0.124     9.365 r  u_core/u_decode/sub_res_w_carry_i_1/O
                         net (fo=15, routed)          0.624     9.989    u_core/u_decode/buffer_payload_q_reg[3]_1
    SLICE_X25Y20         LUT2 (Prop_lut2_I0_O)        0.124    10.113 r  u_core/u_decode/sub_res_w_carry_i_5/O
                         net (fo=1, routed)           0.000    10.113    u_core/u_exec/u_alu/result_q[0]_i_2[3]
    SLICE_X25Y20         CARRY4 (Prop_carry4_S[3]_CO[3])
                                                      0.401    10.514 r  u_core/u_exec/u_alu/sub_res_w_carry/CO[3]
                         net (fo=1, routed)           0.000    10.514    u_core/u_exec/u_alu/sub_res_w_carry_n_0
    SLICE_X25Y21         CARRY4 (Prop_carry4_CI_CO[3])
                                                      0.114    10.628 r  u_core/u_exec/u_alu/sub_res_w_carry__0/CO[3]
                         net (fo=1, routed)           0.000    10.628    u_core/u_exec/u_alu/sub_res_w_carry__0_n_0
    SLICE_X25Y22         CARRY4 (Prop_carry4_CI_CO[3])
                                                      0.114    10.742 r  u_core/u_exec/u_alu/sub_res_w_carry__1/CO[3]
                         net (fo=1, routed)           0.000    10.742    u_core/u_exec/u_alu/sub_res_w_carry__1_n_0
    SLICE_X25Y23         CARRY4 (Prop_carry4_CI_O[1])
                                                      0.334    11.076 r  u_core/u_exec/u_alu/sub_res_w_carry__2/O[1]
                         net (fo=1, routed)           1.034    12.111    u_core/u_decode/data3[13]
    SLICE_X20Y26         LUT2 (Prop_lut2_I1_O)        0.303    12.414 r  u_core/u_decode/result_q[13]_i_9/O
                         net (fo=1, routed)           0.493    12.907    u_core/u_decode/result_q[13]_i_9_n_0
    SLICE_X20Y26         LUT6 (Prop_lut6_I0_O)        0.124    13.031 r  u_core/u_decode/result_q[13]_i_5/O
                         net (fo=1, routed)           0.798    13.829    u_core/u_decode/result_q[13]_i_5_n_0
    SLICE_X21Y27         LUT6 (Prop_lut6_I4_O)        0.124    13.953 r  u_core/u_decode/result_q[13]_i_1/O
                         net (fo=1, routed)           0.000    13.953    u_core/u_exec/result_q_reg[31]_3[13]
    SLICE_X21Y27         FDCE                                         r  u_core/u_exec/result_q_reg[13]/D
  -------------------------------------------------------------------    -------------------

                         (clock clk_i rise edge)     12.500    12.500 r  
                                                      0.000    12.500 r  clk_i (IN)
                         net (fo=2310, unset)         1.565    14.065    u_core/u_exec/clk_i
    SLICE_X21Y27         FDCE                                         r  u_core/u_exec/result_q_reg[13]/C
                         clock pessimism              0.115    14.180    
                         clock uncertainty           -0.035    14.145    
    SLICE_X21Y27         FDCE (Setup_fdce_C_D)        0.029    14.174    u_core/u_exec/result_q_reg[13]
  -------------------------------------------------------------------
                         required time                         14.174    
                         arrival time                         -13.953    
  -------------------------------------------------------------------
                         slack                                  0.220    

Slack (MET) :             0.247ns  (required time - arrival time)
  Source:                 u_tcm/u_ram/ram_reg_3_2/CLKARDCLK
                            (rising edge-triggered cell RAMB36E1 clocked by clk_i  {rise@0.000ns fall@6.250ns period=12.500ns})
  Destination:            u_core/u_exec/branch_update_valid_q_reg/D
                            (rising edge-triggered cell FDCE clocked by clk_i  {rise@0.000ns fall@6.250ns period=12.500ns})
  Path Group:             clk_i
  Path Type:              Setup (Max at Slow Process Corner)
  Requirement:            12.500ns  (clk_i rise@12.500ns - clk_i rise@0.000ns)
  Data Path Delay:        12.047ns  (logic 5.205ns (43.207%)  route 6.842ns (56.793%))
  Logic Levels:           16  (CARRY4=5 LUT2=1 LUT3=1 LUT5=1 LUT6=8)
  Clock Path Skew:        -0.200ns (DCD - SCD + CPR)
    Destination Clock Delay (DCD):    1.480ns = ( 13.980 - 12.500 ) 
    Source Clock Delay      (SCD):    1.795ns
    Clock Pessimism Removal (CPR):    0.115ns
  Clock Uncertainty:      0.035ns  ((TSJ^2 + TIJ^2)^1/2 + DJ) / 2 + PE
    Total System Jitter     (TSJ):    0.071ns
    Total Input Jitter      (TIJ):    0.000ns
    Discrete Jitter          (DJ):    0.000ns
    Phase Error              (PE):    0.000ns

    Location             Delay type                Incr(ns)  Path(ns)    Netlist Resource(s)
  -------------------------------------------------------------------    -------------------
                         (clock clk_i rise edge)      0.000     0.000 r  
                                                      0.000     0.000 r  clk_i (IN)
                         net (fo=2310, unset)         1.795     1.795    u_tcm/u_ram/clk_i
    RAMB36_X1Y0          RAMB36E1                                     r  u_tcm/u_ram/ram_reg_3_2/CLKARDCLK
  -------------------------------------------------------------------    -------------------
    RAMB36_X1Y0          RAMB36E1 (Prop_ramb36e1_CLKARDCLK_DOADO[1])
                                                      2.454     4.249 r  u_tcm/u_ram/ram_reg_3_2/DOADO[1]
                         net (fo=7, routed)           1.188     5.438    u_tcm/u_ram/ram_read1_q[29]
    SLICE_X23Y16         LUT3 (Prop_lut3_I0_O)        0.124     5.562 r  u_tcm/u_ram/early_data_hold_q[29]_i_1/O
                         net (fo=5, routed)           0.882     6.444    u_tcm/u_ram/dport_data_rd_w[29]
    SLICE_X20Y11         LUT6 (Prop_lut6_I0_O)        0.124     6.568 r  u_tcm/u_ram/result_wb_q[13]_i_3/O
                         net (fo=1, routed)           0.668     7.235    u_core/u_lsu/u_lsu_request/result_wb_q_reg[13]
    SLICE_X25Y13         LUT6 (Prop_lut6_I5_O)        0.124     7.359 r  u_core/u_lsu/u_lsu_request/result_wb_q[13]_i_2/O
                         net (fo=2, routed)           0.446     7.806    u_core/u_issue/u_pipe_ctrl/writeback_mem_value_w[13]
    SLICE_X29Y12         LUT6 (Prop_lut6_I5_O)        0.124     7.930 r  u_core/u_issue/u_pipe_ctrl/sub_res_w_carry__2_i_33/O
                         net (fo=2, routed)           0.439     8.369    u_core/u_issue/u_pipe_ctrl/sub_res_w_carry__2_i_33_n_0
    SLICE_X31Y11         LUT6 (Prop_lut6_I2_O)        0.124     8.493 r  u_core/u_issue/u_pipe_ctrl/mem_data_wr_q[29]_i_2/O
                         net (fo=14, routed)          0.947     9.440    u_core/u_issue/u_pipe_ctrl/result_wb_q_reg[15]_0[1]
    SLICE_X31Y17         LUT2 (Prop_lut2_I0_O)        0.124     9.564 r  u_core/u_issue/u_pipe_ctrl/branch_update_valid_q_i_108/O
                         net (fo=1, routed)           0.000     9.564    u_core/u_issue/u_pipe_ctrl/branch_update_valid_q_i_108_n_0
    SLICE_X31Y17         CARRY4 (Prop_carry4_S[1]_CO[3])
                                                      0.550    10.114 r  u_core/u_issue/u_pipe_ctrl/branch_update_valid_q_reg_i_100/CO[3]
                         net (fo=1, routed)           0.000    10.114    u_core/u_issue/u_pipe_ctrl/branch_update_valid_q_reg_i_100_n_0
    SLICE_X31Y18         CARRY4 (Prop_carry4_CI_CO[3])
                                                      0.114    10.228 r  u_core/u_issue/u_pipe_ctrl/branch_update_valid_q_reg_i_91/CO[3]
                         net (fo=1, routed)           0.000    10.228    u_core/u_issue/u_pipe_ctrl/branch_update_valid_q_reg_i_91_n_0
    SLICE_X31Y19         CARRY4 (Prop_carry4_CI_CO[3])
                                                      0.114    10.342 r  u_core/u_issue/u_pipe_ctrl/branch_update_valid_q_reg_i_73/CO[3]
                         net (fo=1, routed)           0.000    10.342    u_core/u_issue/u_pipe_ctrl/branch_update_valid_q_reg_i_73_n_0
    SLICE_X31Y20         CARRY4 (Prop_carry4_CI_CO[3])
                                                      0.114    10.456 r  u_core/u_issue/u_pipe_ctrl/branch_update_valid_q_reg_i_51/CO[3]
                         net (fo=1, routed)           0.000    10.456    u_core/u_issue/u_pipe_ctrl/branch_update_valid_q_reg_i_51_n_0
    SLICE_X31Y21         CARRY4 (Prop_carry4_CI_O[3])
                                                      0.313    10.769 f  u_core/u_issue/u_pipe_ctrl/branch_update_valid_q_reg_i_35/O[3]
                         net (fo=1, routed)           0.298    11.067    u_core/u_issue/u_pipe_ctrl/u_exec/greater_than_signed00_out[31]
    SLICE_X28Y21         LUT5 (Prop_lut5_I4_O)        0.306    11.373 f  u_core/u_issue/u_pipe_ctrl/branch_update_valid_q_i_21_comp/O
                         net (fo=1, routed)           0.304    11.677    u_core/u_decode/branch_update_valid_q_i_6_1
    SLICE_X30Y21         LUT6 (Prop_lut6_I5_O)        0.124    11.801 f  u_core/u_decode/branch_update_valid_q_i_18_comp/O
                         net (fo=8, routed)           0.716    12.516    u_core/u_decode/branch_update_valid_q_i_18_n_0
    SLICE_X32Y22         LUT6 (Prop_lut6_I0_O)        0.124    12.640 f  u_core/u_decode/branch_update_valid_q_i_11/O
                         net (fo=27, routed)          0.521    13.161    u_core/u_decode/branch_update_valid_q_i_11_n_0
    SLICE_X33Y23         LUT6 (Prop_lut6_I3_O)        0.124    13.285 f  u_core/u_decode/branch_update_valid_q_i_3/O
                         net (fo=1, routed)           0.433    13.718    u_core/u_decode/branch_update_valid_q_i_3_n_0
    SLICE_X33Y23         LUT6 (Prop_lut6_I1_O)        0.124    13.842 r  u_core/u_decode/branch_update_valid_q_i_1/O
                         net (fo=1, routed)           0.000    13.842    u_core/u_exec/branch_update_valid_q
    SLICE_X33Y23         FDCE                                         r  u_core/u_exec/branch_update_valid_q_reg/D
  -------------------------------------------------------------------    -------------------

                         (clock clk_i rise edge)     12.500    12.500 r  
                                                      0.000    12.500 r  clk_i (IN)
                         net (fo=2310, unset)         1.480    13.980    u_core/u_exec/clk_i
    SLICE_X33Y23         FDCE                                         r  u_core/u_exec/branch_update_valid_q_reg/C
                         clock pessimism              0.115    14.095    
                         clock uncertainty           -0.035    14.060    
    SLICE_X33Y23         FDCE (Setup_fdce_C_D)        0.029    14.089    u_core/u_exec/branch_update_valid_q_reg
  -------------------------------------------------------------------
                         required time                         14.089    
                         arrival time                         -13.842    
  -------------------------------------------------------------------
                         slack                                  0.247    

Slack (MET) :             0.261ns  (required time - arrival time)
  Source:                 u_tcm/u_ram/ram_reg_3_2/CLKARDCLK
                            (rising edge-triggered cell RAMB36E1 clocked by clk_i  {rise@0.000ns fall@6.250ns period=12.500ns})
  Destination:            u_core/u_fetch/branch_pc_q_reg[27]/CE
                            (rising edge-triggered cell FDCE clocked by clk_i  {rise@0.000ns fall@6.250ns period=12.500ns})
  Path Group:             clk_i
  Path Type:              Setup (Max at Slow Process Corner)
  Requirement:            12.500ns  (clk_i rise@12.500ns - clk_i rise@0.000ns)
  Data Path Delay:        11.835ns  (logic 5.081ns (42.934%)  route 6.754ns (57.066%))
  Logic Levels:           15  (CARRY4=5 LUT2=1 LUT3=1 LUT5=1 LUT6=7)
  Clock Path Skew:        -0.200ns (DCD - SCD + CPR)
    Destination Clock Delay (DCD):    1.480ns = ( 13.980 - 12.500 ) 
    Source Clock Delay      (SCD):    1.795ns
    Clock Pessimism Removal (CPR):    0.115ns
  Clock Uncertainty:      0.035ns  ((TSJ^2 + TIJ^2)^1/2 + DJ) / 2 + PE
    Total System Jitter     (TSJ):    0.071ns
    Total Input Jitter      (TIJ):    0.000ns
    Discrete Jitter          (DJ):    0.000ns
    Phase Error              (PE):    0.000ns

    Location             Delay type                Incr(ns)  Path(ns)    Netlist Resource(s)
  -------------------------------------------------------------------    -------------------
                         (clock clk_i rise edge)      0.000     0.000 r  
                                                      0.000     0.000 r  clk_i (IN)
                         net (fo=2310, unset)         1.795     1.795    u_tcm/u_ram/clk_i
    RAMB36_X1Y0          RAMB36E1                                     r  u_tcm/u_ram/ram_reg_3_2/CLKARDCLK
  -------------------------------------------------------------------    -------------------
    RAMB36_X1Y0          RAMB36E1 (Prop_ramb36e1_CLKARDCLK_DOADO[1])
                                                      2.454     4.249 r  u_tcm/u_ram/ram_reg_3_2/DOADO[1]
                         net (fo=7, routed)           1.188     5.438    u_tcm/u_ram/ram_read1_q[29]
    SLICE_X23Y16         LUT3 (Prop_lut3_I0_O)        0.124     5.562 r  u_tcm/u_ram/early_data_hold_q[29]_i_1/O
                         net (fo=5, routed)           0.882     6.444    u_tcm/u_ram/dport_data_rd_w[29]
    SLICE_X20Y11         LUT6 (Prop_lut6_I0_O)        0.124     6.568 r  u_tcm/u_ram/result_wb_q[13]_i_3/O
                         net (fo=1, routed)           0.668     7.235    u_core/u_lsu/u_lsu_request/result_wb_q_reg[13]
    SLICE_X25Y13         LUT6 (Prop_lut6_I5_O)        0.124     7.359 r  u_core/u_lsu/u_lsu_request/result_wb_q[13]_i_2/O
                         net (fo=2, routed)           0.446     7.806    u_core/u_issue/u_pipe_ctrl/writeback_mem_value_w[13]
    SLICE_X29Y12         LUT6 (Prop_lut6_I5_O)        0.124     7.930 r  u_core/u_issue/u_pipe_ctrl/sub_res_w_carry__2_i_33/O
                         net (fo=2, routed)           0.439     8.369    u_core/u_issue/u_pipe_ctrl/sub_res_w_carry__2_i_33_n_0
    SLICE_X31Y11         LUT6 (Prop_lut6_I2_O)        0.124     8.493 r  u_core/u_issue/u_pipe_ctrl/mem_data_wr_q[29]_i_2/O
                         net (fo=14, routed)          0.947     9.440    u_core/u_issue/u_pipe_ctrl/result_wb_q_reg[15]_0[1]
    SLICE_X31Y17         LUT2 (Prop_lut2_I0_O)        0.124     9.564 r  u_core/u_issue/u_pipe_ctrl/branch_update_valid_q_i_108/O
                         net (fo=1, routed)           0.000     9.564    u_core/u_issue/u_pipe_ctrl/branch_update_valid_q_i_108_n_0
    SLICE_X31Y17         CARRY4 (Prop_carry4_S[1]_CO[3])
                                                      0.550    10.114 r  u_core/u_issue/u_pipe_ctrl/branch_update_valid_q_reg_i_100/CO[3]
                         net (fo=1, routed)           0.000    10.114    u_core/u_issue/u_pipe_ctrl/branch_update_valid_q_reg_i_100_n_0
    SLICE_X31Y18         CARRY4 (Prop_carry4_CI_CO[3])
                                                      0.114    10.228 r  u_core/u_issue/u_pipe_ctrl/branch_update_valid_q_reg_i_91/CO[3]
                         net (fo=1, routed)           0.000    10.228    u_core/u_issue/u_pipe_ctrl/branch_update_valid_q_reg_i_91_n_0
    SLICE_X31Y19         CARRY4 (Prop_carry4_CI_CO[3])
                                                      0.114    10.342 r  u_core/u_issue/u_pipe_ctrl/branch_update_valid_q_reg_i_73/CO[3]
                         net (fo=1, routed)           0.000    10.342    u_core/u_issue/u_pipe_ctrl/branch_update_valid_q_reg_i_73_n_0
    SLICE_X31Y20         CARRY4 (Prop_carry4_CI_CO[3])
                                                      0.114    10.456 r  u_core/u_issue/u_pipe_ctrl/branch_update_valid_q_reg_i_51/CO[3]
                         net (fo=1, routed)           0.000    10.456    u_core/u_issue/u_pipe_ctrl/branch_update_valid_q_reg_i_51_n_0
    SLICE_X31Y21         CARRY4 (Prop_carry4_CI_O[3])
                                                      0.313    10.769 r  u_core/u_issue/u_pipe_ctrl/branch_update_valid_q_reg_i_35/O[3]
                         net (fo=1, routed)           0.298    11.067    u_core/u_issue/u_pipe_ctrl/u_exec/greater_than_signed00_out[31]
    SLICE_X28Y21         LUT5 (Prop_lut5_I4_O)        0.306    11.373 r  u_core/u_issue/u_pipe_ctrl/branch_update_valid_q_i_21_comp/O
                         net (fo=1, routed)           0.304    11.677    u_core/u_decode/branch_update_valid_q_i_6_1
    SLICE_X30Y21         LUT6 (Prop_lut6_I5_O)        0.124    11.801 r  u_core/u_decode/branch_update_valid_q_i_18_comp/O
                         net (fo=8, routed)           0.572    12.372    u_core/u_decode/branch_update_valid_q_i_18_n_0
    SLICE_X32Y21         LUT6 (Prop_lut6_I5_O)        0.124    12.496 r  u_core/u_decode/branch_pc_q[31]_i_3/O
                         net (fo=1, routed)           0.289    12.785    u_core/u_decode/branch_pc_q[31]_i_3_n_0
    SLICE_X33Y22         LUT6 (Prop_lut6_I2_O)        0.124    12.909 r  u_core/u_decode/branch_pc_q[31]_i_1/O
                         net (fo=32, routed)          0.721    13.630    u_core/u_fetch/E[0]
    SLICE_X32Y26         FDCE                                         r  u_core/u_fetch/branch_pc_q_reg[27]/CE
  -------------------------------------------------------------------    -------------------

                         (clock clk_i rise edge)     12.500    12.500 r  
                                                      0.000    12.500 r  clk_i (IN)
                         net (fo=2310, unset)         1.480    13.980    u_core/u_fetch/clk_i
    SLICE_X32Y26         FDCE                                         r  u_core/u_fetch/branch_pc_q_reg[27]/C
                         clock pessimism              0.115    14.095    
                         clock uncertainty           -0.035    14.060    
    SLICE_X32Y26         FDCE (Setup_fdce_C_CE)      -0.169    13.891    u_core/u_fetch/branch_pc_q_reg[27]
  -------------------------------------------------------------------
                         required time                         13.891    
                         arrival time                         -13.630    
  -------------------------------------------------------------------
                         slack                                  0.261    

Slack (MET) :             0.261ns  (required time - arrival time)
  Source:                 u_tcm/u_ram/ram_reg_3_2/CLKARDCLK
                            (rising edge-triggered cell RAMB36E1 clocked by clk_i  {rise@0.000ns fall@6.250ns period=12.500ns})
  Destination:            u_core/u_fetch/branch_pc_q_reg[4]/CE
                            (rising edge-triggered cell FDCE clocked by clk_i  {rise@0.000ns fall@6.250ns period=12.500ns})
  Path Group:             clk_i
  Path Type:              Setup (Max at Slow Process Corner)
  Requirement:            12.500ns  (clk_i rise@12.500ns - clk_i rise@0.000ns)
  Data Path Delay:        11.835ns  (logic 5.081ns (42.934%)  route 6.754ns (57.066%))
  Logic Levels:           15  (CARRY4=5 LUT2=1 LUT3=1 LUT5=1 LUT6=7)
  Clock Path Skew:        -0.200ns (DCD - SCD + CPR)
    Destination Clock Delay (DCD):    1.480ns = ( 13.980 - 12.500 ) 
    Source Clock Delay      (SCD):    1.795ns
    Clock Pessimism Removal (CPR):    0.115ns
  Clock Uncertainty:      0.035ns  ((TSJ^2 + TIJ^2)^1/2 + DJ) / 2 + PE
    Total System Jitter     (TSJ):    0.071ns
    Total Input Jitter      (TIJ):    0.000ns
    Discrete Jitter          (DJ):    0.000ns
    Phase Error              (PE):    0.000ns

    Location             Delay type                Incr(ns)  Path(ns)    Netlist Resource(s)
  -------------------------------------------------------------------    -------------------
                         (clock clk_i rise edge)      0.000     0.000 r  
                                                      0.000     0.000 r  clk_i (IN)
                         net (fo=2310, unset)         1.795     1.795    u_tcm/u_ram/clk_i
    RAMB36_X1Y0          RAMB36E1                                     r  u_tcm/u_ram/ram_reg_3_2/CLKARDCLK
  -------------------------------------------------------------------    -------------------
    RAMB36_X1Y0          RAMB36E1 (Prop_ramb36e1_CLKARDCLK_DOADO[1])
                                                      2.454     4.249 r  u_tcm/u_ram/ram_reg_3_2/DOADO[1]
                         net (fo=7, routed)           1.188     5.438    u_tcm/u_ram/ram_read1_q[29]
    SLICE_X23Y16         LUT3 (Prop_lut3_I0_O)        0.124     5.562 r  u_tcm/u_ram/early_data_hold_q[29]_i_1/O
                         net (fo=5, routed)           0.882     6.444    u_tcm/u_ram/dport_data_rd_w[29]
    SLICE_X20Y11         LUT6 (Prop_lut6_I0_O)        0.124     6.568 r  u_tcm/u_ram/result_wb_q[13]_i_3/O
                         net (fo=1, routed)           0.668     7.235    u_core/u_lsu/u_lsu_request/result_wb_q_reg[13]
    SLICE_X25Y13         LUT6 (Prop_lut6_I5_O)        0.124     7.359 r  u_core/u_lsu/u_lsu_request/result_wb_q[13]_i_2/O
                         net (fo=2, routed)           0.446     7.806    u_core/u_issue/u_pipe_ctrl/writeback_mem_value_w[13]
    SLICE_X29Y12         LUT6 (Prop_lut6_I5_O)        0.124     7.930 r  u_core/u_issue/u_pipe_ctrl/sub_res_w_carry__2_i_33/O
                         net (fo=2, routed)           0.439     8.369    u_core/u_issue/u_pipe_ctrl/sub_res_w_carry__2_i_33_n_0
    SLICE_X31Y11         LUT6 (Prop_lut6_I2_O)        0.124     8.493 r  u_core/u_issue/u_pipe_ctrl/mem_data_wr_q[29]_i_2/O
                         net (fo=14, routed)          0.947     9.440    u_core/u_issue/u_pipe_ctrl/result_wb_q_reg[15]_0[1]
    SLICE_X31Y17         LUT2 (Prop_lut2_I0_O)        0.124     9.564 r  u_core/u_issue/u_pipe_ctrl/branch_update_valid_q_i_108/O
                         net (fo=1, routed)           0.000     9.564    u_core/u_issue/u_pipe_ctrl/branch_update_valid_q_i_108_n_0
    SLICE_X31Y17         CARRY4 (Prop_carry4_S[1]_CO[3])
                                                      0.550    10.114 r  u_core/u_issue/u_pipe_ctrl/branch_update_valid_q_reg_i_100/CO[3]
                         net (fo=1, routed)           0.000    10.114    u_core/u_issue/u_pipe_ctrl/branch_update_valid_q_reg_i_100_n_0
    SLICE_X31Y18         CARRY4 (Prop_carry4_CI_CO[3])
                                                      0.114    10.228 r  u_core/u_issue/u_pipe_ctrl/branch_update_valid_q_reg_i_91/CO[3]
                         net (fo=1, routed)           0.000    10.228    u_core/u_issue/u_pipe_ctrl/branch_update_valid_q_reg_i_91_n_0
    SLICE_X31Y19         CARRY4 (Prop_carry4_CI_CO[3])
                                                      0.114    10.342 r  u_core/u_issue/u_pipe_ctrl/branch_update_valid_q_reg_i_73/CO[3]
                         net (fo=1, routed)           0.000    10.342    u_core/u_issue/u_pipe_ctrl/branch_update_valid_q_reg_i_73_n_0
    SLICE_X31Y20         CARRY4 (Prop_carry4_CI_CO[3])
                                                      0.114    10.456 r  u_core/u_issue/u_pipe_ctrl/branch_update_valid_q_reg_i_51/CO[3]
                         net (fo=1, routed)           0.000    10.456    u_core/u_issue/u_pipe_ctrl/branch_update_valid_q_reg_i_51_n_0
    SLICE_X31Y21         CARRY4 (Prop_carry4_CI_O[3])
                                                      0.313    10.769 r  u_core/u_issue/u_pipe_ctrl/branch_update_valid_q_reg_i_35/O[3]
                         net (fo=1, routed)           0.298    11.067    u_core/u_issue/u_pipe_ctrl/u_exec/greater_than_signed00_out[31]
    SLICE_X28Y21         LUT5 (Prop_lut5_I4_O)        0.306    11.373 r  u_core/u_issue/u_pipe_ctrl/branch_update_valid_q_i_21_comp/O
                         net (fo=1, routed)           0.304    11.677    u_core/u_decode/branch_update_valid_q_i_6_1
    SLICE_X30Y21         LUT6 (Prop_lut6_I5_O)        0.124    11.801 r  u_core/u_decode/branch_update_valid_q_i_18_comp/O
                         net (fo=8, routed)           0.572    12.372    u_core/u_decode/branch_update_valid_q_i_18_n_0
    SLICE_X32Y21         LUT6 (Prop_lut6_I5_O)        0.124    12.496 r  u_core/u_decode/branch_pc_q[31]_i_3/O
                         net (fo=1, routed)           0.289    12.785    u_core/u_decode/branch_pc_q[31]_i_3_n_0
    SLICE_X33Y22         LUT6 (Prop_lut6_I2_O)        0.124    12.909 r  u_core/u_decode/branch_pc_q[31]_i_1/O
                         net (fo=32, routed)          0.721    13.630    u_core/u_fetch/E[0]
    SLICE_X32Y26         FDCE                                         r  u_core/u_fetch/branch_pc_q_reg[4]/CE
  -------------------------------------------------------------------    -------------------

                         (clock clk_i rise edge)     12.500    12.500 r  
                                                      0.000    12.500 r  clk_i (IN)
                         net (fo=2310, unset)         1.480    13.980    u_core/u_fetch/clk_i
    SLICE_X32Y26         FDCE                                         r  u_core/u_fetch/branch_pc_q_reg[4]/C
                         clock pessimism              0.115    14.095    
                         clock uncertainty           -0.035    14.060    
    SLICE_X32Y26         FDCE (Setup_fdce_C_CE)      -0.169    13.891    u_core/u_fetch/branch_pc_q_reg[4]
  -------------------------------------------------------------------
                         required time                         13.891    
                         arrival time                         -13.630    
  -------------------------------------------------------------------
                         slack                                  0.261    

Slack (MET) :             0.261ns  (required time - arrival time)
  Source:                 u_tcm/u_ram/ram_reg_3_2/CLKARDCLK
                            (rising edge-triggered cell RAMB36E1 clocked by clk_i  {rise@0.000ns fall@6.250ns period=12.500ns})
  Destination:            u_core/u_fetch/branch_pc_q_reg[5]/CE
                            (rising edge-triggered cell FDCE clocked by clk_i  {rise@0.000ns fall@6.250ns period=12.500ns})
  Path Group:             clk_i
  Path Type:              Setup (Max at Slow Process Corner)
  Requirement:            12.500ns  (clk_i rise@12.500ns - clk_i rise@0.000ns)
  Data Path Delay:        11.835ns  (logic 5.081ns (42.934%)  route 6.754ns (57.066%))
  Logic Levels:           15  (CARRY4=5 LUT2=1 LUT3=1 LUT5=1 LUT6=7)
  Clock Path Skew:        -0.200ns (DCD - SCD + CPR)
    Destination Clock Delay (DCD):    1.480ns = ( 13.980 - 12.500 ) 
    Source Clock Delay      (SCD):    1.795ns
    Clock Pessimism Removal (CPR):    0.115ns
  Clock Uncertainty:      0.035ns  ((TSJ^2 + TIJ^2)^1/2 + DJ) / 2 + PE
    Total System Jitter     (TSJ):    0.071ns
    Total Input Jitter      (TIJ):    0.000ns
    Discrete Jitter          (DJ):    0.000ns
    Phase Error              (PE):    0.000ns

    Location             Delay type                Incr(ns)  Path(ns)    Netlist Resource(s)
  -------------------------------------------------------------------    -------------------
                         (clock clk_i rise edge)      0.000     0.000 r  
                                                      0.000     0.000 r  clk_i (IN)
                         net (fo=2310, unset)         1.795     1.795    u_tcm/u_ram/clk_i
    RAMB36_X1Y0          RAMB36E1                                     r  u_tcm/u_ram/ram_reg_3_2/CLKARDCLK
  -------------------------------------------------------------------    -------------------
    RAMB36_X1Y0          RAMB36E1 (Prop_ramb36e1_CLKARDCLK_DOADO[1])
                                                      2.454     4.249 r  u_tcm/u_ram/ram_reg_3_2/DOADO[1]
                         net (fo=7, routed)           1.188     5.438    u_tcm/u_ram/ram_read1_q[29]
    SLICE_X23Y16         LUT3 (Prop_lut3_I0_O)        0.124     5.562 r  u_tcm/u_ram/early_data_hold_q[29]_i_1/O
                         net (fo=5, routed)           0.882     6.444    u_tcm/u_ram/dport_data_rd_w[29]
    SLICE_X20Y11         LUT6 (Prop_lut6_I0_O)        0.124     6.568 r  u_tcm/u_ram/result_wb_q[13]_i_3/O
                         net (fo=1, routed)           0.668     7.235    u_core/u_lsu/u_lsu_request/result_wb_q_reg[13]
    SLICE_X25Y13         LUT6 (Prop_lut6_I5_O)        0.124     7.359 r  u_core/u_lsu/u_lsu_request/result_wb_q[13]_i_2/O
                         net (fo=2, routed)           0.446     7.806    u_core/u_issue/u_pipe_ctrl/writeback_mem_value_w[13]
    SLICE_X29Y12         LUT6 (Prop_lut6_I5_O)        0.124     7.930 r  u_core/u_issue/u_pipe_ctrl/sub_res_w_carry__2_i_33/O
                         net (fo=2, routed)           0.439     8.369    u_core/u_issue/u_pipe_ctrl/sub_res_w_carry__2_i_33_n_0
    SLICE_X31Y11         LUT6 (Prop_lut6_I2_O)        0.124     8.493 r  u_core/u_issue/u_pipe_ctrl/mem_data_wr_q[29]_i_2/O
                         net (fo=14, routed)          0.947     9.440    u_core/u_issue/u_pipe_ctrl/result_wb_q_reg[15]_0[1]
    SLICE_X31Y17         LUT2 (Prop_lut2_I0_O)        0.124     9.564 r  u_core/u_issue/u_pipe_ctrl/branch_update_valid_q_i_108/O
                         net (fo=1, routed)           0.000     9.564    u_core/u_issue/u_pipe_ctrl/branch_update_valid_q_i_108_n_0
    SLICE_X31Y17         CARRY4 (Prop_carry4_S[1]_CO[3])
                                                      0.550    10.114 r  u_core/u_issue/u_pipe_ctrl/branch_update_valid_q_reg_i_100/CO[3]
                         net (fo=1, routed)           0.000    10.114    u_core/u_issue/u_pipe_ctrl/branch_update_valid_q_reg_i_100_n_0
    SLICE_X31Y18         CARRY4 (Prop_carry4_CI_CO[3])
                                                      0.114    10.228 r  u_core/u_issue/u_pipe_ctrl/branch_update_valid_q_reg_i_91/CO[3]
                         net (fo=1, routed)           0.000    10.228    u_core/u_issue/u_pipe_ctrl/branch_update_valid_q_reg_i_91_n_0
    SLICE_X31Y19         CARRY4 (Prop_carry4_CI_CO[3])
                                                      0.114    10.342 r  u_core/u_issue/u_pipe_ctrl/branch_update_valid_q_reg_i_73/CO[3]
                         net (fo=1, routed)           0.000    10.342    u_core/u_issue/u_pipe_ctrl/branch_update_valid_q_reg_i_73_n_0
    SLICE_X31Y20         CARRY4 (Prop_carry4_CI_CO[3])
                                                      0.114    10.456 r  u_core/u_issue/u_pipe_ctrl/branch_update_valid_q_reg_i_51/CO[3]
                         net (fo=1, routed)           0.000    10.456    u_core/u_issue/u_pipe_ctrl/branch_update_valid_q_reg_i_51_n_0
    SLICE_X31Y21         CARRY4 (Prop_carry4_CI_O[3])
                                                      0.313    10.769 r  u_core/u_issue/u_pipe_ctrl/branch_update_valid_q_reg_i_35/O[3]
                         net (fo=1, routed)           0.298    11.067    u_core/u_issue/u_pipe_ctrl/u_exec/greater_than_signed00_out[31]
    SLICE_X28Y21         LUT5 (Prop_lut5_I4_O)        0.306    11.373 r  u_core/u_issue/u_pipe_ctrl/branch_update_valid_q_i_21_comp/O
                         net (fo=1, routed)           0.304    11.677    u_core/u_decode/branch_update_valid_q_i_6_1
    SLICE_X30Y21         LUT6 (Prop_lut6_I5_O)        0.124    11.801 r  u_core/u_decode/branch_update_valid_q_i_18_comp/O
                         net (fo=8, routed)           0.572    12.372    u_core/u_decode/branch_update_valid_q_i_18_n_0
    SLICE_X32Y21         LUT6 (Prop_lut6_I5_O)        0.124    12.496 r  u_core/u_decode/branch_pc_q[31]_i_3/O
                         net (fo=1, routed)           0.289    12.785    u_core/u_decode/branch_pc_q[31]_i_3_n_0
    SLICE_X33Y22         LUT6 (Prop_lut6_I2_O)        0.124    12.909 r  u_core/u_decode/branch_pc_q[31]_i_1/O
                         net (fo=32, routed)          0.721    13.630    u_core/u_fetch/E[0]
    SLICE_X32Y26         FDCE                                         r  u_core/u_fetch/branch_pc_q_reg[5]/CE
  -------------------------------------------------------------------    -------------------

                         (clock clk_i rise edge)     12.500    12.500 r  
                                                      0.000    12.500 r  clk_i (IN)
                         net (fo=2310, unset)         1.480    13.980    u_core/u_fetch/clk_i
    SLICE_X32Y26         FDCE                                         r  u_core/u_fetch/branch_pc_q_reg[5]/C
                         clock pessimism              0.115    14.095    
                         clock uncertainty           -0.035    14.060    
    SLICE_X32Y26         FDCE (Setup_fdce_C_CE)      -0.169    13.891    u_core/u_fetch/branch_pc_q_reg[5]
  -------------------------------------------------------------------
                         required time                         13.891    
                         arrival time                         -13.630    
  -------------------------------------------------------------------
                         slack                                  0.261    

Slack (MET) :             0.261ns  (required time - arrival time)
  Source:                 u_tcm/u_ram/ram_reg_3_2/CLKARDCLK
                            (rising edge-triggered cell RAMB36E1 clocked by clk_i  {rise@0.000ns fall@6.250ns period=12.500ns})
  Destination:            u_core/u_fetch/branch_pc_q_reg[9]/CE
                            (rising edge-triggered cell FDCE clocked by clk_i  {rise@0.000ns fall@6.250ns period=12.500ns})
  Path Group:             clk_i
  Path Type:              Setup (Max at Slow Process Corner)
  Requirement:            12.500ns  (clk_i rise@12.500ns - clk_i rise@0.000ns)
  Data Path Delay:        11.835ns  (logic 5.081ns (42.934%)  route 6.754ns (57.066%))
  Logic Levels:           15  (CARRY4=5 LUT2=1 LUT3=1 LUT5=1 LUT6=7)
  Clock Path Skew:        -0.200ns (DCD - SCD + CPR)
    Destination Clock Delay (DCD):    1.480ns = ( 13.980 - 12.500 ) 
    Source Clock Delay      (SCD):    1.795ns
    Clock Pessimism Removal (CPR):    0.115ns
  Clock Uncertainty:      0.035ns  ((TSJ^2 + TIJ^2)^1/2 + DJ) / 2 + PE
    Total System Jitter     (TSJ):    0.071ns
    Total Input Jitter      (TIJ):    0.000ns
    Discrete Jitter          (DJ):    0.000ns
    Phase Error              (PE):    0.000ns

    Location             Delay type                Incr(ns)  Path(ns)    Netlist Resource(s)
  -------------------------------------------------------------------    -------------------
                         (clock clk_i rise edge)      0.000     0.000 r  
                                                      0.000     0.000 r  clk_i (IN)
                         net (fo=2310, unset)         1.795     1.795    u_tcm/u_ram/clk_i
    RAMB36_X1Y0          RAMB36E1                                     r  u_tcm/u_ram/ram_reg_3_2/CLKARDCLK
  -------------------------------------------------------------------    -------------------
    RAMB36_X1Y0          RAMB36E1 (Prop_ramb36e1_CLKARDCLK_DOADO[1])
                                                      2.454     4.249 r  u_tcm/u_ram/ram_reg_3_2/DOADO[1]
                         net (fo=7, routed)           1.188     5.438    u_tcm/u_ram/ram_read1_q[29]
    SLICE_X23Y16         LUT3 (Prop_lut3_I0_O)        0.124     5.562 r  u_tcm/u_ram/early_data_hold_q[29]_i_1/O
                         net (fo=5, routed)           0.882     6.444    u_tcm/u_ram/dport_data_rd_w[29]
    SLICE_X20Y11         LUT6 (Prop_lut6_I0_O)        0.124     6.568 r  u_tcm/u_ram/result_wb_q[13]_i_3/O
                         net (fo=1, routed)           0.668     7.235    u_core/u_lsu/u_lsu_request/result_wb_q_reg[13]
    SLICE_X25Y13         LUT6 (Prop_lut6_I5_O)        0.124     7.359 r  u_core/u_lsu/u_lsu_request/result_wb_q[13]_i_2/O
                         net (fo=2, routed)           0.446     7.806    u_core/u_issue/u_pipe_ctrl/writeback_mem_value_w[13]
    SLICE_X29Y12         LUT6 (Prop_lut6_I5_O)        0.124     7.930 r  u_core/u_issue/u_pipe_ctrl/sub_res_w_carry__2_i_33/O
                         net (fo=2, routed)           0.439     8.369    u_core/u_issue/u_pipe_ctrl/sub_res_w_carry__2_i_33_n_0
    SLICE_X31Y11         LUT6 (Prop_lut6_I2_O)        0.124     8.493 r  u_core/u_issue/u_pipe_ctrl/mem_data_wr_q[29]_i_2/O
                         net (fo=14, routed)          0.947     9.440    u_core/u_issue/u_pipe_ctrl/result_wb_q_reg[15]_0[1]
    SLICE_X31Y17         LUT2 (Prop_lut2_I0_O)        0.124     9.564 r  u_core/u_issue/u_pipe_ctrl/branch_update_valid_q_i_108/O
                         net (fo=1, routed)           0.000     9.564    u_core/u_issue/u_pipe_ctrl/branch_update_valid_q_i_108_n_0
    SLICE_X31Y17         CARRY4 (Prop_carry4_S[1]_CO[3])
                                                      0.550    10.114 r  u_core/u_issue/u_pipe_ctrl/branch_update_valid_q_reg_i_100/CO[3]
                         net (fo=1, routed)           0.000    10.114    u_core/u_issue/u_pipe_ctrl/branch_update_valid_q_reg_i_100_n_0
    SLICE_X31Y18         CARRY4 (Prop_carry4_CI_CO[3])
                                                      0.114    10.228 r  u_core/u_issue/u_pipe_ctrl/branch_update_valid_q_reg_i_91/CO[3]
                         net (fo=1, routed)           0.000    10.228    u_core/u_issue/u_pipe_ctrl/branch_update_valid_q_reg_i_91_n_0
    SLICE_X31Y19         CARRY4 (Prop_carry4_CI_CO[3])
                                                      0.114    10.342 r  u_core/u_issue/u_pipe_ctrl/branch_update_valid_q_reg_i_73/CO[3]
                         net (fo=1, routed)           0.000    10.342    u_core/u_issue/u_pipe_ctrl/branch_update_valid_q_reg_i_73_n_0
    SLICE_X31Y20         CARRY4 (Prop_carry4_CI_CO[3])
                                                      0.114    10.456 r  u_core/u_issue/u_pipe_ctrl/branch_update_valid_q_reg_i_51/CO[3]
                         net (fo=1, routed)           0.000    10.456    u_core/u_issue/u_pipe_ctrl/branch_update_valid_q_reg_i_51_n_0
    SLICE_X31Y21         CARRY4 (Prop_carry4_CI_O[3])
                                                      0.313    10.769 r  u_core/u_issue/u_pipe_ctrl/branch_update_valid_q_reg_i_35/O[3]
                         net (fo=1, routed)           0.298    11.067    u_core/u_issue/u_pipe_ctrl/u_exec/greater_than_signed00_out[31]
    SLICE_X28Y21         LUT5 (Prop_lut5_I4_O)        0.306    11.373 r  u_core/u_issue/u_pipe_ctrl/branch_update_valid_q_i_21_comp/O
                         net (fo=1, routed)           0.304    11.677    u_core/u_decode/branch_update_valid_q_i_6_1
    SLICE_X30Y21         LUT6 (Prop_lut6_I5_O)        0.124    11.801 r  u_core/u_decode/branch_update_valid_q_i_18_comp/O
                         net (fo=8, routed)           0.572    12.372    u_core/u_decode/branch_update_valid_q_i_18_n_0
    SLICE_X32Y21         LUT6 (Prop_lut6_I5_O)        0.124    12.496 r  u_core/u_decode/branch_pc_q[31]_i_3/O
                         net (fo=1, routed)           0.289    12.785    u_core/u_decode/branch_pc_q[31]_i_3_n_0
    SLICE_X33Y22         LUT6 (Prop_lut6_I2_O)        0.124    12.909 r  u_core/u_decode/branch_pc_q[31]_i_1/O
                         net (fo=32, routed)          0.721    13.630    u_core/u_fetch/E[0]
    SLICE_X32Y26         FDCE                                         r  u_core/u_fetch/branch_pc_q_reg[9]/CE
  -------------------------------------------------------------------    -------------------

                         (clock clk_i rise edge)     12.500    12.500 r  
                                                      0.000    12.500 r  clk_i (IN)
                         net (fo=2310, unset)         1.480    13.980    u_core/u_fetch/clk_i
    SLICE_X32Y26         FDCE                                         r  u_core/u_fetch/branch_pc_q_reg[9]/C
                         clock pessimism              0.115    14.095    
                         clock uncertainty           -0.035    14.060    
    SLICE_X32Y26         FDCE (Setup_fdce_C_CE)      -0.169    13.891    u_core/u_fetch/branch_pc_q_reg[9]
  -------------------------------------------------------------------
                         required time                         13.891    
                         arrival time                         -13.630    
  -------------------------------------------------------------------
                         slack                                  0.261    

Slack (MET) :             0.299ns  (required time - arrival time)
  Source:                 u_dmux/tcm_access_q_reg/C
                            (rising edge-triggered cell FDCE clocked by clk_i  {rise@0.000ns fall@6.250ns period=12.500ns})
  Destination:            u_core/u_exec/result_q_reg[26]/D
                            (rising edge-triggered cell FDCE clocked by clk_i  {rise@0.000ns fall@6.250ns period=12.500ns})
  Path Group:             clk_i
  Path Type:              Setup (Max at Slow Process Corner)
  Requirement:            12.500ns  (clk_i rise@12.500ns - clk_i rise@0.000ns)
  Data Path Delay:        12.183ns  (logic 3.438ns (28.221%)  route 8.745ns (71.779%))
  Logic Levels:           18  (CARRY4=7 LUT2=1 LUT4=2 LUT5=1 LUT6=7)
  Clock Path Skew:        -0.060ns (DCD - SCD + CPR)
    Destination Clock Delay (DCD):    1.572ns = ( 14.072 - 12.500 ) 
    Source Clock Delay      (SCD):    1.747ns
    Clock Pessimism Removal (CPR):    0.115ns
  Clock Uncertainty:      0.035ns  ((TSJ^2 + TIJ^2)^1/2 + DJ) / 2 + PE
    Total System Jitter     (TSJ):    0.071ns
    Total Input Jitter      (TIJ):    0.000ns
    Discrete Jitter          (DJ):    0.000ns
    Phase Error              (PE):    0.000ns

    Location             Delay type                Incr(ns)  Path(ns)    Netlist Resource(s)
  -------------------------------------------------------------------    -------------------
                         (clock clk_i rise edge)      0.000     0.000 r  
                                                      0.000     0.000 r  clk_i (IN)
                         net (fo=2310, unset)         1.747     1.747    u_dmux/clk_i
    SLICE_X25Y7          FDCE                                         r  u_dmux/tcm_access_q_reg/C
  -------------------------------------------------------------------    -------------------
    SLICE_X25Y7          FDCE (Prop_fdce_C_Q)         0.456     2.203 f  u_dmux/tcm_access_q_reg/Q
                         net (fo=116, routed)         1.038     3.241    u_dmux/tcm_access_q
    SLICE_X27Y8          LUT6 (Prop_lut6_I0_O)        0.124     3.365 r  u_dmux/exception_wb_q[4]_i_2/O
                         net (fo=15, routed)          1.109     4.474    u_core/u_lsu/u_lsu_request/result_wb_q[0]_i_7_0
    SLICE_X20Y6          LUT5 (Prop_lut5_I2_O)        0.150     4.624 r  u_core/u_lsu/u_lsu_request/result_wb_q[15]_i_5/O
                         net (fo=30, routed)          0.963     5.587    u_core/u_lsu/u_lsu_request/result_wb_q[15]_i_5_n_0
    SLICE_X18Y12         LUT4 (Prop_lut4_I3_O)        0.328     5.915 r  u_core/u_lsu/u_lsu_request/result_wb_q[3]_i_6/O
                         net (fo=1, routed)           0.993     6.908    u_core/u_lsu/u_lsu_request/result_wb_q[3]_i_6_n_0
    SLICE_X15Y17         LUT6 (Prop_lut6_I5_O)        0.124     7.032 r  u_core/u_lsu/u_lsu_request/result_wb_q[3]_i_2/O
                         net (fo=2, routed)           0.739     7.771    u_core/u_issue/u_pipe_ctrl/writeback_mem_value_w[3]
    SLICE_X24Y17         LUT6 (Prop_lut6_I5_O)        0.124     7.895 r  u_core/u_issue/u_pipe_ctrl/sub_res_w_carry_i_30/O
                         net (fo=2, routed)           0.348     8.243    u_core/u_issue/u_pipe_ctrl/sub_res_w_carry_i_30_n_0
    SLICE_X25Y17         LUT6 (Prop_lut6_I4_O)        0.124     8.367 r  u_core/u_issue/u_pipe_ctrl/sub_res_w_carry_i_12/O
                         net (fo=16, routed)          0.874     9.241    u_core/u_decode/lsu_opcode_ra_operand_w[3]
    SLICE_X26Y22         LUT6 (Prop_lut6_I4_O)        0.124     9.365 r  u_core/u_decode/sub_res_w_carry_i_1/O
                         net (fo=15, routed)          0.840    10.205    u_core/u_decode/buffer_payload_q_reg[3]_1
    SLICE_X23Y20         LUT2 (Prop_lut2_I0_O)        0.124    10.329 r  u_core/u_decode/result_q[0]_i_10/O
                         net (fo=1, routed)           0.000    10.329    u_core/u_decode/result_q[0]_i_10_n_0
    SLICE_X23Y20         CARRY4 (Prop_carry4_S[3]_CO[3])
                                                      0.401    10.730 r  u_core/u_decode/result_q_reg[0]_i_5/CO[3]
                         net (fo=1, routed)           0.000    10.730    u_core/u_decode/result_q_reg[0]_i_5_n_0
    SLICE_X23Y21         CARRY4 (Prop_carry4_CI_CO[3])
                                                      0.114    10.844 r  u_core/u_decode/result_q_reg[5]_i_7/CO[3]
                         net (fo=1, routed)           0.000    10.844    u_core/u_decode/result_q_reg[5]_i_7_n_0
    SLICE_X23Y22         CARRY4 (Prop_carry4_CI_CO[3])
                                                      0.114    10.958 r  u_core/u_decode/result_q_reg[12]_i_11/CO[3]
                         net (fo=1, routed)           0.000    10.958    u_core/u_decode/result_q_reg[12]_i_11_n_0
    SLICE_X23Y23         CARRY4 (Prop_carry4_CI_CO[3])
                                                      0.114    11.072 r  u_core/u_decode/result_q_reg[12]_i_4/CO[3]
                         net (fo=1, routed)           0.000    11.072    u_core/u_decode/result_q_reg[12]_i_4_n_0
    SLICE_X23Y24         CARRY4 (Prop_carry4_CI_CO[3])
                                                      0.114    11.186 r  u_core/u_decode/result_q_reg[19]_i_5/CO[3]
                         net (fo=1, routed)           0.009    11.195    u_core/u_decode/result_q_reg[19]_i_5_n_0
    SLICE_X23Y25         CARRY4 (Prop_carry4_CI_CO[3])
                                                      0.114    11.309 r  u_core/u_decode/result_q_reg[23]_i_7/CO[3]
                         net (fo=1, routed)           0.000    11.309    u_core/u_decode/result_q_reg[23]_i_7_n_0
    SLICE_X23Y26         CARRY4 (Prop_carry4_CI_O[2])
                                                      0.239    11.548 r  u_core/u_decode/result_q_reg[25]_i_7/O[2]
                         net (fo=1, routed)           0.620    12.168    u_core/u_decode/u_exec/u_alu/data2[26]
    SLICE_X21Y30         LUT4 (Prop_lut4_I2_O)        0.302    12.470 r  u_core/u_decode/result_q[26]_i_10/O
                         net (fo=1, routed)           0.549    13.019    u_core/u_decode/result_q[26]_i_10_n_0
    SLICE_X23Y32         LUT6 (Prop_lut6_I1_O)        0.124    13.143 r  u_core/u_decode/result_q[26]_i_3/O
                         net (fo=1, routed)           0.663    13.806    u_core/u_decode/result_q[26]_i_3_n_0
    SLICE_X22Y34         LUT6 (Prop_lut6_I1_O)        0.124    13.930 r  u_core/u_decode/result_q[26]_i_1/O
                         net (fo=1, routed)           0.000    13.930    u_core/u_exec/result_q_reg[31]_3[26]
    SLICE_X22Y34         FDCE                                         r  u_core/u_exec/result_q_reg[26]/D
  -------------------------------------------------------------------    -------------------

                         (clock clk_i rise edge)     12.500    12.500 r  
                                                      0.000    12.500 r  clk_i (IN)
                         net (fo=2310, unset)         1.572    14.072    u_core/u_exec/clk_i
    SLICE_X22Y34         FDCE                                         r  u_core/u_exec/result_q_reg[26]/C
                         clock pessimism              0.115    14.187    
                         clock uncertainty           -0.035    14.152    
    SLICE_X22Y34         FDCE (Setup_fdce_C_D)        0.077    14.229    u_core/u_exec/result_q_reg[26]
  -------------------------------------------------------------------
                         required time                         14.229    
                         arrival time                         -13.930    
  -------------------------------------------------------------------
                         slack                                  0.299    

Slack (MET) :             0.325ns  (required time - arrival time)
  Source:                 u_tcm/u_ram/ram_reg_3_2/CLKARDCLK
                            (rising edge-triggered cell RAMB36E1 clocked by clk_i  {rise@0.000ns fall@6.250ns period=12.500ns})
  Destination:            u_core/u_fetch/branch_pc_q_reg[31]/D
                            (rising edge-triggered cell FDCE clocked by clk_i  {rise@0.000ns fall@6.250ns period=12.500ns})
  Path Group:             clk_i
  Path Type:              Setup (Max at Slow Process Corner)
  Requirement:            12.500ns  (clk_i rise@12.500ns - clk_i rise@0.000ns)
  Data Path Delay:        12.019ns  (logic 5.205ns (43.306%)  route 6.814ns (56.694%))
  Logic Levels:           16  (CARRY4=5 LUT2=1 LUT3=1 LUT5=1 LUT6=8)
  Clock Path Skew:        -0.201ns (DCD - SCD + CPR)
    Destination Clock Delay (DCD):    1.479ns = ( 13.979 - 12.500 ) 
    Source Clock Delay      (SCD):    1.795ns
    Clock Pessimism Removal (CPR):    0.115ns
  Clock Uncertainty:      0.035ns  ((TSJ^2 + TIJ^2)^1/2 + DJ) / 2 + PE
    Total System Jitter     (TSJ):    0.071ns
    Total Input Jitter      (TIJ):    0.000ns
    Discrete Jitter          (DJ):    0.000ns
    Phase Error              (PE):    0.000ns

    Location             Delay type                Incr(ns)  Path(ns)    Netlist Resource(s)
  -------------------------------------------------------------------    -------------------
                         (clock clk_i rise edge)      0.000     0.000 r  
                                                      0.000     0.000 r  clk_i (IN)
                         net (fo=2310, unset)         1.795     1.795    u_tcm/u_ram/clk_i
    RAMB36_X1Y0          RAMB36E1                                     r  u_tcm/u_ram/ram_reg_3_2/CLKARDCLK
  -------------------------------------------------------------------    -------------------
    RAMB36_X1Y0          RAMB36E1 (Prop_ramb36e1_CLKARDCLK_DOADO[1])
                                                      2.454     4.249 r  u_tcm/u_ram/ram_reg_3_2/DOADO[1]
                         net (fo=7, routed)           1.188     5.438    u_tcm/u_ram/ram_read1_q[29]
    SLICE_X23Y16         LUT3 (Prop_lut3_I0_O)        0.124     5.562 r  u_tcm/u_ram/early_data_hold_q[29]_i_1/O
                         net (fo=5, routed)           0.882     6.444    u_tcm/u_ram/dport_data_rd_w[29]
    SLICE_X20Y11         LUT6 (Prop_lut6_I0_O)        0.124     6.568 r  u_tcm/u_ram/result_wb_q[13]_i_3/O
                         net (fo=1, routed)           0.668     7.235    u_core/u_lsu/u_lsu_request/result_wb_q_reg[13]
    SLICE_X25Y13         LUT6 (Prop_lut6_I5_O)        0.124     7.359 r  u_core/u_lsu/u_lsu_request/result_wb_q[13]_i_2/O
                         net (fo=2, routed)           0.446     7.806    u_core/u_issue/u_pipe_ctrl/writeback_mem_value_w[13]
    SLICE_X29Y12         LUT6 (Prop_lut6_I5_O)        0.124     7.930 r  u_core/u_issue/u_pipe_ctrl/sub_res_w_carry__2_i_33/O
                         net (fo=2, routed)           0.439     8.369    u_core/u_issue/u_pipe_ctrl/sub_res_w_carry__2_i_33_n_0
    SLICE_X31Y11         LUT6 (Prop_lut6_I2_O)        0.124     8.493 r  u_core/u_issue/u_pipe_ctrl/mem_data_wr_q[29]_i_2/O
                         net (fo=14, routed)          0.947     9.440    u_core/u_issue/u_pipe_ctrl/result_wb_q_reg[15]_0[1]
    SLICE_X31Y17         LUT2 (Prop_lut2_I0_O)        0.124     9.564 r  u_core/u_issue/u_pipe_ctrl/branch_update_valid_q_i_108/O
                         net (fo=1, routed)           0.000     9.564    u_core/u_issue/u_pipe_ctrl/branch_update_valid_q_i_108_n_0
    SLICE_X31Y17         CARRY4 (Prop_carry4_S[1]_CO[3])
                                                      0.550    10.114 r  u_core/u_issue/u_pipe_ctrl/branch_update_valid_q_reg_i_100/CO[3]
                         net (fo=1, routed)           0.000    10.114    u_core/u_issue/u_pipe_ctrl/branch_update_valid_q_reg_i_100_n_0
    SLICE_X31Y18         CARRY4 (Prop_carry4_CI_CO[3])
                                                      0.114    10.228 r  u_core/u_issue/u_pipe_ctrl/branch_update_valid_q_reg_i_91/CO[3]
                         net (fo=1, routed)           0.000    10.228    u_core/u_issue/u_pipe_ctrl/branch_update_valid_q_reg_i_91_n_0
    SLICE_X31Y19         CARRY4 (Prop_carry4_CI_CO[3])
                                                      0.114    10.342 r  u_core/u_issue/u_pipe_ctrl/branch_update_valid_q_reg_i_73/CO[3]
                         net (fo=1, routed)           0.000    10.342    u_core/u_issue/u_pipe_ctrl/branch_update_valid_q_reg_i_73_n_0
    SLICE_X31Y20         CARRY4 (Prop_carry4_CI_CO[3])
                                                      0.114    10.456 r  u_core/u_issue/u_pipe_ctrl/branch_update_valid_q_reg_i_51/CO[3]
                         net (fo=1, routed)           0.000    10.456    u_core/u_issue/u_pipe_ctrl/branch_update_valid_q_reg_i_51_n_0
    SLICE_X31Y21         CARRY4 (Prop_carry4_CI_O[3])
                                                      0.313    10.769 r  u_core/u_issue/u_pipe_ctrl/branch_update_valid_q_reg_i_35/O[3]
                         net (fo=1, routed)           0.298    11.067    u_core/u_issue/u_pipe_ctrl/u_exec/greater_than_signed00_out[31]
    SLICE_X28Y21         LUT5 (Prop_lut5_I4_O)        0.306    11.373 r  u_core/u_issue/u_pipe_ctrl/branch_update_valid_q_i_21_comp/O
                         net (fo=1, routed)           0.304    11.677    u_core/u_decode/branch_update_valid_q_i_6_1
    SLICE_X30Y21         LUT6 (Prop_lut6_I5_O)        0.124    11.801 r  u_core/u_decode/branch_update_valid_q_i_18_comp/O
                         net (fo=8, routed)           0.716    12.516    u_core/u_decode/branch_update_valid_q_i_18_n_0
    SLICE_X32Y22         LUT6 (Prop_lut6_I0_O)        0.124    12.640 r  u_core/u_decode/branch_update_valid_q_i_11/O
                         net (fo=27, routed)          0.764    13.405    u_core/u_decode/branch_update_valid_q_i_11_n_0
    SLICE_X34Y25         LUT6 (Prop_lut6_I2_O)        0.124    13.529 r  u_core/u_decode/branch_pc_q[31]_i_7/O
                         net (fo=1, routed)           0.162    13.691    u_core/u_decode/branch_pc_q[31]_i_7_n_0
    SLICE_X34Y25         LUT6 (Prop_lut6_I5_O)        0.124    13.815 r  u_core/u_decode/branch_pc_q[31]_i_2/O
                         net (fo=1, routed)           0.000    13.815    u_core/u_fetch/D[29]
    SLICE_X34Y25         FDCE                                         r  u_core/u_fetch/branch_pc_q_reg[31]/D
  -------------------------------------------------------------------    -------------------

                         (clock clk_i rise edge)     12.500    12.500 r  
                                                      0.000    12.500 r  clk_i (IN)
                         net (fo=2310, unset)         1.479    13.979    u_core/u_fetch/clk_i
    SLICE_X34Y25         FDCE                                         r  u_core/u_fetch/branch_pc_q_reg[31]/C
                         clock pessimism              0.115    14.094    
                         clock uncertainty           -0.035    14.059    
    SLICE_X34Y25         FDCE (Setup_fdce_C_D)        0.081    14.140    u_core/u_fetch/branch_pc_q_reg[31]
  -------------------------------------------------------------------
                         required time                         14.140    
                         arrival time                         -13.815    
  -------------------------------------------------------------------
                         slack                                  0.325    

Slack (MET) :             0.328ns  (required time - arrival time)
  Source:                 u_tcm/u_ram/ram_reg_3_2/CLKARDCLK
                            (rising edge-triggered cell RAMB36E1 clocked by clk_i  {rise@0.000ns fall@6.250ns period=12.500ns})
  Destination:            u_core/u_fetch/branch_pc_q_reg[11]/D
                            (rising edge-triggered cell FDCE clocked by clk_i  {rise@0.000ns fall@6.250ns period=12.500ns})
  Path Group:             clk_i
  Path Type:              Setup (Max at Slow Process Corner)
  Requirement:            12.500ns  (clk_i rise@12.500ns - clk_i rise@0.000ns)
  Data Path Delay:        12.013ns  (logic 5.205ns (43.326%)  route 6.808ns (56.674%))
  Logic Levels:           16  (CARRY4=5 LUT2=1 LUT3=1 LUT5=1 LUT6=8)
  Clock Path Skew:        -0.200ns (DCD - SCD + CPR)
    Destination Clock Delay (DCD):    1.480ns = ( 13.980 - 12.500 ) 
    Source Clock Delay      (SCD):    1.795ns
    Clock Pessimism Removal (CPR):    0.115ns
  Clock Uncertainty:      0.035ns  ((TSJ^2 + TIJ^2)^1/2 + DJ) / 2 + PE
    Total System Jitter     (TSJ):    0.071ns
    Total Input Jitter      (TIJ):    0.000ns
    Discrete Jitter          (DJ):    0.000ns
    Phase Error              (PE):    0.000ns

    Location             Delay type                Incr(ns)  Path(ns)    Netlist Resource(s)
  -------------------------------------------------------------------    -------------------
                         (clock clk_i rise edge)      0.000     0.000 r  
                                                      0.000     0.000 r  clk_i (IN)
                         net (fo=2310, unset)         1.795     1.795    u_tcm/u_ram/clk_i
    RAMB36_X1Y0          RAMB36E1                                     r  u_tcm/u_ram/ram_reg_3_2/CLKARDCLK
  -------------------------------------------------------------------    -------------------
    RAMB36_X1Y0          RAMB36E1 (Prop_ramb36e1_CLKARDCLK_DOADO[1])
                                                      2.454     4.249 r  u_tcm/u_ram/ram_reg_3_2/DOADO[1]
                         net (fo=7, routed)           1.188     5.438    u_tcm/u_ram/ram_read1_q[29]
    SLICE_X23Y16         LUT3 (Prop_lut3_I0_O)        0.124     5.562 r  u_tcm/u_ram/early_data_hold_q[29]_i_1/O
                         net (fo=5, routed)           0.882     6.444    u_tcm/u_ram/dport_data_rd_w[29]
    SLICE_X20Y11         LUT6 (Prop_lut6_I0_O)        0.124     6.568 r  u_tcm/u_ram/result_wb_q[13]_i_3/O
                         net (fo=1, routed)           0.668     7.235    u_core/u_lsu/u_lsu_request/result_wb_q_reg[13]
    SLICE_X25Y13         LUT6 (Prop_lut6_I5_O)        0.124     7.359 r  u_core/u_lsu/u_lsu_request/result_wb_q[13]_i_2/O
                         net (fo=2, routed)           0.446     7.806    u_core/u_issue/u_pipe_ctrl/writeback_mem_value_w[13]
    SLICE_X29Y12         LUT6 (Prop_lut6_I5_O)        0.124     7.930 r  u_core/u_issue/u_pipe_ctrl/sub_res_w_carry__2_i_33/O
                         net (fo=2, routed)           0.439     8.369    u_core/u_issue/u_pipe_ctrl/sub_res_w_carry__2_i_33_n_0
    SLICE_X31Y11         LUT6 (Prop_lut6_I2_O)        0.124     8.493 r  u_core/u_issue/u_pipe_ctrl/mem_data_wr_q[29]_i_2/O
                         net (fo=14, routed)          0.947     9.440    u_core/u_issue/u_pipe_ctrl/result_wb_q_reg[15]_0[1]
    SLICE_X31Y17         LUT2 (Prop_lut2_I0_O)        0.124     9.564 r  u_core/u_issue/u_pipe_ctrl/branch_update_valid_q_i_108/O
                         net (fo=1, routed)           0.000     9.564    u_core/u_issue/u_pipe_ctrl/branch_update_valid_q_i_108_n_0
    SLICE_X31Y17         CARRY4 (Prop_carry4_S[1]_CO[3])
                                                      0.550    10.114 r  u_core/u_issue/u_pipe_ctrl/branch_update_valid_q_reg_i_100/CO[3]
                         net (fo=1, routed)           0.000    10.114    u_core/u_issue/u_pipe_ctrl/branch_update_valid_q_reg_i_100_n_0
    SLICE_X31Y18         CARRY4 (Prop_carry4_CI_CO[3])
                                                      0.114    10.228 r  u_core/u_issue/u_pipe_ctrl/branch_update_valid_q_reg_i_91/CO[3]
                         net (fo=1, routed)           0.000    10.228    u_core/u_issue/u_pipe_ctrl/branch_update_valid_q_reg_i_91_n_0
    SLICE_X31Y19         CARRY4 (Prop_carry4_CI_CO[3])
                                                      0.114    10.342 r  u_core/u_issue/u_pipe_ctrl/branch_update_valid_q_reg_i_73/CO[3]
                         net (fo=1, routed)           0.000    10.342    u_core/u_issue/u_pipe_ctrl/branch_update_valid_q_reg_i_73_n_0
    SLICE_X31Y20         CARRY4 (Prop_carry4_CI_CO[3])
                                                      0.114    10.456 r  u_core/u_issue/u_pipe_ctrl/branch_update_valid_q_reg_i_51/CO[3]
                         net (fo=1, routed)           0.000    10.456    u_core/u_issue/u_pipe_ctrl/branch_update_valid_q_reg_i_51_n_0
    SLICE_X31Y21         CARRY4 (Prop_carry4_CI_O[3])
                                                      0.313    10.769 r  u_core/u_issue/u_pipe_ctrl/branch_update_valid_q_reg_i_35/O[3]
                         net (fo=1, routed)           0.298    11.067    u_core/u_issue/u_pipe_ctrl/u_exec/greater_than_signed00_out[31]
    SLICE_X28Y21         LUT5 (Prop_lut5_I4_O)        0.306    11.373 r  u_core/u_issue/u_pipe_ctrl/branch_update_valid_q_i_21_comp/O
                         net (fo=1, routed)           0.304    11.677    u_core/u_decode/branch_update_valid_q_i_6_1
    SLICE_X30Y21         LUT6 (Prop_lut6_I5_O)        0.124    11.801 r  u_core/u_decode/branch_update_valid_q_i_18_comp/O
                         net (fo=8, routed)           0.716    12.516    u_core/u_decode/branch_update_valid_q_i_18_n_0
    SLICE_X32Y22         LUT6 (Prop_lut6_I0_O)        0.124    12.640 r  u_core/u_decode/branch_update_valid_q_i_11/O
                         net (fo=27, routed)          0.503    13.143    u_core/u_decode/branch_update_valid_q_i_11_n_0
    SLICE_X32Y21         LUT6 (Prop_lut6_I2_O)        0.124    13.267 r  u_core/u_decode/branch_pc_q[11]_i_3/O
                         net (fo=1, routed)           0.418    13.685    u_core/u_decode/branch_pc_q[11]_i_3_n_0
    SLICE_X32Y23         LUT6 (Prop_lut6_I5_O)        0.124    13.809 r  u_core/u_decode/branch_pc_q[11]_i_1/O
                         net (fo=1, routed)           0.000    13.809    u_core/u_fetch/D[9]
    SLICE_X32Y23         FDCE                                         r  u_core/u_fetch/branch_pc_q_reg[11]/D
  -------------------------------------------------------------------    -------------------

                         (clock clk_i rise edge)     12.500    12.500 r  
                                                      0.000    12.500 r  clk_i (IN)
                         net (fo=2310, unset)         1.480    13.980    u_core/u_fetch/clk_i
    SLICE_X32Y23         FDCE                                         r  u_core/u_fetch/branch_pc_q_reg[11]/C
                         clock pessimism              0.115    14.095    
                         clock uncertainty           -0.035    14.060    
    SLICE_X32Y23         FDCE (Setup_fdce_C_D)        0.077    14.137    u_core/u_fetch/branch_pc_q_reg[11]
  -------------------------------------------------------------------
                         required time                         14.137    
                         arrival time                         -13.809    
  -------------------------------------------------------------------
                         slack                                  0.328    

Slack (MET) :             0.328ns  (required time - arrival time)
  Source:                 u_tcm/u_ram/ram_reg_3_2/CLKARDCLK
                            (rising edge-triggered cell RAMB36E1 clocked by clk_i  {rise@0.000ns fall@6.250ns period=12.500ns})
  Destination:            u_core/u_fetch/branch_pc_q_reg[2]/CE
                            (rising edge-triggered cell FDCE clocked by clk_i  {rise@0.000ns fall@6.250ns period=12.500ns})
  Path Group:             clk_i
  Path Type:              Setup (Max at Slow Process Corner)
  Requirement:            12.500ns  (clk_i rise@12.500ns - clk_i rise@0.000ns)
  Data Path Delay:        11.732ns  (logic 5.081ns (43.309%)  route 6.651ns (56.690%))
  Logic Levels:           15  (CARRY4=5 LUT2=1 LUT3=1 LUT5=1 LUT6=7)
  Clock Path Skew:        -0.199ns (DCD - SCD + CPR)
    Destination Clock Delay (DCD):    1.481ns = ( 13.981 - 12.500 ) 
    Source Clock Delay      (SCD):    1.795ns
    Clock Pessimism Removal (CPR):    0.115ns
  Clock Uncertainty:      0.035ns  ((TSJ^2 + TIJ^2)^1/2 + DJ) / 2 + PE
    Total System Jitter     (TSJ):    0.071ns
    Total Input Jitter      (TIJ):    0.000ns
    Discrete Jitter          (DJ):    0.000ns
    Phase Error              (PE):    0.000ns

    Location             Delay type                Incr(ns)  Path(ns)    Netlist Resource(s)
  -------------------------------------------------------------------    -------------------
                         (clock clk_i rise edge)      0.000     0.000 r  
                                                      0.000     0.000 r  clk_i (IN)
                         net (fo=2310, unset)         1.795     1.795    u_tcm/u_ram/clk_i
    RAMB36_X1Y0          RAMB36E1                                     r  u_tcm/u_ram/ram_reg_3_2/CLKARDCLK
  -------------------------------------------------------------------    -------------------
    RAMB36_X1Y0          RAMB36E1 (Prop_ramb36e1_CLKARDCLK_DOADO[1])
                                                      2.454     4.249 r  u_tcm/u_ram/ram_reg_3_2/DOADO[1]
                         net (fo=7, routed)           1.188     5.438    u_tcm/u_ram/ram_read1_q[29]
    SLICE_X23Y16         LUT3 (Prop_lut3_I0_O)        0.124     5.562 r  u_tcm/u_ram/early_data_hold_q[29]_i_1/O
                         net (fo=5, routed)           0.882     6.444    u_tcm/u_ram/dport_data_rd_w[29]
    SLICE_X20Y11         LUT6 (Prop_lut6_I0_O)        0.124     6.568 r  u_tcm/u_ram/result_wb_q[13]_i_3/O
                         net (fo=1, routed)           0.668     7.235    u_core/u_lsu/u_lsu_request/result_wb_q_reg[13]
    SLICE_X25Y13         LUT6 (Prop_lut6_I5_O)        0.124     7.359 r  u_core/u_lsu/u_lsu_request/result_wb_q[13]_i_2/O
                         net (fo=2, routed)           0.446     7.806    u_core/u_issue/u_pipe_ctrl/writeback_mem_value_w[13]
    SLICE_X29Y12         LUT6 (Prop_lut6_I5_O)        0.124     7.930 r  u_core/u_issue/u_pipe_ctrl/sub_res_w_carry__2_i_33/O
                         net (fo=2, routed)           0.439     8.369    u_core/u_issue/u_pipe_ctrl/sub_res_w_carry__2_i_33_n_0
    SLICE_X31Y11         LUT6 (Prop_lut6_I2_O)        0.124     8.493 r  u_core/u_issue/u_pipe_ctrl/mem_data_wr_q[29]_i_2/O
                         net (fo=14, routed)          0.947     9.440    u_core/u_issue/u_pipe_ctrl/result_wb_q_reg[15]_0[1]
    SLICE_X31Y17         LUT2 (Prop_lut2_I0_O)        0.124     9.564 r  u_core/u_issue/u_pipe_ctrl/branch_update_valid_q_i_108/O
                         net (fo=1, routed)           0.000     9.564    u_core/u_issue/u_pipe_ctrl/branch_update_valid_q_i_108_n_0
    SLICE_X31Y17         CARRY4 (Prop_carry4_S[1]_CO[3])
                                                      0.550    10.114 r  u_core/u_issue/u_pipe_ctrl/branch_update_valid_q_reg_i_100/CO[3]
                         net (fo=1, routed)           0.000    10.114    u_core/u_issue/u_pipe_ctrl/branch_update_valid_q_reg_i_100_n_0
    SLICE_X31Y18         CARRY4 (Prop_carry4_CI_CO[3])
                                                      0.114    10.228 r  u_core/u_issue/u_pipe_ctrl/branch_update_valid_q_reg_i_91/CO[3]
                         net (fo=1, routed)           0.000    10.228    u_core/u_issue/u_pipe_ctrl/branch_update_valid_q_reg_i_91_n_0
    SLICE_X31Y19         CARRY4 (Prop_carry4_CI_CO[3])
                                                      0.114    10.342 r  u_core/u_issue/u_pipe_ctrl/branch_update_valid_q_reg_i_73/CO[3]
                         net (fo=1, routed)           0.000    10.342    u_core/u_issue/u_pipe_ctrl/branch_update_valid_q_reg_i_73_n_0
    SLICE_X31Y20         CARRY4 (Prop_carry4_CI_CO[3])
                                                      0.114    10.456 r  u_core/u_issue/u_pipe_ctrl/branch_update_valid_q_reg_i_51/CO[3]
                         net (fo=1, routed)           0.000    10.456    u_core/u_issue/u_pipe_ctrl/branch_update_valid_q_reg_i_51_n_0
    SLICE_X31Y21         CARRY4 (Prop_carry4_CI_O[3])
                                                      0.313    10.769 r  u_core/u_issue/u_pipe_ctrl/branch_update_valid_q_reg_i_35/O[3]
                         net (fo=1, routed)           0.298    11.067    u_core/u_issue/u_pipe_ctrl/u_exec/greater_than_signed00_out[31]
    SLICE_X28Y21         LUT5 (Prop_lut5_I4_O)        0.306    11.373 r  u_core/u_issue/u_pipe_ctrl/branch_update_valid_q_i_21_comp/O
                         net (fo=1, routed)           0.304    11.677    u_core/u_decode/branch_update_valid_q_i_6_1
    SLICE_X30Y21         LUT6 (Prop_lut6_I5_O)        0.124    11.801 r  u_core/u_decode/branch_update_valid_q_i_18_comp/O
                         net (fo=8, routed)           0.572    12.372    u_core/u_decode/branch_update_valid_q_i_18_n_0
    SLICE_X32Y21         LUT6 (Prop_lut6_I5_O)        0.124    12.496 r  u_core/u_decode/branch_pc_q[31]_i_3/O
                         net (fo=1, routed)           0.289    12.785    u_core/u_decode/branch_pc_q[31]_i_3_n_0
    SLICE_X33Y22         LUT6 (Prop_lut6_I2_O)        0.124    12.909 r  u_core/u_decode/branch_pc_q[31]_i_1/O
                         net (fo=32, routed)          0.618    13.527    u_core/u_fetch/E[0]
    SLICE_X33Y22         FDCE                                         r  u_core/u_fetch/branch_pc_q_reg[2]/CE
  -------------------------------------------------------------------    -------------------

                         (clock clk_i rise edge)     12.500    12.500 r  
                                                      0.000    12.500 r  clk_i (IN)
                         net (fo=2310, unset)         1.481    13.981    u_core/u_fetch/clk_i
    SLICE_X33Y22         FDCE                                         r  u_core/u_fetch/branch_pc_q_reg[2]/C
                         clock pessimism              0.115    14.096    
                         clock uncertainty           -0.035    14.061    
    SLICE_X33Y22         FDCE (Setup_fdce_C_CE)      -0.205    13.856    u_core/u_fetch/branch_pc_q_reg[2]
  -------------------------------------------------------------------
                         required time                         13.856    
                         arrival time                         -13.527    
  -------------------------------------------------------------------
                         slack                                  0.328    





Min Delay Paths
--------------------------------------------------------------------------------------
Slack (MET) :             0.042ns  (arrival time - required time)
  Source:                 u_core/u_exec/branch_update_pc_q_reg[6]/C
                            (rising edge-triggered cell FDCE clocked by clk_i  {rise@0.000ns fall@6.250ns period=12.500ns})
  Destination:            u_core/u_branch_predict/gen_predictor_enabled.gen_tag_ram[14].tag_bit/DP/WADR4
                            (rising edge-triggered cell RAMD64E clocked by clk_i  {rise@0.000ns fall@6.250ns period=12.500ns})
  Path Group:             clk_i
  Path Type:              Hold (Min at Fast Process Corner)
  Requirement:            0.000ns  (clk_i rise@0.000ns - clk_i rise@0.000ns)
  Data Path Delay:        0.507ns  (logic 0.164ns (32.373%)  route 0.343ns (67.627%))
  Logic Levels:           0  
  Clock Path Skew:        0.265ns (DCD - SCD - CPR)
    Destination Clock Delay (DCD):    0.823ns
    Source Clock Delay      (SCD):    0.553ns
    Clock Pessimism Removal (CPR):    0.005ns

    Location             Delay type                Incr(ns)  Path(ns)    Netlist Resource(s)
  -------------------------------------------------------------------    -------------------
                         (clock clk_i rise edge)      0.000     0.000 r  
                                                      0.000     0.000 r  clk_i (IN)
                         net (fo=2310, unset)         0.553     0.553    u_core/u_exec/clk_i
    SLICE_X50Y34         FDCE                                         r  u_core/u_exec/branch_update_pc_q_reg[6]/C
  -------------------------------------------------------------------    -------------------
    SLICE_X50Y34         FDCE (Prop_fdce_C_Q)         0.164     0.717 r  u_core/u_exec/branch_update_pc_q_reg[6]/Q
                         net (fo=209, routed)         0.343     1.060    u_core/u_branch_predict/gen_predictor_enabled.gen_tag_ram[14].tag_bit/A4
    SLICE_X36Y34         RAMD64E                                      r  u_core/u_branch_predict/gen_predictor_enabled.gen_tag_ram[14].tag_bit/DP/WADR4
  -------------------------------------------------------------------    -------------------

                         (clock clk_i rise edge)      0.000     0.000 r  
                                                      0.000     0.000 r  clk_i (IN)
                         net (fo=2310, unset)         0.823     0.823    u_core/u_branch_predict/gen_predictor_enabled.gen_tag_ram[14].tag_bit/WCLK
    SLICE_X36Y34         RAMD64E                                      r  u_core/u_branch_predict/gen_predictor_enabled.gen_tag_ram[14].tag_bit/DP/CLK
                         clock pessimism             -0.005     0.818    
    SLICE_X36Y34         RAMD64E (Hold_ramd64e_CLK_WADR4)
                                                      0.200     1.018    u_core/u_branch_predict/gen_predictor_enabled.gen_tag_ram[14].tag_bit/DP
  -------------------------------------------------------------------
                         required time                         -1.018    
                         arrival time                           1.060    
  -------------------------------------------------------------------
                         slack                                  0.042    

Slack (MET) :             0.042ns  (arrival time - required time)
  Source:                 u_core/u_exec/branch_update_pc_q_reg[6]/C
                            (rising edge-triggered cell FDCE clocked by clk_i  {rise@0.000ns fall@6.250ns period=12.500ns})
  Destination:            u_core/u_branch_predict/gen_predictor_enabled.gen_tag_ram[14].tag_bit/SP/WADR4
                            (rising edge-triggered cell RAMD64E clocked by clk_i  {rise@0.000ns fall@6.250ns period=12.500ns})
  Path Group:             clk_i
  Path Type:              Hold (Min at Fast Process Corner)
  Requirement:            0.000ns  (clk_i rise@0.000ns - clk_i rise@0.000ns)
  Data Path Delay:        0.507ns  (logic 0.164ns (32.373%)  route 0.343ns (67.627%))
  Logic Levels:           0  
  Clock Path Skew:        0.265ns (DCD - SCD - CPR)
    Destination Clock Delay (DCD):    0.823ns
    Source Clock Delay      (SCD):    0.553ns
    Clock Pessimism Removal (CPR):    0.005ns

    Location             Delay type                Incr(ns)  Path(ns)    Netlist Resource(s)
  -------------------------------------------------------------------    -------------------
                         (clock clk_i rise edge)      0.000     0.000 r  
                                                      0.000     0.000 r  clk_i (IN)
                         net (fo=2310, unset)         0.553     0.553    u_core/u_exec/clk_i
    SLICE_X50Y34         FDCE                                         r  u_core/u_exec/branch_update_pc_q_reg[6]/C
  -------------------------------------------------------------------    -------------------
    SLICE_X50Y34         FDCE (Prop_fdce_C_Q)         0.164     0.717 r  u_core/u_exec/branch_update_pc_q_reg[6]/Q
                         net (fo=209, routed)         0.343     1.060    u_core/u_branch_predict/gen_predictor_enabled.gen_tag_ram[14].tag_bit/A4
    SLICE_X36Y34         RAMD64E                                      r  u_core/u_branch_predict/gen_predictor_enabled.gen_tag_ram[14].tag_bit/SP/WADR4
  -------------------------------------------------------------------    -------------------

                         (clock clk_i rise edge)      0.000     0.000 r  
                                                      0.000     0.000 r  clk_i (IN)
                         net (fo=2310, unset)         0.823     0.823    u_core/u_branch_predict/gen_predictor_enabled.gen_tag_ram[14].tag_bit/WCLK
    SLICE_X36Y34         RAMD64E                                      r  u_core/u_branch_predict/gen_predictor_enabled.gen_tag_ram[14].tag_bit/SP/CLK
                         clock pessimism             -0.005     0.818    
    SLICE_X36Y34         RAMD64E (Hold_ramd64e_CLK_WADR4)
                                                      0.200     1.018    u_core/u_branch_predict/gen_predictor_enabled.gen_tag_ram[14].tag_bit/SP
  -------------------------------------------------------------------
                         required time                         -1.018    
                         arrival time                           1.060    
  -------------------------------------------------------------------
                         slack                                  0.042    

Slack (MET) :             0.042ns  (arrival time - required time)
  Source:                 u_core/u_exec/branch_update_pc_q_reg[6]/C
                            (rising edge-triggered cell FDCE clocked by clk_i  {rise@0.000ns fall@6.250ns period=12.500ns})
  Destination:            u_core/u_branch_predict/gen_predictor_enabled.gen_tag_ram[15].tag_bit/DP/WADR4
                            (rising edge-triggered cell RAMD64E clocked by clk_i  {rise@0.000ns fall@6.250ns period=12.500ns})
  Path Group:             clk_i
  Path Type:              Hold (Min at Fast Process Corner)
  Requirement:            0.000ns  (clk_i rise@0.000ns - clk_i rise@0.000ns)
  Data Path Delay:        0.507ns  (logic 0.164ns (32.373%)  route 0.343ns (67.627%))
  Logic Levels:           0  
  Clock Path Skew:        0.265ns (DCD - SCD - CPR)
    Destination Clock Delay (DCD):    0.823ns
    Source Clock Delay      (SCD):    0.553ns
    Clock Pessimism Removal (CPR):    0.005ns

    Location             Delay type                Incr(ns)  Path(ns)    Netlist Resource(s)
  -------------------------------------------------------------------    -------------------
                         (clock clk_i rise edge)      0.000     0.000 r  
                                                      0.000     0.000 r  clk_i (IN)
                         net (fo=2310, unset)         0.553     0.553    u_core/u_exec/clk_i
    SLICE_X50Y34         FDCE                                         r  u_core/u_exec/branch_update_pc_q_reg[6]/C
  -------------------------------------------------------------------    -------------------
    SLICE_X50Y34         FDCE (Prop_fdce_C_Q)         0.164     0.717 r  u_core/u_exec/branch_update_pc_q_reg[6]/Q
                         net (fo=209, routed)         0.343     1.060    u_core/u_branch_predict/gen_predictor_enabled.gen_tag_ram[15].tag_bit/A4
    SLICE_X36Y34         RAMD64E                                      r  u_core/u_branch_predict/gen_predictor_enabled.gen_tag_ram[15].tag_bit/DP/WADR4
  -------------------------------------------------------------------    -------------------

                         (clock clk_i rise edge)      0.000     0.000 r  
                                                      0.000     0.000 r  clk_i (IN)
                         net (fo=2310, unset)         0.823     0.823    u_core/u_branch_predict/gen_predictor_enabled.gen_tag_ram[15].tag_bit/WCLK
    SLICE_X36Y34         RAMD64E                                      r  u_core/u_branch_predict/gen_predictor_enabled.gen_tag_ram[15].tag_bit/DP/CLK
                         clock pessimism             -0.005     0.818    
    SLICE_X36Y34         RAMD64E (Hold_ramd64e_CLK_WADR4)
                                                      0.200     1.018    u_core/u_branch_predict/gen_predictor_enabled.gen_tag_ram[15].tag_bit/DP
  -------------------------------------------------------------------
                         required time                         -1.018    
                         arrival time                           1.060    
  -------------------------------------------------------------------
                         slack                                  0.042    

Slack (MET) :             0.042ns  (arrival time - required time)
  Source:                 u_core/u_exec/branch_update_pc_q_reg[6]/C
                            (rising edge-triggered cell FDCE clocked by clk_i  {rise@0.000ns fall@6.250ns period=12.500ns})
  Destination:            u_core/u_branch_predict/gen_predictor_enabled.gen_tag_ram[15].tag_bit/SP/WADR4
                            (rising edge-triggered cell RAMD64E clocked by clk_i  {rise@0.000ns fall@6.250ns period=12.500ns})
  Path Group:             clk_i
  Path Type:              Hold (Min at Fast Process Corner)
  Requirement:            0.000ns  (clk_i rise@0.000ns - clk_i rise@0.000ns)
  Data Path Delay:        0.507ns  (logic 0.164ns (32.373%)  route 0.343ns (67.627%))
  Logic Levels:           0  
  Clock Path Skew:        0.265ns (DCD - SCD - CPR)
    Destination Clock Delay (DCD):    0.823ns
    Source Clock Delay      (SCD):    0.553ns
    Clock Pessimism Removal (CPR):    0.005ns

    Location             Delay type                Incr(ns)  Path(ns)    Netlist Resource(s)
  -------------------------------------------------------------------    -------------------
                         (clock clk_i rise edge)      0.000     0.000 r  
                                                      0.000     0.000 r  clk_i (IN)
                         net (fo=2310, unset)         0.553     0.553    u_core/u_exec/clk_i
    SLICE_X50Y34         FDCE                                         r  u_core/u_exec/branch_update_pc_q_reg[6]/C
  -------------------------------------------------------------------    -------------------
    SLICE_X50Y34         FDCE (Prop_fdce_C_Q)         0.164     0.717 r  u_core/u_exec/branch_update_pc_q_reg[6]/Q
                         net (fo=209, routed)         0.343     1.060    u_core/u_branch_predict/gen_predictor_enabled.gen_tag_ram[15].tag_bit/A4
    SLICE_X36Y34         RAMD64E                                      r  u_core/u_branch_predict/gen_predictor_enabled.gen_tag_ram[15].tag_bit/SP/WADR4
  -------------------------------------------------------------------    -------------------

                         (clock clk_i rise edge)      0.000     0.000 r  
                                                      0.000     0.000 r  clk_i (IN)
                         net (fo=2310, unset)         0.823     0.823    u_core/u_branch_predict/gen_predictor_enabled.gen_tag_ram[15].tag_bit/WCLK
    SLICE_X36Y34         RAMD64E                                      r  u_core/u_branch_predict/gen_predictor_enabled.gen_tag_ram[15].tag_bit/SP/CLK
                         clock pessimism             -0.005     0.818    
    SLICE_X36Y34         RAMD64E (Hold_ramd64e_CLK_WADR4)
                                                      0.200     1.018    u_core/u_branch_predict/gen_predictor_enabled.gen_tag_ram[15].tag_bit/SP
  -------------------------------------------------------------------
                         required time                         -1.018    
                         arrival time                           1.060    
  -------------------------------------------------------------------
                         slack                                  0.042    

Slack (MET) :             0.044ns  (arrival time - required time)
  Source:                 u_core/u_csr/u_csrfile/csr_mepc_q_reg[4]/C
                            (rising edge-triggered cell FDCE clocked by clk_i  {rise@0.000ns fall@6.250ns period=12.500ns})
  Destination:            u_core/u_csr/branch_target_q_reg[4]/D
                            (rising edge-triggered cell FDCE clocked by clk_i  {rise@0.000ns fall@6.250ns period=12.500ns})
  Path Group:             clk_i
  Path Type:              Hold (Min at Fast Process Corner)
  Requirement:            0.000ns  (clk_i rise@0.000ns - clk_i rise@0.000ns)
  Data Path Delay:        0.401ns  (logic 0.209ns (52.139%)  route 0.192ns (47.861%))
  Logic Levels:           1  (LUT6=1)
  Clock Path Skew:        0.265ns (DCD - SCD - CPR)
    Destination Clock Delay (DCD):    0.819ns
    Source Clock Delay      (SCD):    0.549ns
    Clock Pessimism Removal (CPR):    0.005ns

    Location             Delay type                Incr(ns)  Path(ns)    Netlist Resource(s)
  -------------------------------------------------------------------    -------------------
                         (clock clk_i rise edge)      0.000     0.000 r  
                                                      0.000     0.000 r  clk_i (IN)
                         net (fo=2310, unset)         0.549     0.549    u_core/u_csr/u_csrfile/clk_i
    SLICE_X50Y30         FDCE                                         r  u_core/u_csr/u_csrfile/csr_mepc_q_reg[4]/C
  -------------------------------------------------------------------    -------------------
    SLICE_X50Y30         FDCE (Prop_fdce_C_Q)         0.164     0.713 r  u_core/u_csr/u_csrfile/csr_mepc_q_reg[4]/Q
                         net (fo=2, routed)           0.192     0.905    u_core/u_issue/u_pipe_ctrl/branch_target_q_reg[31][2]
    SLICE_X49Y31         LUT6 (Prop_lut6_I4_O)        0.045     0.950 r  u_core/u_issue/u_pipe_ctrl/branch_target_q[4]_i_1/O
                         net (fo=1, routed)           0.000     0.950    u_core/u_csr/branch_target_q_reg[31]_2[2]
    SLICE_X49Y31         FDCE                                         r  u_core/u_csr/branch_target_q_reg[4]/D
  -------------------------------------------------------------------    -------------------

                         (clock clk_i rise edge)      0.000     0.000 r  
                                                      0.000     0.000 r  clk_i (IN)
                         net (fo=2310, unset)         0.819     0.819    u_core/u_csr/clk_i
    SLICE_X49Y31         FDCE                                         r  u_core/u_csr/branch_target_q_reg[4]/C
                         clock pessimism             -0.005     0.814    
    SLICE_X49Y31         FDCE (Hold_fdce_C_D)         0.092     0.906    u_core/u_csr/branch_target_q_reg[4]
  -------------------------------------------------------------------
                         required time                         -0.906    
                         arrival time                           0.950    
  -------------------------------------------------------------------
                         slack                                  0.044    

Slack (MET) :             0.062ns  (arrival time - required time)
  Source:                 u_core/u_csr/u_csrfile/csr_mtvec_q_reg[3]/C
                            (rising edge-triggered cell FDCE clocked by clk_i  {rise@0.000ns fall@6.250ns period=12.500ns})
  Destination:            u_core/u_csr/branch_target_q_reg[3]/D
                            (rising edge-triggered cell FDCE clocked by clk_i  {rise@0.000ns fall@6.250ns period=12.500ns})
  Path Group:             clk_i
  Path Type:              Hold (Min at Fast Process Corner)
  Requirement:            0.000ns  (clk_i rise@0.000ns - clk_i rise@0.000ns)
  Data Path Delay:        0.418ns  (logic 0.186ns (44.447%)  route 0.232ns (55.553%))
  Logic Levels:           1  (LUT6=1)
  Clock Path Skew:        0.265ns (DCD - SCD - CPR)
    Destination Clock Delay (DCD):    0.818ns
    Source Clock Delay      (SCD):    0.548ns
    Clock Pessimism Removal (CPR):    0.005ns

    Location             Delay type                Incr(ns)  Path(ns)    Netlist Resource(s)
  -------------------------------------------------------------------    -------------------
                         (clock clk_i rise edge)      0.000     0.000 r  
                                                      0.000     0.000 r  clk_i (IN)
                         net (fo=2310, unset)         0.548     0.548    u_core/u_csr/u_csrfile/clk_i
    SLICE_X52Y29         FDCE                                         r  u_core/u_csr/u_csrfile/csr_mtvec_q_reg[3]/C
  -------------------------------------------------------------------    -------------------
    SLICE_X52Y29         FDCE (Prop_fdce_C_Q)         0.141     0.689 r  u_core/u_csr/u_csrfile/csr_mtvec_q_reg[3]/Q
                         net (fo=2, routed)           0.232     0.921    u_core/u_issue/u_pipe_ctrl/branch_target_q_reg[31]_0[1]
    SLICE_X43Y29         LUT6 (Prop_lut6_I3_O)        0.045     0.966 r  u_core/u_issue/u_pipe_ctrl/branch_target_q[3]_i_1/O
                         net (fo=1, routed)           0.000     0.966    u_core/u_csr/branch_target_q_reg[31]_2[1]
    SLICE_X43Y29         FDCE                                         r  u_core/u_csr/branch_target_q_reg[3]/D
  -------------------------------------------------------------------    -------------------

                         (clock clk_i rise edge)      0.000     0.000 r  
                                                      0.000     0.000 r  clk_i (IN)
                         net (fo=2310, unset)         0.818     0.818    u_core/u_csr/clk_i
    SLICE_X43Y29         FDCE                                         r  u_core/u_csr/branch_target_q_reg[3]/C
                         clock pessimism             -0.005     0.813    
    SLICE_X43Y29         FDCE (Hold_fdce_C_D)         0.091     0.904    u_core/u_csr/branch_target_q_reg[3]
  -------------------------------------------------------------------
                         required time                         -0.904    
                         arrival time                           0.966    
  -------------------------------------------------------------------
                         slack                                  0.062    

Slack (MET) :             0.074ns  (arrival time - required time)
  Source:                 u_core/u_exec/branch_update_pc_q_reg[2]/C
                            (rising edge-triggered cell FDCE clocked by clk_i  {rise@0.000ns fall@6.250ns period=12.500ns})
  Destination:            u_core/u_branch_predict/gen_predictor_enabled.gen_target_ram[27].target_bit/DP/WADR0
                            (rising edge-triggered cell RAMD64E clocked by clk_i  {rise@0.000ns fall@6.250ns period=12.500ns})
  Path Group:             clk_i
  Path Type:              Hold (Min at Fast Process Corner)
  Requirement:            0.000ns  (clk_i rise@0.000ns - clk_i rise@0.000ns)
  Data Path Delay:        0.396ns  (logic 0.141ns (35.615%)  route 0.255ns (64.385%))
  Logic Levels:           0  
  Clock Path Skew:        0.012ns (DCD - SCD - CPR)
    Destination Clock Delay (DCD):    0.815ns
    Source Clock Delay      (SCD):    0.551ns
    Clock Pessimism Removal (CPR):    0.252ns

    Location             Delay type                Incr(ns)  Path(ns)    Netlist Resource(s)
  -------------------------------------------------------------------    -------------------
                         (clock clk_i rise edge)      0.000     0.000 r  
                                                      0.000     0.000 r  clk_i (IN)
                         net (fo=2310, unset)         0.551     0.551    u_core/u_exec/clk_i
    SLICE_X43Y27         FDCE                                         r  u_core/u_exec/branch_update_pc_q_reg[2]/C
  -------------------------------------------------------------------    -------------------
    SLICE_X43Y27         FDCE (Prop_fdce_C_Q)         0.141     0.692 r  u_core/u_exec/branch_update_pc_q_reg[2]/Q
                         net (fo=226, routed)         0.255     0.947    u_core/u_branch_predict/gen_predictor_enabled.gen_target_ram[27].target_bit/A0
    SLICE_X42Y27         RAMD64E                                      r  u_core/u_branch_predict/gen_predictor_enabled.gen_target_ram[27].target_bit/DP/WADR0
  -------------------------------------------------------------------    -------------------

                         (clock clk_i rise edge)      0.000     0.000 r  
                                                      0.000     0.000 r  clk_i (IN)
                         net (fo=2310, unset)         0.815     0.815    u_core/u_branch_predict/gen_predictor_enabled.gen_target_ram[27].target_bit/WCLK
    SLICE_X42Y27         RAMD64E                                      r  u_core/u_branch_predict/gen_predictor_enabled.gen_target_ram[27].target_bit/DP/CLK
                         clock pessimism             -0.252     0.563    
    SLICE_X42Y27         RAMD64E (Hold_ramd64e_CLK_WADR0)
                                                      0.310     0.873    u_core/u_branch_predict/gen_predictor_enabled.gen_target_ram[27].target_bit/DP
  -------------------------------------------------------------------
                         required time                         -0.873    
                         arrival time                           0.947    
  -------------------------------------------------------------------
                         slack                                  0.074    

Slack (MET) :             0.074ns  (arrival time - required time)
  Source:                 u_core/u_exec/branch_update_pc_q_reg[2]/C
                            (rising edge-triggered cell FDCE clocked by clk_i  {rise@0.000ns fall@6.250ns period=12.500ns})
  Destination:            u_core/u_branch_predict/gen_predictor_enabled.gen_target_ram[27].target_bit/SP/WADR0
                            (rising edge-triggered cell RAMD64E clocked by clk_i  {rise@0.000ns fall@6.250ns period=12.500ns})
  Path Group:             clk_i
  Path Type:              Hold (Min at Fast Process Corner)
  Requirement:            0.000ns  (clk_i rise@0.000ns - clk_i rise@0.000ns)
  Data Path Delay:        0.396ns  (logic 0.141ns (35.615%)  route 0.255ns (64.385%))
  Logic Levels:           0  
  Clock Path Skew:        0.012ns (DCD - SCD - CPR)
    Destination Clock Delay (DCD):    0.815ns
    Source Clock Delay      (SCD):    0.551ns
    Clock Pessimism Removal (CPR):    0.252ns

    Location             Delay type                Incr(ns)  Path(ns)    Netlist Resource(s)
  -------------------------------------------------------------------    -------------------
                         (clock clk_i rise edge)      0.000     0.000 r  
                                                      0.000     0.000 r  clk_i (IN)
                         net (fo=2310, unset)         0.551     0.551    u_core/u_exec/clk_i
    SLICE_X43Y27         FDCE                                         r  u_core/u_exec/branch_update_pc_q_reg[2]/C
  -------------------------------------------------------------------    -------------------
    SLICE_X43Y27         FDCE (Prop_fdce_C_Q)         0.141     0.692 r  u_core/u_exec/branch_update_pc_q_reg[2]/Q
                         net (fo=226, routed)         0.255     0.947    u_core/u_branch_predict/gen_predictor_enabled.gen_target_ram[27].target_bit/A0
    SLICE_X42Y27         RAMD64E                                      r  u_core/u_branch_predict/gen_predictor_enabled.gen_target_ram[27].target_bit/SP/WADR0
  -------------------------------------------------------------------    -------------------

                         (clock clk_i rise edge)      0.000     0.000 r  
                                                      0.000     0.000 r  clk_i (IN)
                         net (fo=2310, unset)         0.815     0.815    u_core/u_branch_predict/gen_predictor_enabled.gen_target_ram[27].target_bit/WCLK
    SLICE_X42Y27         RAMD64E                                      r  u_core/u_branch_predict/gen_predictor_enabled.gen_target_ram[27].target_bit/SP/CLK
                         clock pessimism             -0.252     0.563    
    SLICE_X42Y27         RAMD64E (Hold_ramd64e_CLK_WADR0)
                                                      0.310     0.873    u_core/u_branch_predict/gen_predictor_enabled.gen_target_ram[27].target_bit/SP
  -------------------------------------------------------------------
                         required time                         -0.873    
                         arrival time                           0.947    
  -------------------------------------------------------------------
                         slack                                  0.074    

Slack (MET) :             0.074ns  (arrival time - required time)
  Source:                 u_core/u_exec/branch_update_pc_q_reg[2]/C
                            (rising edge-triggered cell FDCE clocked by clk_i  {rise@0.000ns fall@6.250ns period=12.500ns})
  Destination:            u_core/u_branch_predict/gen_predictor_enabled.gen_target_ram[28].target_bit/DP/WADR0
                            (rising edge-triggered cell RAMD64E clocked by clk_i  {rise@0.000ns fall@6.250ns period=12.500ns})
  Path Group:             clk_i
  Path Type:              Hold (Min at Fast Process Corner)
  Requirement:            0.000ns  (clk_i rise@0.000ns - clk_i rise@0.000ns)
  Data Path Delay:        0.396ns  (logic 0.141ns (35.615%)  route 0.255ns (64.385%))
  Logic Levels:           0  
  Clock Path Skew:        0.012ns (DCD - SCD - CPR)
    Destination Clock Delay (DCD):    0.815ns
    Source Clock Delay      (SCD):    0.551ns
    Clock Pessimism Removal (CPR):    0.252ns

    Location             Delay type                Incr(ns)  Path(ns)    Netlist Resource(s)
  -------------------------------------------------------------------    -------------------
                         (clock clk_i rise edge)      0.000     0.000 r  
                                                      0.000     0.000 r  clk_i (IN)
                         net (fo=2310, unset)         0.551     0.551    u_core/u_exec/clk_i
    SLICE_X43Y27         FDCE                                         r  u_core/u_exec/branch_update_pc_q_reg[2]/C
  -------------------------------------------------------------------    -------------------
    SLICE_X43Y27         FDCE (Prop_fdce_C_Q)         0.141     0.692 r  u_core/u_exec/branch_update_pc_q_reg[2]/Q
                         net (fo=226, routed)         0.255     0.947    u_core/u_branch_predict/gen_predictor_enabled.gen_target_ram[28].target_bit/A0
    SLICE_X42Y27         RAMD64E                                      r  u_core/u_branch_predict/gen_predictor_enabled.gen_target_ram[28].target_bit/DP/WADR0
  -------------------------------------------------------------------    -------------------

                         (clock clk_i rise edge)      0.000     0.000 r  
                                                      0.000     0.000 r  clk_i (IN)
                         net (fo=2310, unset)         0.815     0.815    u_core/u_branch_predict/gen_predictor_enabled.gen_target_ram[28].target_bit/WCLK
    SLICE_X42Y27         RAMD64E                                      r  u_core/u_branch_predict/gen_predictor_enabled.gen_target_ram[28].target_bit/DP/CLK
                         clock pessimism             -0.252     0.563    
    SLICE_X42Y27         RAMD64E (Hold_ramd64e_CLK_WADR0)
                                                      0.310     0.873    u_core/u_branch_predict/gen_predictor_enabled.gen_target_ram[28].target_bit/DP
  -------------------------------------------------------------------
                         required time                         -0.873    
                         arrival time                           0.947    
  -------------------------------------------------------------------
                         slack                                  0.074    

Slack (MET) :             0.074ns  (arrival time - required time)
  Source:                 u_core/u_exec/branch_update_pc_q_reg[2]/C
                            (rising edge-triggered cell FDCE clocked by clk_i  {rise@0.000ns fall@6.250ns period=12.500ns})
  Destination:            u_core/u_branch_predict/gen_predictor_enabled.gen_target_ram[28].target_bit/SP/WADR0
                            (rising edge-triggered cell RAMD64E clocked by clk_i  {rise@0.000ns fall@6.250ns period=12.500ns})
  Path Group:             clk_i
  Path Type:              Hold (Min at Fast Process Corner)
  Requirement:            0.000ns  (clk_i rise@0.000ns - clk_i rise@0.000ns)
  Data Path Delay:        0.396ns  (logic 0.141ns (35.615%)  route 0.255ns (64.385%))
  Logic Levels:           0  
  Clock Path Skew:        0.012ns (DCD - SCD - CPR)
    Destination Clock Delay (DCD):    0.815ns
    Source Clock Delay      (SCD):    0.551ns
    Clock Pessimism Removal (CPR):    0.252ns

    Location             Delay type                Incr(ns)  Path(ns)    Netlist Resource(s)
  -------------------------------------------------------------------    -------------------
                         (clock clk_i rise edge)      0.000     0.000 r  
                                                      0.000     0.000 r  clk_i (IN)
                         net (fo=2310, unset)         0.551     0.551    u_core/u_exec/clk_i
    SLICE_X43Y27         FDCE                                         r  u_core/u_exec/branch_update_pc_q_reg[2]/C
  -------------------------------------------------------------------    -------------------
    SLICE_X43Y27         FDCE (Prop_fdce_C_Q)         0.141     0.692 r  u_core/u_exec/branch_update_pc_q_reg[2]/Q
                         net (fo=226, routed)         0.255     0.947    u_core/u_branch_predict/gen_predictor_enabled.gen_target_ram[28].target_bit/A0
    SLICE_X42Y27         RAMD64E                                      r  u_core/u_branch_predict/gen_predictor_enabled.gen_target_ram[28].target_bit/SP/WADR0
  -------------------------------------------------------------------    -------------------

                         (clock clk_i rise edge)      0.000     0.000 r  
                                                      0.000     0.000 r  clk_i (IN)
                         net (fo=2310, unset)         0.815     0.815    u_core/u_branch_predict/gen_predictor_enabled.gen_target_ram[28].target_bit/WCLK
    SLICE_X42Y27         RAMD64E                                      r  u_core/u_branch_predict/gen_predictor_enabled.gen_target_ram[28].target_bit/SP/CLK
                         clock pessimism             -0.252     0.563    
    SLICE_X42Y27         RAMD64E (Hold_ramd64e_CLK_WADR0)
                                                      0.310     0.873    u_core/u_branch_predict/gen_predictor_enabled.gen_target_ram[28].target_bit/SP
  -------------------------------------------------------------------
                         required time                         -0.873    
                         arrival time                           0.947    
  -------------------------------------------------------------------
                         slack                                  0.074    

Slack (MET) :             0.085ns  (arrival time - required time)
  Source:                 u_core/u_exec/branch_update_target_q_reg[30]/C
                            (rising edge-triggered cell FDCE clocked by clk_i  {rise@0.000ns fall@6.250ns period=12.500ns})
  Destination:            u_core/u_branch_predict/gen_predictor_enabled.gen_target_ram[30].target_bit/SP/I
                            (rising edge-triggered cell RAMD64E clocked by clk_i  {rise@0.000ns fall@6.250ns period=12.500ns})
  Path Group:             clk_i
  Path Type:              Hold (Min at Fast Process Corner)
  Requirement:            0.000ns  (clk_i rise@0.000ns - clk_i rise@0.000ns)
  Data Path Delay:        0.260ns  (logic 0.141ns (54.185%)  route 0.119ns (45.815%))
  Logic Levels:           0  
  Clock Path Skew:        0.031ns (DCD - SCD - CPR)
    Destination Clock Delay (DCD):    0.816ns
    Source Clock Delay      (SCD):    0.551ns
    Clock Pessimism Removal (CPR):    0.234ns

    Location             Delay type                Incr(ns)  Path(ns)    Netlist Resource(s)
  -------------------------------------------------------------------    -------------------
                         (clock clk_i rise edge)      0.000     0.000 r  
                                                      0.000     0.000 r  clk_i (IN)
                         net (fo=2310, unset)         0.551     0.551    u_core/u_exec/clk_i
    SLICE_X40Y28         FDCE                                         r  u_core/u_exec/branch_update_target_q_reg[30]/C
  -------------------------------------------------------------------    -------------------
    SLICE_X40Y28         FDCE (Prop_fdce_C_Q)         0.141     0.692 r  u_core/u_exec/branch_update_target_q_reg[30]/Q
                         net (fo=2, routed)           0.119     0.811    u_core/u_branch_predict/gen_predictor_enabled.gen_target_ram[30].target_bit/D
    SLICE_X38Y28         RAMD64E                                      r  u_core/u_branch_predict/gen_predictor_enabled.gen_target_ram[30].target_bit/SP/I
  -------------------------------------------------------------------    -------------------

                         (clock clk_i rise edge)      0.000     0.000 r  
                                                      0.000     0.000 r  clk_i (IN)
                         net (fo=2310, unset)         0.816     0.816    u_core/u_branch_predict/gen_predictor_enabled.gen_target_ram[30].target_bit/WCLK
    SLICE_X38Y28         RAMD64E                                      r  u_core/u_branch_predict/gen_predictor_enabled.gen_target_ram[30].target_bit/SP/CLK
                         clock pessimism             -0.234     0.582    
    SLICE_X38Y28         RAMD64E (Hold_ramd64e_CLK_I)
                                                      0.144     0.726    u_core/u_branch_predict/gen_predictor_enabled.gen_target_ram[30].target_bit/SP
  -------------------------------------------------------------------
                         required time                         -0.726    
                         arrival time                           0.811    
  -------------------------------------------------------------------
                         slack                                  0.085    

Slack (MET) :             0.089ns  (arrival time - required time)
  Source:                 u_core/u_exec/branch_update_pc_q_reg[16]/C
                            (rising edge-triggered cell FDCE clocked by clk_i  {rise@0.000ns fall@6.250ns period=12.500ns})
  Destination:            u_core/u_branch_predict/gen_predictor_enabled.gen_tag_ram[8].tag_bit/SP/I
                            (rising edge-triggered cell RAMD64E clocked by clk_i  {rise@0.000ns fall@6.250ns period=12.500ns})
  Path Group:             clk_i
  Path Type:              Hold (Min at Fast Process Corner)
  Requirement:            0.000ns  (clk_i rise@0.000ns - clk_i rise@0.000ns)
  Data Path Delay:        0.267ns  (logic 0.141ns (52.904%)  route 0.126ns (47.096%))
  Logic Levels:           0  
  Clock Path Skew:        0.032ns (DCD - SCD - CPR)
    Destination Clock Delay (DCD):    0.823ns
    Source Clock Delay      (SCD):    0.557ns
    Clock Pessimism Removal (CPR):    0.234ns

    Location             Delay type                Incr(ns)  Path(ns)    Netlist Resource(s)
  -------------------------------------------------------------------    -------------------
                         (clock clk_i rise edge)      0.000     0.000 r  
                                                      0.000     0.000 r  clk_i (IN)
                         net (fo=2310, unset)         0.557     0.557    u_core/u_exec/clk_i
    SLICE_X33Y32         FDCE                                         r  u_core/u_exec/branch_update_pc_q_reg[16]/C
  -------------------------------------------------------------------    -------------------
    SLICE_X33Y32         FDCE (Prop_fdce_C_Q)         0.141     0.698 r  u_core/u_exec/branch_update_pc_q_reg[16]/Q
                         net (fo=3, routed)           0.126     0.824    u_core/u_branch_predict/gen_predictor_enabled.gen_tag_ram[8].tag_bit/D
    SLICE_X34Y33         RAMD64E                                      r  u_core/u_branch_predict/gen_predictor_enabled.gen_tag_ram[8].tag_bit/SP/I
  -------------------------------------------------------------------    -------------------

                         (clock clk_i rise edge)      0.000     0.000 r  
                                                      0.000     0.000 r  clk_i (IN)
                         net (fo=2310, unset)         0.823     0.823    u_core/u_branch_predict/gen_predictor_enabled.gen_tag_ram[8].tag_bit/WCLK
    SLICE_X34Y33         RAMD64E                                      r  u_core/u_branch_predict/gen_predictor_enabled.gen_tag_ram[8].tag_bit/SP/CLK
                         clock pessimism             -0.234     0.589    
    SLICE_X34Y33         RAMD64E (Hold_ramd64e_CLK_I)
                                                      0.146     0.735    u_core/u_branch_predict/gen_predictor_enabled.gen_tag_ram[8].tag_bit/SP
  -------------------------------------------------------------------
                         required time                         -0.735    
                         arrival time                           0.824    
  -------------------------------------------------------------------
                         slack                                  0.089    

Slack (MET) :             0.092ns  (arrival time - required time)
  Source:                 u_core/u_exec/branch_update_pc_q_reg[30]/C
                            (rising edge-triggered cell FDCE clocked by clk_i  {rise@0.000ns fall@6.250ns period=12.500ns})
  Destination:            u_core/u_branch_predict/gen_predictor_enabled.gen_tag_ram[22].tag_bit/SP/I
                            (rising edge-triggered cell RAMD64E clocked by clk_i  {rise@0.000ns fall@6.250ns period=12.500ns})
  Path Group:             clk_i
  Path Type:              Hold (Min at Fast Process Corner)
  Requirement:            0.000ns  (clk_i rise@0.000ns - clk_i rise@0.000ns)
  Data Path Delay:        0.270ns  (logic 0.141ns (52.228%)  route 0.129ns (47.772%))
  Logic Levels:           0  
  Clock Path Skew:        0.032ns (DCD - SCD - CPR)
    Destination Clock Delay (DCD):    0.825ns
    Source Clock Delay      (SCD):    0.559ns
    Clock Pessimism Removal (CPR):    0.234ns

    Location             Delay type                Incr(ns)  Path(ns)    Netlist Resource(s)
  -------------------------------------------------------------------    -------------------
                         (clock clk_i rise edge)      0.000     0.000 r  
                                                      0.000     0.000 r  clk_i (IN)
                         net (fo=2310, unset)         0.559     0.559    u_core/u_exec/clk_i
    SLICE_X33Y35         FDCE                                         r  u_core/u_exec/branch_update_pc_q_reg[30]/C
  -------------------------------------------------------------------    -------------------
    SLICE_X33Y35         FDCE (Prop_fdce_C_Q)         0.141     0.700 r  u_core/u_exec/branch_update_pc_q_reg[30]/Q
                         net (fo=3, routed)           0.129     0.829    u_core/u_branch_predict/gen_predictor_enabled.gen_tag_ram[22].tag_bit/D
    SLICE_X34Y36         RAMD64E                                      r  u_core/u_branch_predict/gen_predictor_enabled.gen_tag_ram[22].tag_bit/SP/I
  -------------------------------------------------------------------    -------------------

                         (clock clk_i rise edge)      0.000     0.000 r  
                                                      0.000     0.000 r  clk_i (IN)
                         net (fo=2310, unset)         0.825     0.825    u_core/u_branch_predict/gen_predictor_enabled.gen_tag_ram[22].tag_bit/WCLK
    SLICE_X34Y36         RAMD64E                                      r  u_core/u_branch_predict/gen_predictor_enabled.gen_tag_ram[22].tag_bit/SP/CLK
                         clock pessimism             -0.234     0.591    
    SLICE_X34Y36         RAMD64E (Hold_ramd64e_CLK_I)
                                                      0.146     0.737    u_core/u_branch_predict/gen_predictor_enabled.gen_tag_ram[22].tag_bit/SP
  -------------------------------------------------------------------
                         required time                         -0.737    
                         arrival time                           0.829    
  -------------------------------------------------------------------
                         slack                                  0.092    

Slack (MET) :             0.093ns  (arrival time - required time)
  Source:                 u_core/u_div/quotient_q_reg[19]/C
                            (rising edge-triggered cell FDCE clocked by clk_i  {rise@0.000ns fall@6.250ns period=12.500ns})
  Destination:            u_core/u_div/wb_result_q_reg[19]/D
                            (rising edge-triggered cell FDCE clocked by clk_i  {rise@0.000ns fall@6.250ns period=12.500ns})
  Path Group:             clk_i
  Path Type:              Hold (Min at Fast Process Corner)
  Requirement:            0.000ns  (clk_i rise@0.000ns - clk_i rise@0.000ns)
  Data Path Delay:        0.451ns  (logic 0.247ns (54.777%)  route 0.204ns (45.223%))
  Logic Levels:           1  (LUT6=1)
  Clock Path Skew:        0.266ns (DCD - SCD - CPR)
    Destination Clock Delay (DCD):    0.826ns
    Source Clock Delay      (SCD):    0.555ns
    Clock Pessimism Removal (CPR):    0.005ns

    Location             Delay type                Incr(ns)  Path(ns)    Netlist Resource(s)
  -------------------------------------------------------------------    -------------------
                         (clock clk_i rise edge)      0.000     0.000 r  
                                                      0.000     0.000 r  clk_i (IN)
                         net (fo=2310, unset)         0.555     0.555    u_core/u_div/clk_i
    SLICE_X50Y10         FDCE                                         r  u_core/u_div/quotient_q_reg[19]/C
  -------------------------------------------------------------------    -------------------
    SLICE_X50Y10         FDCE (Prop_fdce_C_Q)         0.148     0.703 r  u_core/u_div/quotient_q_reg[19]/Q
                         net (fo=3, routed)           0.204     0.907    u_core/u_div/quotient_q_reg_n_0_[19]
    SLICE_X47Y11         LUT6 (Prop_lut6_I5_O)        0.099     1.006 r  u_core/u_div/wb_result_q[19]_i_1/O
                         net (fo=1, routed)           0.000     1.006    u_core/u_div/div_result_r[19]
    SLICE_X47Y11         FDCE                                         r  u_core/u_div/wb_result_q_reg[19]/D
  -------------------------------------------------------------------    -------------------

                         (clock clk_i rise edge)      0.000     0.000 r  
                                                      0.000     0.000 r  clk_i (IN)
                         net (fo=2310, unset)         0.826     0.826    u_core/u_div/clk_i
    SLICE_X47Y11         FDCE                                         r  u_core/u_div/wb_result_q_reg[19]/C
                         clock pessimism             -0.005     0.821    
    SLICE_X47Y11         FDCE (Hold_fdce_C_D)         0.092     0.913    u_core/u_div/wb_result_q_reg[19]
  -------------------------------------------------------------------
                         required time                         -0.913    
                         arrival time                           1.006    
  -------------------------------------------------------------------
                         slack                                  0.093    

Slack (MET) :             0.096ns  (arrival time - required time)
  Source:                 u_core/u_csr/csr_wdata_e1_q_reg[2]/C
                            (rising edge-triggered cell FDCE clocked by clk_i  {rise@0.000ns fall@6.250ns period=12.500ns})
  Destination:            u_core/u_issue/u_pipe_ctrl/csr_wdata_e2_q_reg[2]/D
                            (rising edge-triggered cell FDCE clocked by clk_i  {rise@0.000ns fall@6.250ns period=12.500ns})
  Path Group:             clk_i
  Path Type:              Hold (Min at Fast Process Corner)
  Requirement:            0.000ns  (clk_i rise@0.000ns - clk_i rise@0.000ns)
  Data Path Delay:        0.473ns  (logic 0.186ns (39.303%)  route 0.287ns (60.697%))
  Logic Levels:           1  (LUT2=1)
  Clock Path Skew:        0.257ns (DCD - SCD - CPR)
    Destination Clock Delay (DCD):    0.810ns
    Source Clock Delay      (SCD):    0.548ns
    Clock Pessimism Removal (CPR):    0.005ns

    Location             Delay type                Incr(ns)  Path(ns)    Netlist Resource(s)
  -------------------------------------------------------------------    -------------------
                         (clock clk_i rise edge)      0.000     0.000 r  
                                                      0.000     0.000 r  clk_i (IN)
                         net (fo=2310, unset)         0.548     0.548    u_core/u_csr/clk_i
    SLICE_X48Y23         FDCE                                         r  u_core/u_csr/csr_wdata_e1_q_reg[2]/C
  -------------------------------------------------------------------    -------------------
    SLICE_X48Y23         FDCE (Prop_fdce_C_Q)         0.141     0.689 r  u_core/u_csr/csr_wdata_e1_q_reg[2]/Q
                         net (fo=1, routed)           0.287     0.976    u_core/u_csr/csr_result_e1_wdata_w[2]
    SLICE_X50Y23         LUT2 (Prop_lut2_I0_O)        0.045     1.021 r  u_core/u_csr/csr_wdata_e2_q[2]_i_1/O
                         net (fo=1, routed)           0.000     1.021    u_core/u_issue/u_pipe_ctrl/csr_wdata_e2_q_reg[31]_0[2]
    SLICE_X50Y23         FDCE                                         r  u_core/u_issue/u_pipe_ctrl/csr_wdata_e2_q_reg[2]/D
  -------------------------------------------------------------------    -------------------

                         (clock clk_i rise edge)      0.000     0.000 r  
                                                      0.000     0.000 r  clk_i (IN)
                         net (fo=2310, unset)         0.810     0.810    u_core/u_issue/u_pipe_ctrl/clk_i
    SLICE_X50Y23         FDCE                                         r  u_core/u_issue/u_pipe_ctrl/csr_wdata_e2_q_reg[2]/C
                         clock pessimism             -0.005     0.805    
    SLICE_X50Y23         FDCE (Hold_fdce_C_D)         0.120     0.925    u_core/u_issue/u_pipe_ctrl/csr_wdata_e2_q_reg[2]
  -------------------------------------------------------------------
                         required time                         -0.925    
                         arrival time                           1.021    
  -------------------------------------------------------------------
                         slack                                  0.096    

Slack (MET) :             0.100ns  (arrival time - required time)
  Source:                 u_core/u_issue/u_pipe_ctrl/pc_e1_q_reg[5]/C
                            (rising edge-triggered cell FDCE clocked by clk_i  {rise@0.000ns fall@6.250ns period=12.500ns})
  Destination:            u_core/u_issue/u_pipe_ctrl/pc_e2_q_reg[5]/D
                            (rising edge-triggered cell FDCE clocked by clk_i  {rise@0.000ns fall@6.250ns period=12.500ns})
  Path Group:             clk_i
  Path Type:              Hold (Min at Fast Process Corner)
  Requirement:            0.000ns  (clk_i rise@0.000ns - clk_i rise@0.000ns)
  Data Path Delay:        0.471ns  (logic 0.210ns (44.629%)  route 0.261ns (55.371%))
  Logic Levels:           1  (LUT2=1)
  Clock Path Skew:        0.264ns (DCD - SCD - CPR)
    Destination Clock Delay (DCD):    0.813ns
    Source Clock Delay      (SCD):    0.544ns
    Clock Pessimism Removal (CPR):    0.005ns

    Location             Delay type                Incr(ns)  Path(ns)    Netlist Resource(s)
  -------------------------------------------------------------------    -------------------
                         (clock clk_i rise edge)      0.000     0.000 r  
                                                      0.000     0.000 r  clk_i (IN)
                         net (fo=2310, unset)         0.544     0.544    u_core/u_issue/u_pipe_ctrl/clk_i
    SLICE_X50Y24         FDCE                                         r  u_core/u_issue/u_pipe_ctrl/pc_e1_q_reg[5]/C
  -------------------------------------------------------------------    -------------------
    SLICE_X50Y24         FDCE (Prop_fdce_C_Q)         0.164     0.708 r  u_core/u_issue/u_pipe_ctrl/pc_e1_q_reg[5]/Q
                         net (fo=1, routed)           0.261     0.969    u_core/u_issue/u_pipe_ctrl/pc_e1_q_reg_n_0_[5]
    SLICE_X47Y23         LUT2 (Prop_lut2_I0_O)        0.046     1.015 r  u_core/u_issue/u_pipe_ctrl/pc_e2_q[5]_i_1/O
                         net (fo=1, routed)           0.000     1.015    u_core/u_issue/u_pipe_ctrl/pc_e2_q[5]_i_1_n_0
    SLICE_X47Y23         FDCE                                         r  u_core/u_issue/u_pipe_ctrl/pc_e2_q_reg[5]/D
  -------------------------------------------------------------------    -------------------

                         (clock clk_i rise edge)      0.000     0.000 r  
                                                      0.000     0.000 r  clk_i (IN)
                         net (fo=2310, unset)         0.813     0.813    u_core/u_issue/u_pipe_ctrl/clk_i
    SLICE_X47Y23         FDCE                                         r  u_core/u_issue/u_pipe_ctrl/pc_e2_q_reg[5]/C
                         clock pessimism             -0.005     0.808    
    SLICE_X47Y23         FDCE (Hold_fdce_C_D)         0.107     0.915    u_core/u_issue/u_pipe_ctrl/pc_e2_q_reg[5]
  -------------------------------------------------------------------
                         required time                         -0.915    
                         arrival time                           1.015    
  -------------------------------------------------------------------
                         slack                                  0.100    

Slack (MET) :             0.102ns  (arrival time - required time)
  Source:                 u_core/u_div/q_mask_q_reg[2]/C
                            (rising edge-triggered cell FDCE clocked by clk_i  {rise@0.000ns fall@6.250ns period=12.500ns})
  Destination:            u_core/u_div/quotient_q_reg[2]/D
                            (rising edge-triggered cell FDCE clocked by clk_i  {rise@0.000ns fall@6.250ns period=12.500ns})
  Path Group:             clk_i
  Path Type:              Hold (Min at Fast Process Corner)
  Requirement:            0.000ns  (clk_i rise@0.000ns - clk_i rise@0.000ns)
  Data Path Delay:        0.460ns  (logic 0.186ns (40.401%)  route 0.274ns (59.599%))
  Logic Levels:           1  (LUT3=1)
  Clock Path Skew:        0.266ns (DCD - SCD - CPR)
    Destination Clock Delay (DCD):    0.828ns
    Source Clock Delay      (SCD):    0.557ns
    Clock Pessimism Removal (CPR):    0.005ns

    Location             Delay type                Incr(ns)  Path(ns)    Netlist Resource(s)
  -------------------------------------------------------------------    -------------------
                         (clock clk_i rise edge)      0.000     0.000 r  
                                                      0.000     0.000 r  clk_i (IN)
                         net (fo=2310, unset)         0.557     0.557    u_core/u_div/clk_i
    SLICE_X51Y6          FDCE                                         r  u_core/u_div/q_mask_q_reg[2]/C
  -------------------------------------------------------------------    -------------------
    SLICE_X51Y6          FDCE (Prop_fdce_C_Q)         0.141     0.698 r  u_core/u_div/q_mask_q_reg[2]/Q
                         net (fo=3, routed)           0.274     0.972    u_core/u_div/p_0_in[1]
    SLICE_X47Y6          LUT3 (Prop_lut3_I2_O)        0.045     1.017 r  u_core/u_div/quotient_q[2]_i_1/O
                         net (fo=1, routed)           0.000     1.017    u_core/u_div/quotient_q[2]_i_1_n_0
    SLICE_X47Y6          FDCE                                         r  u_core/u_div/quotient_q_reg[2]/D
  -------------------------------------------------------------------    -------------------

                         (clock clk_i rise edge)      0.000     0.000 r  
                                                      0.000     0.000 r  clk_i (IN)
                         net (fo=2310, unset)         0.828     0.828    u_core/u_div/clk_i
    SLICE_X47Y6          FDCE                                         r  u_core/u_div/quotient_q_reg[2]/C
                         clock pessimism             -0.005     0.823    
    SLICE_X47Y6          FDCE (Hold_fdce_C_D)         0.092     0.915    u_core/u_div/quotient_q_reg[2]
  -------------------------------------------------------------------
                         required time                         -0.915    
                         arrival time                           1.017    
  -------------------------------------------------------------------
                         slack                                  0.102    

Slack (MET) :             0.103ns  (arrival time - required time)
  Source:                 u_core/u_issue/u_pipe_ctrl/opcode_e2_q_reg[22]/C
                            (rising edge-triggered cell FDCE clocked by clk_i  {rise@0.000ns fall@6.250ns period=12.500ns})
  Destination:            u_core/u_issue/u_pipe_ctrl/opcode_wb_q_reg[22]/D
                            (rising edge-triggered cell FDCE clocked by clk_i  {rise@0.000ns fall@6.250ns period=12.500ns})
  Path Group:             clk_i
  Path Type:              Hold (Min at Fast Process Corner)
  Requirement:            0.000ns  (clk_i rise@0.000ns - clk_i rise@0.000ns)
  Data Path Delay:        0.458ns  (logic 0.141ns (30.761%)  route 0.317ns (69.239%))
  Logic Levels:           0  
  Clock Path Skew:        0.285ns (DCD - SCD - CPR)
    Destination Clock Delay (DCD):    0.842ns
    Source Clock Delay      (SCD):    0.552ns
    Clock Pessimism Removal (CPR):    0.005ns

    Location             Delay type                Incr(ns)  Path(ns)    Netlist Resource(s)
  -------------------------------------------------------------------    -------------------
                         (clock clk_i rise edge)      0.000     0.000 r  
                                                      0.000     0.000 r  clk_i (IN)
                         net (fo=2310, unset)         0.552     0.552    u_core/u_issue/u_pipe_ctrl/clk_i
    SLICE_X48Y19         FDCE                                         r  u_core/u_issue/u_pipe_ctrl/opcode_e2_q_reg[22]/C
  -------------------------------------------------------------------    -------------------
    SLICE_X48Y19         FDCE (Prop_fdce_C_Q)         0.141     0.693 r  u_core/u_issue/u_pipe_ctrl/opcode_e2_q_reg[22]/Q
                         net (fo=1, routed)           0.317     1.010    u_core/u_issue/u_pipe_ctrl/opcode_e2_q_reg_n_0_[22]
    SLICE_X56Y19         FDCE                                         r  u_core/u_issue/u_pipe_ctrl/opcode_wb_q_reg[22]/D
  -------------------------------------------------------------------    -------------------

                         (clock clk_i rise edge)      0.000     0.000 r  
                                                      0.000     0.000 r  clk_i (IN)
                         net (fo=2310, unset)         0.842     0.842    u_core/u_issue/u_pipe_ctrl/clk_i
    SLICE_X56Y19         FDCE                                         r  u_core/u_issue/u_pipe_ctrl/opcode_wb_q_reg[22]/C
                         clock pessimism             -0.005     0.837    
    SLICE_X56Y19         FDCE (Hold_fdce_C_D)         0.070     0.907    u_core/u_issue/u_pipe_ctrl/opcode_wb_q_reg[22]
  -------------------------------------------------------------------
                         required time                         -0.907    
                         arrival time                           1.010    
  -------------------------------------------------------------------
                         slack                                  0.103    

Slack (MET) :             0.106ns  (arrival time - required time)
  Source:                 u_core/u_div/div_inst_q_reg/C
                            (rising edge-triggered cell FDCE clocked by clk_i  {rise@0.000ns fall@6.250ns period=12.500ns})
  Destination:            u_core/u_div/wb_result_q_reg[15]/D
                            (rising edge-triggered cell FDCE clocked by clk_i  {rise@0.000ns fall@6.250ns period=12.500ns})
  Path Group:             clk_i
  Path Type:              Hold (Min at Fast Process Corner)
  Requirement:            0.000ns  (clk_i rise@0.000ns - clk_i rise@0.000ns)
  Data Path Delay:        0.464ns  (logic 0.209ns (45.011%)  route 0.255ns (54.989%))
  Logic Levels:           1  (LUT6=1)
  Clock Path Skew:        0.266ns (DCD - SCD - CPR)
    Destination Clock Delay (DCD):    0.826ns
    Source Clock Delay      (SCD):    0.555ns
    Clock Pessimism Removal (CPR):    0.005ns

    Location             Delay type                Incr(ns)  Path(ns)    Netlist Resource(s)
  -------------------------------------------------------------------    -------------------
                         (clock clk_i rise edge)      0.000     0.000 r  
                                                      0.000     0.000 r  clk_i (IN)
                         net (fo=2310, unset)         0.555     0.555    u_core/u_div/clk_i
    SLICE_X50Y11         FDCE                                         r  u_core/u_div/div_inst_q_reg/C
  -------------------------------------------------------------------    -------------------
    SLICE_X50Y11         FDCE (Prop_fdce_C_Q)         0.164     0.719 r  u_core/u_div/div_inst_q_reg/Q
                         net (fo=33, routed)          0.255     0.974    u_core/u_div/div_inst_q
    SLICE_X47Y10         LUT6 (Prop_lut6_I3_O)        0.045     1.019 r  u_core/u_div/wb_result_q[15]_i_1/O
                         net (fo=1, routed)           0.000     1.019    u_core/u_div/div_result_r[15]
    SLICE_X47Y10         FDCE                                         r  u_core/u_div/wb_result_q_reg[15]/D
  -------------------------------------------------------------------    -------------------

                         (clock clk_i rise edge)      0.000     0.000 r  
                                                      0.000     0.000 r  clk_i (IN)
                         net (fo=2310, unset)         0.826     0.826    u_core/u_div/clk_i
    SLICE_X47Y10         FDCE                                         r  u_core/u_div/wb_result_q_reg[15]/C
                         clock pessimism             -0.005     0.821    
    SLICE_X47Y10         FDCE (Hold_fdce_C_D)         0.092     0.913    u_core/u_div/wb_result_q_reg[15]
  -------------------------------------------------------------------
                         required time                         -0.913    
                         arrival time                           1.019    
  -------------------------------------------------------------------
                         slack                                  0.106    

Slack (MET) :             0.109ns  (arrival time - required time)
  Source:                 u_core/u_exec/branch_update_pc_q_reg[26]/C
                            (rising edge-triggered cell FDCE clocked by clk_i  {rise@0.000ns fall@6.250ns period=12.500ns})
  Destination:            u_core/u_branch_predict/gen_predictor_enabled.gen_tag_ram[18].tag_bit/SP/I
                            (rising edge-triggered cell RAMD64E clocked by clk_i  {rise@0.000ns fall@6.250ns period=12.500ns})
  Path Group:             clk_i
  Path Type:              Hold (Min at Fast Process Corner)
  Requirement:            0.000ns  (clk_i rise@0.000ns - clk_i rise@0.000ns)
  Data Path Delay:        0.269ns  (logic 0.141ns (52.358%)  route 0.128ns (47.642%))
  Logic Levels:           0  
  Clock Path Skew:        0.016ns (DCD - SCD - CPR)
    Destination Clock Delay (DCD):    0.825ns
    Source Clock Delay      (SCD):    0.559ns
    Clock Pessimism Removal (CPR):    0.250ns

    Location             Delay type                Incr(ns)  Path(ns)    Netlist Resource(s)
  -------------------------------------------------------------------    -------------------
                         (clock clk_i rise edge)      0.000     0.000 r  
                                                      0.000     0.000 r  clk_i (IN)
                         net (fo=2310, unset)         0.559     0.559    u_core/u_exec/clk_i
    SLICE_X35Y36         FDCE                                         r  u_core/u_exec/branch_update_pc_q_reg[26]/C
  -------------------------------------------------------------------    -------------------
    SLICE_X35Y36         FDCE (Prop_fdce_C_Q)         0.141     0.700 r  u_core/u_exec/branch_update_pc_q_reg[26]/Q
                         net (fo=3, routed)           0.128     0.828    u_core/u_branch_predict/gen_predictor_enabled.gen_tag_ram[18].tag_bit/D
    SLICE_X34Y35         RAMD64E                                      r  u_core/u_branch_predict/gen_predictor_enabled.gen_tag_ram[18].tag_bit/SP/I
  -------------------------------------------------------------------    -------------------

                         (clock clk_i rise edge)      0.000     0.000 r  
                                                      0.000     0.000 r  clk_i (IN)
                         net (fo=2310, unset)         0.825     0.825    u_core/u_branch_predict/gen_predictor_enabled.gen_tag_ram[18].tag_bit/WCLK
    SLICE_X34Y35         RAMD64E                                      r  u_core/u_branch_predict/gen_predictor_enabled.gen_tag_ram[18].tag_bit/SP/CLK
                         clock pessimism             -0.250     0.575    
    SLICE_X34Y35         RAMD64E (Hold_ramd64e_CLK_I)
                                                      0.144     0.719    u_core/u_branch_predict/gen_predictor_enabled.gen_tag_ram[18].tag_bit/SP
  -------------------------------------------------------------------
                         required time                         -0.719    
                         arrival time                           0.828    
  -------------------------------------------------------------------
                         slack                                  0.109    

Slack (MET) :             0.111ns  (arrival time - required time)
  Source:                 u_core/u_exec/branch_update_pc_q_reg[20]/C
                            (rising edge-triggered cell FDCE clocked by clk_i  {rise@0.000ns fall@6.250ns period=12.500ns})
  Destination:            u_core/u_branch_predict/gen_predictor_enabled.gen_tag_ram[12].tag_bit/SP/I
                            (rising edge-triggered cell RAMD64E clocked by clk_i  {rise@0.000ns fall@6.250ns period=12.500ns})
  Path Group:             clk_i
  Path Type:              Hold (Min at Fast Process Corner)
  Requirement:            0.000ns  (clk_i rise@0.000ns - clk_i rise@0.000ns)
  Data Path Delay:        0.269ns  (logic 0.141ns (52.485%)  route 0.128ns (47.515%))
  Logic Levels:           0  
  Clock Path Skew:        0.014ns (DCD - SCD - CPR)
    Destination Clock Delay (DCD):    0.823ns
    Source Clock Delay      (SCD):    0.559ns
    Clock Pessimism Removal (CPR):    0.250ns

    Location             Delay type                Incr(ns)  Path(ns)    Netlist Resource(s)
  -------------------------------------------------------------------    -------------------
                         (clock clk_i rise edge)      0.000     0.000 r  
                                                      0.000     0.000 r  clk_i (IN)
                         net (fo=2310, unset)         0.559     0.559    u_core/u_exec/clk_i
    SLICE_X33Y35         FDCE                                         r  u_core/u_exec/branch_update_pc_q_reg[20]/C
  -------------------------------------------------------------------    -------------------
    SLICE_X33Y35         FDCE (Prop_fdce_C_Q)         0.141     0.700 r  u_core/u_exec/branch_update_pc_q_reg[20]/Q
                         net (fo=3, routed)           0.128     0.828    u_core/u_branch_predict/gen_predictor_enabled.gen_tag_ram[12].tag_bit/D
    SLICE_X32Y34         RAMD64E                                      r  u_core/u_branch_predict/gen_predictor_enabled.gen_tag_ram[12].tag_bit/SP/I
  -------------------------------------------------------------------    -------------------

                         (clock clk_i rise edge)      0.000     0.000 r  
                                                      0.000     0.000 r  clk_i (IN)
                         net (fo=2310, unset)         0.823     0.823    u_core/u_branch_predict/gen_predictor_enabled.gen_tag_ram[12].tag_bit/WCLK
    SLICE_X32Y34         RAMD64E                                      r  u_core/u_branch_predict/gen_predictor_enabled.gen_tag_ram[12].tag_bit/SP/CLK
                         clock pessimism             -0.250     0.573    
    SLICE_X32Y34         RAMD64E (Hold_ramd64e_CLK_I)
                                                      0.144     0.717    u_core/u_branch_predict/gen_predictor_enabled.gen_tag_ram[12].tag_bit/SP
  -------------------------------------------------------------------
                         required time                         -0.717    
                         arrival time                           0.828    
  -------------------------------------------------------------------
                         slack                                  0.111    

Slack (MET) :             0.112ns  (arrival time - required time)
  Source:                 u_core/u_csr/u_csrfile/csr_mtvec_q_reg[8]/C
                            (rising edge-triggered cell FDCE clocked by clk_i  {rise@0.000ns fall@6.250ns period=12.500ns})
  Destination:            u_core/u_csr/branch_target_q_reg[8]/D
                            (rising edge-triggered cell FDCE clocked by clk_i  {rise@0.000ns fall@6.250ns period=12.500ns})
  Path Group:             clk_i
  Path Type:              Hold (Min at Fast Process Corner)
  Requirement:            0.000ns  (clk_i rise@0.000ns - clk_i rise@0.000ns)
  Data Path Delay:        0.468ns  (logic 0.226ns (48.282%)  route 0.242ns (51.718%))
  Logic Levels:           1  (LUT6=1)
  Clock Path Skew:        0.264ns (DCD - SCD - CPR)
    Destination Clock Delay (DCD):    0.819ns
    Source Clock Delay      (SCD):    0.550ns
    Clock Pessimism Removal (CPR):    0.005ns

    Location             Delay type                Incr(ns)  Path(ns)    Netlist Resource(s)
  -------------------------------------------------------------------    -------------------
                         (clock clk_i rise edge)      0.000     0.000 r  
                                                      0.000     0.000 r  clk_i (IN)
                         net (fo=2310, unset)         0.550     0.550    u_core/u_csr/u_csrfile/clk_i
    SLICE_X51Y31         FDCE                                         r  u_core/u_csr/u_csrfile/csr_mtvec_q_reg[8]/C
  -------------------------------------------------------------------    -------------------
    SLICE_X51Y31         FDCE (Prop_fdce_C_Q)         0.128     0.678 r  u_core/u_csr/u_csrfile/csr_mtvec_q_reg[8]/Q
                         net (fo=2, routed)           0.242     0.920    u_core/u_issue/u_pipe_ctrl/branch_target_q_reg[31]_0[6]
    SLICE_X49Y31         LUT6 (Prop_lut6_I3_O)        0.098     1.018 r  u_core/u_issue/u_pipe_ctrl/branch_target_q[8]_i_1/O
                         net (fo=1, routed)           0.000     1.018    u_core/u_csr/branch_target_q_reg[31]_2[6]
    SLICE_X49Y31         FDCE                                         r  u_core/u_csr/branch_target_q_reg[8]/D
  -------------------------------------------------------------------    -------------------

                         (clock clk_i rise edge)      0.000     0.000 r  
                                                      0.000     0.000 r  clk_i (IN)
                         net (fo=2310, unset)         0.819     0.819    u_core/u_csr/clk_i
    SLICE_X49Y31         FDCE                                         r  u_core/u_csr/branch_target_q_reg[8]/C
                         clock pessimism             -0.005     0.814    
    SLICE_X49Y31         FDCE (Hold_fdce_C_D)         0.092     0.906    u_core/u_csr/branch_target_q_reg[8]
  -------------------------------------------------------------------
                         required time                         -0.906    
                         arrival time                           1.018    
  -------------------------------------------------------------------
                         slack                                  0.112    

Slack (MET) :             0.117ns  (arrival time - required time)
  Source:                 u_core/u_decode/buffer_payload_q_reg[4]/C
                            (rising edge-triggered cell FDRE clocked by clk_i  {rise@0.000ns fall@6.250ns period=12.500ns})
  Destination:            u_core/u_issue/u_pipe_ctrl/pc_e1_q_reg[4]/D
                            (rising edge-triggered cell FDCE clocked by clk_i  {rise@0.000ns fall@6.250ns period=12.500ns})
  Path Group:             clk_i
  Path Type:              Hold (Min at Fast Process Corner)
  Requirement:            0.000ns  (clk_i rise@0.000ns - clk_i rise@0.000ns)
  Data Path Delay:        0.509ns  (logic 0.207ns (40.679%)  route 0.302ns (59.321%))
  Logic Levels:           1  (LUT2=1)
  Clock Path Skew:        0.261ns (DCD - SCD - CPR)
    Destination Clock Delay (DCD):    0.813ns
    Source Clock Delay      (SCD):    0.547ns
    Clock Pessimism Removal (CPR):    0.005ns

    Location             Delay type                Incr(ns)  Path(ns)    Netlist Resource(s)
  -------------------------------------------------------------------    -------------------
                         (clock clk_i rise edge)      0.000     0.000 r  
                                                      0.000     0.000 r  clk_i (IN)
                         net (fo=2310, unset)         0.547     0.547    u_core/u_decode/clk_i
    SLICE_X50Y22         FDRE                                         r  u_core/u_decode/buffer_payload_q_reg[4]/C
  -------------------------------------------------------------------    -------------------
    SLICE_X50Y22         FDRE (Prop_fdre_C_Q)         0.164     0.711 r  u_core/u_decode/buffer_payload_q_reg[4]/Q
                         net (fo=8, routed)           0.302     1.013    u_core/u_decode/Q[2]
    SLICE_X46Y23         LUT2 (Prop_lut2_I0_O)        0.043     1.056 r  u_core/u_decode/pc_e1_q[4]_i_1/O
                         net (fo=1, routed)           0.000     1.056    u_core/u_issue/u_pipe_ctrl/pc_e1_q_reg[31]_0[2]
    SLICE_X46Y23         FDCE                                         r  u_core/u_issue/u_pipe_ctrl/pc_e1_q_reg[4]/D
  -------------------------------------------------------------------    -------------------

                         (clock clk_i rise edge)      0.000     0.000 r  
                                                      0.000     0.000 r  clk_i (IN)
                         net (fo=2310, unset)         0.813     0.813    u_core/u_issue/u_pipe_ctrl/clk_i
    SLICE_X46Y23         FDCE                                         r  u_core/u_issue/u_pipe_ctrl/pc_e1_q_reg[4]/C
                         clock pessimism             -0.005     0.808    
    SLICE_X46Y23         FDCE (Hold_fdce_C_D)         0.131     0.939    u_core/u_issue/u_pipe_ctrl/pc_e1_q_reg[4]
  -------------------------------------------------------------------
                         required time                         -0.939    
                         arrival time                           1.056    
  -------------------------------------------------------------------
                         slack                                  0.117    

Slack (MET) :             0.119ns  (arrival time - required time)
  Source:                 u_core/u_csr/csr_wdata_e1_q_reg[0]/C
                            (rising edge-triggered cell FDCE clocked by clk_i  {rise@0.000ns fall@6.250ns period=12.500ns})
  Destination:            u_core/u_issue/u_pipe_ctrl/csr_wdata_e2_q_reg[0]/D
                            (rising edge-triggered cell FDCE clocked by clk_i  {rise@0.000ns fall@6.250ns period=12.500ns})
  Path Group:             clk_i
  Path Type:              Hold (Min at Fast Process Corner)
  Requirement:            0.000ns  (clk_i rise@0.000ns - clk_i rise@0.000ns)
  Data Path Delay:        0.494ns  (logic 0.186ns (37.667%)  route 0.308ns (62.333%))
  Logic Levels:           1  (LUT2=1)
  Clock Path Skew:        0.255ns (DCD - SCD - CPR)
    Destination Clock Delay (DCD):    0.808ns
    Source Clock Delay      (SCD):    0.548ns
    Clock Pessimism Removal (CPR):    0.005ns

    Location             Delay type                Incr(ns)  Path(ns)    Netlist Resource(s)
  -------------------------------------------------------------------    -------------------
                         (clock clk_i rise edge)      0.000     0.000 r  
                                                      0.000     0.000 r  clk_i (IN)
                         net (fo=2310, unset)         0.548     0.548    u_core/u_csr/clk_i
    SLICE_X48Y23         FDCE                                         r  u_core/u_csr/csr_wdata_e1_q_reg[0]/C
  -------------------------------------------------------------------    -------------------
    SLICE_X48Y23         FDCE (Prop_fdce_C_Q)         0.141     0.689 r  u_core/u_csr/csr_wdata_e1_q_reg[0]/Q
                         net (fo=1, routed)           0.308     0.997    u_core/u_csr/csr_result_e1_wdata_w[0]
    SLICE_X50Y25         LUT2 (Prop_lut2_I0_O)        0.045     1.042 r  u_core/u_csr/csr_wdata_e2_q[0]_i_1/O
                         net (fo=1, routed)           0.000     1.042    u_core/u_issue/u_pipe_ctrl/csr_wdata_e2_q_reg[31]_0[0]
    SLICE_X50Y25         FDCE                                         r  u_core/u_issue/u_pipe_ctrl/csr_wdata_e2_q_reg[0]/D
  -------------------------------------------------------------------    -------------------

                         (clock clk_i rise edge)      0.000     0.000 r  
                                                      0.000     0.000 r  clk_i (IN)
                         net (fo=2310, unset)         0.808     0.808    u_core/u_issue/u_pipe_ctrl/clk_i
    SLICE_X50Y25         FDCE                                         r  u_core/u_issue/u_pipe_ctrl/csr_wdata_e2_q_reg[0]/C
                         clock pessimism             -0.005     0.803    
    SLICE_X50Y25         FDCE (Hold_fdce_C_D)         0.120     0.923    u_core/u_issue/u_pipe_ctrl/csr_wdata_e2_q_reg[0]
  -------------------------------------------------------------------
                         required time                         -0.923    
                         arrival time                           1.042    
  -------------------------------------------------------------------
                         slack                                  0.119    

Slack (MET) :             0.121ns  (arrival time - required time)
  Source:                 u_core/u_csr/u_csrfile/csr_mepc_q_reg[6]/C
                            (rising edge-triggered cell FDCE clocked by clk_i  {rise@0.000ns fall@6.250ns period=12.500ns})
  Destination:            u_core/u_csr/branch_target_q_reg[6]/D
                            (rising edge-triggered cell FDCE clocked by clk_i  {rise@0.000ns fall@6.250ns period=12.500ns})
  Path Group:             clk_i
  Path Type:              Hold (Min at Fast Process Corner)
  Requirement:            0.000ns  (clk_i rise@0.000ns - clk_i rise@0.000ns)
  Data Path Delay:        0.477ns  (logic 0.209ns (43.807%)  route 0.268ns (56.193%))
  Logic Levels:           1  (LUT6=1)
  Clock Path Skew:        0.264ns (DCD - SCD - CPR)
    Destination Clock Delay (DCD):    0.819ns
    Source Clock Delay      (SCD):    0.550ns
    Clock Pessimism Removal (CPR):    0.005ns

    Location             Delay type                Incr(ns)  Path(ns)    Netlist Resource(s)
  -------------------------------------------------------------------    -------------------
                         (clock clk_i rise edge)      0.000     0.000 r  
                                                      0.000     0.000 r  clk_i (IN)
                         net (fo=2310, unset)         0.550     0.550    u_core/u_csr/u_csrfile/clk_i
    SLICE_X50Y31         FDCE                                         r  u_core/u_csr/u_csrfile/csr_mepc_q_reg[6]/C
  -------------------------------------------------------------------    -------------------
    SLICE_X50Y31         FDCE (Prop_fdce_C_Q)         0.164     0.714 r  u_core/u_csr/u_csrfile/csr_mepc_q_reg[6]/Q
                         net (fo=2, routed)           0.268     0.982    u_core/u_issue/u_pipe_ctrl/branch_target_q_reg[31][4]
    SLICE_X49Y31         LUT6 (Prop_lut6_I4_O)        0.045     1.027 r  u_core/u_issue/u_pipe_ctrl/branch_target_q[6]_i_1/O
                         net (fo=1, routed)           0.000     1.027    u_core/u_csr/branch_target_q_reg[31]_2[4]
    SLICE_X49Y31         FDCE                                         r  u_core/u_csr/branch_target_q_reg[6]/D
  -------------------------------------------------------------------    -------------------

                         (clock clk_i rise edge)      0.000     0.000 r  
                                                      0.000     0.000 r  clk_i (IN)
                         net (fo=2310, unset)         0.819     0.819    u_core/u_csr/clk_i
    SLICE_X49Y31         FDCE                                         r  u_core/u_csr/branch_target_q_reg[6]/C
                         clock pessimism             -0.005     0.814    
    SLICE_X49Y31         FDCE (Hold_fdce_C_D)         0.092     0.906    u_core/u_csr/branch_target_q_reg[6]
  -------------------------------------------------------------------
                         required time                         -0.906    
                         arrival time                           1.027    
  -------------------------------------------------------------------
                         slack                                  0.121    

Slack (MET) :             0.122ns  (arrival time - required time)
  Source:                 u_core/u_issue/u_pipe_ctrl/pc_e1_q_reg[7]/C
                            (rising edge-triggered cell FDCE clocked by clk_i  {rise@0.000ns fall@6.250ns period=12.500ns})
  Destination:            u_core/u_issue/u_pipe_ctrl/pc_e2_q_reg[7]/D
                            (rising edge-triggered cell FDCE clocked by clk_i  {rise@0.000ns fall@6.250ns period=12.500ns})
  Path Group:             clk_i
  Path Type:              Hold (Min at Fast Process Corner)
  Requirement:            0.000ns  (clk_i rise@0.000ns - clk_i rise@0.000ns)
  Data Path Delay:        0.508ns  (logic 0.184ns (36.213%)  route 0.324ns (63.787%))
  Logic Levels:           1  (LUT2=1)
  Clock Path Skew:        0.255ns (DCD - SCD - CPR)
    Destination Clock Delay (DCD):    0.808ns
    Source Clock Delay      (SCD):    0.548ns
    Clock Pessimism Removal (CPR):    0.005ns

    Location             Delay type                Incr(ns)  Path(ns)    Netlist Resource(s)
  -------------------------------------------------------------------    -------------------
                         (clock clk_i rise edge)      0.000     0.000 r  
                                                      0.000     0.000 r  clk_i (IN)
                         net (fo=2310, unset)         0.548     0.548    u_core/u_issue/u_pipe_ctrl/clk_i
    SLICE_X45Y24         FDCE                                         r  u_core/u_issue/u_pipe_ctrl/pc_e1_q_reg[7]/C
  -------------------------------------------------------------------    -------------------
    SLICE_X45Y24         FDCE (Prop_fdce_C_Q)         0.141     0.689 r  u_core/u_issue/u_pipe_ctrl/pc_e1_q_reg[7]/Q
                         net (fo=1, routed)           0.324     1.013    u_core/u_issue/u_pipe_ctrl/pc_e1_q_reg_n_0_[7]
    SLICE_X50Y24         LUT2 (Prop_lut2_I0_O)        0.043     1.056 r  u_core/u_issue/u_pipe_ctrl/pc_e2_q[7]_i_1/O
                         net (fo=1, routed)           0.000     1.056    u_core/u_issue/u_pipe_ctrl/pc_e2_q[7]_i_1_n_0
    SLICE_X50Y24         FDCE                                         r  u_core/u_issue/u_pipe_ctrl/pc_e2_q_reg[7]/D
  -------------------------------------------------------------------    -------------------

                         (clock clk_i rise edge)      0.000     0.000 r  
                                                      0.000     0.000 r  clk_i (IN)
                         net (fo=2310, unset)         0.808     0.808    u_core/u_issue/u_pipe_ctrl/clk_i
    SLICE_X50Y24         FDCE                                         r  u_core/u_issue/u_pipe_ctrl/pc_e2_q_reg[7]/C
                         clock pessimism             -0.005     0.803    
    SLICE_X50Y24         FDCE (Hold_fdce_C_D)         0.131     0.934    u_core/u_issue/u_pipe_ctrl/pc_e2_q_reg[7]
  -------------------------------------------------------------------
                         required time                         -0.934    
                         arrival time                           1.056    
  -------------------------------------------------------------------
                         slack                                  0.122    

Slack (MET) :             0.122ns  (arrival time - required time)
  Source:                 u_core/u_exec/branch_update_target_q_reg[20]/C
                            (rising edge-triggered cell FDCE clocked by clk_i  {rise@0.000ns fall@6.250ns period=12.500ns})
  Destination:            u_core/u_branch_predict/gen_predictor_enabled.gen_target_ram[20].target_bit/SP/I
                            (rising edge-triggered cell RAMD64E clocked by clk_i  {rise@0.000ns fall@6.250ns period=12.500ns})
  Path Group:             clk_i
  Path Type:              Hold (Min at Fast Process Corner)
  Requirement:            0.000ns  (clk_i rise@0.000ns - clk_i rise@0.000ns)
  Data Path Delay:        0.280ns  (logic 0.164ns (58.537%)  route 0.116ns (41.463%))
  Logic Levels:           0  
  Clock Path Skew:        0.012ns (DCD - SCD - CPR)
    Destination Clock Delay (DCD):    0.813ns
    Source Clock Delay      (SCD):    0.549ns
    Clock Pessimism Removal (CPR):    0.252ns

    Location             Delay type                Incr(ns)  Path(ns)    Netlist Resource(s)
  -------------------------------------------------------------------    -------------------
                         (clock clk_i rise edge)      0.000     0.000 r  
                                                      0.000     0.000 r  clk_i (IN)
                         net (fo=2310, unset)         0.549     0.549    u_core/u_exec/clk_i
    SLICE_X38Y23         FDCE                                         r  u_core/u_exec/branch_update_target_q_reg[20]/C
  -------------------------------------------------------------------    -------------------
    SLICE_X38Y23         FDCE (Prop_fdce_C_Q)         0.164     0.713 r  u_core/u_exec/branch_update_target_q_reg[20]/Q
                         net (fo=2, routed)           0.116     0.829    u_core/u_branch_predict/gen_predictor_enabled.gen_target_ram[20].target_bit/D
    SLICE_X38Y24         RAMD64E                                      r  u_core/u_branch_predict/gen_predictor_enabled.gen_target_ram[20].target_bit/SP/I
  -------------------------------------------------------------------    -------------------

                         (clock clk_i rise edge)      0.000     0.000 r  
                                                      0.000     0.000 r  clk_i (IN)
                         net (fo=2310, unset)         0.813     0.813    u_core/u_branch_predict/gen_predictor_enabled.gen_target_ram[20].target_bit/WCLK
    SLICE_X38Y24         RAMD64E                                      r  u_core/u_branch_predict/gen_predictor_enabled.gen_target_ram[20].target_bit/SP/CLK
                         clock pessimism             -0.252     0.561    
    SLICE_X38Y24         RAMD64E (Hold_ramd64e_CLK_I)
                                                      0.146     0.707    u_core/u_branch_predict/gen_predictor_enabled.gen_target_ram[20].target_bit/SP
  -------------------------------------------------------------------
                         required time                         -0.707    
                         arrival time                           0.829    
  -------------------------------------------------------------------
                         slack                                  0.122    

Slack (MET) :             0.123ns  (arrival time - required time)
  Source:                 u_core/u_issue/u_pipe_ctrl/csr_wdata_wb_q_reg[9]/C
                            (rising edge-triggered cell FDCE clocked by clk_i  {rise@0.000ns fall@6.250ns period=12.500ns})
  Destination:            u_core/u_csr/u_csrfile/csr_mtval_q_reg[9]/D
                            (rising edge-triggered cell FDCE clocked by clk_i  {rise@0.000ns fall@6.250ns period=12.500ns})
  Path Group:             clk_i
  Path Type:              Hold (Min at Fast Process Corner)
  Requirement:            0.000ns  (clk_i rise@0.000ns - clk_i rise@0.000ns)
  Data Path Delay:        0.503ns  (logic 0.209ns (41.588%)  route 0.294ns (58.412%))
  Logic Levels:           1  (LUT6=1)
  Clock Path Skew:        0.259ns (DCD - SCD - CPR)
    Destination Clock Delay (DCD):    0.812ns
    Source Clock Delay      (SCD):    0.548ns
    Clock Pessimism Removal (CPR):    0.005ns

    Location             Delay type                Incr(ns)  Path(ns)    Netlist Resource(s)
  -------------------------------------------------------------------    -------------------
                         (clock clk_i rise edge)      0.000     0.000 r  
                                                      0.000     0.000 r  clk_i (IN)
                         net (fo=2310, unset)         0.548     0.548    u_core/u_issue/u_pipe_ctrl/clk_i
    SLICE_X46Y25         FDCE                                         r  u_core/u_issue/u_pipe_ctrl/csr_wdata_wb_q_reg[9]/C
  -------------------------------------------------------------------    -------------------
    SLICE_X46Y25         FDCE (Prop_fdce_C_Q)         0.164     0.712 r  u_core/u_issue/u_pipe_ctrl/csr_wdata_wb_q_reg[9]/Q
                         net (fo=8, routed)           0.294     1.006    u_core/u_issue/u_pipe_ctrl/csr_wdata_wb_q_reg[31]_0[9]
    SLICE_X50Y27         LUT6 (Prop_lut6_I0_O)        0.045     1.051 r  u_core/u_issue/u_pipe_ctrl/csr_mtval_q[9]_i_1/O
                         net (fo=1, routed)           0.000     1.051    u_core/u_csr/u_csrfile/csr_mtval_q_reg[31]_1[9]
    SLICE_X50Y27         FDCE                                         r  u_core/u_csr/u_csrfile/csr_mtval_q_reg[9]/D
  -------------------------------------------------------------------    -------------------

                         (clock clk_i rise edge)      0.000     0.000 r  
                                                      0.000     0.000 r  clk_i (IN)
                         net (fo=2310, unset)         0.812     0.812    u_core/u_csr/u_csrfile/clk_i
    SLICE_X50Y27         FDCE                                         r  u_core/u_csr/u_csrfile/csr_mtval_q_reg[9]/C
                         clock pessimism             -0.005     0.807    
    SLICE_X50Y27         FDCE (Hold_fdce_C_D)         0.121     0.928    u_core/u_csr/u_csrfile/csr_mtval_q_reg[9]
  -------------------------------------------------------------------
                         required time                         -0.928    
                         arrival time                           1.051    
  -------------------------------------------------------------------
                         slack                                  0.123    

Slack (MET) :             0.126ns  (arrival time - required time)
  Source:                 u_core/u_issue/u_pipe_ctrl/csr_wdata_wb_q_reg[13]/C
                            (rising edge-triggered cell FDCE clocked by clk_i  {rise@0.000ns fall@6.250ns period=12.500ns})
  Destination:            u_core/u_csr/u_csrfile/csr_mepc_q_reg[13]/D
                            (rising edge-triggered cell FDCE clocked by clk_i  {rise@0.000ns fall@6.250ns period=12.500ns})
  Path Group:             clk_i
  Path Type:              Hold (Min at Fast Process Corner)
  Requirement:            0.000ns  (clk_i rise@0.000ns - clk_i rise@0.000ns)
  Data Path Delay:        0.506ns  (logic 0.186ns (36.745%)  route 0.320ns (63.255%))
  Logic Levels:           1  (LUT4=1)
  Clock Path Skew:        0.260ns (DCD - SCD - CPR)
    Destination Clock Delay (DCD):    0.815ns
    Source Clock Delay      (SCD):    0.550ns
    Clock Pessimism Removal (CPR):    0.005ns

    Location             Delay type                Incr(ns)  Path(ns)    Netlist Resource(s)
  -------------------------------------------------------------------    -------------------
                         (clock clk_i rise edge)      0.000     0.000 r  
                                                      0.000     0.000 r  clk_i (IN)
                         net (fo=2310, unset)         0.550     0.550    u_core/u_issue/u_pipe_ctrl/clk_i
    SLICE_X49Y27         FDCE                                         r  u_core/u_issue/u_pipe_ctrl/csr_wdata_wb_q_reg[13]/C
  -------------------------------------------------------------------    -------------------
    SLICE_X49Y27         FDCE (Prop_fdce_C_Q)         0.141     0.691 r  u_core/u_issue/u_pipe_ctrl/csr_wdata_wb_q_reg[13]/Q
                         net (fo=6, routed)           0.320     1.011    u_core/u_issue/u_pipe_ctrl/csr_wdata_wb_q_reg[31]_0[13]
    SLICE_X50Y31         LUT4 (Prop_lut4_I3_O)        0.045     1.056 r  u_core/u_issue/u_pipe_ctrl/csr_mepc_q[13]_i_1/O
                         net (fo=1, routed)           0.000     1.056    u_core/u_csr/u_csrfile/csr_mepc_q_reg[31]_1[13]
    SLICE_X50Y31         FDCE                                         r  u_core/u_csr/u_csrfile/csr_mepc_q_reg[13]/D
  -------------------------------------------------------------------    -------------------

                         (clock clk_i rise edge)      0.000     0.000 r  
                                                      0.000     0.000 r  clk_i (IN)
                         net (fo=2310, unset)         0.815     0.815    u_core/u_csr/u_csrfile/clk_i
    SLICE_X50Y31         FDCE                                         r  u_core/u_csr/u_csrfile/csr_mepc_q_reg[13]/C
                         clock pessimism             -0.005     0.810    
    SLICE_X50Y31         FDCE (Hold_fdce_C_D)         0.120     0.930    u_core/u_csr/u_csrfile/csr_mepc_q_reg[13]
  -------------------------------------------------------------------
                         required time                         -0.930    
                         arrival time                           1.056    
  -------------------------------------------------------------------
                         slack                                  0.126    

Slack (MET) :             0.127ns  (arrival time - required time)
  Source:                 u_core/u_issue/u_pipe_ctrl/csr_wdata_wb_q_reg[21]/C
                            (rising edge-triggered cell FDCE clocked by clk_i  {rise@0.000ns fall@6.250ns period=12.500ns})
  Destination:            u_core/u_csr/u_csrfile/csr_mscratch_q_reg[21]/D
                            (rising edge-triggered cell FDCE clocked by clk_i  {rise@0.000ns fall@6.250ns period=12.500ns})
  Path Group:             clk_i
  Path Type:              Hold (Min at Fast Process Corner)
  Requirement:            0.000ns  (clk_i rise@0.000ns - clk_i rise@0.000ns)
  Data Path Delay:        0.445ns  (logic 0.141ns (31.721%)  route 0.304ns (68.279%))
  Logic Levels:           0  
  Clock Path Skew:        0.255ns (DCD - SCD - CPR)
    Destination Clock Delay (DCD):    0.817ns
    Source Clock Delay      (SCD):    0.557ns
    Clock Pessimism Removal (CPR):    0.005ns

    Location             Delay type                Incr(ns)  Path(ns)    Netlist Resource(s)
  -------------------------------------------------------------------    -------------------
                         (clock clk_i rise edge)      0.000     0.000 r  
                                                      0.000     0.000 r  clk_i (IN)
                         net (fo=2310, unset)         0.557     0.557    u_core/u_issue/u_pipe_ctrl/clk_i
    SLICE_X43Y34         FDCE                                         r  u_core/u_issue/u_pipe_ctrl/csr_wdata_wb_q_reg[21]/C
  -------------------------------------------------------------------    -------------------
    SLICE_X43Y34         FDCE (Prop_fdce_C_Q)         0.141     0.698 r  u_core/u_issue/u_pipe_ctrl/csr_wdata_wb_q_reg[21]/Q
                         net (fo=6, routed)           0.304     1.002    u_core/u_csr/u_csrfile/Q[21]
    SLICE_X50Y32         FDCE                                         r  u_core/u_csr/u_csrfile/csr_mscratch_q_reg[21]/D
  -------------------------------------------------------------------    -------------------

                         (clock clk_i rise edge)      0.000     0.000 r  
                                                      0.000     0.000 r  clk_i (IN)
                         net (fo=2310, unset)         0.817     0.817    u_core/u_csr/u_csrfile/clk_i
    SLICE_X50Y32         FDCE                                         r  u_core/u_csr/u_csrfile/csr_mscratch_q_reg[21]/C
                         clock pessimism             -0.005     0.812    
    SLICE_X50Y32         FDCE (Hold_fdce_C_D)         0.063     0.875    u_core/u_csr/u_csrfile/csr_mscratch_q_reg[21]
  -------------------------------------------------------------------
                         required time                         -0.875    
                         arrival time                           1.002    
  -------------------------------------------------------------------
                         slack                                  0.127    





Pulse Width Checks
--------------------------------------------------------------------------------------
Clock Name:         clk_i
Waveform(ns):       { 0.000 6.250 }
Period(ns):         12.500
Sources:            { clk_i }

Check Type        Corner  Lib Pin             Reference Pin  Required(ns)  Actual(ns)  Slack(ns)  Location      Pin
Min Period        n/a     RAMB36E1/CLKARDCLK  n/a            2.944         12.500      9.556      RAMB36_X1Y5   u_tcm/u_ram/ram_reg_0_0/CLKARDCLK
Min Period        n/a     RAMB36E1/CLKBWRCLK  n/a            2.944         12.500      9.556      RAMB36_X1Y5   u_tcm/u_ram/ram_reg_0_0/CLKBWRCLK
Min Period        n/a     RAMB36E1/CLKARDCLK  n/a            2.944         12.500      9.556      RAMB36_X2Y3   u_tcm/u_ram/ram_reg_0_1/CLKARDCLK
Min Period        n/a     RAMB36E1/CLKBWRCLK  n/a            2.944         12.500      9.556      RAMB36_X2Y3   u_tcm/u_ram/ram_reg_0_1/CLKBWRCLK
Min Period        n/a     RAMB36E1/CLKARDCLK  n/a            2.944         12.500      9.556      RAMB36_X1Y2   u_tcm/u_ram/ram_reg_0_2/CLKARDCLK
Min Period        n/a     RAMB36E1/CLKBWRCLK  n/a            2.944         12.500      9.556      RAMB36_X1Y2   u_tcm/u_ram/ram_reg_0_2/CLKBWRCLK
Min Period        n/a     RAMB36E1/CLKARDCLK  n/a            2.944         12.500      9.556      RAMB36_X1Y3   u_tcm/u_ram/ram_reg_0_3/CLKARDCLK
Min Period        n/a     RAMB36E1/CLKBWRCLK  n/a            2.944         12.500      9.556      RAMB36_X1Y3   u_tcm/u_ram/ram_reg_0_3/CLKBWRCLK
Min Period        n/a     RAMB36E1/CLKARDCLK  n/a            2.944         12.500      9.556      RAMB36_X0Y0   u_tcm/u_ram/ram_reg_1_0/CLKARDCLK
Min Period        n/a     RAMB36E1/CLKBWRCLK  n/a            2.944         12.500      9.556      RAMB36_X0Y0   u_tcm/u_ram/ram_reg_1_0/CLKBWRCLK
Min Period        n/a     RAMB36E1/CLKARDCLK  n/a            2.944         12.500      9.556      RAMB36_X2Y2   u_tcm/u_ram/ram_reg_1_1/CLKARDCLK
Min Period        n/a     RAMB36E1/CLKBWRCLK  n/a            2.944         12.500      9.556      RAMB36_X2Y2   u_tcm/u_ram/ram_reg_1_1/CLKBWRCLK
Min Period        n/a     RAMB36E1/CLKARDCLK  n/a            2.944         12.500      9.556      RAMB36_X1Y1   u_tcm/u_ram/ram_reg_1_2/CLKARDCLK
Min Period        n/a     RAMB36E1/CLKBWRCLK  n/a            2.944         12.500      9.556      RAMB36_X1Y1   u_tcm/u_ram/ram_reg_1_2/CLKBWRCLK
Min Period        n/a     RAMB36E1/CLKARDCLK  n/a            2.944         12.500      9.556      RAMB36_X1Y6   u_tcm/u_ram/ram_reg_1_3/CLKARDCLK
Min Period        n/a     RAMB36E1/CLKBWRCLK  n/a            2.944         12.500      9.556      RAMB36_X1Y6   u_tcm/u_ram/ram_reg_1_3/CLKBWRCLK
Min Period        n/a     RAMB36E1/CLKARDCLK  n/a            2.944         12.500      9.556      RAMB36_X2Y1   u_tcm/u_ram/ram_reg_2_0/CLKARDCLK
Min Period        n/a     RAMB36E1/CLKBWRCLK  n/a            2.944         12.500      9.556      RAMB36_X2Y1   u_tcm/u_ram/ram_reg_2_0/CLKBWRCLK
Min Period        n/a     RAMB36E1/CLKARDCLK  n/a            2.944         12.500      9.556      RAMB36_X0Y4   u_tcm/u_ram/ram_reg_2_1/CLKARDCLK
Min Period        n/a     RAMB36E1/CLKBWRCLK  n/a            2.944         12.500      9.556      RAMB36_X0Y4   u_tcm/u_ram/ram_reg_2_1/CLKBWRCLK
Min Period        n/a     RAMB36E1/CLKARDCLK  n/a            2.944         12.500      9.556      RAMB36_X0Y1   u_tcm/u_ram/ram_reg_2_2/CLKARDCLK
Min Period        n/a     RAMB36E1/CLKBWRCLK  n/a            2.944         12.500      9.556      RAMB36_X0Y1   u_tcm/u_ram/ram_reg_2_2/CLKBWRCLK
Min Period        n/a     RAMB36E1/CLKARDCLK  n/a            2.944         12.500      9.556      RAMB36_X1Y4   u_tcm/u_ram/ram_reg_2_3/CLKARDCLK
Min Period        n/a     RAMB36E1/CLKBWRCLK  n/a            2.944         12.500      9.556      RAMB36_X1Y4   u_tcm/u_ram/ram_reg_2_3/CLKBWRCLK
Min Period        n/a     RAMB36E1/CLKARDCLK  n/a            2.944         12.500      9.556      RAMB36_X0Y5   u_tcm/u_ram/ram_reg_3_0/CLKARDCLK
Min Period        n/a     RAMB36E1/CLKBWRCLK  n/a            2.944         12.500      9.556      RAMB36_X0Y5   u_tcm/u_ram/ram_reg_3_0/CLKBWRCLK
Min Period        n/a     RAMB36E1/CLKARDCLK  n/a            2.944         12.500      9.556      RAMB36_X0Y2   u_tcm/u_ram/ram_reg_3_1/CLKARDCLK
Min Period        n/a     RAMB36E1/CLKBWRCLK  n/a            2.944         12.500      9.556      RAMB36_X0Y2   u_tcm/u_ram/ram_reg_3_1/CLKBWRCLK
Min Period        n/a     RAMB36E1/CLKARDCLK  n/a            2.944         12.500      9.556      RAMB36_X1Y0   u_tcm/u_ram/ram_reg_3_2/CLKARDCLK
Min Period        n/a     RAMB36E1/CLKBWRCLK  n/a            2.944         12.500      9.556      RAMB36_X1Y0   u_tcm/u_ram/ram_reg_3_2/CLKBWRCLK
Low Pulse Width   Slow    RAMS64E/CLK         n/a            1.250         6.250       5.000      SLICE_X36Y35  u_core/u_branch_predict/gen_predictor_enabled.gen_bht_ram[0].bht_bit/SP/CLK
Low Pulse Width   Fast    RAMS64E/CLK         n/a            1.250         6.250       5.000      SLICE_X36Y35  u_core/u_branch_predict/gen_predictor_enabled.gen_bht_ram[0].bht_bit/SP/CLK
Low Pulse Width   Slow    RAMD64E/CLK         n/a            1.250         6.250       5.000      SLICE_X36Y35  u_core/u_branch_predict/gen_predictor_enabled.gen_bht_ram[1].bht_bit/DP/CLK
Low Pulse Width   Fast    RAMD64E/CLK         n/a            1.250         6.250       5.000      SLICE_X36Y35  u_core/u_branch_predict/gen_predictor_enabled.gen_bht_ram[1].bht_bit/DP/CLK
Low Pulse Width   Slow    RAMD64E/CLK         n/a            1.250         6.250       5.000      SLICE_X36Y35  u_core/u_branch_predict/gen_predictor_enabled.gen_bht_ram[1].bht_bit/SP/CLK
Low Pulse Width   Fast    RAMD64E/CLK         n/a            1.250         6.250       5.000      SLICE_X36Y35  u_core/u_branch_predict/gen_predictor_enabled.gen_bht_ram[1].bht_bit/SP/CLK
Low Pulse Width   Slow    RAMD64E/CLK         n/a            1.250         6.250       5.000      SLICE_X32Y31  u_core/u_branch_predict/gen_predictor_enabled.gen_is_jal_ram.is_jal_bit/DP/CLK
Low Pulse Width   Fast    RAMD64E/CLK         n/a            1.250         6.250       5.000      SLICE_X32Y31  u_core/u_branch_predict/gen_predictor_enabled.gen_is_jal_ram.is_jal_bit/DP/CLK
Low Pulse Width   Slow    RAMD64E/CLK         n/a            1.250         6.250       5.000      SLICE_X32Y31  u_core/u_branch_predict/gen_predictor_enabled.gen_is_jal_ram.is_jal_bit/SP/CLK
Low Pulse Width   Fast    RAMD64E/CLK         n/a            1.250         6.250       5.000      SLICE_X32Y31  u_core/u_branch_predict/gen_predictor_enabled.gen_is_jal_ram.is_jal_bit/SP/CLK
Low Pulse Width   Slow    RAMD64E/CLK         n/a            1.250         6.250       5.000      SLICE_X32Y31  u_core/u_branch_predict/gen_predictor_enabled.gen_tag_ram[0].tag_bit/DP/CLK
Low Pulse Width   Fast    RAMD64E/CLK         n/a            1.250         6.250       5.000      SLICE_X32Y31  u_core/u_branch_predict/gen_predictor_enabled.gen_tag_ram[0].tag_bit/DP/CLK
Low Pulse Width   Slow    RAMD64E/CLK         n/a            1.250         6.250       5.000      SLICE_X32Y31  u_core/u_branch_predict/gen_predictor_enabled.gen_tag_ram[0].tag_bit/SP/CLK
Low Pulse Width   Fast    RAMD64E/CLK         n/a            1.250         6.250       5.000      SLICE_X32Y31  u_core/u_branch_predict/gen_predictor_enabled.gen_tag_ram[0].tag_bit/SP/CLK
Low Pulse Width   Slow    RAMD64E/CLK         n/a            1.250         6.250       5.000      SLICE_X32Y32  u_core/u_branch_predict/gen_predictor_enabled.gen_tag_ram[10].tag_bit/DP/CLK
Low Pulse Width   Fast    RAMD64E/CLK         n/a            1.250         6.250       5.000      SLICE_X32Y32  u_core/u_branch_predict/gen_predictor_enabled.gen_tag_ram[10].tag_bit/DP/CLK
Low Pulse Width   Slow    RAMD64E/CLK         n/a            1.250         6.250       5.000      SLICE_X32Y32  u_core/u_branch_predict/gen_predictor_enabled.gen_tag_ram[10].tag_bit/SP/CLK
Low Pulse Width   Fast    RAMD64E/CLK         n/a            1.250         6.250       5.000      SLICE_X32Y32  u_core/u_branch_predict/gen_predictor_enabled.gen_tag_ram[10].tag_bit/SP/CLK
Low Pulse Width   Slow    RAMD64E/CLK         n/a            1.250         6.250       5.000      SLICE_X32Y32  u_core/u_branch_predict/gen_predictor_enabled.gen_tag_ram[11].tag_bit/DP/CLK
Low Pulse Width   Fast    RAMD64E/CLK         n/a            1.250         6.250       5.000      SLICE_X32Y32  u_core/u_branch_predict/gen_predictor_enabled.gen_tag_ram[11].tag_bit/DP/CLK
Low Pulse Width   Slow    RAMD64E/CLK         n/a            1.250         6.250       5.000      SLICE_X32Y32  u_core/u_branch_predict/gen_predictor_enabled.gen_tag_ram[11].tag_bit/SP/CLK
Low Pulse Width   Fast    RAMD64E/CLK         n/a            1.250         6.250       5.000      SLICE_X32Y32  u_core/u_branch_predict/gen_predictor_enabled.gen_tag_ram[11].tag_bit/SP/CLK
Low Pulse Width   Slow    RAMD64E/CLK         n/a            1.250         6.250       5.000      SLICE_X32Y34  u_core/u_branch_predict/gen_predictor_enabled.gen_tag_ram[12].tag_bit/DP/CLK
Low Pulse Width   Fast    RAMD64E/CLK         n/a            1.250         6.250       5.000      SLICE_X32Y34  u_core/u_branch_predict/gen_predictor_enabled.gen_tag_ram[12].tag_bit/DP/CLK
Low Pulse Width   Slow    RAMD64E/CLK         n/a            1.250         6.250       5.000      SLICE_X32Y34  u_core/u_branch_predict/gen_predictor_enabled.gen_tag_ram[12].tag_bit/SP/CLK
Low Pulse Width   Fast    RAMD64E/CLK         n/a            1.250         6.250       5.000      SLICE_X32Y34  u_core/u_branch_predict/gen_predictor_enabled.gen_tag_ram[12].tag_bit/SP/CLK
Low Pulse Width   Slow    RAMD64E/CLK         n/a            1.250         6.250       5.000      SLICE_X32Y34  u_core/u_branch_predict/gen_predictor_enabled.gen_tag_ram[13].tag_bit/DP/CLK
Low Pulse Width   Fast    RAMD64E/CLK         n/a            1.250         6.250       5.000      SLICE_X32Y34  u_core/u_branch_predict/gen_predictor_enabled.gen_tag_ram[13].tag_bit/DP/CLK
Low Pulse Width   Slow    RAMD64E/CLK         n/a            1.250         6.250       5.000      SLICE_X32Y34  u_core/u_branch_predict/gen_predictor_enabled.gen_tag_ram[13].tag_bit/SP/CLK
Low Pulse Width   Fast    RAMD64E/CLK         n/a            1.250         6.250       5.000      SLICE_X32Y34  u_core/u_branch_predict/gen_predictor_enabled.gen_tag_ram[13].tag_bit/SP/CLK
High Pulse Width  Slow    RAMS64E/CLK         n/a            1.250         6.250       5.000      SLICE_X36Y35  u_core/u_branch_predict/gen_predictor_enabled.gen_bht_ram[0].bht_bit/SP/CLK
High Pulse Width  Fast    RAMS64E/CLK         n/a            1.250         6.250       5.000      SLICE_X36Y35  u_core/u_branch_predict/gen_predictor_enabled.gen_bht_ram[0].bht_bit/SP/CLK
High Pulse Width  Slow    RAMD64E/CLK         n/a            1.250         6.250       5.000      SLICE_X36Y35  u_core/u_branch_predict/gen_predictor_enabled.gen_bht_ram[1].bht_bit/DP/CLK
High Pulse Width  Fast    RAMD64E/CLK         n/a            1.250         6.250       5.000      SLICE_X36Y35  u_core/u_branch_predict/gen_predictor_enabled.gen_bht_ram[1].bht_bit/DP/CLK
High Pulse Width  Slow    RAMD64E/CLK         n/a            1.250         6.250       5.000      SLICE_X36Y35  u_core/u_branch_predict/gen_predictor_enabled.gen_bht_ram[1].bht_bit/SP/CLK
High Pulse Width  Fast    RAMD64E/CLK         n/a            1.250         6.250       5.000      SLICE_X36Y35  u_core/u_branch_predict/gen_predictor_enabled.gen_bht_ram[1].bht_bit/SP/CLK
High Pulse Width  Slow    RAMD64E/CLK         n/a            1.250         6.250       5.000      SLICE_X32Y31  u_core/u_branch_predict/gen_predictor_enabled.gen_is_jal_ram.is_jal_bit/DP/CLK
High Pulse Width  Fast    RAMD64E/CLK         n/a            1.250         6.250       5.000      SLICE_X32Y31  u_core/u_branch_predict/gen_predictor_enabled.gen_is_jal_ram.is_jal_bit/DP/CLK
High Pulse Width  Slow    RAMD64E/CLK         n/a            1.250         6.250       5.000      SLICE_X32Y31  u_core/u_branch_predict/gen_predictor_enabled.gen_is_jal_ram.is_jal_bit/SP/CLK
High Pulse Width  Fast    RAMD64E/CLK         n/a            1.250         6.250       5.000      SLICE_X32Y31  u_core/u_branch_predict/gen_predictor_enabled.gen_is_jal_ram.is_jal_bit/SP/CLK
High Pulse Width  Slow    RAMD64E/CLK         n/a            1.250         6.250       5.000      SLICE_X32Y31  u_core/u_branch_predict/gen_predictor_enabled.gen_tag_ram[0].tag_bit/DP/CLK
High Pulse Width  Fast    RAMD64E/CLK         n/a            1.250         6.250       5.000      SLICE_X32Y31  u_core/u_branch_predict/gen_predictor_enabled.gen_tag_ram[0].tag_bit/DP/CLK
High Pulse Width  Slow    RAMD64E/CLK         n/a            1.250         6.250       5.000      SLICE_X32Y31  u_core/u_branch_predict/gen_predictor_enabled.gen_tag_ram[0].tag_bit/SP/CLK
High Pulse Width  Fast    RAMD64E/CLK         n/a            1.250         6.250       5.000      SLICE_X32Y31  u_core/u_branch_predict/gen_predictor_enabled.gen_tag_ram[0].tag_bit/SP/CLK
High Pulse Width  Slow    RAMD64E/CLK         n/a            1.250         6.250       5.000      SLICE_X32Y32  u_core/u_branch_predict/gen_predictor_enabled.gen_tag_ram[10].tag_bit/DP/CLK
High Pulse Width  Fast    RAMD64E/CLK         n/a            1.250         6.250       5.000      SLICE_X32Y32  u_core/u_branch_predict/gen_predictor_enabled.gen_tag_ram[10].tag_bit/DP/CLK
High Pulse Width  Slow    RAMD64E/CLK         n/a            1.250         6.250       5.000      SLICE_X32Y32  u_core/u_branch_predict/gen_predictor_enabled.gen_tag_ram[10].tag_bit/SP/CLK
High Pulse Width  Fast    RAMD64E/CLK         n/a            1.250         6.250       5.000      SLICE_X32Y32  u_core/u_branch_predict/gen_predictor_enabled.gen_tag_ram[10].tag_bit/SP/CLK
High Pulse Width  Slow    RAMD64E/CLK         n/a            1.250         6.250       5.000      SLICE_X32Y32  u_core/u_branch_predict/gen_predictor_enabled.gen_tag_ram[11].tag_bit/DP/CLK
High Pulse Width  Fast    RAMD64E/CLK         n/a            1.250         6.250       5.000      SLICE_X32Y32  u_core/u_branch_predict/gen_predictor_enabled.gen_tag_ram[11].tag_bit/DP/CLK
High Pulse Width  Slow    RAMD64E/CLK         n/a            1.250         6.250       5.000      SLICE_X32Y32  u_core/u_branch_predict/gen_predictor_enabled.gen_tag_ram[11].tag_bit/SP/CLK
High Pulse Width  Fast    RAMD64E/CLK         n/a            1.250         6.250       5.000      SLICE_X32Y32  u_core/u_branch_predict/gen_predictor_enabled.gen_tag_ram[11].tag_bit/SP/CLK
High Pulse Width  Slow    RAMD64E/CLK         n/a            1.250         6.250       5.000      SLICE_X32Y34  u_core/u_branch_predict/gen_predictor_enabled.gen_tag_ram[12].tag_bit/DP/CLK
High Pulse Width  Fast    RAMD64E/CLK         n/a            1.250         6.250       5.000      SLICE_X32Y34  u_core/u_branch_predict/gen_predictor_enabled.gen_tag_ram[12].tag_bit/DP/CLK
High Pulse Width  Slow    RAMD64E/CLK         n/a            1.250         6.250       5.000      SLICE_X32Y34  u_core/u_branch_predict/gen_predictor_enabled.gen_tag_ram[12].tag_bit/SP/CLK
High Pulse Width  Fast    RAMD64E/CLK         n/a            1.250         6.250       5.000      SLICE_X32Y34  u_core/u_branch_predict/gen_predictor_enabled.gen_tag_ram[12].tag_bit/SP/CLK
High Pulse Width  Slow    RAMD64E/CLK         n/a            1.250         6.250       5.000      SLICE_X32Y34  u_core/u_branch_predict/gen_predictor_enabled.gen_tag_ram[13].tag_bit/DP/CLK
High Pulse Width  Fast    RAMD64E/CLK         n/a            1.250         6.250       5.000      SLICE_X32Y34  u_core/u_branch_predict/gen_predictor_enabled.gen_tag_ram[13].tag_bit/DP/CLK
High Pulse Width  Slow    RAMD64E/CLK         n/a            1.250         6.250       5.000      SLICE_X32Y34  u_core/u_branch_predict/gen_predictor_enabled.gen_tag_ram[13].tag_bit/SP/CLK
High Pulse Width  Fast    RAMD64E/CLK         n/a            1.250         6.250       5.000      SLICE_X32Y34  u_core/u_branch_predict/gen_predictor_enabled.gen_tag_ram[13].tag_bit/SP/CLK



