D:\code\FPGA\toolchains\xpack-riscv-none-elf-gcc-15.2.0-1\bin\riscv-none-elf-gcc.exe -march=rv32im_zicsr -mabi=ilp32 -mcmodel=medany -msmall-data-limit=0 -ffreestanding -fno-builtin -fno-stack-protector -fno-pic -fdata-sections -ffunction-sections -std=gnu11 -Wall -Wextra -ID:\code\FPGA\vivado\ultra_bht_btb_followup\sim\ultra_simd_subset_v1\coremark_followup\EDAP2\source -DTOTAL_DATA_SIZE=2000 -DMEM_METHOD=MEM_STATIC -DMULTITHREAD=1 -DITERATIONS=16 -DHAS_FLOAT=0 -DHAS_STDIO=0 -DHAS_PRINTF=0 -DMAIN_HAS_NOARGC=1 -DMAIN_HAS_NORETURN=0 -DSEED_METHOD=SEED_VOLATILE -DMEM_LOCATION=\"TCM\" -DULTRA_OPT_LEVEL=3 -DULTRA_PERF_COUNTERS -DULTRA_XPACK_GCC -O3 -flto -funroll-loops -g -c D:\code\FPGA\vivado\ultra_bht_btb_followup\sim\ultra_simd_subset_v1\coremark_followup\EDAP2\source\core_main.c -o D:\code\FPGA\vivado\ultra_bht_btb_followup\sim\ultra_simd_subset_v1\coremark_followup\EDAP2\build\core_main.o

D:\code\FPGA\toolchains\xpack-riscv-none-elf-gcc-15.2.0-1\bin\riscv-none-elf-gcc.exe -march=rv32im_zicsr -mabi=ilp32 -mcmodel=medany -msmall-data-limit=0 -ffreestanding -fno-builtin -fno-stack-protector -fno-pic -fdata-sections -ffunction-sections -std=gnu11 -Wall -Wextra -ID:\code\FPGA\vivado\ultra_bht_btb_followup\sim\ultra_simd_subset_v1\coremark_followup\EDAP2\source -DTOTAL_DATA_SIZE=2000 -DMEM_METHOD=MEM_STATIC -DMULTITHREAD=1 -DITERATIONS=16 -DHAS_FLOAT=0 -DHAS_STDIO=0 -DHAS_PRINTF=0 -DMAIN_HAS_NOARGC=1 -DMAIN_HAS_NORETURN=0 -DSEED_METHOD=SEED_VOLATILE -DMEM_LOCATION=\"TCM\" -DULTRA_OPT_LEVEL=3 -DULTRA_PERF_COUNTERS -DULTRA_XPACK_GCC -O3 -flto -funroll-loops -g -c D:\code\FPGA\vivado\ultra_bht_btb_followup\sim\ultra_simd_subset_v1\coremark_followup\EDAP2\source\core_list_join.c -o D:\code\FPGA\vivado\ultra_bht_btb_followup\sim\ultra_simd_subset_v1\coremark_followup\EDAP2\build\core_list_join.o

D:\code\FPGA\toolchains\xpack-riscv-none-elf-gcc-15.2.0-1\bin\riscv-none-elf-gcc.exe -march=rv32im_zicsr -mabi=ilp32 -mcmodel=medany -msmall-data-limit=0 -ffreestanding -fno-builtin -fno-stack-protector -fno-pic -fdata-sections -ffunction-sections -std=gnu11 -Wall -Wextra -ID:\code\FPGA\vivado\ultra_bht_btb_followup\sim\ultra_simd_subset_v1\coremark_followup\EDAP2\source -DTOTAL_DATA_SIZE=2000 -DMEM_METHOD=MEM_STATIC -DMULTITHREAD=1 -DITERATIONS=16 -DHAS_FLOAT=0 -DHAS_STDIO=0 -DHAS_PRINTF=0 -DMAIN_HAS_NOARGC=1 -DMAIN_HAS_NORETURN=0 -DSEED_METHOD=SEED_VOLATILE -DMEM_LOCATION=\"TCM\" -DULTRA_OPT_LEVEL=3 -DULTRA_PERF_COUNTERS -DULTRA_XPACK_GCC -O3 -flto -funroll-loops -g -c D:\code\FPGA\vivado\ultra_bht_btb_followup\sim\ultra_simd_subset_v1\coremark_followup\EDAP2\source\core_matrix.c -o D:\code\FPGA\vivado\ultra_bht_btb_followup\sim\ultra_simd_subset_v1\coremark_followup\EDAP2\build\core_matrix.o

D:\code\FPGA\toolchains\xpack-riscv-none-elf-gcc-15.2.0-1\bin\riscv-none-elf-gcc.exe -march=rv32im_zicsr -mabi=ilp32 -mcmodel=medany -msmall-data-limit=0 -ffreestanding -fno-builtin -fno-stack-protector -fno-pic -fdata-sections -ffunction-sections -std=gnu11 -Wall -Wextra -ID:\code\FPGA\vivado\ultra_bht_btb_followup\sim\ultra_simd_subset_v1\coremark_followup\EDAP2\source -DTOTAL_DATA_SIZE=2000 -DMEM_METHOD=MEM_STATIC -DMULTITHREAD=1 -DITERATIONS=16 -DHAS_FLOAT=0 -DHAS_STDIO=0 -DHAS_PRINTF=0 -DMAIN_HAS_NOARGC=1 -DMAIN_HAS_NORETURN=0 -DSEED_METHOD=SEED_VOLATILE -DMEM_LOCATION=\"TCM\" -DULTRA_OPT_LEVEL=3 -DULTRA_PERF_COUNTERS -DULTRA_XPACK_GCC -O3 -flto -funroll-loops -g -c D:\code\FPGA\vivado\ultra_bht_btb_followup\sim\ultra_simd_subset_v1\coremark_followup\EDAP2\source\core_state.c -o D:\code\FPGA\vivado\ultra_bht_btb_followup\sim\ultra_simd_subset_v1\coremark_followup\EDAP2\build\core_state.o

D:\code\FPGA\toolchains\xpack-riscv-none-elf-gcc-15.2.0-1\bin\riscv-none-elf-gcc.exe -march=rv32im_zicsr -mabi=ilp32 -mcmodel=medany -msmall-data-limit=0 -ffreestanding -fno-builtin -fno-stack-protector -fno-pic -fdata-sections -ffunction-sections -std=gnu11 -Wall -Wextra -ID:\code\FPGA\vivado\ultra_bht_btb_followup\sim\ultra_simd_subset_v1\coremark_followup\EDAP2\source -DTOTAL_DATA_SIZE=2000 -DMEM_METHOD=MEM_STATIC -DMULTITHREAD=1 -DITERATIONS=16 -DHAS_FLOAT=0 -DHAS_STDIO=0 -DHAS_PRINTF=0 -DMAIN_HAS_NOARGC=1 -DMAIN_HAS_NORETURN=0 -DSEED_METHOD=SEED_VOLATILE -DMEM_LOCATION=\"TCM\" -DULTRA_OPT_LEVEL=3 -DULTRA_PERF_COUNTERS -DULTRA_XPACK_GCC -O3 -flto -funroll-loops -g -c D:\code\FPGA\vivado\ultra_bht_btb_followup\sim\ultra_simd_subset_v1\coremark_followup\EDAP2\source\core_util.c -o D:\code\FPGA\vivado\ultra_bht_btb_followup\sim\ultra_simd_subset_v1\coremark_followup\EDAP2\build\core_util.o

D:\code\FPGA\toolchains\xpack-riscv-none-elf-gcc-15.2.0-1\bin\riscv-none-elf-gcc.exe -march=rv32im_zicsr -mabi=ilp32 -mcmodel=medany -msmall-data-limit=0 -ffreestanding -fno-builtin -fno-stack-protector -fno-pic -fdata-sections -ffunction-sections -std=gnu11 -Wall -Wextra -ID:\code\FPGA\vivado\ultra_bht_btb_followup\sim\ultra_simd_subset_v1\coremark_followup\EDAP2\source -DTOTAL_DATA_SIZE=2000 -DMEM_METHOD=MEM_STATIC -DMULTITHREAD=1 -DITERATIONS=16 -DHAS_FLOAT=0 -DHAS_STDIO=0 -DHAS_PRINTF=0 -DMAIN_HAS_NOARGC=1 -DMAIN_HAS_NORETURN=0 -DSEED_METHOD=SEED_VOLATILE -DMEM_LOCATION=\"TCM\" -DULTRA_OPT_LEVEL=3 -DULTRA_PERF_COUNTERS -DULTRA_XPACK_GCC -O3 -flto -funroll-loops -g -c D:\code\FPGA\vivado\ultra_bht_btb_followup\sim\ultra_simd_subset_v1\coremark_followup\EDAP2\source\core_portme.c -o D:\code\FPGA\vivado\ultra_bht_btb_followup\sim\ultra_simd_subset_v1\coremark_followup\EDAP2\build\core_portme.o

D:\code\FPGA\toolchains\xpack-riscv-none-elf-gcc-15.2.0-1\bin\riscv-none-elf-gcc.exe -march=rv32im_zicsr -mabi=ilp32 -mcmodel=medany -msmall-data-limit=0 -ffreestanding -fno-builtin -fno-stack-protector -fno-pic -fdata-sections -ffunction-sections -std=gnu11 -Wall -Wextra -ID:\code\FPGA\vivado\ultra_bht_btb_followup\sim\ultra_simd_subset_v1\coremark_followup\EDAP2\source -DTOTAL_DATA_SIZE=2000 -DMEM_METHOD=MEM_STATIC -DMULTITHREAD=1 -DITERATIONS=16 -DHAS_FLOAT=0 -DHAS_STDIO=0 -DHAS_PRINTF=0 -DMAIN_HAS_NOARGC=1 -DMAIN_HAS_NORETURN=0 -DSEED_METHOD=SEED_VOLATILE -DMEM_LOCATION=\"TCM\" -DULTRA_OPT_LEVEL=3 -DULTRA_PERF_COUNTERS -DULTRA_XPACK_GCC -O3 -flto -funroll-loops -g -c D:\code\FPGA\vivado\ultra_bht_btb_followup\sim\ultra_simd_subset_v1\coremark_followup\EDAP2\source\ee_printf.c -o D:\code\FPGA\vivado\ultra_bht_btb_followup\sim\ultra_simd_subset_v1\coremark_followup\EDAP2\build\ee_printf.o
D:\code\FPGA\vivado\ultra_bht_btb_followup\sim\ultra_simd_subset_v1\coremark_followup\EDAP2\source\ee_printf.c: In function 'eaddr':
D:\code\FPGA\vivado\ultra_bht_btb_followup\sim\ultra_simd_subset_v1\coremark_followup\EDAP2\source\ee_printf.c:143:53: warning: unused parameter 'precision' [-Wunused-parameter]
  143 | eaddr(char *str, unsigned char *addr, int size, int precision, int type)
      |                                                 ~~~~^~~~~~~~~
D:\code\FPGA\vivado\ultra_bht_btb_followup\sim\ultra_simd_subset_v1\coremark_followup\EDAP2\source\ee_printf.c: In function 'iaddr':
D:\code\FPGA\vivado\ultra_bht_btb_followup\sim\ultra_simd_subset_v1\coremark_followup\EDAP2\source\ee_printf.c:172:53: warning: unused parameter 'precision' [-Wunused-parameter]
  172 | iaddr(char *str, unsigned char *addr, int size, int precision, int type)
      |                                                 ~~~~^~~~~~~~~
D:\code\FPGA\vivado\ultra_bht_btb_followup\sim\ultra_simd_subset_v1\coremark_followup\EDAP2\source\ee_printf.c: In function 'ee_vsprintf':
D:\code\FPGA\vivado\ultra_bht_btb_followup\sim\ultra_simd_subset_v1\coremark_followup\EDAP2\source\ee_printf.c:589:23: warning: this statement may fall through [-Wimplicit-fallthrough=]
  589 |                 flags |= UPPERCASE;
      |                       ^
D:\code\FPGA\vivado\ultra_bht_btb_followup\sim\ultra_simd_subset_v1\coremark_followup\EDAP2\source\ee_printf.c:591:13: note: here
  591 |             case 'a':
      |             ^~~~
D:\code\FPGA\vivado\ultra_bht_btb_followup\sim\ultra_simd_subset_v1\coremark_followup\EDAP2\source\ee_printf.c:612:23: warning: this statement may fall through [-Wimplicit-fallthrough=]
  612 |                 flags |= UPPERCASE;
      |                       ^
D:\code\FPGA\vivado\ultra_bht_btb_followup\sim\ultra_simd_subset_v1\coremark_followup\EDAP2\source\ee_printf.c:614:13: note: here
  614 |             case 'x':
      |             ^~~~

D:\code\FPGA\toolchains\xpack-riscv-none-elf-gcc-15.2.0-1\bin\riscv-none-elf-gcc.exe -march=rv32im_zicsr -mabi=ilp32 -mcmodel=medany -msmall-data-limit=0 -ffreestanding -fno-builtin -fno-stack-protector -fno-pic -fdata-sections -ffunction-sections -std=gnu11 -Wall -Wextra -ID:\code\FPGA\vivado\ultra_bht_btb_followup\sim\ultra_simd_subset_v1\coremark_followup\EDAP2\source -DTOTAL_DATA_SIZE=2000 -DMEM_METHOD=MEM_STATIC -DMULTITHREAD=1 -DITERATIONS=16 -DHAS_FLOAT=0 -DHAS_STDIO=0 -DHAS_PRINTF=0 -DMAIN_HAS_NOARGC=1 -DMAIN_HAS_NORETURN=0 -DSEED_METHOD=SEED_VOLATILE -DMEM_LOCATION=\"TCM\" -DULTRA_OPT_LEVEL=3 -DULTRA_PERF_COUNTERS -DULTRA_XPACK_GCC -O3 -flto -funroll-loops -g -c D:\code\FPGA\vivado\ultra_bht_btb_followup\sim\ultra_simd_subset_v1\coremark_followup\EDAP2\source\startup.S -o D:\code\FPGA\vivado\ultra_bht_btb_followup\sim\ultra_simd_subset_v1\coremark_followup\EDAP2\build\startup.o

D:\code\FPGA\toolchains\xpack-riscv-none-elf-gcc-15.2.0-1\bin\riscv-none-elf-gcc.exe -march=rv32im_zicsr -mabi=ilp32 -mcmodel=medany -msmall-data-limit=0 -ffreestanding -fno-builtin -fno-stack-protector -fno-pic -fdata-sections -ffunction-sections -std=gnu11 -Wall -Wextra -ID:\code\FPGA\vivado\ultra_bht_btb_followup\sim\ultra_simd_subset_v1\coremark_followup\EDAP2\source -DTOTAL_DATA_SIZE=2000 -DMEM_METHOD=MEM_STATIC -DMULTITHREAD=1 -DITERATIONS=16 -DHAS_FLOAT=0 -DHAS_STDIO=0 -DHAS_PRINTF=0 -DMAIN_HAS_NOARGC=1 -DMAIN_HAS_NORETURN=0 -DSEED_METHOD=SEED_VOLATILE -DMEM_LOCATION=\"TCM\" -DULTRA_OPT_LEVEL=3 -DULTRA_PERF_COUNTERS -DULTRA_XPACK_GCC -O3 -flto -funroll-loops -g -nostdlib -Wl,--gc-sections -Wl,-T,D:\code\FPGA\vivado\ultra_bht_btb_followup\sim\ultra_simd_subset_v1\coremark_followup\EDAP2\source\linker.ld -Wl,-Map,D:\code\FPGA\vivado\ultra_bht_btb_followup\sim\ultra_simd_subset_v1\coremark_followup\EDAP2\build\coremark.map D:\code\FPGA\vivado\ultra_bht_btb_followup\sim\ultra_simd_subset_v1\coremark_followup\EDAP2\build\core_main.o D:\code\FPGA\vivado\ultra_bht_btb_followup\sim\ultra_simd_subset_v1\coremark_followup\EDAP2\build\core_list_join.o D:\code\FPGA\vivado\ultra_bht_btb_followup\sim\ultra_simd_subset_v1\coremark_followup\EDAP2\build\core_matrix.o D:\code\FPGA\vivado\ultra_bht_btb_followup\sim\ultra_simd_subset_v1\coremark_followup\EDAP2\build\core_state.o D:\code\FPGA\vivado\ultra_bht_btb_followup\sim\ultra_simd_subset_v1\coremark_followup\EDAP2\build\core_util.o D:\code\FPGA\vivado\ultra_bht_btb_followup\sim\ultra_simd_subset_v1\coremark_followup\EDAP2\build\core_portme.o D:\code\FPGA\vivado\ultra_bht_btb_followup\sim\ultra_simd_subset_v1\coremark_followup\EDAP2\build\ee_printf.o D:\code\FPGA\vivado\ultra_bht_btb_followup\sim\ultra_simd_subset_v1\coremark_followup\EDAP2\build\startup.o -lgcc -o D:\code\FPGA\vivado\ultra_bht_btb_followup\sim\ultra_simd_subset_v1\coremark_followup\EDAP2\build\coremark.elf
D:/code/FPGA/toolchains/xpack-riscv-none-elf-gcc-15.2.0-1/bin/../lib/gcc/riscv-none-elf/15.2.0/../../../../riscv-none-elf/bin/ld.exe: warning: D:\code\FPGA\vivado\ultra_bht_btb_followup\sim\ultra_simd_subset_v1\coremark_followup\EDAP2\build\coremark.elf has a LOAD segment with RWX permissions

D:\code\FPGA\toolchains\xpack-riscv-none-elf-gcc-15.2.0-1\bin\riscv-none-elf-objdump.exe -d D:\code\FPGA\vivado\ultra_bht_btb_followup\sim\ultra_simd_subset_v1\coremark_followup\EDAP2\build\coremark.elf

D:\code\FPGA\vivado\ultra_bht_btb_followup\sim\ultra_simd_subset_v1\coremark_followup\EDAP2\build\coremark.elf:     file format elf32-littleriscv


Disassembly of section .text:

00002000 <_start>:
    2000:	0000e117          	auipc	sp,0xe
    2004:	00010113          	mv	sp,sp
    2008:	0000a517          	auipc	a0,0xa
    200c:	c1850513          	addi	a0,a0,-1000 # bc20 <ultra_signature_pos>
    2010:	0000a597          	auipc	a1,0xa
    2014:	56858593          	addi	a1,a1,1384 # c578 <__bss_end>
    2018:	00b50863          	beq	a0,a1,2028 <_start+0x28>
    201c:	00052023          	sw	zero,0(a0)
    2020:	00450513          	addi	a0,a0,4
    2024:	feb56ce3          	bltu	a0,a1,201c <_start+0x1c>
    2028:	111060ef          	jal	8938 <main>

0000202c <_halt>:
    202c:	0000006f          	j	202c <_halt>

00002030 <crcu16>:
    2030:	0ff5f793          	zext.b	a5,a1
    2034:	00879293          	slli	t0,a5,0x8
    2038:	0085d593          	srli	a1,a1,0x8
    203c:	00001737          	lui	a4,0x1
    2040:	fffff337          	lui	t1,0xfffff
    2044:	00b2e3b3          	or	t2,t0,a1
    2048:	f0f70f93          	addi	t6,a4,-241 # f0f <_start-0x10f1>
    204c:	0f030293          	addi	t0,t1,240 # fffff0f0 <__stack_top+0xfffef0f0>
    2050:	01f3f633          	and	a2,t2,t6
    2054:	0053f6b3          	and	a3,t2,t0
    2058:	00461813          	slli	a6,a2,0x4
    205c:	0046d893          	srli	a7,a3,0x4
    2060:	00f57e93          	andi	t4,a0,15
    2064:	0f057f13          	andi	t5,a0,240
    2068:	000037b7          	lui	a5,0x3
    206c:	ffffd5b7          	lui	a1,0xffffd
    2070:	33378393          	addi	t2,a5,819 # 3333 <calc_func+0xdf3>
    2074:	ccc58313          	addi	t1,a1,-820 # ffffcccc <__stack_top+0xfffecccc>
    2078:	01186e33          	or	t3,a6,a7
    207c:	004e9713          	slli	a4,t4,0x4
    2080:	004f5693          	srli	a3,t5,0x4
    2084:	006e7833          	and	a6,t3,t1
    2088:	00d768b3          	or	a7,a4,a3
    208c:	007e7633          	and	a2,t3,t2
    2090:	00261e13          	slli	t3,a2,0x2
    2094:	00285e93          	srli	t4,a6,0x2
    2098:	0338f793          	andi	a5,a7,51
    209c:	0cc8f713          	andi	a4,a7,204
    20a0:	000055b7          	lui	a1,0x5
    20a4:	ffffb6b7          	lui	a3,0xffffb
    20a8:	01de6f33          	or	t5,t3,t4
    20ac:	55558893          	addi	a7,a1,1365 # 5555 <core_bench_list+0x28d>
    20b0:	aaa68813          	addi	a6,a3,-1366 # ffffaaaa <__stack_top+0xfffeaaaa>
    20b4:	00279e13          	slli	t3,a5,0x2
    20b8:	00275e93          	srli	t4,a4,0x2
    20bc:	011f77b3          	and	a5,t5,a7
    20c0:	010f7633          	and	a2,t5,a6
    20c4:	01de6733          	or	a4,t3,t4
    20c8:	00165693          	srli	a3,a2,0x1
    20cc:	00179593          	slli	a1,a5,0x1
    20d0:	05577f13          	andi	t5,a4,85
    20d4:	0aa77e13          	andi	t3,a4,170
    20d8:	00d5eeb3          	or	t4,a1,a3
    20dc:	001e5613          	srli	a2,t3,0x1
    20e0:	001f1793          	slli	a5,t5,0x1
    20e4:	00c7ef33          	or	t5,a5,a2
    20e8:	008ed713          	srli	a4,t4,0x8
    20ec:	01e74e33          	xor	t3,a4,t5
    20f0:	00d5e5b3          	or	a1,a1,a3
    20f4:	0000a797          	auipc	a5,0xa
    20f8:	92478793          	addi	a5,a5,-1756 # ba18 <list_known_crc+0xc>
    20fc:	001e1693          	slli	a3,t3,0x1
    2100:	00f68eb3          	add	t4,a3,a5
    2104:	000ed703          	lhu	a4,0(t4)
    2108:	00859613          	slli	a2,a1,0x8
    210c:	00855513          	srli	a0,a0,0x8
    2110:	00c74f33          	xor	t5,a4,a2
    2114:	0ff77e13          	zext.b	t3,a4
    2118:	010f1593          	slli	a1,t5,0x10
    211c:	0185de93          	srli	t4,a1,0x18
    2120:	008e1693          	slli	a3,t3,0x8
    2124:	01d6e733          	or	a4,a3,t4
    2128:	01f77633          	and	a2,a4,t6
    212c:	00577f33          	and	t5,a4,t0
    2130:	00461e13          	slli	t3,a2,0x4
    2134:	004f5593          	srli	a1,t5,0x4
    2138:	00be6eb3          	or	t4,t3,a1
    213c:	007ef6b3          	and	a3,t4,t2
    2140:	006ef733          	and	a4,t4,t1
    2144:	00269f13          	slli	t5,a3,0x2
    2148:	00275613          	srli	a2,a4,0x2
    214c:	00cf6e33          	or	t3,t5,a2
    2150:	011e75b3          	and	a1,t3,a7
    2154:	010e7eb3          	and	t4,t3,a6
    2158:	00159713          	slli	a4,a1,0x1
    215c:	001ed693          	srli	a3,t4,0x1
    2160:	00d76f33          	or	t5,a4,a3
    2164:	0fff7613          	zext.b	a2,t5
    2168:	00861e13          	slli	t3,a2,0x8
    216c:	008f5593          	srli	a1,t5,0x8
    2170:	00be6eb3          	or	t4,t3,a1
    2174:	01fef733          	and	a4,t4,t6
    2178:	005eff33          	and	t5,t4,t0
    217c:	00f57613          	andi	a2,a0,15
    2180:	00471693          	slli	a3,a4,0x4
    2184:	004f5e13          	srli	t3,t5,0x4
    2188:	01c6eeb3          	or	t4,a3,t3
    218c:	00461593          	slli	a1,a2,0x4
    2190:	00455513          	srli	a0,a0,0x4
    2194:	00a5e733          	or	a4,a1,a0
    2198:	007eff33          	and	t5,t4,t2
    219c:	006efe33          	and	t3,t4,t1
    21a0:	03377693          	andi	a3,a4,51
    21a4:	002e5513          	srli	a0,t3,0x2
    21a8:	0cc77613          	andi	a2,a4,204
    21ac:	002f1593          	slli	a1,t5,0x2
    21b0:	00a5ef33          	or	t5,a1,a0
    21b4:	00269e93          	slli	t4,a3,0x2
    21b8:	00265713          	srli	a4,a2,0x2
    21bc:	00eeee33          	or	t3,t4,a4
    21c0:	011f7633          	and	a2,t5,a7
    21c4:	010f75b3          	and	a1,t5,a6
    21c8:	055e7e93          	andi	t4,t3,85
    21cc:	0015d513          	srli	a0,a1,0x1
    21d0:	0aae7693          	andi	a3,t3,170
    21d4:	00161713          	slli	a4,a2,0x1
    21d8:	00a76633          	or	a2,a4,a0
    21dc:	001e9f13          	slli	t5,t4,0x1
    21e0:	0016de13          	srli	t3,a3,0x1
    21e4:	01cf65b3          	or	a1,t5,t3
    21e8:	00865e93          	srli	t4,a2,0x8
    21ec:	00bec6b3          	xor	a3,t4,a1
    21f0:	00169713          	slli	a4,a3,0x1
    21f4:	00f707b3          	add	a5,a4,a5
    21f8:	0007d503          	lhu	a0,0(a5)
    21fc:	00861f13          	slli	t5,a2,0x8
    2200:	01e54e33          	xor	t3,a0,t5
    2204:	0ff57593          	zext.b	a1,a0
    2208:	010e1613          	slli	a2,t3,0x10
    220c:	01865e93          	srli	t4,a2,0x18
    2210:	00859693          	slli	a3,a1,0x8
    2214:	01d6e7b3          	or	a5,a3,t4
    2218:	01f7ffb3          	and	t6,a5,t6
    221c:	0057f2b3          	and	t0,a5,t0
    2220:	0042d513          	srli	a0,t0,0x4
    2224:	004f9713          	slli	a4,t6,0x4
    2228:	00a76f33          	or	t5,a4,a0
    222c:	007f73b3          	and	t2,t5,t2
    2230:	006f7333          	and	t1,t5,t1
    2234:	00239e13          	slli	t3,t2,0x2
    2238:	00235593          	srli	a1,t1,0x2
    223c:	00be6633          	or	a2,t3,a1
    2240:	011678b3          	and	a7,a2,a7
    2244:	01067833          	and	a6,a2,a6
    2248:	00189e93          	slli	t4,a7,0x1
    224c:	00185693          	srli	a3,a6,0x1
    2250:	00dee533          	or	a0,t4,a3
    2254:	00008067          	ret

00002258 <core_state_transition>:
    2258:	00052703          	lw	a4,0(a0)
    225c:	00050613          	mv	a2,a0
    2260:	00074783          	lbu	a5,0(a4)
    2264:	26078663          	beqz	a5,24d0 <core_state_transition+0x278>
    2268:	02c00693          	li	a3,44
    226c:	00000513          	li	a0,0
    2270:	1cd78c63          	beq	a5,a3,2448 <core_state_transition+0x1f0>
    2274:	02e00813          	li	a6,46
    2278:	1d078c63          	beq	a5,a6,2450 <core_state_transition+0x1f8>
    227c:	02f86c63          	bltu	a6,a5,22b4 <core_state_transition+0x5c>
    2280:	fd578f13          	addi	t5,a5,-43
    2284:	0fdf7f93          	andi	t6,t5,253
    2288:	1e0f8663          	beqz	t6,2474 <core_state_transition+0x21c>
    228c:	0045af03          	lw	t5,4(a1)
    2290:	0005af83          	lw	t6,0(a1)
    2294:	00170713          	addi	a4,a4,1
    2298:	001f0693          	addi	a3,t5,1
    229c:	001f8513          	addi	a0,t6,1
    22a0:	00a5a023          	sw	a0,0(a1)
    22a4:	00d5a223          	sw	a3,4(a1)
    22a8:	00100513          	li	a0,1
    22ac:	00e62023          	sw	a4,0(a2)
    22b0:	00008067          	ret
    22b4:	fd078313          	addi	t1,a5,-48
    22b8:	0ff37393          	zext.b	t2,t1
    22bc:	00900893          	li	a7,9
    22c0:	fc78e6e3          	bltu	a7,t2,228c <core_state_transition+0x34>
    22c4:	0005ae03          	lw	t3,0(a1)
    22c8:	00170793          	addi	a5,a4,1
    22cc:	001e0e93          	addi	t4,t3,1
    22d0:	01d5a023          	sw	t4,0(a1)
    22d4:	00174703          	lbu	a4,1(a4)
    22d8:	1e070663          	beqz	a4,24c4 <core_state_transition+0x26c>
    22dc:	16d70263          	beq	a4,a3,2440 <core_state_transition+0x1e8>
    22e0:	02e00813          	li	a6,46
    22e4:	05070463          	beq	a4,a6,232c <core_state_transition+0xd4>
    22e8:	fd070f13          	addi	t5,a4,-48
    22ec:	0fff7f93          	zext.b	t6,t5
    22f0:	00900513          	li	a0,9
    22f4:	03f57263          	bgeu	a0,t6,2318 <core_state_transition+0xc0>
    22f8:	0105a283          	lw	t0,16(a1)
    22fc:	00100513          	li	a0,1
    2300:	00178713          	addi	a4,a5,1
    2304:	00a287b3          	add	a5,t0,a0
    2308:	00f5a823          	sw	a5,16(a1)
    230c:	00e62023          	sw	a4,0(a2)
    2310:	00008067          	ret
    2314:	01d5a423          	sw	t4,8(a1)
    2318:	0017c703          	lbu	a4,1(a5)
    231c:	00178793          	addi	a5,a5,1
    2320:	1a070263          	beqz	a4,24c4 <core_state_transition+0x26c>
    2324:	02c00693          	li	a3,44
    2328:	fb5ff06f          	j	22dc <core_state_transition+0x84>
    232c:	0105a303          	lw	t1,16(a1)
    2330:	00130393          	addi	t2,t1,1
    2334:	0075a823          	sw	t2,16(a1)
    2338:	0017ce03          	lbu	t3,1(a5)
    233c:	00178793          	addi	a5,a5,1
    2340:	120e0463          	beqz	t3,2468 <core_state_transition+0x210>
    2344:	02c00693          	li	a3,44
    2348:	18de0863          	beq	t3,a3,24d8 <core_state_transition+0x280>
    234c:	0dfe7893          	andi	a7,t3,223
    2350:	04500e93          	li	t4,69
    2354:	0dd89263          	bne	a7,t4,2418 <core_state_transition+0x1c0>
    2358:	0145a503          	lw	a0,20(a1)
    235c:	00178713          	addi	a4,a5,1
    2360:	00150293          	addi	t0,a0,1
    2364:	0055aa23          	sw	t0,20(a1)
    2368:	0017c303          	lbu	t1,1(a5)
    236c:	18030863          	beqz	t1,24fc <core_state_transition+0x2a4>
    2370:	02c00393          	li	t2,44
    2374:	18730863          	beq	t1,t2,2504 <core_state_transition+0x2ac>
    2378:	00c5ae03          	lw	t3,12(a1)
    237c:	fd530893          	addi	a7,t1,-43
    2380:	0fd8fe93          	andi	t4,a7,253
    2384:	001e0713          	addi	a4,t3,1
    2388:	00e5a623          	sw	a4,12(a1)
    238c:	080e9063          	bnez	t4,240c <core_state_transition+0x1b4>
    2390:	0027c803          	lbu	a6,2(a5)
    2394:	00278713          	addi	a4,a5,2
    2398:	16080c63          	beqz	a6,2510 <core_state_transition+0x2b8>
    239c:	16780e63          	beq	a6,t2,2518 <core_state_transition+0x2c0>
    23a0:	0185af03          	lw	t5,24(a1)
    23a4:	fd080693          	addi	a3,a6,-48
    23a8:	0ff6ff93          	zext.b	t6,a3
    23ac:	001f0513          	addi	a0,t5,1
    23b0:	00900893          	li	a7,9
    23b4:	00a5ac23          	sw	a0,24(a1)
    23b8:	01f8fa63          	bgeu	a7,t6,23cc <core_state_transition+0x174>
    23bc:	00378713          	addi	a4,a5,3
    23c0:	00100513          	li	a0,1
    23c4:	00e62023          	sw	a4,0(a2)
    23c8:	00008067          	ret
    23cc:	00070293          	mv	t0,a4
    23d0:	00174303          	lbu	t1,1(a4)
    23d4:	00170713          	addi	a4,a4,1
    23d8:	02c00393          	li	t2,44
    23dc:	fd030793          	addi	a5,t1,-48
    23e0:	0ff7fe13          	zext.b	t3,a5
    23e4:	10030263          	beqz	t1,24e8 <core_state_transition+0x290>
    23e8:	10730463          	beq	t1,t2,24f0 <core_state_transition+0x298>
    23ec:	ffc8f0e3          	bgeu	a7,t3,23cc <core_state_transition+0x174>
    23f0:	0045ae83          	lw	t4,4(a1)
    23f4:	00100513          	li	a0,1
    23f8:	00228713          	addi	a4,t0,2
    23fc:	00ae8833          	add	a6,t4,a0
    2400:	0105a223          	sw	a6,4(a1)
    2404:	00e62023          	sw	a4,0(a2)
    2408:	00008067          	ret
    240c:	00278713          	addi	a4,a5,2
    2410:	00100513          	li	a0,1
    2414:	e99ff06f          	j	22ac <core_state_transition+0x54>
    2418:	fd0e0713          	addi	a4,t3,-48
    241c:	0ff77813          	zext.b	a6,a4
    2420:	00900693          	li	a3,9
    2424:	f106fae3          	bgeu	a3,a6,2338 <core_state_transition+0xe0>
    2428:	0145af03          	lw	t5,20(a1)
    242c:	00100513          	li	a0,1
    2430:	00178713          	addi	a4,a5,1
    2434:	00af0fb3          	add	t6,t5,a0
    2438:	01f5aa23          	sw	t6,20(a1)
    243c:	e71ff06f          	j	22ac <core_state_transition+0x54>
    2440:	00078713          	mv	a4,a5
    2444:	00400513          	li	a0,4
    2448:	00170713          	addi	a4,a4,1
    244c:	e61ff06f          	j	22ac <core_state_transition+0x54>
    2450:	0005a503          	lw	a0,0(a1)
    2454:	00170793          	addi	a5,a4,1
    2458:	00150293          	addi	t0,a0,1
    245c:	0055a023          	sw	t0,0(a1)
    2460:	00174e03          	lbu	t3,1(a4)
    2464:	ee0e12e3          	bnez	t3,2348 <core_state_transition+0xf0>
    2468:	00078713          	mv	a4,a5
    246c:	00500513          	li	a0,5
    2470:	e3dff06f          	j	22ac <core_state_transition+0x54>
    2474:	0005a503          	lw	a0,0(a1)
    2478:	00170793          	addi	a5,a4,1
    247c:	00150293          	addi	t0,a0,1
    2480:	0055a023          	sw	t0,0(a1)
    2484:	00174303          	lbu	t1,1(a4)
    2488:	08030e63          	beqz	t1,2524 <core_state_transition+0x2cc>
    248c:	0ad30263          	beq	t1,a3,2530 <core_state_transition+0x2d8>
    2490:	0085a383          	lw	t2,8(a1)
    2494:	fd030693          	addi	a3,t1,-48
    2498:	0ff6fe13          	zext.b	t3,a3
    249c:	00900893          	li	a7,9
    24a0:	00138e93          	addi	t4,t2,1
    24a4:	e7c8f8e3          	bgeu	a7,t3,2314 <core_state_transition+0xbc>
    24a8:	01030a63          	beq	t1,a6,24bc <core_state_transition+0x264>
    24ac:	01d5a423          	sw	t4,8(a1)
    24b0:	00270713          	addi	a4,a4,2
    24b4:	00100513          	li	a0,1
    24b8:	df5ff06f          	j	22ac <core_state_transition+0x54>
    24bc:	01d5a423          	sw	t4,8(a1)
    24c0:	e79ff06f          	j	2338 <core_state_transition+0xe0>
    24c4:	00078713          	mv	a4,a5
    24c8:	00400513          	li	a0,4
    24cc:	de1ff06f          	j	22ac <core_state_transition+0x54>
    24d0:	00000513          	li	a0,0
    24d4:	dd9ff06f          	j	22ac <core_state_transition+0x54>
    24d8:	00078713          	mv	a4,a5
    24dc:	00500513          	li	a0,5
    24e0:	00170713          	addi	a4,a4,1
    24e4:	dc9ff06f          	j	22ac <core_state_transition+0x54>
    24e8:	00700513          	li	a0,7
    24ec:	dc1ff06f          	j	22ac <core_state_transition+0x54>
    24f0:	00700513          	li	a0,7
    24f4:	00170713          	addi	a4,a4,1
    24f8:	db5ff06f          	j	22ac <core_state_transition+0x54>
    24fc:	00300513          	li	a0,3
    2500:	dadff06f          	j	22ac <core_state_transition+0x54>
    2504:	00300513          	li	a0,3
    2508:	00170713          	addi	a4,a4,1
    250c:	da1ff06f          	j	22ac <core_state_transition+0x54>
    2510:	00600513          	li	a0,6
    2514:	d99ff06f          	j	22ac <core_state_transition+0x54>
    2518:	00600513          	li	a0,6
    251c:	00170713          	addi	a4,a4,1
    2520:	d8dff06f          	j	22ac <core_state_transition+0x54>
    2524:	00078713          	mv	a4,a5
    2528:	00200513          	li	a0,2
    252c:	d81ff06f          	j	22ac <core_state_transition+0x54>
    2530:	00078713          	mv	a4,a5
    2534:	00200513          	li	a0,2
    2538:	00170713          	addi	a4,a4,1
    253c:	d71ff06f          	j	22ac <core_state_transition+0x54>

00002540 <calc_func>:
    2540:	00051283          	lh	t0,0(a0)
    2544:	4072d693          	srai	a3,t0,0x7
    2548:	0016f693          	andi	a3,a3,1
    254c:	00068663          	beqz	a3,2558 <calc_func+0x18>
    2550:	07f2f513          	andi	a0,t0,127
    2554:	00008067          	ret
    2558:	0385de03          	lhu	t3,56(a1)
    255c:	4032d813          	srai	a6,t0,0x3
    2560:	eb010113          	addi	sp,sp,-336 # feb0 <__signature_end+0xeb0>
    2564:	00f87393          	andi	t2,a6,15
    2568:	14812423          	sw	s0,328(sp)
    256c:	00058313          	mv	t1,a1
    2570:	00439793          	slli	a5,t2,0x4
    2574:	14112623          	sw	ra,332(sp)
    2578:	0072f593          	andi	a1,t0,7
    257c:	00050f13          	mv	t5,a0
    2580:	00f38833          	add	a6,t2,a5
    2584:	000e0413          	mv	s0,t3
    2588:	60058463          	beqz	a1,2b90 <calc_func+0x650>
    258c:	00100513          	li	a0,1
    2590:	26a58c63          	beq	a1,a0,2808 <calc_func+0x2c8>
    2594:	00028413          	mv	s0,t0
    2598:	00028513          	mv	a0,t0
    259c:	0ff57e93          	zext.b	t4,a0
    25a0:	01cec633          	xor	a2,t4,t3
    25a4:	01f61793          	slli	a5,a2,0x1f
    25a8:	ffffa3b7          	lui	t2,0xffffa
    25ac:	00138713          	addi	a4,t2,1 # ffffa001 <__stack_top+0xfffea001>
    25b0:	41f7d813          	srai	a6,a5,0x1f
    25b4:	00e878b3          	and	a7,a6,a4
    25b8:	001e5e13          	srli	t3,t3,0x1
    25bc:	01c8cfb3          	xor	t6,a7,t3
    25c0:	010f9693          	slli	a3,t6,0x10
    25c4:	0106d613          	srli	a2,a3,0x10
    25c8:	001ed593          	srli	a1,t4,0x1
    25cc:	00c5c833          	xor	a6,a1,a2
    25d0:	01f81393          	slli	t2,a6,0x1f
    25d4:	41f3de13          	srai	t3,t2,0x1f
    25d8:	00ee78b3          	and	a7,t3,a4
    25dc:	00165f93          	srli	t6,a2,0x1
    25e0:	01f8c6b3          	xor	a3,a7,t6
    25e4:	01069613          	slli	a2,a3,0x10
    25e8:	01065813          	srli	a6,a2,0x10
    25ec:	002ed793          	srli	a5,t4,0x2
    25f0:	0107c7b3          	xor	a5,a5,a6
    25f4:	01f79e13          	slli	t3,a5,0x1f
    25f8:	41fe5893          	srai	a7,t3,0x1f
    25fc:	00e8ffb3          	and	t6,a7,a4
    2600:	00185693          	srli	a3,a6,0x1
    2604:	00dfc633          	xor	a2,t6,a3
    2608:	01061813          	slli	a6,a2,0x10
    260c:	01085793          	srli	a5,a6,0x10
    2610:	003ed393          	srli	t2,t4,0x3
    2614:	00f3c3b3          	xor	t2,t2,a5
    2618:	01f39e13          	slli	t3,t2,0x1f
    261c:	41fe5893          	srai	a7,t3,0x1f
    2620:	00e8f633          	and	a2,a7,a4
    2624:	0017d813          	srli	a6,a5,0x1
    2628:	010647b3          	xor	a5,a2,a6
    262c:	01079393          	slli	t2,a5,0x10
    2630:	0103d893          	srli	a7,t2,0x10
    2634:	004ed593          	srli	a1,t4,0x4
    2638:	005edf93          	srli	t6,t4,0x5
    263c:	006ed693          	srli	a3,t4,0x6
    2640:	007ed813          	srli	a6,t4,0x7
    2644:	0115ceb3          	xor	t4,a1,a7
    2648:	01fe9593          	slli	a1,t4,0x1f
    264c:	41f5de13          	srai	t3,a1,0x1f
    2650:	00ee7633          	and	a2,t3,a4
    2654:	0018d793          	srli	a5,a7,0x1
    2658:	00f643b3          	xor	t2,a2,a5
    265c:	01039893          	slli	a7,t2,0x10
    2660:	0108d593          	srli	a1,a7,0x10
    2664:	00bfcfb3          	xor	t6,t6,a1
    2668:	01ff9e13          	slli	t3,t6,0x1f
    266c:	41fe5613          	srai	a2,t3,0x1f
    2670:	00e677b3          	and	a5,a2,a4
    2674:	0015d393          	srli	t2,a1,0x1
    2678:	0077c8b3          	xor	a7,a5,t2
    267c:	01089593          	slli	a1,a7,0x10
    2680:	0105df93          	srli	t6,a1,0x10
    2684:	01f6c6b3          	xor	a3,a3,t6
    2688:	01f69613          	slli	a2,a3,0x1f
    268c:	41f65793          	srai	a5,a2,0x1f
    2690:	00e7f3b3          	and	t2,a5,a4
    2694:	001fd593          	srli	a1,t6,0x1
    2698:	00b3cfb3          	xor	t6,t2,a1
    269c:	010f9693          	slli	a3,t6,0x10
    26a0:	0106d793          	srli	a5,a3,0x10
    26a4:	00f84833          	xor	a6,a6,a5
    26a8:	01f81393          	slli	t2,a6,0x1f
    26ac:	41f3df93          	srai	t6,t2,0x1f
    26b0:	00eff833          	and	a6,t6,a4
    26b4:	0017d693          	srli	a3,a5,0x1
    26b8:	00d847b3          	xor	a5,a6,a3
    26bc:	01079393          	slli	t2,a5,0x10
    26c0:	00845413          	srli	s0,s0,0x8
    26c4:	0ff47413          	zext.b	s0,s0
    26c8:	0103d813          	srli	a6,t2,0x10
    26cc:	01044fb3          	xor	t6,s0,a6
    26d0:	01ff9793          	slli	a5,t6,0x1f
    26d4:	41f7d393          	srai	t2,a5,0x1f
    26d8:	00e3ffb3          	and	t6,t2,a4
    26dc:	00185813          	srli	a6,a6,0x1
    26e0:	010fc7b3          	xor	a5,t6,a6
    26e4:	01079393          	slli	t2,a5,0x10
    26e8:	0103d813          	srli	a6,t2,0x10
    26ec:	00145e93          	srli	t4,s0,0x1
    26f0:	010eceb3          	xor	t4,t4,a6
    26f4:	01fe9f93          	slli	t6,t4,0x1f
    26f8:	41ffd793          	srai	a5,t6,0x1f
    26fc:	00e7f3b3          	and	t2,a5,a4
    2700:	00185813          	srli	a6,a6,0x1
    2704:	0103ceb3          	xor	t4,t2,a6
    2708:	010e9f93          	slli	t6,t4,0x10
    270c:	010fd793          	srli	a5,t6,0x10
    2710:	00245e13          	srli	t3,s0,0x2
    2714:	00fe4e33          	xor	t3,t3,a5
    2718:	01fe1813          	slli	a6,t3,0x1f
    271c:	41f85e93          	srai	t4,a6,0x1f
    2720:	07f57513          	andi	a0,a0,127
    2724:	f002f293          	andi	t0,t0,-256
    2728:	00eeffb3          	and	t6,t4,a4
    272c:	005562b3          	or	t0,a0,t0
    2730:	0017d793          	srli	a5,a5,0x1
    2734:	0802e393          	ori	t2,t0,128
    2738:	00ffc2b3          	xor	t0,t6,a5
    273c:	01029e13          	slli	t3,t0,0x10
    2740:	010e5813          	srli	a6,t3,0x10
    2744:	00345893          	srli	a7,s0,0x3
    2748:	0108c8b3          	xor	a7,a7,a6
    274c:	01f89e93          	slli	t4,a7,0x1f
    2750:	41fedf93          	srai	t6,t4,0x1f
    2754:	00eff7b3          	and	a5,t6,a4
    2758:	00185293          	srli	t0,a6,0x1
    275c:	0057ce33          	xor	t3,a5,t0
    2760:	010e1813          	slli	a6,t3,0x10
    2764:	01085893          	srli	a7,a6,0x10
    2768:	00445593          	srli	a1,s0,0x4
    276c:	0115c5b3          	xor	a1,a1,a7
    2770:	01f59e93          	slli	t4,a1,0x1f
    2774:	41fedf93          	srai	t6,t4,0x1f
    2778:	00eff7b3          	and	a5,t6,a4
    277c:	0018d293          	srli	t0,a7,0x1
    2780:	0057ce33          	xor	t3,a5,t0
    2784:	010e1813          	slli	a6,t3,0x10
    2788:	01085593          	srli	a1,a6,0x10
    278c:	00545613          	srli	a2,s0,0x5
    2790:	00b64633          	xor	a2,a2,a1
    2794:	01f61893          	slli	a7,a2,0x1f
    2798:	41f8de93          	srai	t4,a7,0x1f
    279c:	00eeffb3          	and	t6,t4,a4
    27a0:	0015d793          	srli	a5,a1,0x1
    27a4:	00ffc2b3          	xor	t0,t6,a5
    27a8:	01029e13          	slli	t3,t0,0x10
    27ac:	010e5813          	srli	a6,t3,0x10
    27b0:	00645693          	srli	a3,s0,0x6
    27b4:	0106c6b3          	xor	a3,a3,a6
    27b8:	01f69593          	slli	a1,a3,0x1f
    27bc:	41f5d613          	srai	a2,a1,0x1f
    27c0:	00e678b3          	and	a7,a2,a4
    27c4:	00185e93          	srli	t4,a6,0x1
    27c8:	01d8cfb3          	xor	t6,a7,t4
    27cc:	010f9793          	slli	a5,t6,0x10
    27d0:	0107d293          	srli	t0,a5,0x10
    27d4:	00745413          	srli	s0,s0,0x7
    27d8:	00544433          	xor	s0,s0,t0
    27dc:	01f41e13          	slli	t3,s0,0x1f
    27e0:	41fe5813          	srai	a6,t3,0x1f
    27e4:	00e87733          	and	a4,a6,a4
    27e8:	0012d693          	srli	a3,t0,0x1
    27ec:	14c12083          	lw	ra,332(sp)
    27f0:	14812403          	lw	s0,328(sp)
    27f4:	00d745b3          	xor	a1,a4,a3
    27f8:	02b31c23          	sh	a1,56(t1)
    27fc:	007f1023          	sh	t2,0(t5)
    2800:	15010113          	addi	sp,sp,336
    2804:	00008067          	ret
    2808:	02832703          	lw	a4,40(t1)
    280c:	13412c23          	sw	s4,312(sp)
    2810:	14912223          	sw	s1,324(sp)
    2814:	02e70533          	mul	a0,a4,a4
    2818:	fffffa37          	lui	s4,0xfffff
    281c:	15212023          	sw	s2,320(sp)
    2820:	13312e23          	sw	s3,316(sp)
    2824:	13512a23          	sw	s5,308(sp)
    2828:	13612823          	sw	s6,304(sp)
    282c:	13712623          	sw	s7,300(sp)
    2830:	13812423          	sw	s8,296(sp)
    2834:	13912223          	sw	s9,292(sp)
    2838:	13a12023          	sw	s10,288(sp)
    283c:	03432603          	lw	a2,52(t1)
    2840:	02c32e83          	lw	t4,44(t1)
    2844:	03032383          	lw	t2,48(t1)
    2848:	014867b3          	or	a5,a6,s4
    284c:	1a050e63          	beqz	a0,2a08 <calc_func+0x4c8>
    2850:	003ef913          	andi	s2,t4,3
    2854:	00090463          	beqz	s2,285c <calc_func+0x31c>
    2858:	2090206f          	j	5260 <ee_printf.c.d2ad60ed+0x3b>
    285c:	01081b0b          	.insn	4, 0x01081b0b
    2860:	00b51463          	bne	a0,a1,2868 <calc_func+0x328>
    2864:	25d0206f          	j	52c0 <ee_printf.c.d2ad60ed+0x9b>
    2868:	00191d13          	slli	s10,s2,0x1
    286c:	412508b3          	sub	a7,a0,s2
    2870:	01ae8fb3          	add	t6,t4,s10
    2874:	ffe88413          	addi	s0,a7,-2
    2878:	000fac83          	lw	s9,0(t6)
    287c:	00145b93          	srli	s7,s0,0x1
    2880:	016cb48b          	.insn	4, 0x016cb48b
    2884:	00390a93          	addi	s5,s2,3
    2888:	009fa023          	sw	s1,0(t6)
    288c:	007bfa13          	andi	s4,s7,7
    2890:	004f8593          	addi	a1,t6,4
    2894:	00290413          	addi	s0,s2,2
    2898:	12aafe63          	bgeu	s5,a0,29d4 <calc_func+0x494>
    289c:	0c0a0463          	beqz	s4,2964 <calc_func+0x424>
    28a0:	00100c13          	li	s8,1
    28a4:	0b8a0263          	beq	s4,s8,2948 <calc_func+0x408>
    28a8:	00200993          	li	s3,2
    28ac:	093a0463          	beq	s4,s3,2934 <calc_func+0x3f4>
    28b0:	00300d13          	li	s10,3
    28b4:	07aa0663          	beq	s4,s10,2920 <calc_func+0x3e0>
    28b8:	00400893          	li	a7,4
    28bc:	051a0863          	beq	s4,a7,290c <calc_func+0x3cc>
    28c0:	00500c93          	li	s9,5
    28c4:	039a0a63          	beq	s4,s9,28f8 <calc_func+0x3b8>
    28c8:	00600b93          	li	s7,6
    28cc:	017a0c63          	beq	s4,s7,28e4 <calc_func+0x3a4>
    28d0:	0005a403          	lw	s0,0(a1)
    28d4:	0164348b          	.insn	4, 0x0164348b
    28d8:	00490413          	addi	s0,s2,4
    28dc:	0095a023          	sw	s1,0(a1)
    28e0:	008f8593          	addi	a1,t6,8
    28e4:	0005af83          	lw	t6,0(a1)
    28e8:	00240413          	addi	s0,s0,2
    28ec:	016fba8b          	.insn	4, 0x016fba8b
    28f0:	00458593          	addi	a1,a1,4
    28f4:	ff55ae23          	sw	s5,-4(a1)
    28f8:	0005aa03          	lw	s4,0(a1)
    28fc:	00240413          	addi	s0,s0,2
    2900:	016a3c0b          	.insn	4, 0x016a3c0b
    2904:	00458593          	addi	a1,a1,4
    2908:	ff85ae23          	sw	s8,-4(a1)
    290c:	0005a983          	lw	s3,0(a1)
    2910:	00240413          	addi	s0,s0,2
    2914:	0169bd0b          	.insn	4, 0x0169bd0b
    2918:	00458593          	addi	a1,a1,4
    291c:	ffa5ae23          	sw	s10,-4(a1)
    2920:	0005a883          	lw	a7,0(a1)
    2924:	00240413          	addi	s0,s0,2
    2928:	0168bc8b          	.insn	4, 0x0168bc8b
    292c:	00458593          	addi	a1,a1,4
    2930:	ff95ae23          	sw	s9,-4(a1)
    2934:	0005ab83          	lw	s7,0(a1)
    2938:	00240413          	addi	s0,s0,2
    293c:	016bb48b          	.insn	4, 0x016bb48b
    2940:	00458593          	addi	a1,a1,4
    2944:	fe95ae23          	sw	s1,-4(a1)
    2948:	0005af83          	lw	t6,0(a1)
    294c:	00340a13          	addi	s4,s0,3
    2950:	016fba8b          	.insn	4, 0x016fba8b
    2954:	0155a023          	sw	s5,0(a1)
    2958:	00240413          	addi	s0,s0,2
    295c:	00458593          	addi	a1,a1,4
    2960:	06aa7a63          	bgeu	s4,a0,29d4 <calc_func+0x494>
    2964:	00c5a483          	lw	s1,12(a1)
    2968:	0005ac03          	lw	s8,0(a1)
    296c:	0045ad03          	lw	s10,4(a1)
    2970:	0085ac83          	lw	s9,8(a1)
    2974:	0105aa83          	lw	s5,16(a1)
    2978:	016c398b          	.insn	4, 0x016c398b
    297c:	016d388b          	.insn	4, 0x016d388b
    2980:	0145ac03          	lw	s8,20(a1)
    2984:	0185ad03          	lw	s10,24(a1)
    2988:	016cbb8b          	.insn	4, 0x016cbb8b
    298c:	0135a023          	sw	s3,0(a1)
    2990:	01c5ac83          	lw	s9,28(a1)
    2994:	0115a223          	sw	a7,4(a1)
    2998:	0175a423          	sw	s7,8(a1)
    299c:	0164bf8b          	.insn	4, 0x0164bf8b
    29a0:	016aba0b          	.insn	4, 0x016aba0b
    29a4:	01f5a623          	sw	t6,12(a1)
    29a8:	0145a823          	sw	s4,16(a1)
    29ac:	01140493          	addi	s1,s0,17
    29b0:	016c398b          	.insn	4, 0x016c398b
    29b4:	016d388b          	.insn	4, 0x016d388b
    29b8:	0135aa23          	sw	s3,20(a1)
    29bc:	0115ac23          	sw	a7,24(a1)
    29c0:	016cbb8b          	.insn	4, 0x016cbb8b
    29c4:	0175ae23          	sw	s7,28(a1)
    29c8:	01040413          	addi	s0,s0,16
    29cc:	02058593          	addi	a1,a1,32
    29d0:	f8a4eae3          	bltu	s1,a0,2964 <calc_func+0x424>
    29d4:	00290b13          	addi	s6,s2,2
    29d8:	00000f93          	li	t6,0
    29dc:	01656863          	bltu	a0,s6,29ec <calc_func+0x4ac>
    29e0:	ffe50593          	addi	a1,a0,-2
    29e4:	41258433          	sub	s0,a1,s2
    29e8:	ffe47f93          	andi	t6,s0,-2
    29ec:	016f8933          	add	s2,t6,s6
    29f0:	00a97c63          	bgeu	s2,a0,2a08 <calc_func+0x4c8>
    29f4:	00191a93          	slli	s5,s2,0x1
    29f8:	015e8a33          	add	s4,t4,s5
    29fc:	000a5c03          	lhu	s8,0(s4) # fffff000 <__stack_top+0xfffef000>
    2a00:	018809b3          	add	s3,a6,s8
    2a04:	013a1023          	sh	s3,0(s4)
    2a08:	00000c93          	li	s9,0
    2a0c:	00000a13          	li	s4,0
    2a10:	00000b13          	li	s6,0
    2a14:	500708e3          	beqz	a4,3724 <core_main.c.a139bd89+0x45>
    2a18:	00171993          	slli	s3,a4,0x1
    2a1c:	013e8433          	add	s0,t4,s3
    2a20:	00000a93          	li	s5,0
    2a24:	00000a13          	li	s4,0
    2a28:	ffe98d13          	addi	s10,s3,-2
    2a2c:	001d5893          	srli	a7,s10,0x1
    2a30:	00188c93          	addi	s9,a7,1
    2a34:	002a9493          	slli	s1,s5,0x2
    2a38:	007cfb93          	andi	s7,s9,7
    2a3c:	00c485b3          	add	a1,s1,a2
    2a40:	413408b3          	sub	a7,s0,s3
    2a44:	0c0b8263          	beqz	s7,2b08 <calc_func+0x5c8>
    2a48:	00100b13          	li	s6,1
    2a4c:	0b6b8263          	beq	s7,s6,2af0 <calc_func+0x5b0>
    2a50:	00200f93          	li	t6,2
    2a54:	09fb8463          	beq	s7,t6,2adc <calc_func+0x59c>
    2a58:	00300913          	li	s2,3
    2a5c:	072b8663          	beq	s7,s2,2ac8 <calc_func+0x588>
    2a60:	00400c13          	li	s8,4
    2a64:	058b8863          	beq	s7,s8,2ab4 <calc_func+0x574>
    2a68:	00500d13          	li	s10,5
    2a6c:	03ab8a63          	beq	s7,s10,2aa0 <calc_func+0x560>
    2a70:	00600c93          	li	s9,6
    2a74:	019b8c63          	beq	s7,s9,2a8c <calc_func+0x54c>
    2a78:	00089b83          	lh	s7,0(a7)
    2a7c:	00458593          	addi	a1,a1,4
    2a80:	00288893          	addi	a7,a7,2
    2a84:	030b84b3          	mul	s1,s7,a6
    2a88:	fe95ae23          	sw	s1,-4(a1)
    2a8c:	00089b03          	lh	s6,0(a7)
    2a90:	00458593          	addi	a1,a1,4
    2a94:	00288893          	addi	a7,a7,2
    2a98:	030b0fb3          	mul	t6,s6,a6
    2a9c:	fff5ae23          	sw	t6,-4(a1)
    2aa0:	00089903          	lh	s2,0(a7)
    2aa4:	00458593          	addi	a1,a1,4
    2aa8:	00288893          	addi	a7,a7,2
    2aac:	03090c33          	mul	s8,s2,a6
    2ab0:	ff85ae23          	sw	s8,-4(a1)
    2ab4:	00089d03          	lh	s10,0(a7)
    2ab8:	00458593          	addi	a1,a1,4
    2abc:	00288893          	addi	a7,a7,2
    2ac0:	030d0cb3          	mul	s9,s10,a6
    2ac4:	ff95ae23          	sw	s9,-4(a1)
    2ac8:	00089b83          	lh	s7,0(a7)
    2acc:	00458593          	addi	a1,a1,4
    2ad0:	00288893          	addi	a7,a7,2
    2ad4:	030b84b3          	mul	s1,s7,a6
    2ad8:	fe95ae23          	sw	s1,-4(a1)
    2adc:	00089b03          	lh	s6,0(a7)
    2ae0:	00458593          	addi	a1,a1,4
    2ae4:	00288893          	addi	a7,a7,2
    2ae8:	030b0fb3          	mul	t6,s6,a6
    2aec:	fff5ae23          	sw	t6,-4(a1)
    2af0:	00089903          	lh	s2,0(a7)
    2af4:	00288893          	addi	a7,a7,2
    2af8:	00458593          	addi	a1,a1,4
    2afc:	03090c33          	mul	s8,s2,a6
    2b00:	ff85ae23          	sw	s8,-4(a1)
    2b04:	07140863          	beq	s0,a7,2b74 <calc_func+0x634>
    2b08:	00089d03          	lh	s10,0(a7)
    2b0c:	00289c83          	lh	s9,2(a7)
    2b10:	00489f83          	lh	t6,4(a7)
    2b14:	00689483          	lh	s1,6(a7)
    2b18:	030d0bb3          	mul	s7,s10,a6
    2b1c:	00889d03          	lh	s10,8(a7)
    2b20:	01088893          	addi	a7,a7,16
    2b24:	02058593          	addi	a1,a1,32
    2b28:	030c8b33          	mul	s6,s9,a6
    2b2c:	ffa89c83          	lh	s9,-6(a7)
    2b30:	ff75a023          	sw	s7,-32(a1)
    2b34:	030f8933          	mul	s2,t6,a6
    2b38:	ffe89f83          	lh	t6,-2(a7)
    2b3c:	ff65a223          	sw	s6,-28(a1)
    2b40:	03048c33          	mul	s8,s1,a6
    2b44:	ffc89483          	lh	s1,-4(a7)
    2b48:	ff25a423          	sw	s2,-24(a1)
    2b4c:	ff85a623          	sw	s8,-20(a1)
    2b50:	030d0bb3          	mul	s7,s10,a6
    2b54:	030c8b33          	mul	s6,s9,a6
    2b58:	ff75a823          	sw	s7,-16(a1)
    2b5c:	03048933          	mul	s2,s1,a6
    2b60:	ff65aa23          	sw	s6,-12(a1)
    2b64:	030f8c33          	mul	s8,t6,a6
    2b68:	ff25ac23          	sw	s2,-8(a1)
    2b6c:	ff85ae23          	sw	s8,-4(a1)
    2b70:	f9141ce3          	bne	s0,a7,2b08 <calc_func+0x5c8>
    2b74:	001a0893          	addi	a7,s4,1
    2b78:	00ea8ab3          	add	s5,s5,a4
    2b7c:	01340433          	add	s0,s0,s3
    2b80:	01171463          	bne	a4,a7,2b88 <calc_func+0x648>
    2b84:	74d0106f          	j	4ad0 <core_state.c.8b4f4757+0x13d>
    2b88:	00088a13          	mv	s4,a7
    2b8c:	e9dff06f          	j	2a28 <calc_func+0x4e8>
    2b90:	14912223          	sw	s1,324(sp)
    2b94:	13612823          	sw	s6,304(sp)
    2b98:	15212023          	sw	s2,320(sp)
    2b9c:	13312e23          	sw	s3,316(sp)
    2ba0:	13412c23          	sw	s4,312(sp)
    2ba4:	13512a23          	sw	s5,308(sp)
    2ba8:	13712623          	sw	s7,300(sp)
    2bac:	13812423          	sw	s8,296(sp)
    2bb0:	13912223          	sw	s9,292(sp)
    2bb4:	13a12023          	sw	s10,288(sp)
    2bb8:	02200493          	li	s1,34
    2bbc:	00080b13          	mv	s6,a6
    2bc0:	00987463          	bgeu	a6,s1,2bc8 <calc_func+0x688>
    2bc4:	00048b13          	mv	s6,s1
    2bc8:	01432a03          	lw	s4,20(t1)
    2bcc:	010b1513          	slli	a0,s6,0x10
    2bd0:	0e012823          	sw	zero,240(sp)
    2bd4:	000a4603          	lbu	a2,0(s4)
    2bd8:	0c012823          	sw	zero,208(sp)
    2bdc:	0e012a23          	sw	zero,244(sp)
    2be0:	0c012a23          	sw	zero,212(sp)
    2be4:	0e012c23          	sw	zero,248(sp)
    2be8:	0c012c23          	sw	zero,216(sp)
    2bec:	0e012e23          	sw	zero,252(sp)
    2bf0:	0c012e23          	sw	zero,220(sp)
    2bf4:	10012023          	sw	zero,256(sp)
    2bf8:	0e012023          	sw	zero,224(sp)
    2bfc:	10012223          	sw	zero,260(sp)
    2c00:	0e012223          	sw	zero,228(sp)
    2c04:	10012423          	sw	zero,264(sp)
    2c08:	0e012423          	sw	zero,232(sp)
    2c0c:	10012623          	sw	zero,268(sp)
    2c10:	0e012623          	sw	zero,236(sp)
    2c14:	0d412623          	sw	s4,204(sp)
    2c18:	01832a83          	lw	s5,24(t1)
    2c1c:	00031b83          	lh	s7,0(t1)
    2c20:	00231883          	lh	a7,2(t1)
    2c24:	41055b13          	srai	s6,a0,0x10
    2c28:	0f010493          	addi	s1,sp,240
    2c2c:	0cc10993          	addi	s3,sp,204
    2c30:	0d010913          	addi	s2,sp,208
    2c34:	00061463          	bnez	a2,2c3c <calc_func+0x6fc>
    2c38:	6780206f          	j	52b0 <ee_printf.c.d2ad60ed+0x8b>
    2c3c:	11b12e23          	sw	s11,284(sp)
    2c40:	00088c13          	mv	s8,a7
    2c44:	00028c93          	mv	s9,t0
    2c48:	000f0d13          	mv	s10,t5
    2c4c:	00030d93          	mv	s11,t1
    2c50:	00048593          	mv	a1,s1
    2c54:	00098513          	mv	a0,s3
    2c58:	e00ff0ef          	jal	2258 <core_state_transition>
    2c5c:	00251293          	slli	t0,a0,0x2
    2c60:	01228333          	add	t1,t0,s2
    2c64:	0cc12883          	lw	a7,204(sp)
    2c68:	00032703          	lw	a4,0(t1)
    2c6c:	0008ce03          	lbu	t3,0(a7)
    2c70:	00170e93          	addi	t4,a4,1
    2c74:	01d32023          	sw	t4,0(t1)
    2c78:	fc0e1ce3          	bnez	t3,2c50 <calc_func+0x710>
    2c7c:	0d412623          	sw	s4,204(sp)
    2c80:	015a0ab3          	add	s5,s4,s5
    2c84:	000c0893          	mv	a7,s8
    2c88:	000c8293          	mv	t0,s9
    2c8c:	000d0f13          	mv	t5,s10
    2c90:	000d8313          	mv	t1,s11
    2c94:	015a6463          	bltu	s4,s5,2c9c <calc_func+0x75c>
    2c98:	6000206f          	j	5298 <ee_printf.c.d2ad60ed+0x73>
    2c9c:	11c12d83          	lw	s11,284(sp)
    2ca0:	000a0393          	mv	t2,s4
    2ca4:	02c00993          	li	s3,44
    2ca8:	0003cf83          	lbu	t6,0(t2)
    2cac:	017fc833          	xor	a6,t6,s7
    2cb0:	013f8463          	beq	t6,s3,2cb8 <calc_func+0x778>
    2cb4:	01038023          	sb	a6,0(t2)
    2cb8:	016383b3          	add	t2,t2,s6
    2cbc:	ff53e6e3          	bltu	t2,s5,2ca8 <calc_func+0x768>
    2cc0:	000a4783          	lbu	a5,0(s4)
    2cc4:	0cc10993          	addi	s3,sp,204
    2cc8:	04078863          	beqz	a5,2d18 <calc_func+0x7d8>
    2ccc:	00088b93          	mv	s7,a7
    2cd0:	00028c13          	mv	s8,t0
    2cd4:	000f0c93          	mv	s9,t5
    2cd8:	00030d13          	mv	s10,t1
    2cdc:	00048593          	mv	a1,s1
    2ce0:	00098513          	mv	a0,s3
    2ce4:	d74ff0ef          	jal	2258 <core_state_transition>
    2ce8:	00251f13          	slli	t5,a0,0x2
    2cec:	012f05b3          	add	a1,t5,s2
    2cf0:	0cc12683          	lw	a3,204(sp)
    2cf4:	0005a603          	lw	a2,0(a1)
    2cf8:	0006c503          	lbu	a0,0(a3)
    2cfc:	00160293          	addi	t0,a2,1
    2d00:	0055a023          	sw	t0,0(a1)
    2d04:	fc051ce3          	bnez	a0,2cdc <calc_func+0x79c>
    2d08:	000b8893          	mv	a7,s7
    2d0c:	000c0293          	mv	t0,s8
    2d10:	000c8f13          	mv	t5,s9
    2d14:	000d0313          	mv	t1,s10
    2d18:	000a0e93          	mv	t4,s4
    2d1c:	02c00a13          	li	s4,44
    2d20:	015efe63          	bgeu	t4,s5,2d3c <calc_func+0x7fc>
    2d24:	000ec703          	lbu	a4,0(t4)
    2d28:	01174e33          	xor	t3,a4,a7
    2d2c:	01470463          	beq	a4,s4,2d34 <calc_func+0x7f4>
    2d30:	01ce8023          	sb	t3,0(t4)
    2d34:	016e8eb3          	add	t4,t4,s6
    2d38:	ff5ee6e3          	bltu	t4,s5,2d24 <calc_func+0x7e4>
    2d3c:	03835e03          	lhu	t3,56(t1)
    2d40:	ffffab37          	lui	s6,0xffffa
    2d44:	00090593          	mv	a1,s2
    2d48:	001b0a93          	addi	s5,s6,1 # ffffa001 <__stack_top+0xfffea001>
    2d4c:	00048513          	mv	a0,s1
    2d50:	0005a783          	lw	a5,0(a1)
    2d54:	00145913          	srli	s2,s0,0x1
    2d58:	00052b83          	lw	s7,0(a0)
    2d5c:	0ff7f813          	zext.b	a6,a5
    2d60:	00884433          	xor	s0,a6,s0
    2d64:	01f41f93          	slli	t6,s0,0x1f
    2d68:	41ffd393          	srai	t2,t6,0x1f
    2d6c:	0153f9b3          	and	s3,t2,s5
    2d70:	0129cc33          	xor	s8,s3,s2
    2d74:	010c1c93          	slli	s9,s8,0x10
    2d78:	010cdd13          	srli	s10,s9,0x10
    2d7c:	00185693          	srli	a3,a6,0x1
    2d80:	01a6c633          	xor	a2,a3,s10
    2d84:	01f61a13          	slli	s4,a2,0x1f
    2d88:	41fa5713          	srai	a4,s4,0x1f
    2d8c:	01577eb3          	and	t4,a4,s5
    2d90:	001d5b13          	srli	s6,s10,0x1
    2d94:	016ec933          	xor	s2,t4,s6
    2d98:	01091413          	slli	s0,s2,0x10
    2d9c:	01045993          	srli	s3,s0,0x10
    2da0:	00285893          	srli	a7,a6,0x2
    2da4:	0138cc33          	xor	s8,a7,s3
    2da8:	01fc1c93          	slli	s9,s8,0x1f
    2dac:	41fcdd13          	srai	s10,s9,0x1f
    2db0:	015d76b3          	and	a3,s10,s5
    2db4:	0019d893          	srli	a7,s3,0x1
    2db8:	0116c633          	xor	a2,a3,a7
    2dbc:	01061a13          	slli	s4,a2,0x10
    2dc0:	010a5713          	srli	a4,s4,0x10
    2dc4:	00385393          	srli	t2,a6,0x3
    2dc8:	00e3c933          	xor	s2,t2,a4
    2dcc:	01f91413          	slli	s0,s2,0x1f
    2dd0:	41f45993          	srai	s3,s0,0x1f
    2dd4:	0159f3b3          	and	t2,s3,s5
    2dd8:	00175c13          	srli	s8,a4,0x1
    2ddc:	0183ccb3          	xor	s9,t2,s8
    2de0:	010c9d13          	slli	s10,s9,0x10
    2de4:	010d5693          	srli	a3,s10,0x10
    2de8:	00485f93          	srli	t6,a6,0x4
    2dec:	00dfcfb3          	xor	t6,t6,a3
    2df0:	01ff9893          	slli	a7,t6,0x1f
    2df4:	41f8da13          	srai	s4,a7,0x1f
    2df8:	015a7733          	and	a4,s4,s5
    2dfc:	0016d913          	srli	s2,a3,0x1
    2e00:	01274433          	xor	s0,a4,s2
    2e04:	01041993          	slli	s3,s0,0x10
    2e08:	0109dc13          	srli	s8,s3,0x10
    2e0c:	00585e93          	srli	t4,a6,0x5
    2e10:	018eceb3          	xor	t4,t4,s8
    2e14:	01fe9393          	slli	t2,t4,0x1f
    2e18:	41f3d693          	srai	a3,t2,0x1f
    2e1c:	00685b13          	srli	s6,a6,0x6
    2e20:	00785613          	srli	a2,a6,0x7
    2e24:	0087d813          	srli	a6,a5,0x8
    2e28:	0ff87c93          	zext.b	s9,a6
    2e2c:	001c5f93          	srli	t6,s8,0x1
    2e30:	0156f833          	and	a6,a3,s5
    2e34:	01f848b3          	xor	a7,a6,t6
    2e38:	01089a13          	slli	s4,a7,0x10
    2e3c:	010a5713          	srli	a4,s4,0x10
    2e40:	00eb4b33          	xor	s6,s6,a4
    2e44:	01fb1913          	slli	s2,s6,0x1f
    2e48:	41f95413          	srai	s0,s2,0x1f
    2e4c:	015479b3          	and	s3,s0,s5
    2e50:	00175e93          	srli	t4,a4,0x1
    2e54:	01d9c3b3          	xor	t2,s3,t4
    2e58:	01039693          	slli	a3,t2,0x10
    2e5c:	0106d813          	srli	a6,a3,0x10
    2e60:	01064633          	xor	a2,a2,a6
    2e64:	01f61893          	slli	a7,a2,0x1f
    2e68:	41f8d713          	srai	a4,a7,0x1f
    2e6c:	01577b33          	and	s6,a4,s5
    2e70:	00185913          	srli	s2,a6,0x1
    2e74:	012b4433          	xor	s0,s6,s2
    2e78:	01041993          	slli	s3,s0,0x10
    2e7c:	0109de93          	srli	t4,s3,0x10
    2e80:	01dcc3b3          	xor	t2,s9,t4
    2e84:	01f39693          	slli	a3,t2,0x1f
    2e88:	41f6d813          	srai	a6,a3,0x1f
    2e8c:	01587733          	and	a4,a6,s5
    2e90:	001ed613          	srli	a2,t4,0x1
    2e94:	00c74b33          	xor	s6,a4,a2
    2e98:	010b1913          	slli	s2,s6,0x10
    2e9c:	01095e93          	srli	t4,s2,0x10
    2ea0:	001cdd13          	srli	s10,s9,0x1
    2ea4:	01dd4d33          	xor	s10,s10,t4
    2ea8:	01fd1413          	slli	s0,s10,0x1f
    2eac:	41f45993          	srai	s3,s0,0x1f
    2eb0:	0159f3b3          	and	t2,s3,s5
    2eb4:	001ed693          	srli	a3,t4,0x1
    2eb8:	00d3c833          	xor	a6,t2,a3
    2ebc:	01081613          	slli	a2,a6,0x10
    2ec0:	01065b13          	srli	s6,a2,0x10
    2ec4:	002cdc13          	srli	s8,s9,0x2
    2ec8:	016c4c33          	xor	s8,s8,s6
    2ecc:	01fc1e93          	slli	t4,s8,0x1f
    2ed0:	41fed413          	srai	s0,t4,0x1f
    2ed4:	015479b3          	and	s3,s0,s5
    2ed8:	001b5393          	srli	t2,s6,0x1
    2edc:	0079c6b3          	xor	a3,s3,t2
    2ee0:	01069813          	slli	a6,a3,0x10
    2ee4:	01085613          	srli	a2,a6,0x10
    2ee8:	003cdf93          	srli	t6,s9,0x3
    2eec:	0107d913          	srli	s2,a5,0x10
    2ef0:	00cfcfb3          	xor	t6,t6,a2
    2ef4:	0ff97d13          	zext.b	s10,s2
    2ef8:	01ff9913          	slli	s2,t6,0x1f
    2efc:	41f95c13          	srai	s8,s2,0x1f
    2f00:	015c7eb3          	and	t4,s8,s5
    2f04:	00165413          	srli	s0,a2,0x1
    2f08:	008ec9b3          	xor	s3,t4,s0
    2f0c:	01099393          	slli	t2,s3,0x10
    2f10:	0103d693          	srli	a3,t2,0x10
    2f14:	004cda13          	srli	s4,s9,0x4
    2f18:	00da4a33          	xor	s4,s4,a3
    2f1c:	01fa1813          	slli	a6,s4,0x1f
    2f20:	41f85613          	srai	a2,a6,0x1f
    2f24:	01567933          	and	s2,a2,s5
    2f28:	0016df93          	srli	t6,a3,0x1
    2f2c:	01f94eb3          	xor	t4,s2,t6
    2f30:	010e9413          	slli	s0,t4,0x10
    2f34:	01045393          	srli	t2,s0,0x10
    2f38:	005cd893          	srli	a7,s9,0x5
    2f3c:	0078c8b3          	xor	a7,a7,t2
    2f40:	01f89993          	slli	s3,a7,0x1f
    2f44:	41f9da13          	srai	s4,s3,0x1f
    2f48:	015a7833          	and	a6,s4,s5
    2f4c:	0013d613          	srli	a2,t2,0x1
    2f50:	00c84933          	xor	s2,a6,a2
    2f54:	01091f93          	slli	t6,s2,0x10
    2f58:	010fd413          	srli	s0,t6,0x10
    2f5c:	006cd713          	srli	a4,s9,0x6
    2f60:	00874733          	xor	a4,a4,s0
    2f64:	01f71393          	slli	t2,a4,0x1f
    2f68:	41f3d893          	srai	a7,t2,0x1f
    2f6c:	0158f9b3          	and	s3,a7,s5
    2f70:	00145a13          	srli	s4,s0,0x1
    2f74:	0149c833          	xor	a6,s3,s4
    2f78:	01081613          	slli	a2,a6,0x10
    2f7c:	01065913          	srli	s2,a2,0x10
    2f80:	007cdc93          	srli	s9,s9,0x7
    2f84:	012cccb3          	xor	s9,s9,s2
    2f88:	01fc9f93          	slli	t6,s9,0x1f
    2f8c:	41ffd413          	srai	s0,t6,0x1f
    2f90:	015473b3          	and	t2,s0,s5
    2f94:	00195893          	srli	a7,s2,0x1
    2f98:	0113c9b3          	xor	s3,t2,a7
    2f9c:	01099a13          	slli	s4,s3,0x10
    2fa0:	010a5813          	srli	a6,s4,0x10
    2fa4:	010d4933          	xor	s2,s10,a6
    2fa8:	01f91c93          	slli	s9,s2,0x1f
    2fac:	41fcdf93          	srai	t6,s9,0x1f
    2fb0:	015ff433          	and	s0,t6,s5
    2fb4:	00185393          	srli	t2,a6,0x1
    2fb8:	007448b3          	xor	a7,s0,t2
    2fbc:	01089993          	slli	s3,a7,0x10
    2fc0:	0109da13          	srli	s4,s3,0x10
    2fc4:	001d5b13          	srli	s6,s10,0x1
    2fc8:	014b4b33          	xor	s6,s6,s4
    2fcc:	01fb1813          	slli	a6,s6,0x1f
    2fd0:	41f85913          	srai	s2,a6,0x1f
    2fd4:	01597cb3          	and	s9,s2,s5
    2fd8:	001a5f93          	srli	t6,s4,0x1
    2fdc:	01fcc433          	xor	s0,s9,t6
    2fe0:	01041393          	slli	t2,s0,0x10
    2fe4:	0103d893          	srli	a7,t2,0x10
    2fe8:	002d5c13          	srli	s8,s10,0x2
    2fec:	011c4c33          	xor	s8,s8,a7
    2ff0:	01fc1993          	slli	s3,s8,0x1f
    2ff4:	41f9db13          	srai	s6,s3,0x1f
    2ff8:	015b7833          	and	a6,s6,s5
    2ffc:	0018d913          	srli	s2,a7,0x1
    3000:	01284cb3          	xor	s9,a6,s2
    3004:	010c9f93          	slli	t6,s9,0x10
    3008:	010fd393          	srli	t2,t6,0x10
    300c:	003d5693          	srli	a3,s10,0x3
    3010:	0076c6b3          	xor	a3,a3,t2
    3014:	01f69893          	slli	a7,a3,0x1f
    3018:	41f8dc13          	srai	s8,a7,0x1f
    301c:	015c79b3          	and	s3,s8,s5
    3020:	0013db13          	srli	s6,t2,0x1
    3024:	0169c833          	xor	a6,s3,s6
    3028:	01081913          	slli	s2,a6,0x10
    302c:	01095c93          	srli	s9,s2,0x10
    3030:	004d5e93          	srli	t4,s10,0x4
    3034:	019eceb3          	xor	t4,t4,s9
    3038:	01fe9f93          	slli	t6,t4,0x1f
    303c:	41ffd693          	srai	a3,t6,0x1f
    3040:	0156f8b3          	and	a7,a3,s5
    3044:	001cdc13          	srli	s8,s9,0x1
    3048:	0188c9b3          	xor	s3,a7,s8
    304c:	01099b13          	slli	s6,s3,0x10
    3050:	010b5813          	srli	a6,s6,0x10
    3054:	005d5713          	srli	a4,s10,0x5
    3058:	01074733          	xor	a4,a4,a6
    305c:	01f71913          	slli	s2,a4,0x1f
    3060:	41f95e93          	srai	t4,s2,0x1f
    3064:	015effb3          	and	t6,t4,s5
    3068:	00185693          	srli	a3,a6,0x1
    306c:	00dfc8b3          	xor	a7,t6,a3
    3070:	01089c13          	slli	s8,a7,0x10
    3074:	010c5b13          	srli	s6,s8,0x10
    3078:	006d5613          	srli	a2,s10,0x6
    307c:	01664633          	xor	a2,a2,s6
    3080:	01f61993          	slli	s3,a2,0x1f
    3084:	41f9d813          	srai	a6,s3,0x1f
    3088:	01587933          	and	s2,a6,s5
    308c:	001b5e93          	srli	t4,s6,0x1
    3090:	01d94fb3          	xor	t6,s2,t4
    3094:	010f9693          	slli	a3,t6,0x10
    3098:	0106dc13          	srli	s8,a3,0x10
    309c:	007d5d13          	srli	s10,s10,0x7
    30a0:	018d4d33          	xor	s10,s10,s8
    30a4:	01fd1893          	slli	a7,s10,0x1f
    30a8:	41f8d613          	srai	a2,a7,0x1f
    30ac:	015679b3          	and	s3,a2,s5
    30b0:	001c5813          	srli	a6,s8,0x1
    30b4:	0109c933          	xor	s2,s3,a6
    30b8:	01091e93          	slli	t4,s2,0x10
    30bc:	0187d793          	srli	a5,a5,0x18
    30c0:	010edf93          	srli	t6,t4,0x10
    30c4:	0017da13          	srli	s4,a5,0x1
    30c8:	0027d413          	srli	s0,a5,0x2
    30cc:	0037d393          	srli	t2,a5,0x3
    30d0:	0047dc93          	srli	s9,a5,0x4
    30d4:	0057d713          	srli	a4,a5,0x5
    30d8:	0067db13          	srli	s6,a5,0x6
    30dc:	0077dc13          	srli	s8,a5,0x7
    30e0:	01f7c7b3          	xor	a5,a5,t6
    30e4:	01f79693          	slli	a3,a5,0x1f
    30e8:	41f6dd13          	srai	s10,a3,0x1f
    30ec:	015d78b3          	and	a7,s10,s5
    30f0:	001fd613          	srli	a2,t6,0x1
    30f4:	00c8c9b3          	xor	s3,a7,a2
    30f8:	01099813          	slli	a6,s3,0x10
    30fc:	01085e93          	srli	t4,a6,0x10
    3100:	01da4a33          	xor	s4,s4,t4
    3104:	01fa1913          	slli	s2,s4,0x1f
    3108:	41f95f93          	srai	t6,s2,0x1f
    310c:	015ff6b3          	and	a3,t6,s5
    3110:	001edd13          	srli	s10,t4,0x1
    3114:	01a6c8b3          	xor	a7,a3,s10
    3118:	01089613          	slli	a2,a7,0x10
    311c:	01065993          	srli	s3,a2,0x10
    3120:	01344433          	xor	s0,s0,s3
    3124:	01f41e93          	slli	t4,s0,0x1f
    3128:	41feda13          	srai	s4,t4,0x1f
    312c:	015a7933          	and	s2,s4,s5
    3130:	0019df93          	srli	t6,s3,0x1
    3134:	01f946b3          	xor	a3,s2,t6
    3138:	01069d13          	slli	s10,a3,0x10
    313c:	010d5893          	srli	a7,s10,0x10
    3140:	0113c3b3          	xor	t2,t2,a7
    3144:	01f39613          	slli	a2,t2,0x1f
    3148:	41f65993          	srai	s3,a2,0x1f
    314c:	0159feb3          	and	t4,s3,s5
    3150:	0018d413          	srli	s0,a7,0x1
    3154:	008ec933          	xor	s2,t4,s0
    3158:	01091f93          	slli	t6,s2,0x10
    315c:	010fd693          	srli	a3,t6,0x10
    3160:	00dcccb3          	xor	s9,s9,a3
    3164:	01fc9893          	slli	a7,s9,0x1f
    3168:	41f8d393          	srai	t2,a7,0x1f
    316c:	0153f9b3          	and	s3,t2,s5
    3170:	0016d613          	srli	a2,a3,0x1
    3174:	00c9ceb3          	xor	t4,s3,a2
    3178:	010e9413          	slli	s0,t4,0x10
    317c:	01045913          	srli	s2,s0,0x10
    3180:	01274733          	xor	a4,a4,s2
    3184:	01f71f93          	slli	t6,a4,0x1f
    3188:	41ffd693          	srai	a3,t6,0x1f
    318c:	0156f8b3          	and	a7,a3,s5
    3190:	00195393          	srli	t2,s2,0x1
    3194:	0078c9b3          	xor	s3,a7,t2
    3198:	01099613          	slli	a2,s3,0x10
    319c:	01065413          	srli	s0,a2,0x10
    31a0:	008b4b33          	xor	s6,s6,s0
    31a4:	01fb1e93          	slli	t4,s6,0x1f
    31a8:	41fed913          	srai	s2,t4,0x1f
    31ac:	01597fb3          	and	t6,s2,s5
    31b0:	00145693          	srli	a3,s0,0x1
    31b4:	00dfc8b3          	xor	a7,t6,a3
    31b8:	01089393          	slli	t2,a7,0x10
    31bc:	0103d993          	srli	s3,t2,0x10
    31c0:	013c4c33          	xor	s8,s8,s3
    31c4:	01fc1613          	slli	a2,s8,0x1f
    31c8:	41f65413          	srai	s0,a2,0x1f
    31cc:	01547eb3          	and	t4,s0,s5
    31d0:	0019d913          	srli	s2,s3,0x1
    31d4:	012ecfb3          	xor	t6,t4,s2
    31d8:	010f9693          	slli	a3,t6,0x10
    31dc:	0ffbf793          	zext.b	a5,s7
    31e0:	0106d393          	srli	t2,a3,0x10
    31e4:	0017d813          	srli	a6,a5,0x1
    31e8:	0027da13          	srli	s4,a5,0x2
    31ec:	0037dd13          	srli	s10,a5,0x3
    31f0:	0047dc93          	srli	s9,a5,0x4
    31f4:	0057d713          	srli	a4,a5,0x5
    31f8:	0067db13          	srli	s6,a5,0x6
    31fc:	0077d893          	srli	a7,a5,0x7
    3200:	0077c7b3          	xor	a5,a5,t2
    3204:	01f79993          	slli	s3,a5,0x1f
    3208:	41f9dc13          	srai	s8,s3,0x1f
    320c:	015c7433          	and	s0,s8,s5
    3210:	0013d613          	srli	a2,t2,0x1
    3214:	00c44eb3          	xor	t4,s0,a2
    3218:	010e9913          	slli	s2,t4,0x10
    321c:	01095f93          	srli	t6,s2,0x10
    3220:	01f84833          	xor	a6,a6,t6
    3224:	01f81393          	slli	t2,a6,0x1f
    3228:	41f3d993          	srai	s3,t2,0x1f
    322c:	0159fc33          	and	s8,s3,s5
    3230:	001fd413          	srli	s0,t6,0x1
    3234:	008c4633          	xor	a2,s8,s0
    3238:	01061e93          	slli	t4,a2,0x10
    323c:	010edf93          	srli	t6,t4,0x10
    3240:	01fa4a33          	xor	s4,s4,t6
    3244:	008bd693          	srli	a3,s7,0x8
    3248:	01fa1913          	slli	s2,s4,0x1f
    324c:	0ff6f793          	zext.b	a5,a3
    3250:	41f95693          	srai	a3,s2,0x1f
    3254:	0156f3b3          	and	t2,a3,s5
    3258:	001fd993          	srli	s3,t6,0x1
    325c:	0133cc33          	xor	s8,t2,s3
    3260:	010c1413          	slli	s0,s8,0x10
    3264:	01045613          	srli	a2,s0,0x10
    3268:	00cd4d33          	xor	s10,s10,a2
    326c:	01fd1e93          	slli	t4,s10,0x1f
    3270:	41fedf93          	srai	t6,t4,0x1f
    3274:	015ff6b3          	and	a3,t6,s5
    3278:	00165913          	srli	s2,a2,0x1
    327c:	0126c3b3          	xor	t2,a3,s2
    3280:	01039993          	slli	s3,t2,0x10
    3284:	0109dc13          	srli	s8,s3,0x10
    3288:	018cccb3          	xor	s9,s9,s8
    328c:	01fc9413          	slli	s0,s9,0x1f
    3290:	41f45613          	srai	a2,s0,0x1f
    3294:	01567eb3          	and	t4,a2,s5
    3298:	001c5f93          	srli	t6,s8,0x1
    329c:	01fec6b3          	xor	a3,t4,t6
    32a0:	01069913          	slli	s2,a3,0x10
    32a4:	01095393          	srli	t2,s2,0x10
    32a8:	00774733          	xor	a4,a4,t2
    32ac:	01f71993          	slli	s3,a4,0x1f
    32b0:	41f9dc93          	srai	s9,s3,0x1f
    32b4:	015cf433          	and	s0,s9,s5
    32b8:	0013d613          	srli	a2,t2,0x1
    32bc:	00c44eb3          	xor	t4,s0,a2
    32c0:	010e9f93          	slli	t6,t4,0x10
    32c4:	010fd693          	srli	a3,t6,0x10
    32c8:	00db4b33          	xor	s6,s6,a3
    32cc:	01fb1913          	slli	s2,s6,0x1f
    32d0:	41f95713          	srai	a4,s2,0x1f
    32d4:	015779b3          	and	s3,a4,s5
    32d8:	0016dc93          	srli	s9,a3,0x1
    32dc:	0199c433          	xor	s0,s3,s9
    32e0:	01041613          	slli	a2,s0,0x10
    32e4:	01065e93          	srli	t4,a2,0x10
    32e8:	01d8c8b3          	xor	a7,a7,t4
    32ec:	01f89693          	slli	a3,a7,0x1f
    32f0:	41f6db13          	srai	s6,a3,0x1f
    32f4:	015b7933          	and	s2,s6,s5
    32f8:	001ed713          	srli	a4,t4,0x1
    32fc:	00e949b3          	xor	s3,s2,a4
    3300:	01099c93          	slli	s9,s3,0x10
    3304:	010cd413          	srli	s0,s9,0x10
    3308:	0017d813          	srli	a6,a5,0x1
    330c:	0027da13          	srli	s4,a5,0x2
    3310:	0037dd13          	srli	s10,a5,0x3
    3314:	0047dc13          	srli	s8,a5,0x4
    3318:	0057d393          	srli	t2,a5,0x5
    331c:	0067df93          	srli	t6,a5,0x6
    3320:	0077de93          	srli	t4,a5,0x7
    3324:	0087c7b3          	xor	a5,a5,s0
    3328:	01f79613          	slli	a2,a5,0x1f
    332c:	41f65893          	srai	a7,a2,0x1f
    3330:	0158fb33          	and	s6,a7,s5
    3334:	00145693          	srli	a3,s0,0x1
    3338:	00db4933          	xor	s2,s6,a3
    333c:	01091713          	slli	a4,s2,0x10
    3340:	01075993          	srli	s3,a4,0x10
    3344:	01384833          	xor	a6,a6,s3
    3348:	01f81413          	slli	s0,a6,0x1f
    334c:	41f45613          	srai	a2,s0,0x1f
    3350:	015678b3          	and	a7,a2,s5
    3354:	0019db13          	srli	s6,s3,0x1
    3358:	0168c6b3          	xor	a3,a7,s6
    335c:	010bdc93          	srli	s9,s7,0x10
    3360:	01069913          	slli	s2,a3,0x10
    3364:	0ffcf793          	zext.b	a5,s9
    3368:	01095c93          	srli	s9,s2,0x10
    336c:	019a4a33          	xor	s4,s4,s9
    3370:	01fa1993          	slli	s3,s4,0x1f
    3374:	41f9d813          	srai	a6,s3,0x1f
    3378:	01587433          	and	s0,a6,s5
    337c:	001cd613          	srli	a2,s9,0x1
    3380:	00c448b3          	xor	a7,s0,a2
    3384:	01089b13          	slli	s6,a7,0x10
    3388:	010b5693          	srli	a3,s6,0x10
    338c:	00dd4d33          	xor	s10,s10,a3
    3390:	01fd1913          	slli	s2,s10,0x1f
    3394:	41f95a13          	srai	s4,s2,0x1f
    3398:	015a7833          	and	a6,s4,s5
    339c:	0016d993          	srli	s3,a3,0x1
    33a0:	01384433          	xor	s0,a6,s3
    33a4:	01041613          	slli	a2,s0,0x10
    33a8:	01065893          	srli	a7,a2,0x10
    33ac:	011c4c33          	xor	s8,s8,a7
    33b0:	01fc1693          	slli	a3,s8,0x1f
    33b4:	41f6dd13          	srai	s10,a3,0x1f
    33b8:	015d7933          	and	s2,s10,s5
    33bc:	0018da13          	srli	s4,a7,0x1
    33c0:	01494833          	xor	a6,s2,s4
    33c4:	01081993          	slli	s3,a6,0x10
    33c8:	0109d413          	srli	s0,s3,0x10
    33cc:	0083c3b3          	xor	t2,t2,s0
    33d0:	01f39893          	slli	a7,t2,0x1f
    33d4:	41f8dc13          	srai	s8,a7,0x1f
    33d8:	015c76b3          	and	a3,s8,s5
    33dc:	00145d13          	srli	s10,s0,0x1
    33e0:	01a6c933          	xor	s2,a3,s10
    33e4:	01091a13          	slli	s4,s2,0x10
    33e8:	010a5813          	srli	a6,s4,0x10
    33ec:	010fcfb3          	xor	t6,t6,a6
    33f0:	01ff9993          	slli	s3,t6,0x1f
    33f4:	41f9d393          	srai	t2,s3,0x1f
    33f8:	0153f8b3          	and	a7,t2,s5
    33fc:	00185c13          	srli	s8,a6,0x1
    3400:	0188c6b3          	xor	a3,a7,s8
    3404:	01069d13          	slli	s10,a3,0x10
    3408:	010d5a13          	srli	s4,s10,0x10
    340c:	014eceb3          	xor	t4,t4,s4
    3410:	01fe9813          	slli	a6,t4,0x1f
    3414:	41f85f93          	srai	t6,a6,0x1f
    3418:	015ff9b3          	and	s3,t6,s5
    341c:	001a5393          	srli	t2,s4,0x1
    3420:	0079c8b3          	xor	a7,s3,t2
    3424:	01089c13          	slli	s8,a7,0x10
    3428:	010c5d13          	srli	s10,s8,0x10
    342c:	0017d713          	srli	a4,a5,0x1
    3430:	0027dc93          	srli	s9,a5,0x2
    3434:	0037db13          	srli	s6,a5,0x3
    3438:	0047d613          	srli	a2,a5,0x4
    343c:	0057d413          	srli	s0,a5,0x5
    3440:	0067d913          	srli	s2,a5,0x6
    3444:	0077da13          	srli	s4,a5,0x7
    3448:	01a7c7b3          	xor	a5,a5,s10
    344c:	01f79693          	slli	a3,a5,0x1f
    3450:	41f6de93          	srai	t4,a3,0x1f
    3454:	015ef833          	and	a6,t4,s5
    3458:	001d5f93          	srli	t6,s10,0x1
    345c:	01f849b3          	xor	s3,a6,t6
    3460:	01099393          	slli	t2,s3,0x10
    3464:	0103dc13          	srli	s8,t2,0x10
    3468:	01874733          	xor	a4,a4,s8
    346c:	01f71893          	slli	a7,a4,0x1f
    3470:	41f8d793          	srai	a5,a7,0x1f
    3474:	0157feb3          	and	t4,a5,s5
    3478:	001c5693          	srli	a3,s8,0x1
    347c:	00dec833          	xor	a6,t4,a3
    3480:	01081f93          	slli	t6,a6,0x10
    3484:	010fd993          	srli	s3,t6,0x10
    3488:	013cccb3          	xor	s9,s9,s3
    348c:	01fc9393          	slli	t2,s9,0x1f
    3490:	41f3d713          	srai	a4,t2,0x1f
    3494:	015777b3          	and	a5,a4,s5
    3498:	0019d893          	srli	a7,s3,0x1
    349c:	0117ceb3          	xor	t4,a5,a7
    34a0:	010e9693          	slli	a3,t4,0x10
    34a4:	0106df93          	srli	t6,a3,0x10
    34a8:	01fb4b33          	xor	s6,s6,t6
    34ac:	01fb1813          	slli	a6,s6,0x1f
    34b0:	41f85993          	srai	s3,a6,0x1f
    34b4:	0159f3b3          	and	t2,s3,s5
    34b8:	001fd713          	srli	a4,t6,0x1
    34bc:	00e3c7b3          	xor	a5,t2,a4
    34c0:	01079893          	slli	a7,a5,0x10
    34c4:	0108de93          	srli	t4,a7,0x10
    34c8:	01d64633          	xor	a2,a2,t4
    34cc:	01f61693          	slli	a3,a2,0x1f
    34d0:	41f6df93          	srai	t6,a3,0x1f
    34d4:	015ff833          	and	a6,t6,s5
    34d8:	001ed993          	srli	s3,t4,0x1
    34dc:	013843b3          	xor	t2,a6,s3
    34e0:	01039713          	slli	a4,t2,0x10
    34e4:	01075793          	srli	a5,a4,0x10
    34e8:	00f44433          	xor	s0,s0,a5
    34ec:	01f41893          	slli	a7,s0,0x1f
    34f0:	41f8de93          	srai	t4,a7,0x1f
    34f4:	015effb3          	and	t6,t4,s5
    34f8:	0017d693          	srli	a3,a5,0x1
    34fc:	00dfc833          	xor	a6,t6,a3
    3500:	01081993          	slli	s3,a6,0x10
    3504:	0109d393          	srli	t2,s3,0x10
    3508:	00794933          	xor	s2,s2,t2
    350c:	01f91713          	slli	a4,s2,0x1f
    3510:	41f75413          	srai	s0,a4,0x1f
    3514:	015478b3          	and	a7,s0,s5
    3518:	0013de93          	srli	t4,t2,0x1
    351c:	01d8cfb3          	xor	t6,a7,t4
    3520:	010f9693          	slli	a3,t6,0x10
    3524:	0106d813          	srli	a6,a3,0x10
    3528:	010a4a33          	xor	s4,s4,a6
    352c:	01fa1993          	slli	s3,s4,0x1f
    3530:	41f9d393          	srai	t2,s3,0x1f
    3534:	0153f733          	and	a4,t2,s5
    3538:	00185913          	srli	s2,a6,0x1
    353c:	012748b3          	xor	a7,a4,s2
    3540:	01089e93          	slli	t4,a7,0x10
    3544:	018bdb93          	srli	s7,s7,0x18
    3548:	010edf93          	srli	t6,t4,0x10
    354c:	001bdd13          	srli	s10,s7,0x1
    3550:	002bdc13          	srli	s8,s7,0x2
    3554:	003bdc93          	srli	s9,s7,0x3
    3558:	004bdb13          	srli	s6,s7,0x4
    355c:	005bd613          	srli	a2,s7,0x5
    3560:	006bd793          	srli	a5,s7,0x6
    3564:	007bd413          	srli	s0,s7,0x7
    3568:	01fbcbb3          	xor	s7,s7,t6
    356c:	01fb9693          	slli	a3,s7,0x1f
    3570:	41f6d813          	srai	a6,a3,0x1f
    3574:	01587a33          	and	s4,a6,s5
    3578:	001fd993          	srli	s3,t6,0x1
    357c:	013a43b3          	xor	t2,s4,s3
    3580:	01039713          	slli	a4,t2,0x10
    3584:	01075913          	srli	s2,a4,0x10
    3588:	012d4d33          	xor	s10,s10,s2
    358c:	01fd1893          	slli	a7,s10,0x1f
    3590:	41f8de93          	srai	t4,a7,0x1f
    3594:	015effb3          	and	t6,t4,s5
    3598:	00195b93          	srli	s7,s2,0x1
    359c:	017fc6b3          	xor	a3,t6,s7
    35a0:	01069813          	slli	a6,a3,0x10
    35a4:	01085a13          	srli	s4,a6,0x10
    35a8:	014c4c33          	xor	s8,s8,s4
    35ac:	01fc1993          	slli	s3,s8,0x1f
    35b0:	41f9d393          	srai	t2,s3,0x1f
    35b4:	0153f733          	and	a4,t2,s5
    35b8:	001a5913          	srli	s2,s4,0x1
    35bc:	01274d33          	xor	s10,a4,s2
    35c0:	010d1893          	slli	a7,s10,0x10
    35c4:	0108df93          	srli	t6,a7,0x10
    35c8:	01fcccb3          	xor	s9,s9,t6
    35cc:	01fc9e93          	slli	t4,s9,0x1f
    35d0:	41fedb93          	srai	s7,t4,0x1f
    35d4:	015bf6b3          	and	a3,s7,s5
    35d8:	001fd813          	srli	a6,t6,0x1
    35dc:	0106ca33          	xor	s4,a3,a6
    35e0:	010a1c13          	slli	s8,s4,0x10
    35e4:	010c5993          	srli	s3,s8,0x10
    35e8:	013b4b33          	xor	s6,s6,s3
    35ec:	01fb1393          	slli	t2,s6,0x1f
    35f0:	41f3d713          	srai	a4,t2,0x1f
    35f4:	01577933          	and	s2,a4,s5
    35f8:	0019dd13          	srli	s10,s3,0x1
    35fc:	01a948b3          	xor	a7,s2,s10
    3600:	01089f93          	slli	t6,a7,0x10
    3604:	010fdc93          	srli	s9,t6,0x10
    3608:	01964633          	xor	a2,a2,s9
    360c:	01f61e93          	slli	t4,a2,0x1f
    3610:	41fedb93          	srai	s7,t4,0x1f
    3614:	015bf6b3          	and	a3,s7,s5
    3618:	001cd813          	srli	a6,s9,0x1
    361c:	0106ca33          	xor	s4,a3,a6
    3620:	010a1c13          	slli	s8,s4,0x10
    3624:	010c5993          	srli	s3,s8,0x10
    3628:	0137c7b3          	xor	a5,a5,s3
    362c:	01f79b13          	slli	s6,a5,0x1f
    3630:	41fb5393          	srai	t2,s6,0x1f
    3634:	0153f733          	and	a4,t2,s5
    3638:	0019d913          	srli	s2,s3,0x1
    363c:	01274d33          	xor	s10,a4,s2
    3640:	010d1893          	slli	a7,s10,0x10
    3644:	0108df93          	srli	t6,a7,0x10
    3648:	01f44433          	xor	s0,s0,t6
    364c:	01f41c93          	slli	s9,s0,0x1f
    3650:	41fcd613          	srai	a2,s9,0x1f
    3654:	01567eb3          	and	t4,a2,s5
    3658:	001fdb93          	srli	s7,t6,0x1
    365c:	017ec6b3          	xor	a3,t4,s7
    3660:	01069813          	slli	a6,a3,0x10
    3664:	00458593          	addi	a1,a1,4
    3668:	00450513          	addi	a0,a0,4
    366c:	01085413          	srli	s0,a6,0x10
    3670:	eeb49063          	bne	s1,a1,2d50 <calc_func+0x810>
    3674:	03e35483          	lhu	s1,62(t1)
    3678:	01041a93          	slli	s5,s0,0x10
    367c:	410ad513          	srai	a0,s5,0x10
    3680:	00049463          	bnez	s1,3688 <calc_func+0x1148>
    3684:	02831f23          	sh	s0,62(t1)
    3688:	14412483          	lw	s1,324(sp)
    368c:	14012903          	lw	s2,320(sp)
    3690:	13c12983          	lw	s3,316(sp)
    3694:	13812a03          	lw	s4,312(sp)
    3698:	13412a83          	lw	s5,308(sp)
    369c:	13012b03          	lw	s6,304(sp)
    36a0:	12c12b83          	lw	s7,300(sp)
    36a4:	12812c03          	lw	s8,296(sp)
    36a8:	12412c83          	lw	s9,292(sp)
    36ac:	12012d03          	lw	s10,288(sp)
    36b0:	eedfe06f          	j	259c <calc_func+0x5c>
    36b4:	0ffcfa13          	zext.b	s4,s9
    36b8:	01fa1b13          	slli	s6,s4,0x1f
    36bc:	0000ac37          	lui	s8,0xa
    36c0:	41fb5913          	srai	s2,s6,0x1f
    36c4:	001c0893          	addi	a7,s8,1 # a001 <main+0x16c9>
    36c8:	0128fab3          	and	s5,a7,s2
    36cc:	001a5413          	srli	s0,s4,0x1
    36d0:	01544d33          	xor	s10,s0,s5
    36d4:	01fd1593          	slli	a1,s10,0x1f
    36d8:	ffffabb7          	lui	s7,0xffffa
    36dc:	001b8f93          	addi	t6,s7,1 # ffffa001 <__stack_top+0xfffea001>
    36e0:	41f5d493          	srai	s1,a1,0x1f
    36e4:	01f4fb33          	and	s6,s1,t6
    36e8:	001ad993          	srli	s3,s5,0x1
    36ec:	013b4933          	xor	s2,s6,s3
    36f0:	01091c13          	slli	s8,s2,0x10
    36f4:	010c5a93          	srli	s5,s8,0x10
    36f8:	002a5893          	srli	a7,s4,0x2
    36fc:	0158c433          	xor	s0,a7,s5
    3700:	01f41d13          	slli	s10,s0,0x1f
    3704:	41fd5b93          	srai	s7,s10,0x1f
    3708:	01fbf4b3          	and	s1,s7,t6
    370c:	001ad593          	srli	a1,s5,0x1
    3710:	00b4cfb3          	xor	t6,s1,a1
    3714:	010f9993          	slli	s3,t6,0x10
    3718:	008cdc93          	srli	s9,s9,0x8
    371c:	0109db13          	srli	s6,s3,0x10
    3720:	003a5a13          	srli	s4,s4,0x3
    3724:	016a4ab3          	xor	s5,s4,s6
    3728:	01fa9d13          	slli	s10,s5,0x1f
    372c:	ffffa437          	lui	s0,0xffffa
    3730:	00140493          	addi	s1,s0,1 # ffffa001 <__stack_top+0xfffea001>
    3734:	41fd5b93          	srai	s7,s10,0x1f
    3738:	009bffb3          	and	t6,s7,s1
    373c:	001b5593          	srli	a1,s6,0x1
    3740:	00bfc9b3          	xor	s3,t6,a1
    3744:	01099b13          	slli	s6,s3,0x10
    3748:	010b5c13          	srli	s8,s6,0x10
    374c:	001a5913          	srli	s2,s4,0x1
    3750:	018948b3          	xor	a7,s2,s8
    3754:	01f89413          	slli	s0,a7,0x1f
    3758:	41f45d13          	srai	s10,s0,0x1f
    375c:	009d7bb3          	and	s7,s10,s1
    3760:	001c5593          	srli	a1,s8,0x1
    3764:	00bbcfb3          	xor	t6,s7,a1
    3768:	010f9993          	slli	s3,t6,0x10
    376c:	0109db13          	srli	s6,s3,0x10
    3770:	002a5a93          	srli	s5,s4,0x2
    3774:	016ac933          	xor	s2,s5,s6
    3778:	01f91a93          	slli	s5,s2,0x1f
    377c:	41fad893          	srai	a7,s5,0x1f
    3780:	0098f433          	and	s0,a7,s1
    3784:	001b5d13          	srli	s10,s6,0x1
    3788:	01a44bb3          	xor	s7,s0,s10
    378c:	010b9593          	slli	a1,s7,0x10
    3790:	0105df93          	srli	t6,a1,0x10
    3794:	003a5c13          	srli	s8,s4,0x3
    3798:	01fc49b3          	xor	s3,s8,t6
    379c:	01f99b13          	slli	s6,s3,0x1f
    37a0:	41fb5c13          	srai	s8,s6,0x1f
    37a4:	009c7933          	and	s2,s8,s1
    37a8:	001fda93          	srli	s5,t6,0x1
    37ac:	015948b3          	xor	a7,s2,s5
    37b0:	01089413          	slli	s0,a7,0x10
    37b4:	01045d13          	srli	s10,s0,0x10
    37b8:	004a5a13          	srli	s4,s4,0x4
    37bc:	01aa4a33          	xor	s4,s4,s10
    37c0:	01fa1993          	slli	s3,s4,0x1f
    37c4:	41f9db13          	srai	s6,s3,0x1f
    37c8:	009b74b3          	and	s1,s6,s1
    37cc:	001d5913          	srli	s2,s10,0x1
    37d0:	0124cab3          	xor	s5,s1,s2
    37d4:	0ffaf893          	zext.b	a7,s5
    37d8:	010a9413          	slli	s0,s5,0x10
    37dc:	00001bb7          	lui	s7,0x1
    37e0:	f0fb8f93          	addi	t6,s7,-241 # f0f <_start-0x10f1>
    37e4:	00889d13          	slli	s10,a7,0x8
    37e8:	01845b93          	srli	s7,s0,0x18
    37ec:	fffff5b7          	lui	a1,0xfffff
    37f0:	0f058c13          	addi	s8,a1,240 # fffff0f0 <__stack_top+0xfffef0f0>
    37f4:	017d65b3          	or	a1,s10,s7
    37f8:	01f5fa33          	and	s4,a1,t6
    37fc:	0185f9b3          	and	s3,a1,s8
    3800:	004a1b13          	slli	s6,s4,0x4
    3804:	0049d493          	srli	s1,s3,0x4
    3808:	00003ab7          	lui	s5,0x3
    380c:	ffffd8b7          	lui	a7,0xffffd
    3810:	009b6933          	or	s2,s6,s1
    3814:	333a8d13          	addi	s10,s5,819 # 3333 <calc_func+0xdf3>
    3818:	ccc88b93          	addi	s7,a7,-820 # ffffcccc <__stack_top+0xfffecccc>
    381c:	01a975b3          	and	a1,s2,s10
    3820:	01797433          	and	s0,s2,s7
    3824:	00259a13          	slli	s4,a1,0x2
    3828:	00245993          	srli	s3,s0,0x2
    382c:	000054b7          	lui	s1,0x5
    3830:	ffffbab7          	lui	s5,0xffffb
    3834:	013a6b33          	or	s6,s4,s3
    3838:	55548913          	addi	s2,s1,1365 # 5555 <core_bench_list+0x28d>
    383c:	aaaa8993          	addi	s3,s5,-1366 # ffffaaaa <__stack_top+0xfffeaaaa>
    3840:	012b75b3          	and	a1,s6,s2
    3844:	013b78b3          	and	a7,s6,s3
    3848:	0018da13          	srli	s4,a7,0x1
    384c:	00159413          	slli	s0,a1,0x1
    3850:	00fcf893          	andi	a7,s9,15
    3854:	0f0cfc93          	andi	s9,s9,240
    3858:	01446b33          	or	s6,s0,s4
    385c:	014465b3          	or	a1,s0,s4
    3860:	004cd493          	srli	s1,s9,0x4
    3864:	00489413          	slli	s0,a7,0x4
    3868:	00946a33          	or	s4,s0,s1
    386c:	0cca7c93          	andi	s9,s4,204
    3870:	008b5a93          	srli	s5,s6,0x8
    3874:	033a7b13          	andi	s6,s4,51
    3878:	002b1893          	slli	a7,s6,0x2
    387c:	002cd413          	srli	s0,s9,0x2
    3880:	0088ea33          	or	s4,a7,s0
    3884:	055a7493          	andi	s1,s4,85
    3888:	0aaa7b13          	andi	s6,s4,170
    388c:	00149c93          	slli	s9,s1,0x1
    3890:	001b5893          	srli	a7,s6,0x1
    3894:	011ce433          	or	s0,s9,a7
    3898:	008acab3          	xor	s5,s5,s0
    389c:	001a9a13          	slli	s4,s5,0x1
    38a0:	00008497          	auipc	s1,0x8
    38a4:	17848493          	addi	s1,s1,376 # ba18 <list_known_crc+0xc>
    38a8:	009a0b33          	add	s6,s4,s1
    38ac:	000b5c83          	lhu	s9,0(s6)
    38b0:	00859593          	slli	a1,a1,0x8
    38b4:	00bcc8b3          	xor	a7,s9,a1
    38b8:	0ffcf413          	zext.b	s0,s9
    38bc:	01089a93          	slli	s5,a7,0x10
    38c0:	018ada13          	srli	s4,s5,0x18
    38c4:	00841493          	slli	s1,s0,0x8
    38c8:	0144eb33          	or	s6,s1,s4
    38cc:	01fb7cb3          	and	s9,s6,t6
    38d0:	018b7fb3          	and	t6,s6,s8
    38d4:	004fd593          	srli	a1,t6,0x4
    38d8:	004c9c13          	slli	s8,s9,0x4
    38dc:	00bc68b3          	or	a7,s8,a1
    38e0:	01a8fd33          	and	s10,a7,s10
    38e4:	0178fbb3          	and	s7,a7,s7
    38e8:	002d1413          	slli	s0,s10,0x2
    38ec:	002bda93          	srli	s5,s7,0x2
    38f0:	015464b3          	or	s1,s0,s5
    38f4:	0124f933          	and	s2,s1,s2
    38f8:	0134f9b3          	and	s3,s1,s3
    38fc:	00191a13          	slli	s4,s2,0x1
    3900:	0019db13          	srli	s6,s3,0x1
    3904:	016a6cb3          	or	s9,s4,s6
    3908:	00071463          	bnez	a4,3910 <core_main.c.a139bd89+0x231>
    390c:	1810106f          	j	528c <ee_printf.c.d2ad60ed+0x67>
    3910:	00271d13          	slli	s10,a4,0x2
    3914:	00171f93          	slli	t6,a4,0x1
    3918:	01a609b3          	add	s3,a2,s10
    391c:	007f8ab3          	add	s5,t6,t2
    3920:	00060413          	mv	s0,a2
    3924:	00000913          	li	s2,0
    3928:	407a88b3          	sub	a7,s5,t2
    392c:	ffe88b93          	addi	s7,a7,-2
    3930:	001bd493          	srli	s1,s7,0x1
    3934:	00148a13          	addi	s4,s1,1
    3938:	00191b13          	slli	s6,s2,0x1
    393c:	007a7c13          	andi	s8,s4,7
    3940:	016e85b3          	add	a1,t4,s6
    3944:	00038893          	mv	a7,t2
    3948:	00000b13          	li	s6,0
    394c:	0c0c0e63          	beqz	s8,3a28 <core_main.c.a139bd89+0x349>
    3950:	00100f93          	li	t6,1
    3954:	0bfc0c63          	beq	s8,t6,3a0c <core_main.c.a139bd89+0x32d>
    3958:	00200b93          	li	s7,2
    395c:	097c0c63          	beq	s8,s7,39f4 <core_main.c.a139bd89+0x315>
    3960:	00300493          	li	s1,3
    3964:	069c0c63          	beq	s8,s1,39dc <core_main.c.a139bd89+0x2fd>
    3968:	00400a13          	li	s4,4
    396c:	054c0c63          	beq	s8,s4,39c4 <core_main.c.a139bd89+0x2e5>
    3970:	00500f93          	li	t6,5
    3974:	03fc0c63          	beq	s8,t6,39ac <core_main.c.a139bd89+0x2cd>
    3978:	00600b93          	li	s7,6
    397c:	017c0c63          	beq	s8,s7,3994 <core_main.c.a139bd89+0x2b5>
    3980:	00059c03          	lh	s8,0(a1)
    3984:	00039b03          	lh	s6,0(t2)
    3988:	00258593          	addi	a1,a1,2
    398c:	00238893          	addi	a7,t2,2
    3990:	036c0b33          	mul	s6,s8,s6
    3994:	00059483          	lh	s1,0(a1)
    3998:	00089a03          	lh	s4,0(a7)
    399c:	00258593          	addi	a1,a1,2
    39a0:	00288893          	addi	a7,a7,2
    39a4:	03448fb3          	mul	t6,s1,s4
    39a8:	01fb0b33          	add	s6,s6,t6
    39ac:	00059c03          	lh	s8,0(a1)
    39b0:	00089b83          	lh	s7,0(a7)
    39b4:	00258593          	addi	a1,a1,2
    39b8:	00288893          	addi	a7,a7,2
    39bc:	037c04b3          	mul	s1,s8,s7
    39c0:	009b0b33          	add	s6,s6,s1
    39c4:	00059a03          	lh	s4,0(a1)
    39c8:	00089f83          	lh	t6,0(a7)
    39cc:	00258593          	addi	a1,a1,2
    39d0:	00288893          	addi	a7,a7,2
    39d4:	03fa0c33          	mul	s8,s4,t6
    39d8:	018b0b33          	add	s6,s6,s8
    39dc:	00059483          	lh	s1,0(a1)
    39e0:	00089b83          	lh	s7,0(a7)
    39e4:	00258593          	addi	a1,a1,2
    39e8:	00288893          	addi	a7,a7,2
    39ec:	03748a33          	mul	s4,s1,s7
    39f0:	014b0b33          	add	s6,s6,s4
    39f4:	00059f83          	lh	t6,0(a1)
    39f8:	00089c03          	lh	s8,0(a7)
    39fc:	00258593          	addi	a1,a1,2
    3a00:	00288893          	addi	a7,a7,2
    3a04:	038f84b3          	mul	s1,t6,s8
    3a08:	009b0b33          	add	s6,s6,s1
    3a0c:	00059a03          	lh	s4,0(a1)
    3a10:	00089b83          	lh	s7,0(a7)
    3a14:	00288893          	addi	a7,a7,2
    3a18:	00258593          	addi	a1,a1,2
    3a1c:	037a0fb3          	mul	t6,s4,s7
    3a20:	01fb0b33          	add	s6,s6,t6
    3a24:	091a8863          	beq	s5,a7,3ab4 <core_main.c.a139bd89+0x3d5>
    3a28:	00059483          	lh	s1,0(a1)
    3a2c:	00089a03          	lh	s4,0(a7)
    3a30:	00259c03          	lh	s8,2(a1)
    3a34:	00289b83          	lh	s7,2(a7)
    3a38:	03448fb3          	mul	t6,s1,s4
    3a3c:	01088893          	addi	a7,a7,16
    3a40:	01058593          	addi	a1,a1,16
    3a44:	037c04b3          	mul	s1,s8,s7
    3a48:	01fb0a33          	add	s4,s6,t6
    3a4c:	ff459c03          	lh	s8,-12(a1)
    3a50:	ff489b03          	lh	s6,-12(a7)
    3a54:	009a0fb3          	add	t6,s4,s1
    3a58:	ff659483          	lh	s1,-10(a1)
    3a5c:	ff689a03          	lh	s4,-10(a7)
    3a60:	036c0bb3          	mul	s7,s8,s6
    3a64:	ff889c03          	lh	s8,-8(a7)
    3a68:	03448b33          	mul	s6,s1,s4
    3a6c:	017f8fb3          	add	t6,t6,s7
    3a70:	ff859b83          	lh	s7,-8(a1)
    3a74:	016f8a33          	add	s4,t6,s6
    3a78:	ffa89f83          	lh	t6,-6(a7)
    3a7c:	ffa59b03          	lh	s6,-6(a1)
    3a80:	038b84b3          	mul	s1,s7,s8
    3a84:	ffc59b83          	lh	s7,-4(a1)
    3a88:	ffc89c03          	lh	s8,-4(a7)
    3a8c:	03fb0b33          	mul	s6,s6,t6
    3a90:	009a04b3          	add	s1,s4,s1
    3a94:	01648fb3          	add	t6,s1,s6
    3a98:	ffe59b03          	lh	s6,-2(a1)
    3a9c:	ffe89483          	lh	s1,-2(a7)
    3aa0:	038b8a33          	mul	s4,s7,s8
    3aa4:	029b0bb3          	mul	s7,s6,s1
    3aa8:	014f8c33          	add	s8,t6,s4
    3aac:	017c0b33          	add	s6,s8,s7
    3ab0:	f71a9ce3          	bne	s5,a7,3a28 <core_main.c.a139bd89+0x349>
    3ab4:	01642023          	sw	s6,0(s0)
    3ab8:	00440413          	addi	s0,s0,4
    3abc:	00e90933          	add	s2,s2,a4
    3ac0:	e73414e3          	bne	s0,s3,3928 <core_main.c.a139bd89+0x249>
    3ac4:	00000a93          	li	s5,0
    3ac8:	00000f93          	li	t6,0
    3acc:	00000493          	li	s1,0
    3ad0:	00000b13          	li	s6,0
    3ad4:	41a985b3          	sub	a1,s3,s10
    3ad8:	000a8a13          	mv	s4,s5
    3adc:	0005aa83          	lw	s5,0(a1)
    3ae0:	00a48893          	addi	a7,s1,10
    3ae4:	015f8fb3          	add	t6,t6,s5
    3ae8:	015a2a33          	slt	s4,s4,s5
    3aec:	03f7c663          	blt	a5,t6,3b18 <core_main.c.a139bd89+0x439>
    3af0:	014488b3          	add	a7,s1,s4
    3af4:	00458593          	addi	a1,a1,4
    3af8:	00088493          	mv	s1,a7
    3afc:	03358663          	beq	a1,s3,3b28 <core_main.c.a139bd89+0x449>
    3b00:	000a8a13          	mv	s4,s5
    3b04:	0005aa83          	lw	s5,0(a1)
    3b08:	00a48893          	addi	a7,s1,10
    3b0c:	015f8fb3          	add	t6,t6,s5
    3b10:	015a2a33          	slt	s4,s4,s5
    3b14:	fdf7dee3          	bge	a5,t6,3af0 <core_main.c.a139bd89+0x411>
    3b18:	00458593          	addi	a1,a1,4
    3b1c:	00088493          	mv	s1,a7
    3b20:	00000f93          	li	t6,0
    3b24:	fd359ee3          	bne	a1,s3,3b00 <core_main.c.a139bd89+0x421>
    3b28:	001b0b13          	addi	s6,s6,1
    3b2c:	01a989b3          	add	s3,s3,s10
    3b30:	fb6712e3          	bne	a4,s6,3ad4 <core_main.c.a139bd89+0x3f5>
    3b34:	0088dd13          	srli	s10,a7,0x8
    3b38:	0ffd7c13          	zext.b	s8,s10
    3b3c:	0ff8f593          	zext.b	a1,a7
    3b40:	0195cbb3          	xor	s7,a1,s9
    3b44:	01fb9413          	slli	s0,s7,0x1f
    3b48:	ffffaab7          	lui	s5,0xffffa
    3b4c:	001a8893          	addi	a7,s5,1 # ffffa001 <__stack_top+0xfffea001>
    3b50:	41f45913          	srai	s2,s0,0x1f
    3b54:	01197a33          	and	s4,s2,a7
    3b58:	001cdc93          	srli	s9,s9,0x1
    3b5c:	019a44b3          	xor	s1,s4,s9
    3b60:	01049f93          	slli	t6,s1,0x10
    3b64:	010fdb13          	srli	s6,t6,0x10
    3b68:	0015d993          	srli	s3,a1,0x1
    3b6c:	0169cbb3          	xor	s7,s3,s6
    3b70:	01fb9413          	slli	s0,s7,0x1f
    3b74:	41f45913          	srai	s2,s0,0x1f
    3b78:	01197ab3          	and	s5,s2,a7
    3b7c:	001b5c93          	srli	s9,s6,0x1
    3b80:	019aca33          	xor	s4,s5,s9
    3b84:	010a1493          	slli	s1,s4,0x10
    3b88:	0104db13          	srli	s6,s1,0x10
    3b8c:	0025dd13          	srli	s10,a1,0x2
    3b90:	016d4fb3          	xor	t6,s10,s6
    3b94:	01ff9993          	slli	s3,t6,0x1f
    3b98:	41f9dd13          	srai	s10,s3,0x1f
    3b9c:	011d7433          	and	s0,s10,a7
    3ba0:	001b5913          	srli	s2,s6,0x1
    3ba4:	01244ab3          	xor	s5,s0,s2
    3ba8:	010a9c93          	slli	s9,s5,0x10
    3bac:	010cda13          	srli	s4,s9,0x10
    3bb0:	0035db93          	srli	s7,a1,0x3
    3bb4:	014bcb33          	xor	s6,s7,s4
    3bb8:	01fb1b93          	slli	s7,s6,0x1f
    3bbc:	41fbdf93          	srai	t6,s7,0x1f
    3bc0:	011ff9b3          	and	s3,t6,a7
    3bc4:	001a5d13          	srli	s10,s4,0x1
    3bc8:	01a9c433          	xor	s0,s3,s10
    3bcc:	01041913          	slli	s2,s0,0x10
    3bd0:	01095a93          	srli	s5,s2,0x10
    3bd4:	0045d493          	srli	s1,a1,0x4
    3bd8:	0154ca33          	xor	s4,s1,s5
    3bdc:	01fa1493          	slli	s1,s4,0x1f
    3be0:	41f4db13          	srai	s6,s1,0x1f
    3be4:	011b7bb3          	and	s7,s6,a7
    3be8:	001adf93          	srli	t6,s5,0x1
    3bec:	01fbc9b3          	xor	s3,s7,t6
    3bf0:	01099d13          	slli	s10,s3,0x10
    3bf4:	010d5a93          	srli	s5,s10,0x10
    3bf8:	0055dc93          	srli	s9,a1,0x5
    3bfc:	015cc433          	xor	s0,s9,s5
    3c00:	01f41c93          	slli	s9,s0,0x1f
    3c04:	41fcda13          	srai	s4,s9,0x1f
    3c08:	011a74b3          	and	s1,s4,a7
    3c0c:	001adb13          	srli	s6,s5,0x1
    3c10:	0164cbb3          	xor	s7,s1,s6
    3c14:	010b9f93          	slli	t6,s7,0x10
    3c18:	010fdd13          	srli	s10,t6,0x10
    3c1c:	0065d913          	srli	s2,a1,0x6
    3c20:	01a949b3          	xor	s3,s2,s10
    3c24:	01f99913          	slli	s2,s3,0x1f
    3c28:	41f95413          	srai	s0,s2,0x1f
    3c2c:	01147cb3          	and	s9,s0,a7
    3c30:	001d5a13          	srli	s4,s10,0x1
    3c34:	014cc4b3          	xor	s1,s9,s4
    3c38:	01049b13          	slli	s6,s1,0x10
    3c3c:	010b5b93          	srli	s7,s6,0x10
    3c40:	0075d593          	srli	a1,a1,0x7
    3c44:	0175c5b3          	xor	a1,a1,s7
    3c48:	01f59f93          	slli	t6,a1,0x1f
    3c4c:	41ffd993          	srai	s3,t6,0x1f
    3c50:	0119f433          	and	s0,s3,a7
    3c54:	001bd913          	srli	s2,s7,0x1
    3c58:	01244cb3          	xor	s9,s0,s2
    3c5c:	010c9a13          	slli	s4,s9,0x10
    3c60:	010a5493          	srli	s1,s4,0x10
    3c64:	009c4bb3          	xor	s7,s8,s1
    3c68:	01fb9593          	slli	a1,s7,0x1f
    3c6c:	41f5df93          	srai	t6,a1,0x1f
    3c70:	011ff9b3          	and	s3,t6,a7
    3c74:	0014d413          	srli	s0,s1,0x1
    3c78:	0089c933          	xor	s2,s3,s0
    3c7c:	01091c93          	slli	s9,s2,0x10
    3c80:	010cd493          	srli	s1,s9,0x10
    3c84:	001c5a93          	srli	s5,s8,0x1
    3c88:	009acab3          	xor	s5,s5,s1
    3c8c:	01fa9a13          	slli	s4,s5,0x1f
    3c90:	41fa5593          	srai	a1,s4,0x1f
    3c94:	0115ffb3          	and	t6,a1,a7
    3c98:	0014d993          	srli	s3,s1,0x1
    3c9c:	013fc433          	xor	s0,t6,s3
    3ca0:	01041913          	slli	s2,s0,0x10
    3ca4:	01095c93          	srli	s9,s2,0x10
    3ca8:	002c5d13          	srli	s10,s8,0x2
    3cac:	019d4d33          	xor	s10,s10,s9
    3cb0:	01fd1493          	slli	s1,s10,0x1f
    3cb4:	41f4da13          	srai	s4,s1,0x1f
    3cb8:	011a75b3          	and	a1,s4,a7
    3cbc:	001cdf93          	srli	t6,s9,0x1
    3cc0:	01f5c9b3          	xor	s3,a1,t6
    3cc4:	01099413          	slli	s0,s3,0x10
    3cc8:	01045913          	srli	s2,s0,0x10
    3ccc:	003c5b13          	srli	s6,s8,0x3
    3cd0:	012b4b33          	xor	s6,s6,s2
    3cd4:	01fb1d13          	slli	s10,s6,0x1f
    3cd8:	41fd5493          	srai	s1,s10,0x1f
    3cdc:	0114fa33          	and	s4,s1,a7
    3ce0:	00195593          	srli	a1,s2,0x1
    3ce4:	00ba4fb3          	xor	t6,s4,a1
    3ce8:	010f9993          	slli	s3,t6,0x10
    3cec:	0109d413          	srli	s0,s3,0x10
    3cf0:	004c5b93          	srli	s7,s8,0x4
    3cf4:	008bcbb3          	xor	s7,s7,s0
    3cf8:	01fb9913          	slli	s2,s7,0x1f
    3cfc:	41f95d13          	srai	s10,s2,0x1f
    3d00:	011d74b3          	and	s1,s10,a7
    3d04:	00145a13          	srli	s4,s0,0x1
    3d08:	0144c5b3          	xor	a1,s1,s4
    3d0c:	01059f93          	slli	t6,a1,0x10
    3d10:	010fdb93          	srli	s7,t6,0x10
    3d14:	005c5a93          	srli	s5,s8,0x5
    3d18:	017acab3          	xor	s5,s5,s7
    3d1c:	01fa9993          	slli	s3,s5,0x1f
    3d20:	41f9d413          	srai	s0,s3,0x1f
    3d24:	01147d33          	and	s10,s0,a7
    3d28:	001bd913          	srli	s2,s7,0x1
    3d2c:	012d44b3          	xor	s1,s10,s2
    3d30:	01049a13          	slli	s4,s1,0x10
    3d34:	010a5593          	srli	a1,s4,0x10
    3d38:	006c5c93          	srli	s9,s8,0x6
    3d3c:	00bcccb3          	xor	s9,s9,a1
    3d40:	01fc9f93          	slli	t6,s9,0x1f
    3d44:	41ffdb93          	srai	s7,t6,0x1f
    3d48:	011bfab3          	and	s5,s7,a7
    3d4c:	0015d993          	srli	s3,a1,0x1
    3d50:	013ac433          	xor	s0,s5,s3
    3d54:	01041d13          	slli	s10,s0,0x10
    3d58:	010d5913          	srli	s2,s10,0x10
    3d5c:	007c5c13          	srli	s8,s8,0x7
    3d60:	012c4c33          	xor	s8,s8,s2
    3d64:	01fc1493          	slli	s1,s8,0x1f
    3d68:	41f4da13          	srai	s4,s1,0x1f
    3d6c:	011a78b3          	and	a7,s4,a7
    3d70:	00195593          	srli	a1,s2,0x1
    3d74:	00b8ccb3          	xor	s9,a7,a1
    3d78:	010c9f93          	slli	t6,s9,0x10
    3d7c:	010fdb93          	srli	s7,t6,0x10
    3d80:	00900b13          	li	s6,9
    3d84:	09712623          	sw	s7,140(sp)
    3d88:	73670a63          	beq	a4,s6,44bc <core_matrix.c.67c38044+0x12f>
    3d8c:	00000b93          	li	s7,0
    3d90:	00000b13          	li	s6,0
    3d94:	20070e63          	beqz	a4,3fb0 <core_list_join.c.17277ac5+0x35a>
    3d98:	00171f93          	slli	t6,a4,0x1
    3d9c:	01fe8933          	add	s2,t4,t6
    3da0:	000e8993          	mv	s3,t4
    3da4:	00000b13          	li	s6,0
    3da8:	00000a93          	li	s5,0
    3dac:	002b1d13          	slli	s10,s6,0x2
    3db0:	01a604b3          	add	s1,a2,s10
    3db4:	00038413          	mv	s0,t2
    3db8:	00000a13          	li	s4,0
    3dbc:	413905b3          	sub	a1,s2,s3
    3dc0:	ffe58c93          	addi	s9,a1,-2
    3dc4:	001cd893          	srli	a7,s9,0x1
    3dc8:	00188c13          	addi	s8,a7,1
    3dcc:	007c7d13          	andi	s10,s8,7
    3dd0:	00040593          	mv	a1,s0
    3dd4:	00098b93          	mv	s7,s3
    3dd8:	00000c13          	li	s8,0
    3ddc:	0c0d0e63          	beqz	s10,3eb8 <core_list_join.c.17277ac5+0x262>
    3de0:	00100c93          	li	s9,1
    3de4:	0b9d0c63          	beq	s10,s9,3e9c <core_list_join.c.17277ac5+0x246>
    3de8:	00200893          	li	a7,2
    3dec:	091d0c63          	beq	s10,a7,3e84 <core_list_join.c.17277ac5+0x22e>
    3df0:	00300c93          	li	s9,3
    3df4:	079d0c63          	beq	s10,s9,3e6c <core_list_join.c.17277ac5+0x216>
    3df8:	00400893          	li	a7,4
    3dfc:	051d0c63          	beq	s10,a7,3e54 <core_list_join.c.17277ac5+0x1fe>
    3e00:	00500c93          	li	s9,5
    3e04:	039d0c63          	beq	s10,s9,3e3c <core_list_join.c.17277ac5+0x1e6>
    3e08:	00600893          	li	a7,6
    3e0c:	011d0c63          	beq	s10,a7,3e24 <core_list_join.c.17277ac5+0x1ce>
    3e10:	00099c03          	lh	s8,0(s3)
    3e14:	00041d03          	lh	s10,0(s0)
    3e18:	00298b93          	addi	s7,s3,2
    3e1c:	01f405b3          	add	a1,s0,t6
    3e20:	03ac0c33          	mul	s8,s8,s10
    3e24:	000b9883          	lh	a7,0(s7)
    3e28:	00059c83          	lh	s9,0(a1)
    3e2c:	002b8b93          	addi	s7,s7,2
    3e30:	01f585b3          	add	a1,a1,t6
    3e34:	03988d33          	mul	s10,a7,s9
    3e38:	01ac0c33          	add	s8,s8,s10
    3e3c:	000b9883          	lh	a7,0(s7)
    3e40:	00059c83          	lh	s9,0(a1)
    3e44:	002b8b93          	addi	s7,s7,2
    3e48:	01f585b3          	add	a1,a1,t6
    3e4c:	03988d33          	mul	s10,a7,s9
    3e50:	01ac0c33          	add	s8,s8,s10
    3e54:	000b9883          	lh	a7,0(s7)
    3e58:	00059c83          	lh	s9,0(a1)
    3e5c:	002b8b93          	addi	s7,s7,2
    3e60:	01f585b3          	add	a1,a1,t6
    3e64:	03988d33          	mul	s10,a7,s9
    3e68:	01ac0c33          	add	s8,s8,s10
    3e6c:	000b9883          	lh	a7,0(s7)
    3e70:	00059c83          	lh	s9,0(a1)
    3e74:	002b8b93          	addi	s7,s7,2
    3e78:	01f585b3          	add	a1,a1,t6
    3e7c:	03988d33          	mul	s10,a7,s9
    3e80:	01ac0c33          	add	s8,s8,s10
    3e84:	000b9883          	lh	a7,0(s7)
    3e88:	00059c83          	lh	s9,0(a1)
    3e8c:	002b8b93          	addi	s7,s7,2
    3e90:	01f585b3          	add	a1,a1,t6
    3e94:	03988d33          	mul	s10,a7,s9
    3e98:	01ac0c33          	add	s8,s8,s10
    3e9c:	000b9883          	lh	a7,0(s7)
    3ea0:	00059c83          	lh	s9,0(a1)
    3ea4:	002b8b93          	addi	s7,s7,2
    3ea8:	01f585b3          	add	a1,a1,t6
    3eac:	03988d33          	mul	s10,a7,s9
    3eb0:	01ac0c33          	add	s8,s8,s10
    3eb4:	0b2b8663          	beq	s7,s2,3f60 <core_list_join.c.17277ac5+0x30a>
    3eb8:	00059c83          	lh	s9,0(a1)
    3ebc:	000b9883          	lh	a7,0(s7)
    3ec0:	01f585b3          	add	a1,a1,t6
    3ec4:	00059d03          	lh	s10,0(a1)
    3ec8:	039888b3          	mul	a7,a7,s9
    3ecc:	002b9c83          	lh	s9,2(s7)
    3ed0:	01f585b3          	add	a1,a1,t6
    3ed4:	010b8b93          	addi	s7,s7,16
    3ed8:	03ac8cb3          	mul	s9,s9,s10
    3edc:	011c08b3          	add	a7,s8,a7
    3ee0:	00059d03          	lh	s10,0(a1)
    3ee4:	ff4b9c03          	lh	s8,-12(s7)
    3ee8:	01f585b3          	add	a1,a1,t6
    3eec:	01988cb3          	add	s9,a7,s9
    3ef0:	03ac0c33          	mul	s8,s8,s10
    3ef4:	ff6b9883          	lh	a7,-10(s7)
    3ef8:	00059d03          	lh	s10,0(a1)
    3efc:	01f585b3          	add	a1,a1,t6
    3f00:	03a888b3          	mul	a7,a7,s10
    3f04:	018c8c33          	add	s8,s9,s8
    3f08:	00059d03          	lh	s10,0(a1)
    3f0c:	ff8b9c83          	lh	s9,-8(s7)
    3f10:	01f585b3          	add	a1,a1,t6
    3f14:	03ac8cb3          	mul	s9,s9,s10
    3f18:	011c0c33          	add	s8,s8,a7
    3f1c:	00059d03          	lh	s10,0(a1)
    3f20:	ffab9883          	lh	a7,-6(s7)
    3f24:	01f585b3          	add	a1,a1,t6
    3f28:	03a888b3          	mul	a7,a7,s10
    3f2c:	019c0c33          	add	s8,s8,s9
    3f30:	00059d03          	lh	s10,0(a1)
    3f34:	ffcb9c83          	lh	s9,-4(s7)
    3f38:	01f585b3          	add	a1,a1,t6
    3f3c:	011c0c33          	add	s8,s8,a7
    3f40:	03ac8cb3          	mul	s9,s9,s10
    3f44:	ffeb9883          	lh	a7,-2(s7)
    3f48:	00059d03          	lh	s10,0(a1)
    3f4c:	01f585b3          	add	a1,a1,t6
    3f50:	03a88d33          	mul	s10,a7,s10
    3f54:	019c0cb3          	add	s9,s8,s9
    3f58:	01ac8c33          	add	s8,s9,s10
    3f5c:	f52b9ee3          	bne	s7,s2,3eb8 <core_list_join.c.17277ac5+0x262>
    3f60:	0184a023          	sw	s8,0(s1)
    3f64:	001a0b93          	addi	s7,s4,1
    3f68:	00448493          	addi	s1,s1,4
    3f6c:	00240413          	addi	s0,s0,2
    3f70:	01770663          	beq	a4,s7,3f7c <core_list_join.c.17277ac5+0x326>
    3f74:	000b8a13          	mv	s4,s7
    3f78:	e45ff06f          	j	3dbc <core_list_join.c.17277ac5+0x166>
    3f7c:	00eb0b33          	add	s6,s6,a4
    3f80:	01f989b3          	add	s3,s3,t6
    3f84:	01f90933          	add	s2,s2,t6
    3f88:	2d4a84e3          	beq	s5,s4,4a50 <core_state.c.8b4f4757+0xbd>
    3f8c:	001a8a93          	addi	s5,s5,1
    3f90:	e1dff06f          	j	3dac <core_list_join.c.17277ac5+0x156>
    3f94:	00000893          	li	a7,0
    3f98:	001a0a13          	addi	s4,s4,1
    3f9c:	00ea8ab3          	add	s5,s5,a4
    3fa0:	2cea62e3          	bltu	s4,a4,4a64 <core_state.c.8b4f4757+0xd1>
    3fa4:	008c5413          	srli	s0,s8,0x8
    3fa8:	0ff47b93          	zext.b	s7,s0
    3fac:	0ffc7b13          	zext.b	s6,s8
    3fb0:	08c12483          	lw	s1,140(sp)
    3fb4:	08c12883          	lw	a7,140(sp)
    3fb8:	ffffafb7          	lui	t6,0xffffa
    3fbc:	009b45b3          	xor	a1,s6,s1
    3fc0:	01f59c13          	slli	s8,a1,0x1f
    3fc4:	001f8c93          	addi	s9,t6,1 # ffffa001 <__stack_top+0xfffea001>
    3fc8:	41fc5d13          	srai	s10,s8,0x1f
    3fcc:	019d7433          	and	s0,s10,s9
    3fd0:	0018da13          	srli	s4,a7,0x1
    3fd4:	014449b3          	xor	s3,s0,s4
    3fd8:	01099913          	slli	s2,s3,0x10
    3fdc:	01095a93          	srli	s5,s2,0x10
    3fe0:	001b5493          	srli	s1,s6,0x1
    3fe4:	0154cc33          	xor	s8,s1,s5
    3fe8:	01fc1d13          	slli	s10,s8,0x1f
    3fec:	41fd5f93          	srai	t6,s10,0x1f
    3ff0:	019ff8b3          	and	a7,t6,s9
    3ff4:	001ada13          	srli	s4,s5,0x1
    3ff8:	0148c433          	xor	s0,a7,s4
    3ffc:	01041993          	slli	s3,s0,0x10
    4000:	0109d913          	srli	s2,s3,0x10
    4004:	002b5593          	srli	a1,s6,0x2
    4008:	0125c4b3          	xor	s1,a1,s2
    400c:	01f49593          	slli	a1,s1,0x1f
    4010:	41f5dc13          	srai	s8,a1,0x1f
    4014:	019c7d33          	and	s10,s8,s9
    4018:	00195f93          	srli	t6,s2,0x1
    401c:	01fd48b3          	xor	a7,s10,t6
    4020:	01089a13          	slli	s4,a7,0x10
    4024:	010a5913          	srli	s2,s4,0x10
    4028:	003b5a93          	srli	s5,s6,0x3
    402c:	012ac433          	xor	s0,s5,s2
    4030:	01f41a93          	slli	s5,s0,0x1f
    4034:	41fad493          	srai	s1,s5,0x1f
    4038:	0194f5b3          	and	a1,s1,s9
    403c:	00195c13          	srli	s8,s2,0x1
    4040:	0185cd33          	xor	s10,a1,s8
    4044:	010d1f93          	slli	t6,s10,0x10
    4048:	010fd893          	srli	a7,t6,0x10
    404c:	004b5993          	srli	s3,s6,0x4
    4050:	0119c933          	xor	s2,s3,a7
    4054:	01f91993          	slli	s3,s2,0x1f
    4058:	41f9d413          	srai	s0,s3,0x1f
    405c:	01947ab3          	and	s5,s0,s9
    4060:	0018d493          	srli	s1,a7,0x1
    4064:	009ac5b3          	xor	a1,s5,s1
    4068:	01059c13          	slli	s8,a1,0x10
    406c:	010c5d13          	srli	s10,s8,0x10
    4070:	005b5a13          	srli	s4,s6,0x5
    4074:	01aa4fb3          	xor	t6,s4,s10
    4078:	01ff9a13          	slli	s4,t6,0x1f
    407c:	41fa5913          	srai	s2,s4,0x1f
    4080:	01997433          	and	s0,s2,s9
    4084:	001d5993          	srli	s3,s10,0x1
    4088:	01344ab3          	xor	s5,s0,s3
    408c:	010a9493          	slli	s1,s5,0x10
    4090:	0104d593          	srli	a1,s1,0x10
    4094:	006b5893          	srli	a7,s6,0x6
    4098:	00b8cd33          	xor	s10,a7,a1
    409c:	01fd1893          	slli	a7,s10,0x1f
    40a0:	41f8df93          	srai	t6,a7,0x1f
    40a4:	019ffa33          	and	s4,t6,s9
    40a8:	0015d913          	srli	s2,a1,0x1
    40ac:	012a4433          	xor	s0,s4,s2
    40b0:	01041993          	slli	s3,s0,0x10
    40b4:	0109da93          	srli	s5,s3,0x10
    40b8:	007b5b13          	srli	s6,s6,0x7
    40bc:	015b4b33          	xor	s6,s6,s5
    40c0:	01fb1493          	slli	s1,s6,0x1f
    40c4:	41f4dd13          	srai	s10,s1,0x1f
    40c8:	019d78b3          	and	a7,s10,s9
    40cc:	001adf93          	srli	t6,s5,0x1
    40d0:	01f8ca33          	xor	s4,a7,t6
    40d4:	010a1913          	slli	s2,s4,0x10
    40d8:	01095413          	srli	s0,s2,0x10
    40dc:	008bc9b3          	xor	s3,s7,s0
    40e0:	01f99b13          	slli	s6,s3,0x1f
    40e4:	41fb5493          	srai	s1,s6,0x1f
    40e8:	0194fd33          	and	s10,s1,s9
    40ec:	00145893          	srli	a7,s0,0x1
    40f0:	011d4fb3          	xor	t6,s10,a7
    40f4:	010f9a13          	slli	s4,t6,0x10
    40f8:	010a5913          	srli	s2,s4,0x10
    40fc:	001bdc13          	srli	s8,s7,0x1
    4100:	012c4c33          	xor	s8,s8,s2
    4104:	01fc1413          	slli	s0,s8,0x1f
    4108:	41f45993          	srai	s3,s0,0x1f
    410c:	0199f4b3          	and	s1,s3,s9
    4110:	00195d13          	srli	s10,s2,0x1
    4114:	01a4c8b3          	xor	a7,s1,s10
    4118:	01089f93          	slli	t6,a7,0x10
    411c:	010fd913          	srli	s2,t6,0x10
    4120:	002bd593          	srli	a1,s7,0x2
    4124:	0125c5b3          	xor	a1,a1,s2
    4128:	01f59a13          	slli	s4,a1,0x1f
    412c:	41fa5413          	srai	s0,s4,0x1f
    4130:	019479b3          	and	s3,s0,s9
    4134:	00195493          	srli	s1,s2,0x1
    4138:	0099cd33          	xor	s10,s3,s1
    413c:	010d1893          	slli	a7,s10,0x10
    4140:	0108d413          	srli	s0,a7,0x10
    4144:	003bda93          	srli	s5,s7,0x3
    4148:	008acab3          	xor	s5,s5,s0
    414c:	01fa9913          	slli	s2,s5,0x1f
    4150:	41f95593          	srai	a1,s2,0x1f
    4154:	0195fa33          	and	s4,a1,s9
    4158:	00145993          	srli	s3,s0,0x1
    415c:	013a44b3          	xor	s1,s4,s3
    4160:	01049d13          	slli	s10,s1,0x10
    4164:	010d5893          	srli	a7,s10,0x10
    4168:	004bdb13          	srli	s6,s7,0x4
    416c:	011b4b33          	xor	s6,s6,a7
    4170:	01fb1413          	slli	s0,s6,0x1f
    4174:	41f45a93          	srai	s5,s0,0x1f
    4178:	019af5b3          	and	a1,s5,s9
    417c:	0018d913          	srli	s2,a7,0x1
    4180:	0125ca33          	xor	s4,a1,s2
    4184:	010a1993          	slli	s3,s4,0x10
    4188:	0109d493          	srli	s1,s3,0x10
    418c:	005bdc13          	srli	s8,s7,0x5
    4190:	009c4c33          	xor	s8,s8,s1
    4194:	01fc1d13          	slli	s10,s8,0x1f
    4198:	41fd5893          	srai	a7,s10,0x1f
    419c:	0198fb33          	and	s6,a7,s9
    41a0:	0014d413          	srli	s0,s1,0x1
    41a4:	008b4ab3          	xor	s5,s6,s0
    41a8:	010a9593          	slli	a1,s5,0x10
    41ac:	0105d913          	srli	s2,a1,0x10
    41b0:	006bdf93          	srli	t6,s7,0x6
    41b4:	012fcfb3          	xor	t6,t6,s2
    41b8:	01ff9a13          	slli	s4,t6,0x1f
    41bc:	41fa5993          	srai	s3,s4,0x1f
    41c0:	0199f4b3          	and	s1,s3,s9
    41c4:	00195c13          	srli	s8,s2,0x1
    41c8:	0184cd33          	xor	s10,s1,s8
    41cc:	010d1893          	slli	a7,s10,0x10
    41d0:	0108db13          	srli	s6,a7,0x10
    41d4:	007bdb93          	srli	s7,s7,0x7
    41d8:	016bcbb3          	xor	s7,s7,s6
    41dc:	01fb9413          	slli	s0,s7,0x1f
    41e0:	41f45a93          	srai	s5,s0,0x1f
    41e4:	019afcb3          	and	s9,s5,s9
    41e8:	001b5593          	srli	a1,s6,0x1
    41ec:	00bcc933          	xor	s2,s9,a1
    41f0:	01091f93          	slli	t6,s2,0x10
    41f4:	010fdf93          	srli	t6,t6,0x10
    41f8:	00071463          	bnez	a4,4200 <core_list_join.c.17277ac5+0x5aa>
    41fc:	0880106f          	j	5284 <ee_printf.c.d2ad60ed+0x5f>
    4200:	00171413          	slli	s0,a4,0x1
    4204:	00030d13          	mv	s10,t1
    4208:	008e84b3          	add	s1,t4,s0
    420c:	00050313          	mv	t1,a0
    4210:	000e8913          	mv	s2,t4
    4214:	00000a13          	li	s4,0
    4218:	00000a93          	li	s5,0
    421c:	00078513          	mv	a0,a5
    4220:	002a1693          	slli	a3,s4,0x2
    4224:	00c687b3          	add	a5,a3,a2
    4228:	00038b13          	mv	s6,t2
    422c:	00000993          	li	s3,0
    4230:	41248c33          	sub	s8,s1,s2
    4234:	ffec0893          	addi	a7,s8,-2
    4238:	0018db93          	srli	s7,a7,0x1
    423c:	001b8c93          	addi	s9,s7,1
    4240:	007cfb93          	andi	s7,s9,7
    4244:	000b0693          	mv	a3,s6
    4248:	00090893          	mv	a7,s2
    424c:	00000593          	li	a1,0
    4250:	120b8863          	beqz	s7,4380 <core_list_join.c.17277ac5+0x72a>
    4254:	00100c13          	li	s8,1
    4258:	118b8063          	beq	s7,s8,4358 <core_list_join.c.17277ac5+0x702>
    425c:	00200c93          	li	s9,2
    4260:	0d9b8a63          	beq	s7,s9,4334 <core_list_join.c.17277ac5+0x6de>
    4264:	00300c13          	li	s8,3
    4268:	0b8b8463          	beq	s7,s8,4310 <core_list_join.c.17277ac5+0x6ba>
    426c:	00400c93          	li	s9,4
    4270:	079b8e63          	beq	s7,s9,42ec <core_list_join.c.17277ac5+0x696>
    4274:	00500c13          	li	s8,5
    4278:	058b8863          	beq	s7,s8,42c8 <core_list_join.c.17277ac5+0x672>
    427c:	00600c93          	li	s9,6
    4280:	039b8263          	beq	s7,s9,42a4 <core_list_join.c.17277ac5+0x64e>
    4284:	00091b83          	lh	s7,0(s2)
    4288:	000b1583          	lh	a1,0(s6)
    428c:	00290893          	addi	a7,s2,2
    4290:	008b06b3          	add	a3,s6,s0
    4294:	02bb8c33          	mul	s8,s7,a1
    4298:	062c0c8b          	.insn	4, 0x062c0c8b
    429c:	0c5c0b8b          	.insn	4, 0x0c5c0b8b
    42a0:	037c85b3          	mul	a1,s9,s7
    42a4:	00089c83          	lh	s9,0(a7)
    42a8:	00069c03          	lh	s8,0(a3)
    42ac:	00288893          	addi	a7,a7,2
    42b0:	008686b3          	add	a3,a3,s0
    42b4:	038c8bb3          	mul	s7,s9,s8
    42b8:	062b8c8b          	.insn	4, 0x062b8c8b
    42bc:	0c5b8c0b          	.insn	4, 0x0c5b8c0b
    42c0:	038c8bb3          	mul	s7,s9,s8
    42c4:	017585b3          	add	a1,a1,s7
    42c8:	00089c83          	lh	s9,0(a7)
    42cc:	00069c03          	lh	s8,0(a3)
    42d0:	00288893          	addi	a7,a7,2
    42d4:	008686b3          	add	a3,a3,s0
    42d8:	038c8bb3          	mul	s7,s9,s8
    42dc:	062b8c8b          	.insn	4, 0x062b8c8b
    42e0:	0c5b8c0b          	.insn	4, 0x0c5b8c0b
    42e4:	038c8bb3          	mul	s7,s9,s8
    42e8:	017585b3          	add	a1,a1,s7
    42ec:	00089c83          	lh	s9,0(a7)
    42f0:	00069c03          	lh	s8,0(a3)
    42f4:	00288893          	addi	a7,a7,2
    42f8:	008686b3          	add	a3,a3,s0
    42fc:	038c8bb3          	mul	s7,s9,s8
    4300:	062b8c8b          	.insn	4, 0x062b8c8b
    4304:	0c5b8c0b          	.insn	4, 0x0c5b8c0b
    4308:	038c8bb3          	mul	s7,s9,s8
    430c:	017585b3          	add	a1,a1,s7
    4310:	00089c83          	lh	s9,0(a7)
    4314:	00069c03          	lh	s8,0(a3)
    4318:	00288893          	addi	a7,a7,2
    431c:	008686b3          	add	a3,a3,s0
    4320:	038c8bb3          	mul	s7,s9,s8
    4324:	062b8c8b          	.insn	4, 0x062b8c8b
    4328:	0c5b8c0b          	.insn	4, 0x0c5b8c0b
    432c:	038c8bb3          	mul	s7,s9,s8
    4330:	017585b3          	add	a1,a1,s7
    4334:	00089c83          	lh	s9,0(a7)
    4338:	00069c03          	lh	s8,0(a3)
    433c:	00288893          	addi	a7,a7,2
    4340:	008686b3          	add	a3,a3,s0
    4344:	038c8bb3          	mul	s7,s9,s8
    4348:	062b8c8b          	.insn	4, 0x062b8c8b
    434c:	0c5b8c0b          	.insn	4, 0x0c5b8c0b
    4350:	038c8bb3          	mul	s7,s9,s8
    4354:	017585b3          	add	a1,a1,s7
    4358:	00089c83          	lh	s9,0(a7)
    435c:	00069c03          	lh	s8,0(a3)
    4360:	00288893          	addi	a7,a7,2
    4364:	008686b3          	add	a3,a3,s0
    4368:	038c8bb3          	mul	s7,s9,s8
    436c:	062b8c8b          	.insn	4, 0x062b8c8b
    4370:	0c5b8c0b          	.insn	4, 0x0c5b8c0b
    4374:	038c8bb3          	mul	s7,s9,s8
    4378:	017585b3          	add	a1,a1,s7
    437c:	11148663          	beq	s1,a7,4488 <core_matrix.c.67c38044+0xfb>
    4380:	00069c83          	lh	s9,0(a3)
    4384:	00089b83          	lh	s7,0(a7)
    4388:	008686b3          	add	a3,a3,s0
    438c:	00069c03          	lh	s8,0(a3)
    4390:	039b8bb3          	mul	s7,s7,s9
    4394:	062b8c8b          	.insn	4, 0x062b8c8b
    4398:	0c5b8b8b          	.insn	4, 0x0c5b8b8b
    439c:	008686b3          	add	a3,a3,s0
    43a0:	01088893          	addi	a7,a7,16
    43a4:	037c8cb3          	mul	s9,s9,s7
    43a8:	ff289b83          	lh	s7,-14(a7)
    43ac:	038b8bb3          	mul	s7,s7,s8
    43b0:	062b8c0b          	.insn	4, 0x062b8c0b
    43b4:	0c5b8b8b          	.insn	4, 0x0c5b8b8b
    43b8:	019585b3          	add	a1,a1,s9
    43bc:	00069c83          	lh	s9,0(a3)
    43c0:	008686b3          	add	a3,a3,s0
    43c4:	037c0c33          	mul	s8,s8,s7
    43c8:	ff489b83          	lh	s7,-12(a7)
    43cc:	039b8cb3          	mul	s9,s7,s9
    43d0:	018585b3          	add	a1,a1,s8
    43d4:	0c5c8b8b          	.insn	4, 0x0c5c8b8b
    43d8:	062c8c0b          	.insn	4, 0x062c8c0b
    43dc:	00069c83          	lh	s9,0(a3)
    43e0:	008686b3          	add	a3,a3,s0
    43e4:	037c0c33          	mul	s8,s8,s7
    43e8:	ff689b83          	lh	s7,-10(a7)
    43ec:	039b8cb3          	mul	s9,s7,s9
    43f0:	018585b3          	add	a1,a1,s8
    43f4:	0c5c8b8b          	.insn	4, 0x0c5c8b8b
    43f8:	062c8c0b          	.insn	4, 0x062c8c0b
    43fc:	00069c83          	lh	s9,0(a3)
    4400:	008686b3          	add	a3,a3,s0
    4404:	037c0c33          	mul	s8,s8,s7
    4408:	ff889b83          	lh	s7,-8(a7)
    440c:	039b8cb3          	mul	s9,s7,s9
    4410:	018585b3          	add	a1,a1,s8
    4414:	0c5c8b8b          	.insn	4, 0x0c5c8b8b
    4418:	062c8c0b          	.insn	4, 0x062c8c0b
    441c:	00069c83          	lh	s9,0(a3)
    4420:	008686b3          	add	a3,a3,s0
    4424:	037c0c33          	mul	s8,s8,s7
    4428:	ffa89b83          	lh	s7,-6(a7)
    442c:	039b8cb3          	mul	s9,s7,s9
    4430:	018585b3          	add	a1,a1,s8
    4434:	0c5c8b8b          	.insn	4, 0x0c5c8b8b
    4438:	062c8c0b          	.insn	4, 0x062c8c0b
    443c:	00069c83          	lh	s9,0(a3)
    4440:	008686b3          	add	a3,a3,s0
    4444:	037c0c33          	mul	s8,s8,s7
    4448:	ffc89b83          	lh	s7,-4(a7)
    444c:	039b8cb3          	mul	s9,s7,s9
    4450:	018585b3          	add	a1,a1,s8
    4454:	0c5c8b8b          	.insn	4, 0x0c5c8b8b
    4458:	062c8c0b          	.insn	4, 0x062c8c0b
    445c:	00069c83          	lh	s9,0(a3)
    4460:	008686b3          	add	a3,a3,s0
    4464:	037c0c33          	mul	s8,s8,s7
    4468:	ffe89b83          	lh	s7,-2(a7)
    446c:	039b8bb3          	mul	s7,s7,s9
    4470:	018585b3          	add	a1,a1,s8
    4474:	062b8c8b          	.insn	4, 0x062b8c8b
    4478:	0c5b8c0b          	.insn	4, 0x0c5b8c0b
    447c:	038c8bb3          	mul	s7,s9,s8
    4480:	017585b3          	add	a1,a1,s7
    4484:	ef149ee3          	bne	s1,a7,4380 <core_list_join.c.17277ac5+0x72a>
    4488:	00b7a023          	sw	a1,0(a5)
    448c:	00198893          	addi	a7,s3,1
    4490:	00478793          	addi	a5,a5,4
    4494:	002b0b13          	addi	s6,s6,2
    4498:	01170663          	beq	a4,a7,44a4 <core_matrix.c.67c38044+0x117>
    449c:	00088993          	mv	s3,a7
    44a0:	d91ff06f          	j	4230 <core_list_join.c.17277ac5+0x5da>
    44a4:	00890933          	add	s2,s2,s0
    44a8:	00ea0a33          	add	s4,s4,a4
    44ac:	008484b3          	add	s1,s1,s0
    44b0:	6b3a8063          	beq	s5,s3,4b50 <core_state.c.8b4f4757+0x1bd>
    44b4:	001a8a93          	addi	s5,s5,1
    44b8:	d69ff06f          	j	4220 <core_list_join.c.17277ac5+0x5ca>
    44bc:	00007597          	auipc	a1,0x7
    44c0:	7f858593          	addi	a1,a1,2040 # bcb4 <simd_ap>
    44c4:	00007897          	auipc	a7,0x7
    44c8:	76088893          	addi	a7,a7,1888 # bc24 <simd_bp>
    44cc:	11b12e23          	sw	s11,284(sp)
    44d0:	00058913          	mv	s2,a1
    44d4:	00088493          	mv	s1,a7
    44d8:	00038413          	mv	s0,t2
    44dc:	0a2e8d93          	addi	s11,t4,162
    44e0:	000e8f93          	mv	t6,t4
    44e4:	002fda83          	lhu	s5,2(t6)
    44e8:	000fdb03          	lhu	s6,0(t6)
    44ec:	015b198b          	.insn	4, 0x015b198b
    44f0:	03645a83          	lhu	s5,54(s0)
    44f4:	00045d03          	lhu	s10,0(s0)
    44f8:	01245c03          	lhu	s8,18(s0)
    44fc:	004fdc83          	lhu	s9,4(t6)
    4500:	006fdb83          	lhu	s7,6(t6)
    4504:	018d1a0b          	.insn	4, 0x018d1a0b
    4508:	017c9b0b          	.insn	4, 0x017c9b0b
    450c:	01392023          	sw	s3,0(s2)
    4510:	0144a023          	sw	s4,0(s1)
    4514:	02445983          	lhu	s3,36(s0)
    4518:	00afda03          	lhu	s4,10(t6)
    451c:	01599d0b          	.insn	4, 0x01599d0b
    4520:	01692223          	sw	s6,4(s2)
    4524:	00efda83          	lhu	s5,14(t6)
    4528:	05a45b03          	lhu	s6,90(s0)
    452c:	008fdc03          	lhu	s8,8(t6)
    4530:	04845b83          	lhu	s7,72(s0)
    4534:	014c1c8b          	.insn	4, 0x014c1c8b
    4538:	016b998b          	.insn	4, 0x016b998b
    453c:	06c45a03          	lhu	s4,108(s0)
    4540:	012fdb03          	lhu	s6,18(t6)
    4544:	01a4a223          	sw	s10,4(s1)
    4548:	01992423          	sw	s9,8(s2)
    454c:	00cfdd03          	lhu	s10,12(t6)
    4550:	07e45c83          	lhu	s9,126(s0)
    4554:	015d1c0b          	.insn	4, 0x015d1c0b
    4558:	019a1b8b          	.insn	4, 0x019a1b8b
    455c:	01445a83          	lhu	s5,20(s0)
    4560:	0134a423          	sw	s3,8(s1)
    4564:	01892623          	sw	s8,12(s2)
    4568:	014fd983          	lhu	s3,20(t6)
    456c:	00245c03          	lhu	s8,2(s0)
    4570:	013b1d0b          	.insn	4, 0x013b1d0b
    4574:	015c1a0b          	.insn	4, 0x015c1a0b
    4578:	0174a623          	sw	s7,12(s1)
    457c:	01a92823          	sw	s10,16(s2)
    4580:	0144a823          	sw	s4,16(s1)
    4584:	016fdc83          	lhu	s9,22(t6)
    4588:	018fdb83          	lhu	s7,24(t6)
    458c:	017c9b0b          	.insn	4, 0x017c9b0b
    4590:	01692a23          	sw	s6,20(s2)
    4594:	03845d03          	lhu	s10,56(s0)
    4598:	01cfda83          	lhu	s5,28(t6)
    459c:	02645983          	lhu	s3,38(s0)
    45a0:	01afda03          	lhu	s4,26(t6)
    45a4:	04a45b83          	lhu	s7,74(s0)
    45a8:	05c45b03          	lhu	s6,92(s0)
    45ac:	01a99c0b          	.insn	4, 0x01a99c0b
    45b0:	015a1c8b          	.insn	4, 0x015a1c8b
    45b4:	01efdd03          	lhu	s10,30(t6)
    45b8:	08045a83          	lhu	s5,128(s0)
    45bc:	016b998b          	.insn	4, 0x016b998b
    45c0:	0184aa23          	sw	s8,20(s1)
    45c4:	0134ac23          	sw	s3,24(s1)
    45c8:	020fdc03          	lhu	s8,32(t6)
    45cc:	026fd983          	lhu	s3,38(t6)
    45d0:	018d1a0b          	.insn	4, 0x018d1a0b
    45d4:	01492e23          	sw	s4,28(s2)
    45d8:	01645a03          	lhu	s4,22(s0)
    45dc:	024fdb03          	lhu	s6,36(t6)
    45e0:	00445c03          	lhu	s8,4(s0)
    45e4:	013b1d0b          	.insn	4, 0x013b1d0b
    45e8:	01992c23          	sw	s9,24(s2)
    45ec:	02845983          	lhu	s3,40(s0)
    45f0:	06e45c83          	lhu	s9,110(s0)
    45f4:	03a92023          	sw	s10,32(s2)
    45f8:	015c9b8b          	.insn	4, 0x015c9b8b
    45fc:	03a45d03          	lhu	s10,58(s0)
    4600:	02afda83          	lhu	s5,42(t6)
    4604:	014c1c8b          	.insn	4, 0x014c1c8b
    4608:	0174ae23          	sw	s7,28(s1)
    460c:	02cfda03          	lhu	s4,44(t6)
    4610:	028fdb83          	lhu	s7,40(t6)
    4614:	01a99c0b          	.insn	4, 0x01a99c0b
    4618:	015b9b0b          	.insn	4, 0x015b9b0b
    461c:	0394a023          	sw	s9,32(s1)
    4620:	03692223          	sw	s6,36(s2)
    4624:	02efdc83          	lhu	s9,46(t6)
    4628:	0384a223          	sw	s8,36(s1)
    462c:	019a1b8b          	.insn	4, 0x019a1b8b
    4630:	03792423          	sw	s7,40(s2)
    4634:	04c45b03          	lhu	s6,76(s0)
    4638:	05e45a83          	lhu	s5,94(s0)
    463c:	036f8f93          	addi	t6,t6,54
    4640:	015b198b          	.insn	4, 0x015b198b
    4644:	0334a423          	sw	s3,40(s1)
    4648:	ffafdd03          	lhu	s10,-6(t6)
    464c:	ffcfdc03          	lhu	s8,-4(t6)
    4650:	07045c83          	lhu	s9,112(s0)
    4654:	08245b83          	lhu	s7,130(s0)
    4658:	018d1a0b          	.insn	4, 0x018d1a0b
    465c:	017c9b0b          	.insn	4, 0x017c9b0b
    4660:	03492623          	sw	s4,44(s2)
    4664:	0364a623          	sw	s6,44(s1)
    4668:	03090913          	addi	s2,s2,48
    466c:	00640413          	addi	s0,s0,6
    4670:	03048493          	addi	s1,s1,48
    4674:	e7bf98e3          	bne	t6,s11,44e4 <core_matrix.c.67c38044+0x157>
    4678:	0088aa83          	lw	s5,8(a7)
    467c:	01c8a983          	lw	s3,28(a7)
    4680:	09039f83          	lh	t6,144(t2)
    4684:	09239a03          	lh	s4,146(t2)
    4688:	0208ab03          	lw	s6,32(a7)
    468c:	0148ad83          	lw	s11,20(a7)
    4690:	0308a903          	lw	s2,48(a7)
    4694:	0248a403          	lw	s0,36(a7)
    4698:	0348a483          	lw	s1,52(a7)
    469c:	09512a23          	sw	s5,148(sp)
    46a0:	01312423          	sw	s3,8(sp)
    46a4:	0288aa83          	lw	s5,40(a7)
    46a8:	0388a983          	lw	s3,56(a7)
    46ac:	01f12623          	sw	t6,12(sp)
    46b0:	01412823          	sw	s4,16(sp)
    46b4:	02c8af83          	lw	t6,44(a7)
    46b8:	03c8aa03          	lw	s4,60(a7)
    46bc:	01612a23          	sw	s6,20(sp)
    46c0:	09439b03          	lh	s6,148(t2)
    46c4:	09b12823          	sw	s11,144(sp)
    46c8:	01212c23          	sw	s2,24(sp)
    46cc:	00812e23          	sw	s0,28(sp)
    46d0:	02912023          	sw	s1,32(sp)
    46d4:	03512223          	sw	s5,36(sp)
    46d8:	03312423          	sw	s3,40(sp)
    46dc:	03f12623          	sw	t6,44(sp)
    46e0:	03412823          	sw	s4,48(sp)
    46e4:	0008ab83          	lw	s7,0(a7)
    46e8:	0108ac03          	lw	s8,16(a7)
    46ec:	0048ac83          	lw	s9,4(a7)
    46f0:	0188ad03          	lw	s10,24(a7)
    46f4:	00c8ad83          	lw	s11,12(a7)
    46f8:	03612a23          	sw	s6,52(sp)
    46fc:	09639903          	lh	s2,150(t2)
    4700:	0408a403          	lw	s0,64(a7)
    4704:	0508a483          	lw	s1,80(a7)
    4708:	0448aa83          	lw	s5,68(a7)
    470c:	0548a983          	lw	s3,84(a7)
    4710:	0488af83          	lw	t6,72(a7)
    4714:	0588aa03          	lw	s4,88(a7)
    4718:	04c8ab03          	lw	s6,76(a7)
    471c:	03212c23          	sw	s2,56(sp)
    4720:	02812e23          	sw	s0,60(sp)
    4724:	05c8a903          	lw	s2,92(a7)
    4728:	09839403          	lh	s0,152(t2)
    472c:	04912023          	sw	s1,64(sp)
    4730:	05512223          	sw	s5,68(sp)
    4734:	09a39483          	lh	s1,154(t2)
    4738:	0608aa83          	lw	s5,96(a7)
    473c:	05312423          	sw	s3,72(sp)
    4740:	05f12623          	sw	t6,76(sp)
    4744:	0708a983          	lw	s3,112(a7)
    4748:	0648af83          	lw	t6,100(a7)
    474c:	05412823          	sw	s4,80(sp)
    4750:	05612a23          	sw	s6,84(sp)
    4754:	0748aa03          	lw	s4,116(a7)
    4758:	0688ab03          	lw	s6,104(a7)
    475c:	04812e23          	sw	s0,92(sp)
    4760:	06912023          	sw	s1,96(sp)
    4764:	07512223          	sw	s5,100(sp)
    4768:	07312423          	sw	s3,104(sp)
    476c:	07f12623          	sw	t6,108(sp)
    4770:	07412823          	sw	s4,112(sp)
    4774:	07612a23          	sw	s6,116(sp)
    4778:	05212c23          	sw	s2,88(sp)
    477c:	0788a903          	lw	s2,120(a7)
    4780:	09c39a83          	lh	s5,156(t2)
    4784:	09e39983          	lh	s3,158(t2)
    4788:	06c8a403          	lw	s0,108(a7)
    478c:	07c8a483          	lw	s1,124(a7)
    4790:	07212c23          	sw	s2,120(sp)
    4794:	09512223          	sw	s5,132(sp)
    4798:	09312423          	sw	s3,136(sp)
    479c:	0808ab03          	lw	s6,128(a7)
    47a0:	0848aa83          	lw	s5,132(a7)
    47a4:	0888aa03          	lw	s4,136(a7)
    47a8:	08c8a983          	lw	s3,140(a7)
    47ac:	0a039903          	lh	s2,160(t2)
    47b0:	06812e23          	sw	s0,124(sp)
    47b4:	08912023          	sw	s1,128(sp)
    47b8:	010e8413          	addi	s0,t4,16
    47bc:	0aa12823          	sw	a0,176(sp)
    47c0:	0bd12c23          	sw	t4,184(sp)
    47c4:	0be12e23          	sw	t5,188(sp)
    47c8:	09012e83          	lw	t4,144(sp)
    47cc:	09412f03          	lw	t5,148(sp)
    47d0:	09c12823          	sw	t3,144(sp)
    47d4:	08612a23          	sw	t1,148(sp)
    47d8:	00060f93          	mv	t6,a2
    47dc:	00007497          	auipc	s1,0x7
    47e0:	56848493          	addi	s1,s1,1384 # bd44 <seed5_volatile>
    47e4:	08512c23          	sw	t0,152(sp)
    47e8:	09012e23          	sw	a6,156(sp)
    47ec:	0ae12023          	sw	a4,160(sp)
    47f0:	0ac12223          	sw	a2,164(sp)
    47f4:	0a712423          	sw	t2,168(sp)
    47f8:	0af12623          	sw	a5,172(sp)
    47fc:	000b8513          	mv	a0,s7
    4800:	0ad12a23          	sw	a3,180(sp)
    4804:	000c8e13          	mv	t3,s9
    4808:	000c0313          	mv	t1,s8
    480c:	00041703          	lh	a4,0(s0)
    4810:	0005a283          	lw	t0,0(a1)
    4814:	0045a883          	lw	a7,4(a1)
    4818:	00a2a78b          	.insn	4, 0x00a2a78b
    481c:	01c8a38b          	.insn	4, 0x01c8a38b
    4820:	00778633          	add	a2,a5,t2
    4824:	00c12783          	lw	a5,12(sp)
    4828:	0085a803          	lw	a6,8(a1)
    482c:	01e8268b          	.insn	4, 0x01e8268b
    4830:	00d60bb3          	add	s7,a2,a3
    4834:	00c5a603          	lw	a2,12(a1)
    4838:	01b62c0b          	.insn	4, 0x01b62c0b
    483c:	018b8cb3          	add	s9,s7,s8
    4840:	02f70bb3          	mul	s7,a4,a5
    4844:	0062a38b          	.insn	4, 0x0062a38b
    4848:	01d8a68b          	.insn	4, 0x01d8a68b
    484c:	00d38c33          	add	s8,t2,a3
    4850:	01412783          	lw	a5,20(sp)
    4854:	00812683          	lw	a3,8(sp)
    4858:	00f2a38b          	.insn	4, 0x00f2a38b
    485c:	00d6278b          	.insn	4, 0x00d6278b
    4860:	01058593          	addi	a1,a1,16
    4864:	01240413          	addi	s0,s0,18
    4868:	019b8cb3          	add	s9,s7,s9
    486c:	019fa023          	sw	s9,0(t6)
    4870:	01012c83          	lw	s9,16(sp)
    4874:	01a82b8b          	.insn	4, 0x01a82b8b
    4878:	017c0c33          	add	s8,s8,s7
    487c:	03970bb3          	mul	s7,a4,s9
    4880:	00fc07b3          	add	a5,s8,a5
    4884:	01c12c03          	lw	s8,28(sp)
    4888:	0188a68b          	.insn	4, 0x0188a68b
    488c:	02012c03          	lw	s8,32(sp)
    4890:	00d383b3          	add	t2,t2,a3
    4894:	01812c83          	lw	s9,24(sp)
    4898:	0192a68b          	.insn	4, 0x0192a68b
    489c:	0188ac8b          	.insn	4, 0x0188ac8b
    48a0:	03c12c03          	lw	s8,60(sp)
    48a4:	00fb87b3          	add	a5,s7,a5
    48a8:	00ffa223          	sw	a5,4(t6)
    48ac:	02412b83          	lw	s7,36(sp)
    48b0:	019686b3          	add	a3,a3,s9
    48b4:	0182ac8b          	.insn	4, 0x0182ac8b
    48b8:	01782c0b          	.insn	4, 0x01782c0b
    48bc:	018387b3          	add	a5,t2,s8
    48c0:	03412c03          	lw	s8,52(sp)
    48c4:	02c12383          	lw	t2,44(sp)
    48c8:	00762b8b          	.insn	4, 0x00762b8b
    48cc:	017787b3          	add	a5,a5,s7
    48d0:	03870bb3          	mul	s7,a4,s8
    48d4:	04412383          	lw	t2,68(sp)
    48d8:	0078ac0b          	.insn	4, 0x0078ac0b
    48dc:	04012383          	lw	t2,64(sp)
    48e0:	018c8cb3          	add	s9,s9,s8
    48e4:	0072a38b          	.insn	4, 0x0072a38b
    48e8:	04812c03          	lw	s8,72(sp)
    48ec:	0188ac0b          	.insn	4, 0x0188ac0b
    48f0:	018383b3          	add	t2,t2,s8
    48f4:	024f8f93          	addi	t6,t6,36
    48f8:	00fb87b3          	add	a5,s7,a5
    48fc:	02812b83          	lw	s7,40(sp)
    4900:	01782c0b          	.insn	4, 0x01782c0b
    4904:	018686b3          	add	a3,a3,s8
    4908:	03812c03          	lw	s8,56(sp)
    490c:	feffa223          	sw	a5,-28(t6)
    4910:	03012783          	lw	a5,48(sp)
    4914:	00f62b8b          	.insn	4, 0x00f62b8b
    4918:	038707b3          	mul	a5,a4,s8
    491c:	01768bb3          	add	s7,a3,s7
    4920:	06412683          	lw	a3,100(sp)
    4924:	00d2ac0b          	.insn	4, 0x00d2ac0b
    4928:	06c12683          	lw	a3,108(sp)
    492c:	00d8a68b          	.insn	4, 0x00d8a68b
    4930:	00dc0c33          	add	s8,s8,a3
    4934:	06812683          	lw	a3,104(sp)
    4938:	00d2a68b          	.insn	4, 0x00d2a68b
    493c:	0162a28b          	.insn	4, 0x0162a28b
    4940:	01778bb3          	add	s7,a5,s7
    4944:	04c12783          	lw	a5,76(sp)
    4948:	ff7fa423          	sw	s7,-24(t6)
    494c:	00f82b8b          	.insn	4, 0x00f82b8b
    4950:	05412783          	lw	a5,84(sp)
    4954:	017c8cb3          	add	s9,s9,s7
    4958:	00f62b8b          	.insn	4, 0x00f62b8b
    495c:	017c87b3          	add	a5,s9,s7
    4960:	05c12c83          	lw	s9,92(sp)
    4964:	07012b83          	lw	s7,112(sp)
    4968:	0178ab8b          	.insn	4, 0x0178ab8b
    496c:	03970cb3          	mul	s9,a4,s9
    4970:	01768bb3          	add	s7,a3,s7
    4974:	0158a88b          	.insn	4, 0x0158a88b
    4978:	011286b3          	add	a3,t0,a7
    497c:	05012283          	lw	t0,80(sp)
    4980:	0058288b          	.insn	4, 0x0058288b
    4984:	011383b3          	add	t2,t2,a7
    4988:	06012883          	lw	a7,96(sp)
    498c:	00fc87b3          	add	a5,s9,a5
    4990:	05812c83          	lw	s9,88(sp)
    4994:	0196228b          	.insn	4, 0x0196228b
    4998:	03170cb3          	mul	s9,a4,a7
    499c:	feffa623          	sw	a5,-20(t6)
    49a0:	005387b3          	add	a5,t2,t0
    49a4:	07412383          	lw	t2,116(sp)
    49a8:	0078228b          	.insn	4, 0x0078228b
    49ac:	005c0c33          	add	s8,s8,t0
    49b0:	07c12283          	lw	t0,124(sp)
    49b4:	07812883          	lw	a7,120(sp)
    49b8:	0118238b          	.insn	4, 0x0118238b
    49bc:	0056288b          	.insn	4, 0x0056288b
    49c0:	00fc87b3          	add	a5,s9,a5
    49c4:	08412283          	lw	t0,132(sp)
    49c8:	08812c83          	lw	s9,136(sp)
    49cc:	007b8bb3          	add	s7,s7,t2
    49d0:	08012383          	lw	t2,128(sp)
    49d4:	011c0c33          	add	s8,s8,a7
    49d8:	0148280b          	.insn	4, 0x0148280b
    49dc:	039708b3          	mul	a7,a4,s9
    49e0:	010686b3          	add	a3,a3,a6
    49e4:	0076280b          	.insn	4, 0x0076280b
    49e8:	0136260b          	.insn	4, 0x0136260b
    49ec:	010b8bb3          	add	s7,s7,a6
    49f0:	00c686b3          	add	a3,a3,a2
    49f4:	feffa823          	sw	a5,-16(t6)
    49f8:	025703b3          	mul	t2,a4,t0
    49fc:	01788833          	add	a6,a7,s7
    4a00:	ff0fac23          	sw	a6,-8(t6)
    4a04:	02e90733          	mul	a4,s2,a4
    4a08:	01838c33          	add	s8,t2,s8
    4a0c:	ff8faa23          	sw	s8,-12(t6)
    4a10:	00d70bb3          	add	s7,a4,a3
    4a14:	ff7fae23          	sw	s7,-4(t6)
    4a18:	de959ae3          	bne	a1,s1,480c <core_matrix.c.67c38044+0x47f>
    4a1c:	09812283          	lw	t0,152(sp)
    4a20:	09c12803          	lw	a6,156(sp)
    4a24:	0a012703          	lw	a4,160(sp)
    4a28:	0a412603          	lw	a2,164(sp)
    4a2c:	0a812383          	lw	t2,168(sp)
    4a30:	0ac12783          	lw	a5,172(sp)
    4a34:	0b012503          	lw	a0,176(sp)
    4a38:	0b412683          	lw	a3,180(sp)
    4a3c:	0b812e83          	lw	t4,184(sp)
    4a40:	09012e03          	lw	t3,144(sp)
    4a44:	0bc12f03          	lw	t5,188(sp)
    4a48:	09412303          	lw	t1,148(sp)
    4a4c:	11c12d83          	lw	s11,284(sp)
    4a50:	00000a93          	li	s5,0
    4a54:	00000593          	li	a1,0
    4a58:	00000893          	li	a7,0
    4a5c:	00000c93          	li	s9,0
    4a60:	00000a13          	li	s4,0
    4a64:	002a9493          	slli	s1,s5,0x2
    4a68:	009609b3          	add	s3,a2,s1
    4a6c:	00058913          	mv	s2,a1
    4a70:	0009a583          	lw	a1,0(s3)
    4a74:	00000d13          	li	s10,0
    4a78:	00ac8c13          	addi	s8,s9,10
    4a7c:	00b888b3          	add	a7,a7,a1
    4a80:	00b92fb3          	slt	t6,s2,a1
    4a84:	0317c863          	blt	a5,a7,4ab4 <core_state.c.8b4f4757+0x121>
    4a88:	01fc8c33          	add	s8,s9,t6
    4a8c:	001d0d13          	addi	s10,s10,1
    4a90:	000c0c93          	mv	s9,s8
    4a94:	d0ed7263          	bgeu	s10,a4,3f98 <core_list_join.c.17277ac5+0x342>
    4a98:	00498993          	addi	s3,s3,4
    4a9c:	00058913          	mv	s2,a1
    4aa0:	0009a583          	lw	a1,0(s3)
    4aa4:	00ac8c13          	addi	s8,s9,10
    4aa8:	00b888b3          	add	a7,a7,a1
    4aac:	00b92fb3          	slt	t6,s2,a1
    4ab0:	fd17dce3          	bge	a5,a7,4a88 <core_state.c.8b4f4757+0xf5>
    4ab4:	001d0d13          	addi	s10,s10,1
    4ab8:	000c0c93          	mv	s9,s8
    4abc:	cced7c63          	bgeu	s10,a4,3f94 <core_list_join.c.17277ac5+0x33e>
    4ac0:	00498993          	addi	s3,s3,4
    4ac4:	00000893          	li	a7,0
    4ac8:	00058913          	mv	s2,a1
    4acc:	fd5ff06f          	j	4aa0 <core_state.c.8b4f4757+0x10d>
    4ad0:	00271913          	slli	s2,a4,0x2
    4ad4:	012609b3          	add	s3,a2,s2
    4ad8:	00000d13          	li	s10,0
    4adc:	00000f93          	li	t6,0
    4ae0:	00000493          	li	s1,0
    4ae4:	00000c13          	li	s8,0
    4ae8:	412985b3          	sub	a1,s3,s2
    4aec:	000d0893          	mv	a7,s10
    4af0:	0005ad03          	lw	s10,0(a1)
    4af4:	00a48c93          	addi	s9,s1,10
    4af8:	01af8fb3          	add	t6,t6,s10
    4afc:	01a8abb3          	slt	s7,a7,s10
    4b00:	03f7c663          	blt	a5,t6,4b2c <core_state.c.8b4f4757+0x199>
    4b04:	01748cb3          	add	s9,s1,s7
    4b08:	00458593          	addi	a1,a1,4
    4b0c:	000c8493          	mv	s1,s9
    4b10:	02b98663          	beq	s3,a1,4b3c <core_state.c.8b4f4757+0x1a9>
    4b14:	000d0893          	mv	a7,s10
    4b18:	0005ad03          	lw	s10,0(a1)
    4b1c:	00a48c93          	addi	s9,s1,10
    4b20:	01af8fb3          	add	t6,t6,s10
    4b24:	01a8abb3          	slt	s7,a7,s10
    4b28:	fdf7dee3          	bge	a5,t6,4b04 <core_state.c.8b4f4757+0x171>
    4b2c:	00458593          	addi	a1,a1,4
    4b30:	000c8493          	mv	s1,s9
    4b34:	00000f93          	li	t6,0
    4b38:	fcb99ee3          	bne	s3,a1,4b14 <core_state.c.8b4f4757+0x181>
    4b3c:	012989b3          	add	s3,s3,s2
    4b40:	018a1463          	bne	s4,s8,4b48 <core_state.c.8b4f4757+0x1b5>
    4b44:	b71fe06f          	j	36b4 <calc_func+0x1174>
    4b48:	001c0c13          	addi	s8,s8,1
    4b4c:	f9dff06f          	j	4ae8 <core_state.c.8b4f4757+0x155>
    4b50:	00271493          	slli	s1,a4,0x2
    4b54:	00050893          	mv	a7,a0
    4b58:	009605b3          	add	a1,a2,s1
    4b5c:	00030513          	mv	a0,t1
    4b60:	00000a93          	li	s5,0
    4b64:	000d0313          	mv	t1,s10
    4b68:	00000b93          	li	s7,0
    4b6c:	00000c13          	li	s8,0
    4b70:	00000d13          	li	s10,0
    4b74:	40958cb3          	sub	s9,a1,s1
    4b78:	000a8713          	mv	a4,s5
    4b7c:	000caa83          	lw	s5,0(s9)
    4b80:	00ac0b13          	addi	s6,s8,10
    4b84:	015b8bb3          	add	s7,s7,s5
    4b88:	015726b3          	slt	a3,a4,s5
    4b8c:	0378c663          	blt	a7,s7,4bb8 <core_state.c.8b4f4757+0x225>
    4b90:	00dc0b33          	add	s6,s8,a3
    4b94:	004c8c93          	addi	s9,s9,4
    4b98:	000b0c13          	mv	s8,s6
    4b9c:	02bc8663          	beq	s9,a1,4bc8 <core_state.c.8b4f4757+0x235>
    4ba0:	000a8713          	mv	a4,s5
    4ba4:	000caa83          	lw	s5,0(s9)
    4ba8:	00ac0b13          	addi	s6,s8,10
    4bac:	015b8bb3          	add	s7,s7,s5
    4bb0:	015726b3          	slt	a3,a4,s5
    4bb4:	fd78dee3          	bge	a7,s7,4b90 <core_state.c.8b4f4757+0x1fd>
    4bb8:	004c8c93          	addi	s9,s9,4
    4bbc:	000b0c13          	mv	s8,s6
    4bc0:	00000b93          	li	s7,0
    4bc4:	fcbc9ee3          	bne	s9,a1,4ba0 <core_state.c.8b4f4757+0x20d>
    4bc8:	009585b3          	add	a1,a1,s1
    4bcc:	01a98663          	beq	s3,s10,4bd8 <core_state.c.8b4f4757+0x245>
    4bd0:	001d0d13          	addi	s10,s10,1
    4bd4:	fa1ff06f          	j	4b74 <core_state.c.8b4f4757+0x1e1>
    4bd8:	008b5793          	srli	a5,s6,0x8
    4bdc:	0ff7f993          	zext.b	s3,a5
    4be0:	0ffb7693          	zext.b	a3,s6
    4be4:	01f6c3b3          	xor	t2,a3,t6
    4be8:	01f39413          	slli	s0,t2,0x1f
    4bec:	ffffa737          	lui	a4,0xffffa
    4bf0:	00170d13          	addi	s10,a4,1 # ffffa001 <__stack_top+0xfffea001>
    4bf4:	41f45613          	srai	a2,s0,0x1f
    4bf8:	01a678b3          	and	a7,a2,s10
    4bfc:	001fdf93          	srli	t6,t6,0x1
    4c00:	01f8c933          	xor	s2,a7,t6
    4c04:	01091a13          	slli	s4,s2,0x10
    4c08:	010a5493          	srli	s1,s4,0x10
    4c0c:	0016da93          	srli	s5,a3,0x1
    4c10:	009accb3          	xor	s9,s5,s1
    4c14:	01fc9c13          	slli	s8,s9,0x1f
    4c18:	41fc5b93          	srai	s7,s8,0x1f
    4c1c:	01abf5b3          	and	a1,s7,s10
    4c20:	0014d793          	srli	a5,s1,0x1
    4c24:	00f5c3b3          	xor	t2,a1,a5
    4c28:	01039413          	slli	s0,t2,0x10
    4c2c:	01045713          	srli	a4,s0,0x10
    4c30:	0026db13          	srli	s6,a3,0x2
    4c34:	00eb4633          	xor	a2,s6,a4
    4c38:	01f61913          	slli	s2,a2,0x1f
    4c3c:	41f95a13          	srai	s4,s2,0x1f
    4c40:	01aa74b3          	and	s1,s4,s10
    4c44:	00175a93          	srli	s5,a4,0x1
    4c48:	0154cb33          	xor	s6,s1,s5
    4c4c:	010b1c93          	slli	s9,s6,0x10
    4c50:	010cdc13          	srli	s8,s9,0x10
    4c54:	0036df93          	srli	t6,a3,0x3
    4c58:	018fc7b3          	xor	a5,t6,s8
    4c5c:	01f79393          	slli	t2,a5,0x1f
    4c60:	41f3d413          	srai	s0,t2,0x1f
    4c64:	01a47733          	and	a4,s0,s10
    4c68:	001c5f93          	srli	t6,s8,0x1
    4c6c:	01f74633          	xor	a2,a4,t6
    4c70:	01061913          	slli	s2,a2,0x10
    4c74:	01095a13          	srli	s4,s2,0x10
    4c78:	0046d893          	srli	a7,a3,0x4
    4c7c:	0056db93          	srli	s7,a3,0x5
    4c80:	0066d593          	srli	a1,a3,0x6
    4c84:	0076d493          	srli	s1,a3,0x7
    4c88:	0148c6b3          	xor	a3,a7,s4
    4c8c:	01f69893          	slli	a7,a3,0x1f
    4c90:	41f8db13          	srai	s6,a7,0x1f
    4c94:	01ab7cb3          	and	s9,s6,s10
    4c98:	001a5c13          	srli	s8,s4,0x1
    4c9c:	018cc7b3          	xor	a5,s9,s8
    4ca0:	01079393          	slli	t2,a5,0x10
    4ca4:	0103d713          	srli	a4,t2,0x10
    4ca8:	00ebcbb3          	xor	s7,s7,a4
    4cac:	01fb9413          	slli	s0,s7,0x1f
    4cb0:	41f45613          	srai	a2,s0,0x1f
    4cb4:	01a67933          	and	s2,a2,s10
    4cb8:	00175a13          	srli	s4,a4,0x1
    4cbc:	014946b3          	xor	a3,s2,s4
    4cc0:	01069893          	slli	a7,a3,0x10
    4cc4:	0108db13          	srli	s6,a7,0x10
    4cc8:	0165c5b3          	xor	a1,a1,s6
    4ccc:	01f59c13          	slli	s8,a1,0x1f
    4cd0:	41fc5793          	srai	a5,s8,0x1f
    4cd4:	01a7f3b3          	and	t2,a5,s10
    4cd8:	001b5713          	srli	a4,s6,0x1
    4cdc:	00e3cbb3          	xor	s7,t2,a4
    4ce0:	010b9413          	slli	s0,s7,0x10
    4ce4:	01045913          	srli	s2,s0,0x10
    4ce8:	0124c4b3          	xor	s1,s1,s2
    4cec:	01f49613          	slli	a2,s1,0x1f
    4cf0:	41f65693          	srai	a3,a2,0x1f
    4cf4:	01a6f8b3          	and	a7,a3,s10
    4cf8:	00195b13          	srli	s6,s2,0x1
    4cfc:	0168c5b3          	xor	a1,a7,s6
    4d00:	01059c13          	slli	s8,a1,0x10
    4d04:	010c5793          	srli	a5,s8,0x10
    4d08:	00f9c3b3          	xor	t2,s3,a5
    4d0c:	01f39b93          	slli	s7,t2,0x1f
    4d10:	41fbd413          	srai	s0,s7,0x1f
    4d14:	01a47933          	and	s2,s0,s10
    4d18:	0017d493          	srli	s1,a5,0x1
    4d1c:	00994633          	xor	a2,s2,s1
    4d20:	01061693          	slli	a3,a2,0x10
    4d24:	0106d893          	srli	a7,a3,0x10
    4d28:	0019da93          	srli	s5,s3,0x1
    4d2c:	011acab3          	xor	s5,s5,a7
    4d30:	01fa9593          	slli	a1,s5,0x1f
    4d34:	41f5dc13          	srai	s8,a1,0x1f
    4d38:	01ac77b3          	and	a5,s8,s10
    4d3c:	0018d393          	srli	t2,a7,0x1
    4d40:	0077cbb3          	xor	s7,a5,t2
    4d44:	010b9413          	slli	s0,s7,0x10
    4d48:	01045913          	srli	s2,s0,0x10
    4d4c:	0029df93          	srli	t6,s3,0x2
    4d50:	012fcfb3          	xor	t6,t6,s2
    4d54:	01ff9493          	slli	s1,t6,0x1f
    4d58:	41f4d613          	srai	a2,s1,0x1f
    4d5c:	01a676b3          	and	a3,a2,s10
    4d60:	00195893          	srli	a7,s2,0x1
    4d64:	0116cab3          	xor	s5,a3,a7
    4d68:	010a9593          	slli	a1,s5,0x10
    4d6c:	0105dc13          	srli	s8,a1,0x10
    4d70:	0039dc93          	srli	s9,s3,0x3
    4d74:	018cccb3          	xor	s9,s9,s8
    4d78:	01fc9793          	slli	a5,s9,0x1f
    4d7c:	41f7d393          	srai	t2,a5,0x1f
    4d80:	01a3fbb3          	and	s7,t2,s10
    4d84:	001c5413          	srli	s0,s8,0x1
    4d88:	008bc933          	xor	s2,s7,s0
    4d8c:	01091f93          	slli	t6,s2,0x10
    4d90:	010fd493          	srli	s1,t6,0x10
    4d94:	0049da13          	srli	s4,s3,0x4
    4d98:	009a4a33          	xor	s4,s4,s1
    4d9c:	01fa1613          	slli	a2,s4,0x1f
    4da0:	41f65693          	srai	a3,a2,0x1f
    4da4:	01a6fab3          	and	s5,a3,s10
    4da8:	0014d893          	srli	a7,s1,0x1
    4dac:	011ac5b3          	xor	a1,s5,a7
    4db0:	01059c13          	slli	s8,a1,0x10
    4db4:	010c5c93          	srli	s9,s8,0x10
    4db8:	0059d713          	srli	a4,s3,0x5
    4dbc:	01974733          	xor	a4,a4,s9
    4dc0:	01f71793          	slli	a5,a4,0x1f
    4dc4:	41f7d393          	srai	t2,a5,0x1f
    4dc8:	01a3fbb3          	and	s7,t2,s10
    4dcc:	001cd413          	srli	s0,s9,0x1
    4dd0:	008bc933          	xor	s2,s7,s0
    4dd4:	01091f93          	slli	t6,s2,0x10
    4dd8:	0069db13          	srli	s6,s3,0x6
    4ddc:	010fd493          	srli	s1,t6,0x10
    4de0:	009b4b33          	xor	s6,s6,s1
    4de4:	01fb1a13          	slli	s4,s6,0x1f
    4de8:	41fa5613          	srai	a2,s4,0x1f
    4dec:	01a67ab3          	and	s5,a2,s10
    4df0:	0014d693          	srli	a3,s1,0x1
    4df4:	00dac8b3          	xor	a7,s5,a3
    4df8:	01089593          	slli	a1,a7,0x10
    4dfc:	0105dc13          	srli	s8,a1,0x10
    4e00:	0079d993          	srli	s3,s3,0x7
    4e04:	0189c9b3          	xor	s3,s3,s8
    4e08:	01f99c93          	slli	s9,s3,0x1f
    4e0c:	41fcd713          	srai	a4,s9,0x1f
    4e10:	01a77d33          	and	s10,a4,s10
    4e14:	001c5793          	srli	a5,s8,0x1
    4e18:	00fd46b3          	xor	a3,s10,a5
    4e1c:	1c050263          	beqz	a0,4fe0 <core_portme.c.4ec8bdda+0x200>
    4e20:	410003b3          	neg	t2,a6
    4e24:	01039b93          	slli	s7,t2,0x10
    4e28:	003eff93          	andi	t6,t4,3
    4e2c:	010bd413          	srli	s0,s7,0x10
    4e30:	400f9863          	bnez	t6,5240 <ee_printf.c.d2ad60ed+0x1b>
    4e34:	00100913          	li	s2,1
    4e38:	00841b0b          	.insn	4, 0x00841b0b
    4e3c:	19250c63          	beq	a0,s2,4fd4 <core_portme.c.4ec8bdda+0x1f4>
    4e40:	001f9613          	slli	a2,t6,0x1
    4e44:	41f50ab3          	sub	s5,a0,t6
    4e48:	00ce88b3          	add	a7,t4,a2
    4e4c:	ffea8593          	addi	a1,s5,-2
    4e50:	0008ac03          	lw	s8,0(a7)
    4e54:	0015d993          	srli	s3,a1,0x1
    4e58:	016c3c8b          	.insn	4, 0x016c3c8b
    4e5c:	003f8713          	addi	a4,t6,3
    4e60:	0198a023          	sw	s9,0(a7)
    4e64:	0079fd13          	andi	s10,s3,7
    4e68:	00488793          	addi	a5,a7,4
    4e6c:	002f8613          	addi	a2,t6,2
    4e70:	12a77e63          	bgeu	a4,a0,4fac <core_portme.c.4ec8bdda+0x1cc>
    4e74:	0c0d0463          	beqz	s10,4f3c <core_portme.c.4ec8bdda+0x15c>
    4e78:	00100393          	li	t2,1
    4e7c:	0a7d0263          	beq	s10,t2,4f20 <core_portme.c.4ec8bdda+0x140>
    4e80:	00200b93          	li	s7,2
    4e84:	097d0463          	beq	s10,s7,4f0c <core_portme.c.4ec8bdda+0x12c>
    4e88:	00300413          	li	s0,3
    4e8c:	068d0663          	beq	s10,s0,4ef8 <core_portme.c.4ec8bdda+0x118>
    4e90:	00400913          	li	s2,4
    4e94:	052d0863          	beq	s10,s2,4ee4 <core_portme.c.4ec8bdda+0x104>
    4e98:	00500493          	li	s1,5
    4e9c:	029d0a63          	beq	s10,s1,4ed0 <core_portme.c.4ec8bdda+0xf0>
    4ea0:	00600a13          	li	s4,6
    4ea4:	014d0c63          	beq	s10,s4,4ebc <core_portme.c.4ec8bdda+0xdc>
    4ea8:	0007aa83          	lw	s5,0(a5)
    4eac:	004f8613          	addi	a2,t6,4
    4eb0:	016ab58b          	.insn	4, 0x016ab58b
    4eb4:	00b7a023          	sw	a1,0(a5)
    4eb8:	00888793          	addi	a5,a7,8
    4ebc:	0007a883          	lw	a7,0(a5)
    4ec0:	00260613          	addi	a2,a2,2
    4ec4:	0168bc0b          	.insn	4, 0x0168bc0b
    4ec8:	00478793          	addi	a5,a5,4
    4ecc:	ff87ae23          	sw	s8,-4(a5)
    4ed0:	0007a983          	lw	s3,0(a5)
    4ed4:	00260613          	addi	a2,a2,2
    4ed8:	0169bc8b          	.insn	4, 0x0169bc8b
    4edc:	00478793          	addi	a5,a5,4
    4ee0:	ff97ae23          	sw	s9,-4(a5)
    4ee4:	0007a703          	lw	a4,0(a5)
    4ee8:	00260613          	addi	a2,a2,2
    4eec:	01673d0b          	.insn	4, 0x01673d0b
    4ef0:	00478793          	addi	a5,a5,4
    4ef4:	ffa7ae23          	sw	s10,-4(a5)
    4ef8:	0007a383          	lw	t2,0(a5)
    4efc:	00260613          	addi	a2,a2,2
    4f00:	0163bb8b          	.insn	4, 0x0163bb8b
    4f04:	00478793          	addi	a5,a5,4
    4f08:	ff77ae23          	sw	s7,-4(a5)
    4f0c:	0007a403          	lw	s0,0(a5)
    4f10:	00260613          	addi	a2,a2,2
    4f14:	0164390b          	.insn	4, 0x0164390b
    4f18:	00478793          	addi	a5,a5,4
    4f1c:	ff27ae23          	sw	s2,-4(a5)
    4f20:	0007a483          	lw	s1,0(a5)
    4f24:	00360a13          	addi	s4,a2,3
    4f28:	0164ba8b          	.insn	4, 0x0164ba8b
    4f2c:	0157a023          	sw	s5,0(a5)
    4f30:	00260613          	addi	a2,a2,2
    4f34:	00478793          	addi	a5,a5,4
    4f38:	06aa7a63          	bgeu	s4,a0,4fac <core_portme.c.4ec8bdda+0x1cc>
    4f3c:	0007a883          	lw	a7,0(a5)
    4f40:	0047a983          	lw	s3,4(a5)
    4f44:	0087a703          	lw	a4,8(a5)
    4f48:	00c7a383          	lw	t2,12(a5)
    4f4c:	0107a403          	lw	s0,16(a5)
    4f50:	0147a483          	lw	s1,20(a5)
    4f54:	0187aa83          	lw	s5,24(a5)
    4f58:	0168bc0b          	.insn	4, 0x0168bc0b
    4f5c:	0169bc8b          	.insn	4, 0x0169bc8b
    4f60:	0187a023          	sw	s8,0(a5)
    4f64:	01160593          	addi	a1,a2,17
    4f68:	01c7ac03          	lw	s8,28(a5)
    4f6c:	0197a223          	sw	s9,4(a5)
    4f70:	01673d0b          	.insn	4, 0x01673d0b
    4f74:	0163bb8b          	.insn	4, 0x0163bb8b
    4f78:	01a7a423          	sw	s10,8(a5)
    4f7c:	0177a623          	sw	s7,12(a5)
    4f80:	0164390b          	.insn	4, 0x0164390b
    4f84:	0164ba0b          	.insn	4, 0x0164ba0b
    4f88:	0127a823          	sw	s2,16(a5)
    4f8c:	0147aa23          	sw	s4,20(a5)
    4f90:	016ab88b          	.insn	4, 0x016ab88b
    4f94:	016c398b          	.insn	4, 0x016c398b
    4f98:	0117ac23          	sw	a7,24(a5)
    4f9c:	0137ae23          	sw	s3,28(a5)
    4fa0:	01060613          	addi	a2,a2,16
    4fa4:	02078793          	addi	a5,a5,32
    4fa8:	f8a5eae3          	bltu	a1,a0,4f3c <core_portme.c.4ec8bdda+0x15c>
    4fac:	002f8b13          	addi	s6,t6,2
    4fb0:	00000593          	li	a1,0
    4fb4:	01656863          	bltu	a0,s6,4fc4 <core_portme.c.4ec8bdda+0x1e4>
    4fb8:	ffe50613          	addi	a2,a0,-2
    4fbc:	41f607b3          	sub	a5,a2,t6
    4fc0:	ffe7f593          	andi	a1,a5,-2
    4fc4:	01658fb3          	add	t6,a1,s6
    4fc8:	00affc63          	bgeu	t6,a0,4fe0 <core_portme.c.4ec8bdda+0x200>
    4fcc:	001f9513          	slli	a0,t6,0x1
    4fd0:	00ae8eb3          	add	t4,t4,a0
    4fd4:	000edc83          	lhu	s9,0(t4)
    4fd8:	410c8833          	sub	a6,s9,a6
    4fdc:	010e9023          	sh	a6,0(t4)
    4fe0:	0ff6fd13          	zext.b	s10,a3
    4fe4:	01cd4733          	xor	a4,s10,t3
    4fe8:	01f71393          	slli	t2,a4,0x1f
    4fec:	ffffa437          	lui	s0,0xffffa
    4ff0:	00140913          	addi	s2,s0,1 # ffffa001 <__stack_top+0xfffea001>
    4ff4:	41f3db93          	srai	s7,t2,0x1f
    4ff8:	012bf4b3          	and	s1,s7,s2
    4ffc:	001e5e13          	srli	t3,t3,0x1
    5000:	01c4ca33          	xor	s4,s1,t3
    5004:	010a1a93          	slli	s5,s4,0x10
    5008:	010ad893          	srli	a7,s5,0x10
    500c:	001d5c13          	srli	s8,s10,0x1
    5010:	011c4b33          	xor	s6,s8,a7
    5014:	01fb1613          	slli	a2,s6,0x1f
    5018:	41f65793          	srai	a5,a2,0x1f
    501c:	0127ffb3          	and	t6,a5,s2
    5020:	0018d593          	srli	a1,a7,0x1
    5024:	00bfc533          	xor	a0,t6,a1
    5028:	01051e93          	slli	t4,a0,0x10
    502c:	010edc93          	srli	s9,t4,0x10
    5030:	002d5993          	srli	s3,s10,0x2
    5034:	0199c3b3          	xor	t2,s3,s9
    5038:	01f39b93          	slli	s7,t2,0x1f
    503c:	41fbd413          	srai	s0,s7,0x1f
    5040:	01247e33          	and	t3,s0,s2
    5044:	001cd493          	srli	s1,s9,0x1
    5048:	009e4a33          	xor	s4,t3,s1
    504c:	010a1a93          	slli	s5,s4,0x10
    5050:	010adc13          	srli	s8,s5,0x10
    5054:	003d5813          	srli	a6,s10,0x3
    5058:	018848b3          	xor	a7,a6,s8
    505c:	01f89613          	slli	a2,a7,0x1f
    5060:	41f65793          	srai	a5,a2,0x1f
    5064:	0127ffb3          	and	t6,a5,s2
    5068:	001c5593          	srli	a1,s8,0x1
    506c:	00bfc533          	xor	a0,t6,a1
    5070:	01051e93          	slli	t4,a0,0x10
    5074:	010edc93          	srli	s9,t4,0x10
    5078:	004d5713          	srli	a4,s10,0x4
    507c:	0086d813          	srli	a6,a3,0x8
    5080:	019746b3          	xor	a3,a4,s9
    5084:	01f69713          	slli	a4,a3,0x1f
    5088:	41f75393          	srai	t2,a4,0x1f
    508c:	0123fbb3          	and	s7,t2,s2
    5090:	001cd413          	srli	s0,s9,0x1
    5094:	008bce33          	xor	t3,s7,s0
    5098:	010e1493          	slli	s1,t3,0x10
    509c:	0104da13          	srli	s4,s1,0x10
    50a0:	005d5993          	srli	s3,s10,0x5
    50a4:	0149c9b3          	xor	s3,s3,s4
    50a8:	01f99893          	slli	a7,s3,0x1f
    50ac:	41f8d613          	srai	a2,a7,0x1f
    50b0:	012677b3          	and	a5,a2,s2
    50b4:	001a5f93          	srli	t6,s4,0x1
    50b8:	01f7c5b3          	xor	a1,a5,t6
    50bc:	01059513          	slli	a0,a1,0x10
    50c0:	01055c93          	srli	s9,a0,0x10
    50c4:	006d5b13          	srli	s6,s10,0x6
    50c8:	019b4b33          	xor	s6,s6,s9
    50cc:	0ff87a93          	zext.b	s5,a6
    50d0:	01fb1813          	slli	a6,s6,0x1f
    50d4:	41f85693          	srai	a3,a6,0x1f
    50d8:	0126f3b3          	and	t2,a3,s2
    50dc:	001cdb93          	srli	s7,s9,0x1
    50e0:	0173c433          	xor	s0,t2,s7
    50e4:	01041e13          	slli	t3,s0,0x10
    50e8:	010e5493          	srli	s1,t3,0x10
    50ec:	007d5d13          	srli	s10,s10,0x7
    50f0:	009d4d33          	xor	s10,s10,s1
    50f4:	01fd1893          	slli	a7,s10,0x1f
    50f8:	41f8d613          	srai	a2,a7,0x1f
    50fc:	012677b3          	and	a5,a2,s2
    5100:	0014df93          	srli	t6,s1,0x1
    5104:	01f7c5b3          	xor	a1,a5,t6
    5108:	01059513          	slli	a0,a1,0x10
    510c:	01055c93          	srli	s9,a0,0x10
    5110:	001adc13          	srli	s8,s5,0x1
    5114:	002ade93          	srli	t4,s5,0x2
    5118:	003ad713          	srli	a4,s5,0x3
    511c:	004ada13          	srli	s4,s5,0x4
    5120:	005ad993          	srli	s3,s5,0x5
    5124:	006adb13          	srli	s6,s5,0x6
    5128:	007ad393          	srli	t2,s5,0x7
    512c:	019acab3          	xor	s5,s5,s9
    5130:	01fa9813          	slli	a6,s5,0x1f
    5134:	41f85693          	srai	a3,a6,0x1f
    5138:	0126fbb3          	and	s7,a3,s2
    513c:	001cd413          	srli	s0,s9,0x1
    5140:	008bce33          	xor	t3,s7,s0
    5144:	010e1493          	slli	s1,t3,0x10
    5148:	0104dd13          	srli	s10,s1,0x10
    514c:	01ac4c33          	xor	s8,s8,s10
    5150:	01fc1893          	slli	a7,s8,0x1f
    5154:	41f8d613          	srai	a2,a7,0x1f
    5158:	01267fb3          	and	t6,a2,s2
    515c:	001d5793          	srli	a5,s10,0x1
    5160:	00ffc533          	xor	a0,t6,a5
    5164:	01051c93          	slli	s9,a0,0x10
    5168:	010cda93          	srli	s5,s9,0x10
    516c:	015eceb3          	xor	t4,t4,s5
    5170:	01fe9813          	slli	a6,t4,0x1f
    5174:	41f85693          	srai	a3,a6,0x1f
    5178:	0126fbb3          	and	s7,a3,s2
    517c:	001ad413          	srli	s0,s5,0x1
    5180:	008bce33          	xor	t3,s7,s0
    5184:	010e1493          	slli	s1,t3,0x10
    5188:	0104dd13          	srli	s10,s1,0x10
    518c:	01a74733          	xor	a4,a4,s10
    5190:	01f71c13          	slli	s8,a4,0x1f
    5194:	41fc5893          	srai	a7,s8,0x1f
    5198:	0128f633          	and	a2,a7,s2
    519c:	001d5f93          	srli	t6,s10,0x1
    51a0:	01f647b3          	xor	a5,a2,t6
    51a4:	01079513          	slli	a0,a5,0x10
    51a8:	01055c93          	srli	s9,a0,0x10
    51ac:	019a4a33          	xor	s4,s4,s9
    51b0:	01fa1a93          	slli	s5,s4,0x1f
    51b4:	41fade93          	srai	t4,s5,0x1f
    51b8:	012ef833          	and	a6,t4,s2
    51bc:	001cd693          	srli	a3,s9,0x1
    51c0:	00d84bb3          	xor	s7,a6,a3
    51c4:	010b9413          	slli	s0,s7,0x10
    51c8:	01045e13          	srli	t3,s0,0x10
    51cc:	01c9c9b3          	xor	s3,s3,t3
    51d0:	01f99493          	slli	s1,s3,0x1f
    51d4:	41f4dd13          	srai	s10,s1,0x1f
    51d8:	012d7733          	and	a4,s10,s2
    51dc:	001e5c13          	srli	s8,t3,0x1
    51e0:	018748b3          	xor	a7,a4,s8
    51e4:	01089613          	slli	a2,a7,0x10
    51e8:	01065f93          	srli	t6,a2,0x10
    51ec:	01fb4b33          	xor	s6,s6,t6
    51f0:	01fb1793          	slli	a5,s6,0x1f
    51f4:	41f7d513          	srai	a0,a5,0x1f
    51f8:	01257cb3          	and	s9,a0,s2
    51fc:	001fda13          	srli	s4,t6,0x1
    5200:	014ccab3          	xor	s5,s9,s4
    5204:	010a9e93          	slli	t4,s5,0x10
    5208:	010ed813          	srli	a6,t4,0x10
    520c:	0103c3b3          	xor	t2,t2,a6
    5210:	01f39693          	slli	a3,t2,0x1f
    5214:	41f6db93          	srai	s7,a3,0x1f
    5218:	03c35583          	lhu	a1,60(t1)
    521c:	012bf933          	and	s2,s7,s2
    5220:	00185413          	srli	s0,a6,0x1
    5224:	00894433          	xor	s0,s2,s0
    5228:	03835e03          	lhu	t3,56(t1)
    522c:	00040513          	mv	a0,s0
    5230:	00058463          	beqz	a1,5238 <ee_printf.c.d2ad60ed+0x13>
    5234:	c54fe06f          	j	3688 <calc_func+0x1148>
    5238:	02831e23          	sh	s0,60(t1)
    523c:	c4cfe06f          	j	3688 <calc_func+0x1148>
    5240:	000edf83          	lhu	t6,0(t4)
    5244:	00200493          	li	s1,2
    5248:	00841b0b          	.insn	4, 0x00841b0b
    524c:	410f8a33          	sub	s4,t6,a6
    5250:	014e9023          	sh	s4,0(t4)
    5254:	00100f93          	li	t6,1
    5258:	bea4e4e3          	bltu	s1,a0,4e40 <core_portme.c.4ec8bdda+0x60>
    525c:	d85ff06f          	j	4fe0 <core_portme.c.4ec8bdda+0x200>
    5260:	000edc03          	lhu	s8,0(t4)
    5264:	00058913          	mv	s2,a1
    5268:	00200993          	li	s3,2
    526c:	018805b3          	add	a1,a6,s8
    5270:	00be9023          	sh	a1,0(t4)
    5274:	01081b0b          	.insn	4, 0x01081b0b
    5278:	00a9f463          	bgeu	s3,a0,5280 <ee_printf.c.d2ad60ed+0x5b>
    527c:	decfd06f          	j	2868 <calc_func+0x328>
    5280:	f88fd06f          	j	2a08 <calc_func+0x4c8>
    5284:	00000993          	li	s3,0
    5288:	95dff06f          	j	4be4 <core_state.c.8b4f4757+0x251>
    528c:	00000c13          	li	s8,0
    5290:	00000593          	li	a1,0
    5294:	8adfe06f          	j	3b40 <core_main.c.a139bd89+0x461>
    5298:	000c0b93          	mv	s7,s8
    529c:	000c8c13          	mv	s8,s9
    52a0:	000d0c93          	mv	s9,s10
    52a4:	000d8d13          	mv	s10,s11
    52a8:	11c12d83          	lw	s11,284(sp)
    52ac:	a31fd06f          	j	2cdc <calc_func+0x79c>
    52b0:	015a0ab3          	add	s5,s4,s5
    52b4:	015a7463          	bgeu	s4,s5,52bc <ee_printf.c.d2ad60ed+0x97>
    52b8:	9e9fd06f          	j	2ca0 <calc_func+0x760>
    52bc:	a85fd06f          	j	2d40 <calc_func+0x800>
    52c0:	000e8a13          	mv	s4,t4
    52c4:	f38fd06f          	j	29fc <calc_func+0x4bc>

000052c8 <core_bench_list>:
    52c8:	00451e03          	lh	t3,4(a0)
    52cc:	fb010113          	addi	sp,sp,-80
    52d0:	04812423          	sw	s0,72(sp)
    52d4:	04112623          	sw	ra,76(sp)
    52d8:	04912223          	sw	s1,68(sp)
    52dc:	05212023          	sw	s2,64(sp)
    52e0:	03312e23          	sw	s3,60(sp)
    52e4:	03412c23          	sw	s4,56(sp)
    52e8:	03512a23          	sw	s5,52(sp)
    52ec:	03612823          	sw	s6,48(sp)
    52f0:	03712623          	sw	s7,44(sp)
    52f4:	03812423          	sw	s8,40(sp)
    52f8:	03912223          	sw	s9,36(sp)
    52fc:	03a12023          	sw	s10,32(sp)
    5300:	01b12e23          	sw	s11,28(sp)
    5304:	02452403          	lw	s0,36(a0)
    5308:	77c05ae3          	blez	t3,627c <core_bench_list+0xfb4>
    530c:	fff00793          	li	a5,-1
    5310:	76f58ee3          	beq	a1,a5,628c <core_bench_list+0xfc4>
    5314:	7a0406e3          	beqz	s0,62c0 <core_bench_list+0xff8>
    5318:	00100293          	li	t0,1
    531c:	00000813          	li	a6,0
    5320:	00000313          	li	t1,0
    5324:	00000e93          	li	t4,0
    5328:	00000893          	li	a7,0
    532c:	00512423          	sw	t0,8(sp)
    5330:	00012023          	sw	zero,0(sp)
    5334:	00040793          	mv	a5,s0
    5338:	00c0006f          	j	5344 <core_bench_list+0x7c>
    533c:	0007a783          	lw	a5,0(a5)
    5340:	10078063          	beqz	a5,5440 <core_bench_list+0x178>
    5344:	0047a703          	lw	a4,4(a5)
    5348:	00812383          	lw	t2,8(sp)
    534c:	00271603          	lh	a2,2(a4)
    5350:	fe7616e3          	bne	a2,t2,533c <core_bench_list+0x74>
    5354:	00000693          	li	a3,0
    5358:	0080006f          	j	5360 <core_bench_list+0x98>
    535c:	00048413          	mv	s0,s1
    5360:	00042483          	lw	s1,0(s0)
    5364:	00d42023          	sw	a3,0(s0)
    5368:	00040693          	mv	a3,s0
    536c:	fe0498e3          	bnez	s1,535c <core_bench_list+0x94>
    5370:	0c078c63          	beqz	a5,5448 <core_bench_list+0x180>
    5374:	0047a903          	lw	s2,4(a5)
    5378:	00188893          	addi	a7,a7,1
    537c:	00091983          	lh	s3,0(s2)
    5380:	0019fa13          	andi	s4,s3,1
    5384:	000a0863          	beqz	s4,5394 <core_bench_list+0xcc>
    5388:	4099da93          	srai	s5,s3,0x9
    538c:	001afb13          	andi	s6,s5,1
    5390:	01630333          	add	t1,t1,s6
    5394:	0007ab83          	lw	s7,0(a5)
    5398:	000b8c63          	beqz	s7,53b0 <core_bench_list+0xe8>
    539c:	000bac03          	lw	s8,0(s7)
    53a0:	0187a023          	sw	s8,0(a5)
    53a4:	00042c83          	lw	s9,0(s0)
    53a8:	019ba023          	sw	s9,0(s7)
    53ac:	01742023          	sw	s7,0(s0)
    53b0:	00180793          	addi	a5,a6,1
    53b4:	01079813          	slli	a6,a5,0x10
    53b8:	41085813          	srai	a6,a6,0x10
    53bc:	06064663          	bltz	a2,5428 <core_bench_list+0x160>
    53c0:	00160613          	addi	a2,a2,1
    53c4:	01061393          	slli	t2,a2,0x10
    53c8:	4103d493          	srai	s1,t2,0x10
    53cc:	01079693          	slli	a3,a5,0x10
    53d0:	00912423          	sw	s1,8(sp)
    53d4:	0106d913          	srli	s2,a3,0x10
    53d8:	090e0863          	beq	t3,a6,5468 <core_bench_list+0x1a0>
    53dc:	0ff97693          	zext.b	a3,s2
    53e0:	00d12023          	sw	a3,0(sp)
    53e4:	00040793          	mv	a5,s0
    53e8:	ffff8637          	lui	a2,0xffff8
    53ec:	f404d4e3          	bgez	s1,5334 <core_bench_list+0x6c>
    53f0:	0047af83          	lw	t6,4(a5)
    53f4:	000fc383          	lbu	t2,0(t6)
    53f8:	00712023          	sw	t2,0(sp)
    53fc:	f4d38ce3          	beq	t2,a3,5354 <core_bench_list+0x8c>
    5400:	0007a783          	lw	a5,0(a5)
    5404:	00078e63          	beqz	a5,5420 <core_bench_list+0x158>
    5408:	0047af83          	lw	t6,4(a5)
    540c:	000fc383          	lbu	t2,0(t6)
    5410:	00712023          	sw	t2,0(sp)
    5414:	f4d380e3          	beq	t2,a3,5354 <core_bench_list+0x8c>
    5418:	0007a783          	lw	a5,0(a5)
    541c:	fe0796e3          	bnez	a5,5408 <core_bench_list+0x140>
    5420:	00d12023          	sw	a3,0(sp)
    5424:	f31ff06f          	j	5354 <core_bench_list+0x8c>
    5428:	01079293          	slli	t0,a5,0x10
    542c:	0102d713          	srli	a4,t0,0x10
    5430:	030e0a63          	beq	t3,a6,5464 <core_bench_list+0x19c>
    5434:	0ff77693          	zext.b	a3,a4
    5438:	00040793          	mv	a5,s0
    543c:	fcdff06f          	j	5408 <core_bench_list+0x140>
    5440:	00038613          	mv	a2,t2
    5444:	f11ff06f          	j	5354 <core_bench_list+0x8c>
    5448:	00042d03          	lw	s10,0(s0)
    544c:	001e8e93          	addi	t4,t4,1
    5450:	004d2d83          	lw	s11,4(s10)
    5454:	001d8f03          	lb	t5,1(s11)
    5458:	001f7f93          	andi	t6,t5,1
    545c:	01f30333          	add	t1,t1,t6
    5460:	f51ff06f          	j	53b0 <core_bench_list+0xe8>
    5464:	00c12423          	sw	a2,8(sp)
    5468:	00289e13          	slli	t3,a7,0x2
    546c:	41de0eb3          	sub	t4,t3,t4
    5470:	01d308b3          	add	a7,t1,t4
    5474:	01089993          	slli	s3,a7,0x10
    5478:	0109da13          	srli	s4,s3,0x10
    547c:	01412623          	sw	s4,12(sp)
    5480:	00100a93          	li	s5,1
    5484:	235588e3          	beq	a1,s5,5eb4 <core_bench_list+0xbec>
    5488:	00042e03          	lw	t3,0(s0)
    548c:	00812583          	lw	a1,8(sp)
    5490:	00040693          	mv	a3,s0
    5494:	000e2503          	lw	a0,0(t3)
    5498:	004e2d03          	lw	s10,4(t3)
    549c:	00452e83          	lw	t4,4(a0)
    54a0:	00052883          	lw	a7,0(a0)
    54a4:	01de2223          	sw	t4,4(t3)
    54a8:	01a52223          	sw	s10,4(a0)
    54ac:	011e2023          	sw	a7,0(t3)
    54b0:	00052023          	sw	zero,0(a0)
    54b4:	4605ce63          	bltz	a1,5930 <core_bench_list+0x668>
    54b8:	0046a783          	lw	a5,4(a3)
    54bc:	00812803          	lw	a6,8(sp)
    54c0:	00279903          	lh	s2,2(a5)
    54c4:	01090e63          	beq	s2,a6,54e0 <core_bench_list+0x218>
    54c8:	0006a683          	lw	a3,0(a3)
    54cc:	5a0682e3          	beqz	a3,6270 <core_bench_list+0xfa8>
    54d0:	0046a783          	lw	a5,4(a3)
    54d4:	00812803          	lw	a6,8(sp)
    54d8:	00279903          	lh	s2,2(a5)
    54dc:	ff0916e3          	bne	s2,a6,54c8 <core_bench_list+0x200>
    54e0:	00442283          	lw	t0,4(s0)
    54e4:	ffffaab7          	lui	s5,0xffffa
    54e8:	001a8d93          	addi	s11,s5,1 # ffffa001 <__stack_top+0xfffea001>
    54ec:	00029c03          	lh	s8,0(t0)
    54f0:	008c5993          	srli	s3,s8,0x8
    54f4:	0ff9fc93          	zext.b	s9,s3
    54f8:	0ffc7613          	zext.b	a2,s8
    54fc:	001cdb93          	srli	s7,s9,0x1
    5500:	002cdb13          	srli	s6,s9,0x2
    5504:	003cda13          	srli	s4,s9,0x3
    5508:	004cd593          	srli	a1,s9,0x4
    550c:	005cd793          	srli	a5,s9,0x5
    5510:	006cd393          	srli	t2,s9,0x6
    5514:	007cd913          	srli	s2,s9,0x7
    5518:	00165f93          	srli	t6,a2,0x1
    551c:	00265f13          	srli	t5,a2,0x2
    5520:	00365e93          	srli	t4,a2,0x3
    5524:	00465e13          	srli	t3,a2,0x4
    5528:	00565313          	srli	t1,a2,0x5
    552c:	00665893          	srli	a7,a2,0x6
    5530:	00765813          	srli	a6,a2,0x7
    5534:	00c12703          	lw	a4,12(sp)
    5538:	00c12983          	lw	s3,12(sp)
    553c:	0006a683          	lw	a3,0(a3)
    5540:	00e644b3          	xor	s1,a2,a4
    5544:	01f49293          	slli	t0,s1,0x1f
    5548:	41f2da93          	srai	s5,t0,0x1f
    554c:	01bafc33          	and	s8,s5,s11
    5550:	0019d713          	srli	a4,s3,0x1
    5554:	00ec44b3          	xor	s1,s8,a4
    5558:	01049293          	slli	t0,s1,0x10
    555c:	0102da93          	srli	s5,t0,0x10
    5560:	015fcc33          	xor	s8,t6,s5
    5564:	01fc1993          	slli	s3,s8,0x1f
    5568:	41f9d713          	srai	a4,s3,0x1f
    556c:	01b774b3          	and	s1,a4,s11
    5570:	001ad293          	srli	t0,s5,0x1
    5574:	0054cab3          	xor	s5,s1,t0
    5578:	010a9c13          	slli	s8,s5,0x10
    557c:	010c5993          	srli	s3,s8,0x10
    5580:	013f4733          	xor	a4,t5,s3
    5584:	01f71493          	slli	s1,a4,0x1f
    5588:	41f4d293          	srai	t0,s1,0x1f
    558c:	01b2fab3          	and	s5,t0,s11
    5590:	0019dc13          	srli	s8,s3,0x1
    5594:	018ac9b3          	xor	s3,s5,s8
    5598:	01099713          	slli	a4,s3,0x10
    559c:	01075293          	srli	t0,a4,0x10
    55a0:	005ec4b3          	xor	s1,t4,t0
    55a4:	01f49a93          	slli	s5,s1,0x1f
    55a8:	41fadc13          	srai	s8,s5,0x1f
    55ac:	01bc79b3          	and	s3,s8,s11
    55b0:	0012d713          	srli	a4,t0,0x1
    55b4:	00e9c2b3          	xor	t0,s3,a4
    55b8:	01029493          	slli	s1,t0,0x10
    55bc:	0104da93          	srli	s5,s1,0x10
    55c0:	015e4c33          	xor	s8,t3,s5
    55c4:	01fc1993          	slli	s3,s8,0x1f
    55c8:	41f9d713          	srai	a4,s3,0x1f
    55cc:	01b772b3          	and	t0,a4,s11
    55d0:	001ad493          	srli	s1,s5,0x1
    55d4:	0092cab3          	xor	s5,t0,s1
    55d8:	010a9c13          	slli	s8,s5,0x10
    55dc:	010c5993          	srli	s3,s8,0x10
    55e0:	01334733          	xor	a4,t1,s3
    55e4:	01f71293          	slli	t0,a4,0x1f
    55e8:	41f2d493          	srai	s1,t0,0x1f
    55ec:	01b4fab3          	and	s5,s1,s11
    55f0:	0019dc13          	srli	s8,s3,0x1
    55f4:	018ac9b3          	xor	s3,s5,s8
    55f8:	01099713          	slli	a4,s3,0x10
    55fc:	01075293          	srli	t0,a4,0x10
    5600:	0058c4b3          	xor	s1,a7,t0
    5604:	01f49a93          	slli	s5,s1,0x1f
    5608:	41fadc13          	srai	s8,s5,0x1f
    560c:	01bc79b3          	and	s3,s8,s11
    5610:	0012d713          	srli	a4,t0,0x1
    5614:	00e9c2b3          	xor	t0,s3,a4
    5618:	01029493          	slli	s1,t0,0x10
    561c:	0104da93          	srli	s5,s1,0x10
    5620:	01584c33          	xor	s8,a6,s5
    5624:	01fc1993          	slli	s3,s8,0x1f
    5628:	41f9d713          	srai	a4,s3,0x1f
    562c:	01b772b3          	and	t0,a4,s11
    5630:	001ad493          	srli	s1,s5,0x1
    5634:	0092cab3          	xor	s5,t0,s1
    5638:	010a9c13          	slli	s8,s5,0x10
    563c:	010c5993          	srli	s3,s8,0x10
    5640:	013cc733          	xor	a4,s9,s3
    5644:	01f71293          	slli	t0,a4,0x1f
    5648:	41f2d493          	srai	s1,t0,0x1f
    564c:	01b4fab3          	and	s5,s1,s11
    5650:	0019dc13          	srli	s8,s3,0x1
    5654:	018ac9b3          	xor	s3,s5,s8
    5658:	01099713          	slli	a4,s3,0x10
    565c:	01075293          	srli	t0,a4,0x10
    5660:	005bc4b3          	xor	s1,s7,t0
    5664:	01f49a93          	slli	s5,s1,0x1f
    5668:	41fadc13          	srai	s8,s5,0x1f
    566c:	01bc79b3          	and	s3,s8,s11
    5670:	0012d713          	srli	a4,t0,0x1
    5674:	00e9c2b3          	xor	t0,s3,a4
    5678:	01029493          	slli	s1,t0,0x10
    567c:	0104da93          	srli	s5,s1,0x10
    5680:	015b4c33          	xor	s8,s6,s5
    5684:	01fc1993          	slli	s3,s8,0x1f
    5688:	41f9d713          	srai	a4,s3,0x1f
    568c:	01b772b3          	and	t0,a4,s11
    5690:	001ad493          	srli	s1,s5,0x1
    5694:	0092cab3          	xor	s5,t0,s1
    5698:	010a9c13          	slli	s8,s5,0x10
    569c:	010c5993          	srli	s3,s8,0x10
    56a0:	013a4733          	xor	a4,s4,s3
    56a4:	01f71293          	slli	t0,a4,0x1f
    56a8:	41f2d493          	srai	s1,t0,0x1f
    56ac:	01b4fab3          	and	s5,s1,s11
    56b0:	0019dc13          	srli	s8,s3,0x1
    56b4:	018ac9b3          	xor	s3,s5,s8
    56b8:	01099713          	slli	a4,s3,0x10
    56bc:	01075293          	srli	t0,a4,0x10
    56c0:	0055c4b3          	xor	s1,a1,t0
    56c4:	01f49a93          	slli	s5,s1,0x1f
    56c8:	41fadc13          	srai	s8,s5,0x1f
    56cc:	01bc79b3          	and	s3,s8,s11
    56d0:	0012d713          	srli	a4,t0,0x1
    56d4:	00e9c2b3          	xor	t0,s3,a4
    56d8:	01029493          	slli	s1,t0,0x10
    56dc:	0104da93          	srli	s5,s1,0x10
    56e0:	0157cc33          	xor	s8,a5,s5
    56e4:	01fc1993          	slli	s3,s8,0x1f
    56e8:	41f9d713          	srai	a4,s3,0x1f
    56ec:	01b772b3          	and	t0,a4,s11
    56f0:	001ad493          	srli	s1,s5,0x1
    56f4:	0092cab3          	xor	s5,t0,s1
    56f8:	010a9c13          	slli	s8,s5,0x10
    56fc:	010c5993          	srli	s3,s8,0x10
    5700:	0133c733          	xor	a4,t2,s3
    5704:	01f71293          	slli	t0,a4,0x1f
    5708:	41f2d493          	srai	s1,t0,0x1f
    570c:	01b4fab3          	and	s5,s1,s11
    5710:	0019dc13          	srli	s8,s3,0x1
    5714:	018ac9b3          	xor	s3,s5,s8
    5718:	01099713          	slli	a4,s3,0x10
    571c:	01075293          	srli	t0,a4,0x10
    5720:	005944b3          	xor	s1,s2,t0
    5724:	01f49a93          	slli	s5,s1,0x1f
    5728:	41fadc13          	srai	s8,s5,0x1f
    572c:	01bc79b3          	and	s3,s8,s11
    5730:	0012d713          	srli	a4,t0,0x1
    5734:	00e9c2b3          	xor	t0,s3,a4
    5738:	01029493          	slli	s1,t0,0x10
    573c:	0104da93          	srli	s5,s1,0x10
    5740:	01512623          	sw	s5,12(sp)
    5744:	de0698e3          	bnez	a3,5534 <core_bench_list+0x26c>
    5748:	00042683          	lw	a3,0(s0)
    574c:	0046ad83          	lw	s11,4(a3)
    5750:	0006ac83          	lw	s9,0(a3)
    5754:	00100293          	li	t0,1
    5758:	01b52223          	sw	s11,4(a0)
    575c:	01a6a223          	sw	s10,4(a3)
    5760:	01952023          	sw	s9,0(a0)
    5764:	00a6a023          	sw	a0,0(a3)
    5768:	00028913          	mv	s2,t0
    576c:	22040a63          	beqz	s0,59a0 <core_bench_list+0x6d8>
    5770:	00000f93          	li	t6,0
    5774:	00000713          	li	a4,0
    5778:	00000393          	li	t2,0
    577c:	0072fd13          	andi	s10,t0,7
    5780:	00138393          	addi	t2,t2,1
    5784:	00040613          	mv	a2,s0
    5788:	00000793          	li	a5,0
    578c:	080d0463          	beqz	s10,5814 <core_bench_list+0x54c>
    5790:	0e57d663          	bge	a5,t0,587c <core_bench_list+0x5b4>
    5794:	00042603          	lw	a2,0(s0)
    5798:	00100793          	li	a5,1
    579c:	0e060063          	beqz	a2,587c <core_bench_list+0x5b4>
    57a0:	06fd0a63          	beq	s10,a5,5814 <core_bench_list+0x54c>
    57a4:	00200693          	li	a3,2
    57a8:	06dd0063          	beq	s10,a3,5808 <core_bench_list+0x540>
    57ac:	00300513          	li	a0,3
    57b0:	04ad0663          	beq	s10,a0,57fc <core_bench_list+0x534>
    57b4:	00400b93          	li	s7,4
    57b8:	037d0c63          	beq	s10,s7,57f0 <core_bench_list+0x528>
    57bc:	00500b13          	li	s6,5
    57c0:	036d0263          	beq	s10,s6,57e4 <core_bench_list+0x51c>
    57c4:	00600a13          	li	s4,6
    57c8:	014d0863          	beq	s10,s4,57d8 <core_bench_list+0x510>
    57cc:	00062603          	lw	a2,0(a2) # ffff8000 <__stack_top+0xfffe8000>
    57d0:	00068793          	mv	a5,a3
    57d4:	0a060463          	beqz	a2,587c <core_bench_list+0x5b4>
    57d8:	00062603          	lw	a2,0(a2)
    57dc:	00178793          	addi	a5,a5,1
    57e0:	08060e63          	beqz	a2,587c <core_bench_list+0x5b4>
    57e4:	00062603          	lw	a2,0(a2)
    57e8:	00178793          	addi	a5,a5,1
    57ec:	08060863          	beqz	a2,587c <core_bench_list+0x5b4>
    57f0:	00062603          	lw	a2,0(a2)
    57f4:	00178793          	addi	a5,a5,1
    57f8:	08060263          	beqz	a2,587c <core_bench_list+0x5b4>
    57fc:	00062603          	lw	a2,0(a2)
    5800:	00178793          	addi	a5,a5,1
    5804:	06060c63          	beqz	a2,587c <core_bench_list+0x5b4>
    5808:	00062603          	lw	a2,0(a2)
    580c:	00178793          	addi	a5,a5,1
    5810:	06060663          	beqz	a2,587c <core_bench_list+0x5b4>
    5814:	0657d463          	bge	a5,t0,587c <core_bench_list+0x5b4>
    5818:	00062603          	lw	a2,0(a2)
    581c:	00178793          	addi	a5,a5,1
    5820:	00078593          	mv	a1,a5
    5824:	04060c63          	beqz	a2,587c <core_bench_list+0x5b4>
    5828:	00062603          	lw	a2,0(a2)
    582c:	00178793          	addi	a5,a5,1
    5830:	04060663          	beqz	a2,587c <core_bench_list+0x5b4>
    5834:	00062603          	lw	a2,0(a2)
    5838:	00258793          	addi	a5,a1,2
    583c:	04060063          	beqz	a2,587c <core_bench_list+0x5b4>
    5840:	00062603          	lw	a2,0(a2)
    5844:	00358793          	addi	a5,a1,3
    5848:	02060a63          	beqz	a2,587c <core_bench_list+0x5b4>
    584c:	00062603          	lw	a2,0(a2)
    5850:	00458793          	addi	a5,a1,4
    5854:	02060463          	beqz	a2,587c <core_bench_list+0x5b4>
    5858:	00062603          	lw	a2,0(a2)
    585c:	00558793          	addi	a5,a1,5
    5860:	00060e63          	beqz	a2,587c <core_bench_list+0x5b4>
    5864:	00062603          	lw	a2,0(a2)
    5868:	00658793          	addi	a5,a1,6
    586c:	00060863          	beqz	a2,587c <core_bench_list+0x5b4>
    5870:	00062603          	lw	a2,0(a2)
    5874:	00758793          	addi	a5,a1,7
    5878:	f8061ee3          	bnez	a2,5814 <core_bench_list+0x54c>
    587c:	00040693          	mv	a3,s0
    5880:	00028593          	mv	a1,t0
    5884:	00060413          	mv	s0,a2
    5888:	02f05463          	blez	a5,58b0 <core_bench_list+0x5e8>
    588c:	00058463          	beqz	a1,5894 <core_bench_list+0x5cc>
    5890:	02041863          	bnez	s0,58c0 <core_bench_list+0x5f8>
    5894:	00070c13          	mv	s8,a4
    5898:	fff78793          	addi	a5,a5,-1
    589c:	00068713          	mv	a4,a3
    58a0:	0006a683          	lw	a3,0(a3)
    58a4:	0a0c0063          	beqz	s8,5944 <core_bench_list+0x67c>
    58a8:	00ec2023          	sw	a4,0(s8)
    58ac:	fef040e3          	bgtz	a5,588c <core_bench_list+0x5c4>
    58b0:	00803c33          	snez	s8,s0
    58b4:	0cb05a63          	blez	a1,5988 <core_bench_list+0x6c0>
    58b8:	0c0c0a63          	beqz	s8,598c <core_bench_list+0x6c4>
    58bc:	08078863          	beqz	a5,594c <core_bench_list+0x684>
    58c0:	fff78313          	addi	t1,a5,-1
    58c4:	00337e13          	andi	t3,t1,3
    58c8:	00442c03          	lw	s8,4(s0)
    58cc:	160e0a63          	beqz	t3,5a40 <core_bench_list+0x778>
    58d0:	0046a803          	lw	a6,4(a3)
    58d4:	002c1e83          	lh	t4,2(s8)
    58d8:	00081983          	lh	s3,0(a6)
    58dc:	00281f03          	lh	t5,2(a6)
    58e0:	01099493          	slli	s1,s3,0x10
    58e4:	f009f893          	andi	a7,s3,-256
    58e8:	0184da93          	srli	s5,s1,0x18
    58ec:	0158edb3          	or	s11,a7,s5
    58f0:	01b81023          	sh	s11,0(a6)
    58f4:	000c1c83          	lh	s9,0(s8)
    58f8:	010c9513          	slli	a0,s9,0x10
    58fc:	f00cfd13          	andi	s10,s9,-256
    5900:	01855b93          	srli	s7,a0,0x18
    5904:	017d6b33          	or	s6,s10,s7
    5908:	016c1023          	sh	s6,0(s8)
    590c:	09eede63          	bge	t4,t5,59a8 <core_bench_list+0x6e0>
    5910:	00070c13          	mv	s8,a4
    5914:	fff58593          	addi	a1,a1,-1
    5918:	00040713          	mv	a4,s0
    591c:	00042403          	lw	s0,0(s0)
    5920:	f80c14e3          	bnez	s8,58a8 <core_bench_list+0x5e0>
    5924:	0200006f          	j	5944 <core_bench_list+0x67c>
    5928:	0006a683          	lw	a3,0(a3)
    592c:	140682e3          	beqz	a3,6270 <core_bench_list+0xfa8>
    5930:	0046a303          	lw	t1,4(a3)
    5934:	00012f83          	lw	t6,0(sp)
    5938:	00034f03          	lbu	t5,0(t1)
    593c:	ffef96e3          	bne	t6,t5,5928 <core_bench_list+0x660>
    5940:	ba1ff06f          	j	54e0 <core_bench_list+0x218>
    5944:	00070f93          	mv	t6,a4
    5948:	f41ff06f          	j	5888 <core_bench_list+0x5c0>
    594c:	00070793          	mv	a5,a4
    5950:	0180006f          	j	5968 <core_bench_list+0x6a0>
    5954:	00e7a023          	sw	a4,0(a5)
    5958:	00803c33          	snez	s8,s0
    595c:	00070793          	mv	a5,a4
    5960:	02058463          	beqz	a1,5988 <core_bench_list+0x6c0>
    5964:	020c0463          	beqz	s8,598c <core_bench_list+0x6c4>
    5968:	00040713          	mv	a4,s0
    596c:	fff58593          	addi	a1,a1,-1
    5970:	00042403          	lw	s0,0(s0)
    5974:	fe0790e3          	bnez	a5,5954 <core_bench_list+0x68c>
    5978:	00070f93          	mv	t6,a4
    597c:	00803c33          	snez	s8,s0
    5980:	00070793          	mv	a5,a4
    5984:	fe0590e3          	bnez	a1,5964 <core_bench_list+0x69c>
    5988:	de0c1ae3          	bnez	s8,577c <core_bench_list+0x4b4>
    598c:	00072023          	sw	zero,0(a4)
    5990:	27238a63          	beq	t2,s2,5c04 <core_bench_list+0x93c>
    5994:	000f8413          	mv	s0,t6
    5998:	00129293          	slli	t0,t0,0x1
    599c:	dc041ae3          	bnez	s0,5770 <core_bench_list+0x4a8>
    59a0:	00002023          	sw	zero,0(zero) # 0 <_start-0x2000>
    59a4:	00100073          	ebreak
    59a8:	0006a803          	lw	a6,0(a3)
    59ac:	00030793          	mv	a5,t1
    59b0:	00070c63          	beqz	a4,59c8 <core_bench_list+0x700>
    59b4:	00070c13          	mv	s8,a4
    59b8:	00068713          	mv	a4,a3
    59bc:	00ec2023          	sw	a4,0(s8)
    59c0:	00080693          	mv	a3,a6
    59c4:	ee9ff06f          	j	58ac <core_bench_list+0x5e4>
    59c8:	00068713          	mv	a4,a3
    59cc:	00068f93          	mv	t6,a3
    59d0:	1c605863          	blez	t1,5ba0 <core_bench_list+0x8d8>
    59d4:	00100a13          	li	s4,1
    59d8:	00080693          	mv	a3,a6
    59dc:	074e0263          	beq	t3,s4,5a40 <core_bench_list+0x778>
    59e0:	00200613          	li	a2,2
    59e4:	1cce1263          	bne	t3,a2,5ba8 <core_bench_list+0x8e0>
    59e8:	00482b03          	lw	s6,4(a6)
    59ec:	002c1a03          	lh	s4,2(s8)
    59f0:	000b1603          	lh	a2,0(s6)
    59f4:	002b1983          	lh	s3,2(s6)
    59f8:	01061f13          	slli	t5,a2,0x10
    59fc:	f0067e13          	andi	t3,a2,-256
    5a00:	018f5e93          	srli	t4,t5,0x18
    5a04:	01de6333          	or	t1,t3,t4
    5a08:	006b1023          	sh	t1,0(s6)
    5a0c:	000c1483          	lh	s1,0(s8)
    5a10:	01049a93          	slli	s5,s1,0x10
    5a14:	f004f893          	andi	a7,s1,-256
    5a18:	018add93          	srli	s11,s5,0x18
    5a1c:	01b8ecb3          	or	s9,a7,s11
    5a20:	019c1023          	sh	s9,0(s8)
    5a24:	ef3a46e3          	blt	s4,s3,5910 <core_bench_list+0x648>
    5a28:	00082803          	lw	a6,0(a6)
    5a2c:	fff78793          	addi	a5,a5,-1
    5a30:	f80712e3          	bnez	a4,59b4 <core_bench_list+0x6ec>
    5a34:	00068713          	mv	a4,a3
    5a38:	00068f93          	mv	t6,a3
    5a3c:	00080693          	mv	a3,a6
    5a40:	0046a803          	lw	a6,4(a3)
    5a44:	002c1d03          	lh	s10,2(s8)
    5a48:	00081503          	lh	a0,0(a6)
    5a4c:	00281b83          	lh	s7,2(a6)
    5a50:	01051a13          	slli	s4,a0,0x10
    5a54:	f0057b13          	andi	s6,a0,-256
    5a58:	018a5613          	srli	a2,s4,0x18
    5a5c:	00cb69b3          	or	s3,s6,a2
    5a60:	01381023          	sh	s3,0(a6)
    5a64:	000c1e03          	lh	t3,0(s8)
    5a68:	010e1e93          	slli	t4,t3,0x10
    5a6c:	f00e7f13          	andi	t5,t3,-256
    5a70:	018ed313          	srli	t1,t4,0x18
    5a74:	006f64b3          	or	s1,t5,t1
    5a78:	009c1023          	sh	s1,0(s8)
    5a7c:	e97d4ae3          	blt	s10,s7,5910 <core_bench_list+0x648>
    5a80:	fff78793          	addi	a5,a5,-1
    5a84:	0006a803          	lw	a6,0(a3)
    5a88:	00078893          	mv	a7,a5
    5a8c:	f20714e3          	bnez	a4,59b4 <core_bench_list+0x6ec>
    5a90:	00068713          	mv	a4,a3
    5a94:	00068f93          	mv	t6,a3
    5a98:	10f05463          	blez	a5,5ba0 <core_bench_list+0x8d8>
    5a9c:	00482d83          	lw	s11,4(a6)
    5aa0:	002c1d03          	lh	s10,2(s8)
    5aa4:	00080693          	mv	a3,a6
    5aa8:	000d9503          	lh	a0,0(s11)
    5aac:	002d9b83          	lh	s7,2(s11)
    5ab0:	01051a13          	slli	s4,a0,0x10
    5ab4:	f0057b13          	andi	s6,a0,-256
    5ab8:	018a5993          	srli	s3,s4,0x18
    5abc:	013b6f33          	or	t5,s6,s3
    5ac0:	01ed9023          	sh	t5,0(s11)
    5ac4:	000c1e83          	lh	t4,0(s8)
    5ac8:	010e9313          	slli	t1,t4,0x10
    5acc:	f00efe13          	andi	t3,t4,-256
    5ad0:	01835613          	srli	a2,t1,0x18
    5ad4:	00ce6ab3          	or	s5,t3,a2
    5ad8:	015c1023          	sh	s5,0(s8)
    5adc:	e37d4ae3          	blt	s10,s7,5910 <core_bench_list+0x648>
    5ae0:	00082803          	lw	a6,0(a6)
    5ae4:	fff78793          	addi	a5,a5,-1
    5ae8:	ec0716e3          	bnez	a4,59b4 <core_bench_list+0x6ec>
    5aec:	00482c83          	lw	s9,4(a6)
    5af0:	00068713          	mv	a4,a3
    5af4:	002c1483          	lh	s1,2(s8)
    5af8:	000c9683          	lh	a3,0(s9)
    5afc:	002c9a03          	lh	s4,2(s9)
    5b00:	00070f93          	mv	t6,a4
    5b04:	01069d13          	slli	s10,a3,0x10
    5b08:	f006fd93          	andi	s11,a3,-256
    5b0c:	018d5513          	srli	a0,s10,0x18
    5b10:	00adebb3          	or	s7,s11,a0
    5b14:	017c9023          	sh	s7,0(s9)
    5b18:	000c1b03          	lh	s6,0(s8)
    5b1c:	00080693          	mv	a3,a6
    5b20:	010b1f13          	slli	t5,s6,0x10
    5b24:	f00b7993          	andi	s3,s6,-256
    5b28:	018f5e93          	srli	t4,t5,0x18
    5b2c:	01d9ee33          	or	t3,s3,t4
    5b30:	01cc1023          	sh	t3,0(s8)
    5b34:	dd44cee3          	blt	s1,s4,5910 <core_bench_list+0x648>
    5b38:	00082803          	lw	a6,0(a6)
    5b3c:	ffe88793          	addi	a5,a7,-2
    5b40:	e6071ae3          	bnez	a4,59b4 <core_bench_list+0x6ec>
    5b44:	00482603          	lw	a2,4(a6)
    5b48:	00068713          	mv	a4,a3
    5b4c:	00068f93          	mv	t6,a3
    5b50:	00061c83          	lh	s9,0(a2)
    5b54:	002c1a83          	lh	s5,2(s8)
    5b58:	00261503          	lh	a0,2(a2)
    5b5c:	010c9493          	slli	s1,s9,0x10
    5b60:	0184d693          	srli	a3,s1,0x18
    5b64:	f00cf313          	andi	t1,s9,-256
    5b68:	00d36db3          	or	s11,t1,a3
    5b6c:	01b61023          	sh	s11,0(a2)
    5b70:	000c1d03          	lh	s10,0(s8)
    5b74:	00080693          	mv	a3,a6
    5b78:	010d1b13          	slli	s6,s10,0x10
    5b7c:	f00d7b93          	andi	s7,s10,-256
    5b80:	018b5a13          	srli	s4,s6,0x18
    5b84:	014be9b3          	or	s3,s7,s4
    5b88:	013c1023          	sh	s3,0(s8)
    5b8c:	d8aac2e3          	blt	s5,a0,5910 <core_bench_list+0x648>
    5b90:	00082803          	lw	a6,0(a6)
    5b94:	ffd88793          	addi	a5,a7,-3
    5b98:	e0071ee3          	bnez	a4,59b4 <core_bench_list+0x6ec>
    5b9c:	e99ff06f          	j	5a34 <core_bench_list+0x76c>
    5ba0:	00080693          	mv	a3,a6
    5ba4:	d0dff06f          	j	58b0 <core_bench_list+0x5e8>
    5ba8:	00482983          	lw	s3,4(a6)
    5bac:	002c1e03          	lh	t3,2(s8)
    5bb0:	00099f03          	lh	t5,0(s3)
    5bb4:	00299e83          	lh	t4,2(s3)
    5bb8:	010f1893          	slli	a7,t5,0x10
    5bbc:	f00f7313          	andi	t1,t5,-256
    5bc0:	0188d493          	srli	s1,a7,0x18
    5bc4:	00936ab3          	or	s5,t1,s1
    5bc8:	01599023          	sh	s5,0(s3)
    5bcc:	000c1d83          	lh	s11,0(s8)
    5bd0:	010d9d13          	slli	s10,s11,0x10
    5bd4:	f00dfc93          	andi	s9,s11,-256
    5bd8:	018d5513          	srli	a0,s10,0x18
    5bdc:	00acebb3          	or	s7,s9,a0
    5be0:	017c1023          	sh	s7,0(s8)
    5be4:	d3de46e3          	blt	t3,t4,5910 <core_bench_list+0x648>
    5be8:	00082803          	lw	a6,0(a6)
    5bec:	fff78793          	addi	a5,a5,-1
    5bf0:	dc0712e3          	bnez	a4,59b4 <core_bench_list+0x6ec>
    5bf4:	00068713          	mv	a4,a3
    5bf8:	00068f93          	mv	t6,a3
    5bfc:	00080693          	mv	a3,a6
    5c00:	de9ff06f          	j	59e8 <core_bench_list+0x720>
    5c04:	000fa603          	lw	a2,0(t6)
    5c08:	6a060463          	beqz	a2,62b0 <core_bench_list+0xfe8>
    5c0c:	004fa383          	lw	t2,4(t6)
    5c10:	ffffa937          	lui	s2,0xffffa
    5c14:	00190d93          	addi	s11,s2,1 # ffffa001 <__stack_top+0xfffea001>
    5c18:	00039a83          	lh	s5,0(t2)
    5c1c:	008adc93          	srli	s9,s5,0x8
    5c20:	0ffcfd13          	zext.b	s10,s9
    5c24:	0ffaf513          	zext.b	a0,s5
    5c28:	001d5b93          	srli	s7,s10,0x1
    5c2c:	002d5b13          	srli	s6,s10,0x2
    5c30:	003d5a13          	srli	s4,s10,0x3
    5c34:	004d5993          	srli	s3,s10,0x4
    5c38:	005d5593          	srli	a1,s10,0x5
    5c3c:	006d5c13          	srli	s8,s10,0x6
    5c40:	007d5793          	srli	a5,s10,0x7
    5c44:	00155f93          	srli	t6,a0,0x1
    5c48:	00255f13          	srli	t5,a0,0x2
    5c4c:	00355e93          	srli	t4,a0,0x3
    5c50:	00455e13          	srli	t3,a0,0x4
    5c54:	00555313          	srli	t1,a0,0x5
    5c58:	00655893          	srli	a7,a0,0x6
    5c5c:	00755813          	srli	a6,a0,0x7
    5c60:	00c12703          	lw	a4,12(sp)
    5c64:	00c12383          	lw	t2,12(sp)
    5c68:	00062603          	lw	a2,0(a2)
    5c6c:	00e546b3          	xor	a3,a0,a4
    5c70:	01f69493          	slli	s1,a3,0x1f
    5c74:	41f4d293          	srai	t0,s1,0x1f
    5c78:	01b2f433          	and	s0,t0,s11
    5c7c:	0013d913          	srli	s2,t2,0x1
    5c80:	01244ab3          	xor	s5,s0,s2
    5c84:	010a9c93          	slli	s9,s5,0x10
    5c88:	010cd713          	srli	a4,s9,0x10
    5c8c:	00efc6b3          	xor	a3,t6,a4
    5c90:	01f69493          	slli	s1,a3,0x1f
    5c94:	41f4d293          	srai	t0,s1,0x1f
    5c98:	01b2f433          	and	s0,t0,s11
    5c9c:	00175393          	srli	t2,a4,0x1
    5ca0:	00744933          	xor	s2,s0,t2
    5ca4:	01091a93          	slli	s5,s2,0x10
    5ca8:	010adc93          	srli	s9,s5,0x10
    5cac:	019f4733          	xor	a4,t5,s9
    5cb0:	01f71693          	slli	a3,a4,0x1f
    5cb4:	41f6d493          	srai	s1,a3,0x1f
    5cb8:	01b4f2b3          	and	t0,s1,s11
    5cbc:	001cd413          	srli	s0,s9,0x1
    5cc0:	0082c3b3          	xor	t2,t0,s0
    5cc4:	01039913          	slli	s2,t2,0x10
    5cc8:	01095a93          	srli	s5,s2,0x10
    5ccc:	015eccb3          	xor	s9,t4,s5
    5cd0:	01fc9713          	slli	a4,s9,0x1f
    5cd4:	41f75693          	srai	a3,a4,0x1f
    5cd8:	01b6f4b3          	and	s1,a3,s11
    5cdc:	001ad293          	srli	t0,s5,0x1
    5ce0:	0054c433          	xor	s0,s1,t0
    5ce4:	01041393          	slli	t2,s0,0x10
    5ce8:	0103d913          	srli	s2,t2,0x10
    5cec:	012e4ab3          	xor	s5,t3,s2
    5cf0:	01fa9c93          	slli	s9,s5,0x1f
    5cf4:	41fcd713          	srai	a4,s9,0x1f
    5cf8:	01b774b3          	and	s1,a4,s11
    5cfc:	00195693          	srli	a3,s2,0x1
    5d00:	00d4c2b3          	xor	t0,s1,a3
    5d04:	01029413          	slli	s0,t0,0x10
    5d08:	01045393          	srli	t2,s0,0x10
    5d0c:	00734933          	xor	s2,t1,t2
    5d10:	01f91a93          	slli	s5,s2,0x1f
    5d14:	41fadc93          	srai	s9,s5,0x1f
    5d18:	01bcf4b3          	and	s1,s9,s11
    5d1c:	0013d713          	srli	a4,t2,0x1
    5d20:	00e4c6b3          	xor	a3,s1,a4
    5d24:	01069293          	slli	t0,a3,0x10
    5d28:	0102d413          	srli	s0,t0,0x10
    5d2c:	0088c3b3          	xor	t2,a7,s0
    5d30:	01f39913          	slli	s2,t2,0x1f
    5d34:	41f95a93          	srai	s5,s2,0x1f
    5d38:	01bafcb3          	and	s9,s5,s11
    5d3c:	00145493          	srli	s1,s0,0x1
    5d40:	009cc733          	xor	a4,s9,s1
    5d44:	01071693          	slli	a3,a4,0x10
    5d48:	0106d293          	srli	t0,a3,0x10
    5d4c:	00584433          	xor	s0,a6,t0
    5d50:	01f41393          	slli	t2,s0,0x1f
    5d54:	41f3d913          	srai	s2,t2,0x1f
    5d58:	01b97ab3          	and	s5,s2,s11
    5d5c:	0012dc93          	srli	s9,t0,0x1
    5d60:	019ac4b3          	xor	s1,s5,s9
    5d64:	01049713          	slli	a4,s1,0x10
    5d68:	01075693          	srli	a3,a4,0x10
    5d6c:	00dd42b3          	xor	t0,s10,a3
    5d70:	01f29413          	slli	s0,t0,0x1f
    5d74:	41f45393          	srai	t2,s0,0x1f
    5d78:	01b3f933          	and	s2,t2,s11
    5d7c:	0016da93          	srli	s5,a3,0x1
    5d80:	01594cb3          	xor	s9,s2,s5
    5d84:	010c9493          	slli	s1,s9,0x10
    5d88:	0104d713          	srli	a4,s1,0x10
    5d8c:	00ebc6b3          	xor	a3,s7,a4
    5d90:	01f69293          	slli	t0,a3,0x1f
    5d94:	41f2d413          	srai	s0,t0,0x1f
    5d98:	01b473b3          	and	t2,s0,s11
    5d9c:	00175913          	srli	s2,a4,0x1
    5da0:	0123cab3          	xor	s5,t2,s2
    5da4:	010a9c93          	slli	s9,s5,0x10
    5da8:	010cd693          	srli	a3,s9,0x10
    5dac:	00db44b3          	xor	s1,s6,a3
    5db0:	01f49713          	slli	a4,s1,0x1f
    5db4:	41f75293          	srai	t0,a4,0x1f
    5db8:	01b2f433          	and	s0,t0,s11
    5dbc:	0016d393          	srli	t2,a3,0x1
    5dc0:	00744933          	xor	s2,s0,t2
    5dc4:	01091a93          	slli	s5,s2,0x10
    5dc8:	010adc93          	srli	s9,s5,0x10
    5dcc:	019a46b3          	xor	a3,s4,s9
    5dd0:	01f69493          	slli	s1,a3,0x1f
    5dd4:	41f4d713          	srai	a4,s1,0x1f
    5dd8:	01b772b3          	and	t0,a4,s11
    5ddc:	001cd413          	srli	s0,s9,0x1
    5de0:	0082c3b3          	xor	t2,t0,s0
    5de4:	01039913          	slli	s2,t2,0x10
    5de8:	01095a93          	srli	s5,s2,0x10
    5dec:	0159ccb3          	xor	s9,s3,s5
    5df0:	01fc9693          	slli	a3,s9,0x1f
    5df4:	41f6d493          	srai	s1,a3,0x1f
    5df8:	01b4f733          	and	a4,s1,s11
    5dfc:	001ad293          	srli	t0,s5,0x1
    5e00:	00574433          	xor	s0,a4,t0
    5e04:	01041393          	slli	t2,s0,0x10
    5e08:	0103d913          	srli	s2,t2,0x10
    5e0c:	0125cab3          	xor	s5,a1,s2
    5e10:	01fa9c93          	slli	s9,s5,0x1f
    5e14:	41fcd693          	srai	a3,s9,0x1f
    5e18:	01b6f4b3          	and	s1,a3,s11
    5e1c:	00195713          	srli	a4,s2,0x1
    5e20:	00e4c2b3          	xor	t0,s1,a4
    5e24:	01029413          	slli	s0,t0,0x10
    5e28:	01045393          	srli	t2,s0,0x10
    5e2c:	007c4933          	xor	s2,s8,t2
    5e30:	01f91a93          	slli	s5,s2,0x1f
    5e34:	41fadc93          	srai	s9,s5,0x1f
    5e38:	01bcf4b3          	and	s1,s9,s11
    5e3c:	0013d693          	srli	a3,t2,0x1
    5e40:	00d4c733          	xor	a4,s1,a3
    5e44:	01071293          	slli	t0,a4,0x10
    5e48:	0102d413          	srli	s0,t0,0x10
    5e4c:	0087c3b3          	xor	t2,a5,s0
    5e50:	01f39913          	slli	s2,t2,0x1f
    5e54:	41f95a93          	srai	s5,s2,0x1f
    5e58:	01bafcb3          	and	s9,s5,s11
    5e5c:	00145493          	srli	s1,s0,0x1
    5e60:	009cc6b3          	xor	a3,s9,s1
    5e64:	01069713          	slli	a4,a3,0x10
    5e68:	01075293          	srli	t0,a4,0x10
    5e6c:	00512623          	sw	t0,12(sp)
    5e70:	de0618e3          	bnez	a2,5c60 <core_bench_list+0x998>
    5e74:	00028513          	mv	a0,t0
    5e78:	04c12083          	lw	ra,76(sp)
    5e7c:	04812403          	lw	s0,72(sp)
    5e80:	04412483          	lw	s1,68(sp)
    5e84:	04012903          	lw	s2,64(sp)
    5e88:	03c12983          	lw	s3,60(sp)
    5e8c:	03812a03          	lw	s4,56(sp)
    5e90:	03412a83          	lw	s5,52(sp)
    5e94:	03012b03          	lw	s6,48(sp)
    5e98:	02c12b83          	lw	s7,44(sp)
    5e9c:	02812c03          	lw	s8,40(sp)
    5ea0:	02412c83          	lw	s9,36(sp)
    5ea4:	02012d03          	lw	s10,32(sp)
    5ea8:	01c12d83          	lw	s11,28(sp)
    5eac:	05010113          	addi	sp,sp,80
    5eb0:	00008067          	ret
    5eb4:	00050913          	mv	s2,a0
    5eb8:	00058a13          	mv	s4,a1
    5ebc:	ae0402e3          	beqz	s0,59a0 <core_bench_list+0x6d8>
    5ec0:	00000993          	li	s3,0
    5ec4:	00000c13          	li	s8,0
    5ec8:	00012223          	sw	zero,4(sp)
    5ecc:	00412583          	lw	a1,4(sp)
    5ed0:	007a7513          	andi	a0,s4,7
    5ed4:	00040793          	mv	a5,s0
    5ed8:	00158b13          	addi	s6,a1,1
    5edc:	01612223          	sw	s6,4(sp)
    5ee0:	00000d13          	li	s10,0
    5ee4:	08050463          	beqz	a0,5f6c <core_bench_list+0xca4>
    5ee8:	0f4d5663          	bge	s10,s4,5fd4 <core_bench_list+0xd0c>
    5eec:	00042783          	lw	a5,0(s0)
    5ef0:	00100d13          	li	s10,1
    5ef4:	0e078063          	beqz	a5,5fd4 <core_bench_list+0xd0c>
    5ef8:	07a50a63          	beq	a0,s10,5f6c <core_bench_list+0xca4>
    5efc:	00200313          	li	t1,2
    5f00:	06650063          	beq	a0,t1,5f60 <core_bench_list+0xc98>
    5f04:	00300b93          	li	s7,3
    5f08:	05750663          	beq	a0,s7,5f54 <core_bench_list+0xc8c>
    5f0c:	00400c93          	li	s9,4
    5f10:	03950c63          	beq	a0,s9,5f48 <core_bench_list+0xc80>
    5f14:	00500d93          	li	s11,5
    5f18:	03b50263          	beq	a0,s11,5f3c <core_bench_list+0xc74>
    5f1c:	00600f13          	li	t5,6
    5f20:	01e50863          	beq	a0,t5,5f30 <core_bench_list+0xc68>
    5f24:	0007a783          	lw	a5,0(a5)
    5f28:	00030d13          	mv	s10,t1
    5f2c:	0a078463          	beqz	a5,5fd4 <core_bench_list+0xd0c>
    5f30:	0007a783          	lw	a5,0(a5)
    5f34:	001d0d13          	addi	s10,s10,1
    5f38:	08078e63          	beqz	a5,5fd4 <core_bench_list+0xd0c>
    5f3c:	0007a783          	lw	a5,0(a5)
    5f40:	001d0d13          	addi	s10,s10,1
    5f44:	08078863          	beqz	a5,5fd4 <core_bench_list+0xd0c>
    5f48:	0007a783          	lw	a5,0(a5)
    5f4c:	001d0d13          	addi	s10,s10,1
    5f50:	08078263          	beqz	a5,5fd4 <core_bench_list+0xd0c>
    5f54:	0007a783          	lw	a5,0(a5)
    5f58:	001d0d13          	addi	s10,s10,1
    5f5c:	06078c63          	beqz	a5,5fd4 <core_bench_list+0xd0c>
    5f60:	0007a783          	lw	a5,0(a5)
    5f64:	001d0d13          	addi	s10,s10,1
    5f68:	06078663          	beqz	a5,5fd4 <core_bench_list+0xd0c>
    5f6c:	074d5463          	bge	s10,s4,5fd4 <core_bench_list+0xd0c>
    5f70:	0007a783          	lw	a5,0(a5)
    5f74:	001d0d13          	addi	s10,s10,1
    5f78:	000d0f93          	mv	t6,s10
    5f7c:	04078c63          	beqz	a5,5fd4 <core_bench_list+0xd0c>
    5f80:	0007a783          	lw	a5,0(a5)
    5f84:	001d0d13          	addi	s10,s10,1
    5f88:	04078663          	beqz	a5,5fd4 <core_bench_list+0xd0c>
    5f8c:	0007a783          	lw	a5,0(a5)
    5f90:	002f8d13          	addi	s10,t6,2
    5f94:	04078063          	beqz	a5,5fd4 <core_bench_list+0xd0c>
    5f98:	0007a783          	lw	a5,0(a5)
    5f9c:	003f8d13          	addi	s10,t6,3
    5fa0:	02078a63          	beqz	a5,5fd4 <core_bench_list+0xd0c>
    5fa4:	0007a783          	lw	a5,0(a5)
    5fa8:	004f8d13          	addi	s10,t6,4
    5fac:	02078463          	beqz	a5,5fd4 <core_bench_list+0xd0c>
    5fb0:	0007a783          	lw	a5,0(a5)
    5fb4:	005f8d13          	addi	s10,t6,5
    5fb8:	00078e63          	beqz	a5,5fd4 <core_bench_list+0xd0c>
    5fbc:	0007a783          	lw	a5,0(a5)
    5fc0:	006f8d13          	addi	s10,t6,6
    5fc4:	00078863          	beqz	a5,5fd4 <core_bench_list+0xd0c>
    5fc8:	0007a783          	lw	a5,0(a5)
    5fcc:	007f8d13          	addi	s10,t6,7
    5fd0:	f8079ee3          	bnez	a5,5f6c <core_bench_list+0xca4>
    5fd4:	00040b93          	mv	s7,s0
    5fd8:	000a0493          	mv	s1,s4
    5fdc:	00078413          	mv	s0,a5
    5fe0:	03a05463          	blez	s10,6008 <core_bench_list+0xd40>
    5fe4:	00048463          	beqz	s1,5fec <core_bench_list+0xd24>
    5fe8:	02041863          	bnez	s0,6018 <core_bench_list+0xd50>
    5fec:	000c0593          	mv	a1,s8
    5ff0:	fffd0d13          	addi	s10,s10,-1
    5ff4:	000b8c13          	mv	s8,s7
    5ff8:	000bab83          	lw	s7,0(s7)
    5ffc:	06058063          	beqz	a1,605c <core_bench_list+0xd94>
    6000:	0185a023          	sw	s8,0(a1)
    6004:	ffa040e3          	bgtz	s10,5fe4 <core_bench_list+0xd1c>
    6008:	00803633          	snez	a2,s0
    600c:	08905863          	blez	s1,609c <core_bench_list+0xdd4>
    6010:	08060863          	beqz	a2,60a0 <core_bench_list+0xdd8>
    6014:	060d0263          	beqz	s10,6078 <core_bench_list+0xdb0>
    6018:	fffd0a93          	addi	s5,s10,-1
    601c:	003afb13          	andi	s6,s5,3
    6020:	100b0c63          	beqz	s6,6138 <core_bench_list+0xe70>
    6024:	004ba503          	lw	a0,4(s7)
    6028:	00442d83          	lw	s11,4(s0)
    602c:	00090593          	mv	a1,s2
    6030:	d10fc0ef          	jal	2540 <calc_func>
    6034:	00050c93          	mv	s9,a0
    6038:	00090593          	mv	a1,s2
    603c:	000d8513          	mv	a0,s11
    6040:	d00fc0ef          	jal	2540 <calc_func>
    6044:	07955c63          	bge	a0,s9,60bc <core_bench_list+0xdf4>
    6048:	000c0593          	mv	a1,s8
    604c:	fff48493          	addi	s1,s1,-1
    6050:	00040c13          	mv	s8,s0
    6054:	00042403          	lw	s0,0(s0)
    6058:	fa0594e3          	bnez	a1,6000 <core_bench_list+0xd38>
    605c:	000c0993          	mv	s3,s8
    6060:	f81ff06f          	j	5fe0 <core_bench_list+0xd18>
    6064:	00ec2023          	sw	a4,0(s8)
    6068:	00803633          	snez	a2,s0
    606c:	00070c13          	mv	s8,a4
    6070:	02048463          	beqz	s1,6098 <core_bench_list+0xdd0>
    6074:	02060263          	beqz	a2,6098 <core_bench_list+0xdd0>
    6078:	00040713          	mv	a4,s0
    607c:	fff48493          	addi	s1,s1,-1
    6080:	00042403          	lw	s0,0(s0)
    6084:	fe0c10e3          	bnez	s8,6064 <core_bench_list+0xd9c>
    6088:	00070993          	mv	s3,a4
    608c:	00803633          	snez	a2,s0
    6090:	00070c13          	mv	s8,a4
    6094:	fe0490e3          	bnez	s1,6074 <core_bench_list+0xdac>
    6098:	00070c13          	mv	s8,a4
    609c:	e20618e3          	bnez	a2,5ecc <core_bench_list+0xc04>
    60a0:	00412403          	lw	s0,4(sp)
    60a4:	000c2023          	sw	zero,0(s8)
    60a8:	00100393          	li	t2,1
    60ac:	20740663          	beq	s0,t2,62b8 <core_bench_list+0xff0>
    60b0:	001a1a13          	slli	s4,s4,0x1
    60b4:	00098413          	mv	s0,s3
    60b8:	e05ff06f          	j	5ebc <core_bench_list+0xbf4>
    60bc:	000bad83          	lw	s11,0(s7)
    60c0:	000a8d13          	mv	s10,s5
    60c4:	000c0c63          	beqz	s8,60dc <core_bench_list+0xe14>
    60c8:	000c0593          	mv	a1,s8
    60cc:	000b8c13          	mv	s8,s7
    60d0:	0185a023          	sw	s8,0(a1)
    60d4:	000d8b93          	mv	s7,s11
    60d8:	f2dff06f          	j	6004 <core_bench_list+0xd3c>
    60dc:	000b8c13          	mv	s8,s7
    60e0:	000b8993          	mv	s3,s7
    60e4:	15505263          	blez	s5,6228 <core_bench_list+0xf60>
    60e8:	00100813          	li	a6,1
    60ec:	000d8b93          	mv	s7,s11
    60f0:	050b0463          	beq	s6,a6,6138 <core_bench_list+0xe70>
    60f4:	00200293          	li	t0,2
    60f8:	125b1c63          	bne	s6,t0,6230 <core_bench_list+0xf68>
    60fc:	004da503          	lw	a0,4(s11)
    6100:	00442a83          	lw	s5,4(s0)
    6104:	00090593          	mv	a1,s2
    6108:	c38fc0ef          	jal	2540 <calc_func>
    610c:	00050c93          	mv	s9,a0
    6110:	00090593          	mv	a1,s2
    6114:	000a8513          	mv	a0,s5
    6118:	c28fc0ef          	jal	2540 <calc_func>
    611c:	f39546e3          	blt	a0,s9,6048 <core_bench_list+0xd80>
    6120:	000dad83          	lw	s11,0(s11)
    6124:	fffd0d13          	addi	s10,s10,-1
    6128:	fa0c10e3          	bnez	s8,60c8 <core_bench_list+0xe00>
    612c:	000b8c13          	mv	s8,s7
    6130:	000b8993          	mv	s3,s7
    6134:	000d8b93          	mv	s7,s11
    6138:	004ba503          	lw	a0,4(s7)
    613c:	00442d83          	lw	s11,4(s0)
    6140:	00090593          	mv	a1,s2
    6144:	bfcfc0ef          	jal	2540 <calc_func>
    6148:	00050b13          	mv	s6,a0
    614c:	00090593          	mv	a1,s2
    6150:	000d8513          	mv	a0,s11
    6154:	becfc0ef          	jal	2540 <calc_func>
    6158:	ef6548e3          	blt	a0,s6,6048 <core_bench_list+0xd80>
    615c:	fffd0d13          	addi	s10,s10,-1
    6160:	000bad83          	lw	s11,0(s7)
    6164:	000d0c93          	mv	s9,s10
    6168:	f60c10e3          	bnez	s8,60c8 <core_bench_list+0xe00>
    616c:	000b8c13          	mv	s8,s7
    6170:	000b8993          	mv	s3,s7
    6174:	0ba05a63          	blez	s10,6228 <core_bench_list+0xf60>
    6178:	004da503          	lw	a0,4(s11)
    617c:	00442b03          	lw	s6,4(s0)
    6180:	00090593          	mv	a1,s2
    6184:	bbcfc0ef          	jal	2540 <calc_func>
    6188:	00050a93          	mv	s5,a0
    618c:	00090593          	mv	a1,s2
    6190:	000b0513          	mv	a0,s6
    6194:	000d8b93          	mv	s7,s11
    6198:	ba8fc0ef          	jal	2540 <calc_func>
    619c:	eb5546e3          	blt	a0,s5,6048 <core_bench_list+0xd80>
    61a0:	000dad83          	lw	s11,0(s11)
    61a4:	fffd0d13          	addi	s10,s10,-1
    61a8:	f20c10e3          	bnez	s8,60c8 <core_bench_list+0xe00>
    61ac:	004da503          	lw	a0,4(s11)
    61b0:	00442b03          	lw	s6,4(s0)
    61b4:	00090593          	mv	a1,s2
    61b8:	b88fc0ef          	jal	2540 <calc_func>
    61bc:	00050a93          	mv	s5,a0
    61c0:	00090593          	mv	a1,s2
    61c4:	000b0513          	mv	a0,s6
    61c8:	000b8c13          	mv	s8,s7
    61cc:	000b8993          	mv	s3,s7
    61d0:	000d8b93          	mv	s7,s11
    61d4:	b6cfc0ef          	jal	2540 <calc_func>
    61d8:	e75548e3          	blt	a0,s5,6048 <core_bench_list+0xd80>
    61dc:	000dad83          	lw	s11,0(s11)
    61e0:	ffec8d13          	addi	s10,s9,-2
    61e4:	ee0c12e3          	bnez	s8,60c8 <core_bench_list+0xe00>
    61e8:	004da503          	lw	a0,4(s11)
    61ec:	00442b03          	lw	s6,4(s0)
    61f0:	00090593          	mv	a1,s2
    61f4:	b4cfc0ef          	jal	2540 <calc_func>
    61f8:	00050a93          	mv	s5,a0
    61fc:	00090593          	mv	a1,s2
    6200:	000b0513          	mv	a0,s6
    6204:	000b8c13          	mv	s8,s7
    6208:	000b8993          	mv	s3,s7
    620c:	000d8b93          	mv	s7,s11
    6210:	b30fc0ef          	jal	2540 <calc_func>
    6214:	e3554ae3          	blt	a0,s5,6048 <core_bench_list+0xd80>
    6218:	000dad83          	lw	s11,0(s11)
    621c:	ffdc8d13          	addi	s10,s9,-3
    6220:	ea0c14e3          	bnez	s8,60c8 <core_bench_list+0xe00>
    6224:	f09ff06f          	j	612c <core_bench_list+0xe64>
    6228:	000d8b93          	mv	s7,s11
    622c:	dddff06f          	j	6008 <core_bench_list+0xd40>
    6230:	004da503          	lw	a0,4(s11)
    6234:	00442a83          	lw	s5,4(s0)
    6238:	00090593          	mv	a1,s2
    623c:	b04fc0ef          	jal	2540 <calc_func>
    6240:	00050b13          	mv	s6,a0
    6244:	00090593          	mv	a1,s2
    6248:	000a8513          	mv	a0,s5
    624c:	af4fc0ef          	jal	2540 <calc_func>
    6250:	df654ce3          	blt	a0,s6,6048 <core_bench_list+0xd80>
    6254:	000dad83          	lw	s11,0(s11)
    6258:	fffd0d13          	addi	s10,s10,-1
    625c:	e60c16e3          	bnez	s8,60c8 <core_bench_list+0xe00>
    6260:	000b8c13          	mv	s8,s7
    6264:	000b8993          	mv	s3,s7
    6268:	000d8b93          	mv	s7,s11
    626c:	e91ff06f          	j	60fc <core_bench_list+0xe34>
    6270:	00042683          	lw	a3,0(s0)
    6274:	a6069663          	bnez	a3,54e0 <core_bench_list+0x218>
    6278:	cd4ff06f          	j	574c <core_bench_list+0x484>
    627c:	00b12423          	sw	a1,8(sp)
    6280:	00012623          	sw	zero,12(sp)
    6284:	00012023          	sw	zero,0(sp)
    6288:	9f8ff06f          	j	5480 <core_bench_list+0x1b8>
    628c:	02040a63          	beqz	s0,62c0 <core_bench_list+0xff8>
    6290:	00058613          	mv	a2,a1
    6294:	00040793          	mv	a5,s0
    6298:	00000813          	li	a6,0
    629c:	00000893          	li	a7,0
    62a0:	00000313          	li	t1,0
    62a4:	00000e93          	li	t4,0
    62a8:	00000693          	li	a3,0
    62ac:	95cff06f          	j	5408 <core_bench_list+0x140>
    62b0:	00c12503          	lw	a0,12(sp)
    62b4:	bc5ff06f          	j	5e78 <core_bench_list+0xbb0>
    62b8:	00098413          	mv	s0,s3
    62bc:	9ccff06f          	j	5488 <core_bench_list+0x1c0>
    62c0:	00002783          	lw	a5,0(zero) # 0 <_start-0x2000>
    62c4:	00100073          	ebreak

000062c8 <number>:
    62c8:	f9010113          	addi	sp,sp,-112
    62cc:	06812623          	sw	s0,108(sp)
    62d0:	06912423          	sw	s1,104(sp)
    62d4:	0407f813          	andi	a6,a5,64
    62d8:	00005f97          	auipc	t6,0x5
    62dc:	d78f8f93          	addi	t6,t6,-648 # b050 <main+0x2718>
    62e0:	00080663          	beqz	a6,62ec <number+0x24>
    62e4:	00005f97          	auipc	t6,0x5
    62e8:	d94f8f93          	addi	t6,t6,-620 # b078 <main+0x2740>
    62ec:	0107f293          	andi	t0,a5,16
    62f0:	62029463          	bnez	t0,6918 <number+0x650>
    62f4:	0017f493          	andi	s1,a5,1
    62f8:	fff48f13          	addi	t5,s1,-1
    62fc:	ff0f7313          	andi	t1,t5,-16
    6300:	03030f13          	addi	t5,t1,48
    6304:	0027f413          	andi	s0,a5,2
    6308:	0207f393          	andi	t2,a5,32
    630c:	60040263          	beqz	s0,6910 <number+0x648>
    6310:	0605cae3          	bltz	a1,6b84 <number+0x8bc>
    6314:	0047f893          	andi	a7,a5,4
    6318:	020898e3          	bnez	a7,6b48 <number+0x880>
    631c:	0087f793          	andi	a5,a5,8
    6320:	00000413          	li	s0,0
    6324:	00078663          	beqz	a5,6330 <number+0x68>
    6328:	fff68693          	addi	a3,a3,-1
    632c:	02000413          	li	s0,32
    6330:	00038e63          	beqz	t2,634c <number+0x84>
    6334:	01000393          	li	t2,16
    6338:	06760ae3          	beq	a2,t2,6bac <number+0x8e4>
    633c:	ff860e13          	addi	t3,a2,-8
    6340:	001e3e93          	seqz	t4,t3
    6344:	41d686b3          	sub	a3,a3,t4
    6348:	02000393          	li	t2,32
    634c:	7a059463          	bnez	a1,6af4 <number+0x82c>
    6350:	03000593          	li	a1,48
    6354:	00b10623          	sb	a1,12(sp)
    6358:	00000e13          	li	t3,0
    635c:	00100e93          	li	t4,1
    6360:	00c10813          	addi	a6,sp,12
    6364:	000e8313          	mv	t1,t4
    6368:	00eed463          	bge	t4,a4,6370 <number+0xa8>
    636c:	00070313          	mv	t1,a4
    6370:	406686b3          	sub	a3,a3,t1
    6374:	5a049c63          	bnez	s1,692c <number+0x664>
    6378:	fff68793          	addi	a5,a3,-1
    637c:	5ad05663          	blez	a3,6928 <number+0x660>
    6380:	05512c23          	sw	s5,88(sp)
    6384:	00500f93          	li	t6,5
    6388:	00050a93          	mv	s5,a0
    638c:	10fffc63          	bgeu	t6,a5,64a4 <number+0x1dc>
    6390:	07312023          	sw	s3,96(sp)
    6394:	40a009b3          	neg	s3,a0
    6398:	05412e23          	sw	s4,92(sp)
    639c:	0039f593          	andi	a1,s3,3
    63a0:	00050a13          	mv	s4,a0
    63a4:	02058663          	beqz	a1,63d0 <number+0x108>
    63a8:	02000a13          	li	s4,32
    63ac:	0029f493          	andi	s1,s3,2
    63b0:	01450023          	sb	s4,0(a0)
    63b4:	7a048063          	beqz	s1,6b54 <number+0x88c>
    63b8:	014500a3          	sb	s4,1(a0)
    63bc:	00300893          	li	a7,3
    63c0:	031590e3          	bne	a1,a7,6be0 <number+0x918>
    63c4:	01450123          	sb	s4,2(a0)
    63c8:	ffc68793          	addi	a5,a3,-4
    63cc:	00350a13          	addi	s4,a0,3
    63d0:	40b684b3          	sub	s1,a3,a1
    63d4:	00b505b3          	add	a1,a0,a1
    63d8:	ffc4f513          	andi	a0,s1,-4
    63dc:	ffc50f93          	addi	t6,a0,-4
    63e0:	002fd993          	srli	s3,t6,0x2
    63e4:	00198893          	addi	a7,s3,1
    63e8:	0078ff93          	andi	t6,a7,7
    63ec:	202028b7          	lui	a7,0x20202
    63f0:	00a589b3          	add	s3,a1,a0
    63f4:	02088893          	addi	a7,a7,32 # 20202020 <__stack_top+0x201f2020>
    63f8:	060f8863          	beqz	t6,6468 <number+0x1a0>
    63fc:	07212223          	sw	s2,100(sp)
    6400:	00100913          	li	s2,1
    6404:	052f8a63          	beq	t6,s2,6458 <number+0x190>
    6408:	00200913          	li	s2,2
    640c:	052f8263          	beq	t6,s2,6450 <number+0x188>
    6410:	00300913          	li	s2,3
    6414:	032f8a63          	beq	t6,s2,6448 <number+0x180>
    6418:	00400913          	li	s2,4
    641c:	032f8263          	beq	t6,s2,6440 <number+0x178>
    6420:	00500913          	li	s2,5
    6424:	012f8a63          	beq	t6,s2,6438 <number+0x170>
    6428:	00600913          	li	s2,6
    642c:	7d2f9663          	bne	t6,s2,6bf8 <number+0x930>
    6430:	0115a023          	sw	a7,0(a1)
    6434:	00458593          	addi	a1,a1,4
    6438:	0115a023          	sw	a7,0(a1)
    643c:	00458593          	addi	a1,a1,4
    6440:	0115a023          	sw	a7,0(a1)
    6444:	00458593          	addi	a1,a1,4
    6448:	0115a023          	sw	a7,0(a1)
    644c:	00458593          	addi	a1,a1,4
    6450:	0115a023          	sw	a7,0(a1)
    6454:	00458593          	addi	a1,a1,4
    6458:	0115a023          	sw	a7,0(a1)
    645c:	00458593          	addi	a1,a1,4
    6460:	06412903          	lw	s2,100(sp)
    6464:	03358663          	beq	a1,s3,6490 <number+0x1c8>
    6468:	0115a023          	sw	a7,0(a1)
    646c:	0115a223          	sw	a7,4(a1)
    6470:	0115a423          	sw	a7,8(a1)
    6474:	0115a623          	sw	a7,12(a1)
    6478:	0115a823          	sw	a7,16(a1)
    647c:	0115aa23          	sw	a7,20(a1)
    6480:	0115ac23          	sw	a7,24(a1)
    6484:	0115ae23          	sw	a7,28(a1)
    6488:	02058593          	addi	a1,a1,32
    648c:	fd359ee3          	bne	a1,s3,6468 <number+0x1a0>
    6490:	74a48263          	beq	s1,a0,6bd4 <number+0x90c>
    6494:	40a787b3          	sub	a5,a5,a0
    6498:	06012983          	lw	s3,96(sp)
    649c:	00aa0533          	add	a0,s4,a0
    64a0:	05c12a03          	lw	s4,92(sp)
    64a4:	02000493          	li	s1,32
    64a8:	00950023          	sb	s1,0(a0)
    64ac:	02f05c63          	blez	a5,64e4 <number+0x21c>
    64b0:	009500a3          	sb	s1,1(a0)
    64b4:	00100f93          	li	t6,1
    64b8:	03f78663          	beq	a5,t6,64e4 <number+0x21c>
    64bc:	00950123          	sb	s1,2(a0)
    64c0:	00200893          	li	a7,2
    64c4:	03178063          	beq	a5,a7,64e4 <number+0x21c>
    64c8:	009501a3          	sb	s1,3(a0)
    64cc:	00300593          	li	a1,3
    64d0:	00b78a63          	beq	a5,a1,64e4 <number+0x21c>
    64d4:	00950223          	sb	s1,4(a0)
    64d8:	00400f93          	li	t6,4
    64dc:	01f78463          	beq	a5,t6,64e4 <number+0x21c>
    64e0:	009502a3          	sb	s1,5(a0)
    64e4:	00da87b3          	add	a5,s5,a3
    64e8:	64041063          	bnez	s0,6b28 <number+0x860>
    64ec:	00038a63          	beqz	t2,6500 <number+0x238>
    64f0:	00800693          	li	a3,8
    64f4:	70d60863          	beq	a2,a3,6c04 <number+0x93c>
    64f8:	01000413          	li	s0,16
    64fc:	66860263          	beq	a2,s0,6b60 <number+0x898>
    6500:	05812a83          	lw	s5,88(sp)
    6504:	00503633          	snez	a2,t0
    6508:	ffe60693          	addi	a3,a2,-2
    650c:	16eedc63          	bge	t4,a4,6684 <number+0x3bc>
    6510:	41d30733          	sub	a4,t1,t4
    6514:	fff70f93          	addi	t6,a4,-1
    6518:	006fb413          	sltiu	s0,t6,6
    651c:	fff30f13          	addi	t5,t1,-1
    6520:	00078493          	mv	s1,a5
    6524:	10041c63          	bnez	s0,663c <number+0x374>
    6528:	40f008b3          	neg	a7,a5
    652c:	0038f293          	andi	t0,a7,3
    6530:	00078393          	mv	t2,a5
    6534:	02028e63          	beqz	t0,6570 <number+0x2a8>
    6538:	03000513          	li	a0,48
    653c:	0028f593          	andi	a1,a7,2
    6540:	00a78023          	sb	a0,0(a5)
    6544:	ffe30f13          	addi	t5,t1,-2
    6548:	00178393          	addi	t2,a5,1
    654c:	02058263          	beqz	a1,6570 <number+0x2a8>
    6550:	00a780a3          	sb	a0,1(a5)
    6554:	00300613          	li	a2,3
    6558:	ffd30f13          	addi	t5,t1,-3
    655c:	00278393          	addi	t2,a5,2
    6560:	00c29863          	bne	t0,a2,6570 <number+0x2a8>
    6564:	00a78123          	sb	a0,2(a5)
    6568:	ffc30f13          	addi	t5,t1,-4
    656c:	00378393          	addi	t2,a5,3
    6570:	40570433          	sub	s0,a4,t0
    6574:	005787b3          	add	a5,a5,t0
    6578:	ffc47293          	andi	t0,s0,-4
    657c:	ffc28313          	addi	t1,t0,-4
    6580:	00235713          	srli	a4,t1,0x2
    6584:	00170893          	addi	a7,a4,1
    6588:	30303637          	lui	a2,0x30303
    658c:	0078f513          	andi	a0,a7,7
    6590:	005785b3          	add	a1,a5,t0
    6594:	03060713          	addi	a4,a2,48 # 30303030 <__stack_top+0x302f3030>
    6598:	06050863          	beqz	a0,6608 <number+0x340>
    659c:	00100313          	li	t1,1
    65a0:	04650e63          	beq	a0,t1,65fc <number+0x334>
    65a4:	00200893          	li	a7,2
    65a8:	05150663          	beq	a0,a7,65f4 <number+0x32c>
    65ac:	00300613          	li	a2,3
    65b0:	02c50e63          	beq	a0,a2,65ec <number+0x324>
    65b4:	00400313          	li	t1,4
    65b8:	02650663          	beq	a0,t1,65e4 <number+0x31c>
    65bc:	00500893          	li	a7,5
    65c0:	01150e63          	beq	a0,a7,65dc <number+0x314>
    65c4:	00600613          	li	a2,6
    65c8:	00c50663          	beq	a0,a2,65d4 <number+0x30c>
    65cc:	00e7a023          	sw	a4,0(a5)
    65d0:	00478793          	addi	a5,a5,4
    65d4:	00e7a023          	sw	a4,0(a5)
    65d8:	00478793          	addi	a5,a5,4
    65dc:	00e7a023          	sw	a4,0(a5)
    65e0:	00478793          	addi	a5,a5,4
    65e4:	00e7a023          	sw	a4,0(a5)
    65e8:	00478793          	addi	a5,a5,4
    65ec:	00e7a023          	sw	a4,0(a5)
    65f0:	00478793          	addi	a5,a5,4
    65f4:	00e7a023          	sw	a4,0(a5)
    65f8:	00478793          	addi	a5,a5,4
    65fc:	00e7a023          	sw	a4,0(a5)
    6600:	00478793          	addi	a5,a5,4
    6604:	02b78663          	beq	a5,a1,6630 <number+0x368>
    6608:	00e7a023          	sw	a4,0(a5)
    660c:	00e7a223          	sw	a4,4(a5)
    6610:	00e7a423          	sw	a4,8(a5)
    6614:	00e7a623          	sw	a4,12(a5)
    6618:	00e7a823          	sw	a4,16(a5)
    661c:	00e7aa23          	sw	a4,20(a5)
    6620:	00e7ac23          	sw	a4,24(a5)
    6624:	00e7ae23          	sw	a4,28(a5)
    6628:	02078793          	addi	a5,a5,32
    662c:	fcb79ee3          	bne	a5,a1,6608 <number+0x340>
    6630:	405f0f33          	sub	t5,t5,t0
    6634:	005387b3          	add	a5,t2,t0
    6638:	04540263          	beq	s0,t0,667c <number+0x3b4>
    663c:	03000393          	li	t2,48
    6640:	00778023          	sb	t2,0(a5)
    6644:	03eedc63          	bge	t4,t5,667c <number+0x3b4>
    6648:	007780a3          	sb	t2,1(a5)
    664c:	ffff0413          	addi	s0,t5,-1
    6650:	028ed663          	bge	t4,s0,667c <number+0x3b4>
    6654:	00778123          	sb	t2,2(a5)
    6658:	ffef0293          	addi	t0,t5,-2
    665c:	025ed063          	bge	t4,t0,667c <number+0x3b4>
    6660:	007781a3          	sb	t2,3(a5)
    6664:	ffdf0513          	addi	a0,t5,-3
    6668:	00aeda63          	bge	t4,a0,667c <number+0x3b4>
    666c:	00778223          	sb	t2,4(a5)
    6670:	ffcf0593          	addi	a1,t5,-4
    6674:	00bed463          	bge	t4,a1,667c <number+0x3b4>
    6678:	007782a3          	sb	t2,5(a5)
    667c:	001f8e93          	addi	t4,t6,1
    6680:	009e87b3          	add	a5,t4,s1
    6684:	001e0f93          	addi	t6,t3,1
    6688:	007ff493          	andi	s1,t6,7
    668c:	01c80733          	add	a4,a6,t3
    6690:	00078613          	mv	a2,a5
    6694:	fff80813          	addi	a6,a6,-1
    6698:	0a048463          	beqz	s1,6740 <number+0x478>
    669c:	00100313          	li	t1,1
    66a0:	08648663          	beq	s1,t1,672c <number+0x464>
    66a4:	00200893          	li	a7,2
    66a8:	07148a63          	beq	s1,a7,671c <number+0x454>
    66ac:	00300f13          	li	t5,3
    66b0:	05e48e63          	beq	s1,t5,670c <number+0x444>
    66b4:	00400393          	li	t2,4
    66b8:	04748263          	beq	s1,t2,66fc <number+0x434>
    66bc:	00500413          	li	s0,5
    66c0:	02848663          	beq	s1,s0,66ec <number+0x424>
    66c4:	00600293          	li	t0,6
    66c8:	00548a63          	beq	s1,t0,66dc <number+0x414>
    66cc:	00074503          	lbu	a0,0(a4)
    66d0:	00178613          	addi	a2,a5,1
    66d4:	fff70713          	addi	a4,a4,-1
    66d8:	00a78023          	sb	a0,0(a5)
    66dc:	00074583          	lbu	a1,0(a4)
    66e0:	00160613          	addi	a2,a2,1
    66e4:	fff70713          	addi	a4,a4,-1
    66e8:	feb60fa3          	sb	a1,-1(a2)
    66ec:	00074e83          	lbu	t4,0(a4)
    66f0:	00160613          	addi	a2,a2,1
    66f4:	fff70713          	addi	a4,a4,-1
    66f8:	ffd60fa3          	sb	t4,-1(a2)
    66fc:	00074f83          	lbu	t6,0(a4)
    6700:	00160613          	addi	a2,a2,1
    6704:	fff70713          	addi	a4,a4,-1
    6708:	fff60fa3          	sb	t6,-1(a2)
    670c:	00074483          	lbu	s1,0(a4)
    6710:	00160613          	addi	a2,a2,1
    6714:	fff70713          	addi	a4,a4,-1
    6718:	fe960fa3          	sb	s1,-1(a2)
    671c:	00074303          	lbu	t1,0(a4)
    6720:	00160613          	addi	a2,a2,1
    6724:	fff70713          	addi	a4,a4,-1
    6728:	fe660fa3          	sb	t1,-1(a2)
    672c:	00074883          	lbu	a7,0(a4)
    6730:	fff70713          	addi	a4,a4,-1
    6734:	00160613          	addi	a2,a2,1
    6738:	ff160fa3          	sb	a7,-1(a2)
    673c:	04e80863          	beq	a6,a4,678c <number+0x4c4>
    6740:	00074383          	lbu	t2,0(a4)
    6744:	fff74403          	lbu	s0,-1(a4)
    6748:	ffe74f03          	lbu	t5,-2(a4)
    674c:	ffd74283          	lbu	t0,-3(a4)
    6750:	ffc74e83          	lbu	t4,-4(a4)
    6754:	ffb74f83          	lbu	t6,-5(a4)
    6758:	ffa74503          	lbu	a0,-6(a4)
    675c:	ff974583          	lbu	a1,-7(a4)
    6760:	00760023          	sb	t2,0(a2)
    6764:	008600a3          	sb	s0,1(a2)
    6768:	01e60123          	sb	t5,2(a2)
    676c:	005601a3          	sb	t0,3(a2)
    6770:	01d60223          	sb	t4,4(a2)
    6774:	01f602a3          	sb	t6,5(a2)
    6778:	00a60323          	sb	a0,6(a2)
    677c:	ff870713          	addi	a4,a4,-8
    6780:	00b603a3          	sb	a1,7(a2)
    6784:	00860613          	addi	a2,a2,8
    6788:	fae81ce3          	bne	a6,a4,6740 <number+0x478>
    678c:	01c787b3          	add	a5,a5,t3
    6790:	00178493          	addi	s1,a5,1
    6794:	00048513          	mv	a0,s1
    6798:	16d05463          	blez	a3,6900 <number+0x638>
    679c:	fff68e13          	addi	t3,a3,-1
    67a0:	00500813          	li	a6,5
    67a4:	11c85c63          	bge	a6,t3,68bc <number+0x5f4>
    67a8:	fff7c313          	not	t1,a5
    67ac:	00337613          	andi	a2,t1,3
    67b0:	02060e63          	beqz	a2,67ec <number+0x524>
    67b4:	02000893          	li	a7,32
    67b8:	00237713          	andi	a4,t1,2
    67bc:	011780a3          	sb	a7,1(a5)
    67c0:	00278513          	addi	a0,a5,2
    67c4:	ffe68e13          	addi	t3,a3,-2
    67c8:	02070263          	beqz	a4,67ec <number+0x524>
    67cc:	011480a3          	sb	a7,1(s1)
    67d0:	0037f393          	andi	t2,a5,3
    67d4:	00378513          	addi	a0,a5,3
    67d8:	ffd68e13          	addi	t3,a3,-3
    67dc:	00039863          	bnez	t2,67ec <number+0x524>
    67e0:	01148123          	sb	a7,2(s1)
    67e4:	ffc68e13          	addi	t3,a3,-4
    67e8:	00478513          	addi	a0,a5,4
    67ec:	40c68433          	sub	s0,a3,a2
    67f0:	ffc47e93          	andi	t4,s0,-4
    67f4:	ffce8f13          	addi	t5,t4,-4
    67f8:	002f5f93          	srli	t6,t5,0x2
    67fc:	00c782b3          	add	t0,a5,a2
    6800:	001f8593          	addi	a1,t6,1
    6804:	00128713          	addi	a4,t0,1
    6808:	20202337          	lui	t1,0x20202
    680c:	0075f793          	andi	a5,a1,7
    6810:	01d70833          	add	a6,a4,t4
    6814:	02030613          	addi	a2,t1,32 # 20202020 <__stack_top+0x201f2020>
    6818:	06078863          	beqz	a5,6888 <number+0x5c0>
    681c:	00100893          	li	a7,1
    6820:	05178e63          	beq	a5,a7,687c <number+0x5b4>
    6824:	00200393          	li	t2,2
    6828:	04778663          	beq	a5,t2,6874 <number+0x5ac>
    682c:	00300f13          	li	t5,3
    6830:	03e78e63          	beq	a5,t5,686c <number+0x5a4>
    6834:	00400f93          	li	t6,4
    6838:	03f78663          	beq	a5,t6,6864 <number+0x59c>
    683c:	00500593          	li	a1,5
    6840:	00b78e63          	beq	a5,a1,685c <number+0x594>
    6844:	00600313          	li	t1,6
    6848:	00678663          	beq	a5,t1,6854 <number+0x58c>
    684c:	00c72023          	sw	a2,0(a4)
    6850:	00528713          	addi	a4,t0,5
    6854:	00c72023          	sw	a2,0(a4)
    6858:	00470713          	addi	a4,a4,4
    685c:	00c72023          	sw	a2,0(a4)
    6860:	00470713          	addi	a4,a4,4
    6864:	00c72023          	sw	a2,0(a4)
    6868:	00470713          	addi	a4,a4,4
    686c:	00c72023          	sw	a2,0(a4)
    6870:	00470713          	addi	a4,a4,4
    6874:	00c72023          	sw	a2,0(a4)
    6878:	00470713          	addi	a4,a4,4
    687c:	00c72023          	sw	a2,0(a4)
    6880:	00470713          	addi	a4,a4,4
    6884:	02e80663          	beq	a6,a4,68b0 <number+0x5e8>
    6888:	00c72023          	sw	a2,0(a4)
    688c:	00c72223          	sw	a2,4(a4)
    6890:	00c72423          	sw	a2,8(a4)
    6894:	00c72623          	sw	a2,12(a4)
    6898:	00c72823          	sw	a2,16(a4)
    689c:	00c72a23          	sw	a2,20(a4)
    68a0:	00c72c23          	sw	a2,24(a4)
    68a4:	00c72e23          	sw	a2,28(a4)
    68a8:	02070713          	addi	a4,a4,32
    68ac:	fce81ee3          	bne	a6,a4,6888 <number+0x5c0>
    68b0:	41de0e33          	sub	t3,t3,t4
    68b4:	01d50533          	add	a0,a0,t4
    68b8:	05d40263          	beq	s0,t4,68fc <number+0x634>
    68bc:	02000413          	li	s0,32
    68c0:	00850023          	sb	s0,0(a0)
    68c4:	03c05c63          	blez	t3,68fc <number+0x634>
    68c8:	008500a3          	sb	s0,1(a0)
    68cc:	00100293          	li	t0,1
    68d0:	025e0663          	beq	t3,t0,68fc <number+0x634>
    68d4:	00850123          	sb	s0,2(a0)
    68d8:	00200e93          	li	t4,2
    68dc:	03de0063          	beq	t3,t4,68fc <number+0x634>
    68e0:	008501a3          	sb	s0,3(a0)
    68e4:	00300793          	li	a5,3
    68e8:	00fe0a63          	beq	t3,a5,68fc <number+0x634>
    68ec:	00850223          	sb	s0,4(a0)
    68f0:	00400813          	li	a6,4
    68f4:	010e0463          	beq	t3,a6,68fc <number+0x634>
    68f8:	008502a3          	sb	s0,5(a0)
    68fc:	00d48533          	add	a0,s1,a3
    6900:	06c12403          	lw	s0,108(sp)
    6904:	06812483          	lw	s1,104(sp)
    6908:	07010113          	addi	sp,sp,112
    690c:	00008067          	ret
    6910:	00000413          	li	s0,0
    6914:	a1dff06f          	j	6330 <number+0x68>
    6918:	ffe7f793          	andi	a5,a5,-2
    691c:	01000493          	li	s1,16
    6920:	02000f13          	li	t5,32
    6924:	9e1ff06f          	j	6304 <number+0x3c>
    6928:	00078693          	mv	a3,a5
    692c:	00040663          	beqz	s0,6938 <number+0x670>
    6930:	00850023          	sb	s0,0(a0)
    6934:	00150513          	addi	a0,a0,1
    6938:	00038a63          	beqz	t2,694c <number+0x684>
    693c:	00800393          	li	t2,8
    6940:	26760c63          	beq	a2,t2,6bb8 <number+0x8f0>
    6944:	01000793          	li	a5,16
    6948:	22f60263          	beq	a2,a5,6b6c <number+0x8a4>
    694c:	00050793          	mv	a5,a0
    6950:	ba029ee3          	bnez	t0,650c <number+0x244>
    6954:	fff68893          	addi	a7,a3,-1
    6958:	2ed05463          	blez	a3,6c40 <number+0x978>
    695c:	00500293          	li	t0,5
    6960:	00078f93          	mv	t6,a5
    6964:	1512f063          	bgeu	t0,a7,6aa4 <number+0x7dc>
    6968:	40f00533          	neg	a0,a5
    696c:	00357413          	andi	s0,a0,3
    6970:	00078293          	mv	t0,a5
    6974:	02040c63          	beqz	s0,69ac <number+0x6e4>
    6978:	01e78023          	sb	t5,0(a5)
    697c:	00257613          	andi	a2,a0,2
    6980:	00178293          	addi	t0,a5,1
    6984:	ffe68893          	addi	a7,a3,-2
    6988:	02060263          	beqz	a2,69ac <number+0x6e4>
    698c:	01e780a3          	sb	t5,1(a5)
    6990:	00300393          	li	t2,3
    6994:	00278293          	addi	t0,a5,2
    6998:	ffd68893          	addi	a7,a3,-3
    699c:	00741863          	bne	s0,t2,69ac <number+0x6e4>
    69a0:	01e78123          	sb	t5,2(a5)
    69a4:	00378293          	addi	t0,a5,3
    69a8:	ffc68893          	addi	a7,a3,-4
    69ac:	00878533          	add	a0,a5,s0
    69b0:	ffff07b7          	lui	a5,0xffff0
    69b4:	0ff78493          	addi	s1,a5,255 # ffff00ff <__stack_top+0xfffe00ff>
    69b8:	408683b3          	sub	t2,a3,s0
    69bc:	009f75b3          	and	a1,t5,s1
    69c0:	008f1413          	slli	s0,t5,0x8
    69c4:	ffc3f793          	andi	a5,t2,-4
    69c8:	ff0104b7          	lui	s1,0xff010
    69cc:	0085e633          	or	a2,a1,s0
    69d0:	fff48593          	addi	a1,s1,-1 # ff00ffff <__stack_top+0xfeffffff>
    69d4:	ffc78493          	addi	s1,a5,-4
    69d8:	00b67633          	and	a2,a2,a1
    69dc:	010f1413          	slli	s0,t5,0x10
    69e0:	0024d593          	srli	a1,s1,0x2
    69e4:	00f0f4b7          	lui	s1,0xf0f
    69e8:	00866633          	or	a2,a2,s0
    69ec:	00158593          	addi	a1,a1,1
    69f0:	0f048413          	addi	s0,s1,240 # f0f0f0 <__stack_top+0xeff0f0>
    69f4:	00867633          	and	a2,a2,s0
    69f8:	018f1493          	slli	s1,t5,0x18
    69fc:	0075f593          	andi	a1,a1,7
    6a00:	00966633          	or	a2,a2,s1
    6a04:	00a78433          	add	s0,a5,a0
    6a08:	06058463          	beqz	a1,6a70 <number+0x7a8>
    6a0c:	00100493          	li	s1,1
    6a10:	04958a63          	beq	a1,s1,6a64 <number+0x79c>
    6a14:	00200493          	li	s1,2
    6a18:	04958263          	beq	a1,s1,6a5c <number+0x794>
    6a1c:	00300493          	li	s1,3
    6a20:	02958a63          	beq	a1,s1,6a54 <number+0x78c>
    6a24:	00400493          	li	s1,4
    6a28:	02958263          	beq	a1,s1,6a4c <number+0x784>
    6a2c:	00500493          	li	s1,5
    6a30:	00958a63          	beq	a1,s1,6a44 <number+0x77c>
    6a34:	00600493          	li	s1,6
    6a38:	1a959a63          	bne	a1,s1,6bec <number+0x924>
    6a3c:	00c52023          	sw	a2,0(a0)
    6a40:	00450513          	addi	a0,a0,4
    6a44:	00c52023          	sw	a2,0(a0)
    6a48:	00450513          	addi	a0,a0,4
    6a4c:	00c52023          	sw	a2,0(a0)
    6a50:	00450513          	addi	a0,a0,4
    6a54:	00c52023          	sw	a2,0(a0)
    6a58:	00450513          	addi	a0,a0,4
    6a5c:	00c52023          	sw	a2,0(a0)
    6a60:	00450513          	addi	a0,a0,4
    6a64:	00c52023          	sw	a2,0(a0)
    6a68:	00450513          	addi	a0,a0,4
    6a6c:	02a40663          	beq	s0,a0,6a98 <number+0x7d0>
    6a70:	00c52023          	sw	a2,0(a0)
    6a74:	00c52223          	sw	a2,4(a0)
    6a78:	00c52423          	sw	a2,8(a0)
    6a7c:	00c52623          	sw	a2,12(a0)
    6a80:	00c52823          	sw	a2,16(a0)
    6a84:	00c52a23          	sw	a2,20(a0)
    6a88:	00c52c23          	sw	a2,24(a0)
    6a8c:	00c52e23          	sw	a2,28(a0)
    6a90:	02050513          	addi	a0,a0,32
    6a94:	fca41ee3          	bne	s0,a0,6a70 <number+0x7a8>
    6a98:	04f38463          	beq	t2,a5,6ae0 <number+0x818>
    6a9c:	40f888b3          	sub	a7,a7,a5
    6aa0:	00f287b3          	add	a5,t0,a5
    6aa4:	01e78023          	sb	t5,0(a5)
    6aa8:	03105c63          	blez	a7,6ae0 <number+0x818>
    6aac:	01e780a3          	sb	t5,1(a5)
    6ab0:	00100293          	li	t0,1
    6ab4:	02588663          	beq	a7,t0,6ae0 <number+0x818>
    6ab8:	01e78123          	sb	t5,2(a5)
    6abc:	00200393          	li	t2,2
    6ac0:	02788063          	beq	a7,t2,6ae0 <number+0x818>
    6ac4:	01e781a3          	sb	t5,3(a5)
    6ac8:	00300593          	li	a1,3
    6acc:	00b88a63          	beq	a7,a1,6ae0 <number+0x818>
    6ad0:	01e78223          	sb	t5,4(a5)
    6ad4:	00400613          	li	a2,4
    6ad8:	00c88463          	beq	a7,a2,6ae0 <number+0x818>
    6adc:	01e782a3          	sb	t5,5(a5)
    6ae0:	00df87b3          	add	a5,t6,a3
    6ae4:	fff00693          	li	a3,-1
    6ae8:	a25ff06f          	j	650c <number+0x244>
    6aec:	fff68693          	addi	a3,a3,-1
    6af0:	02d00413          	li	s0,45
    6af4:	00000e93          	li	t4,0
    6af8:	00c10813          	addi	a6,sp,12
    6afc:	02c5f7b3          	remu	a5,a1,a2
    6b00:	000e8e13          	mv	t3,t4
    6b04:	001e8e93          	addi	t4,t4,1
    6b08:	01d80333          	add	t1,a6,t4
    6b0c:	00058893          	mv	a7,a1
    6b10:	00ff87b3          	add	a5,t6,a5
    6b14:	0007c783          	lbu	a5,0(a5)
    6b18:	02c5d5b3          	divu	a1,a1,a2
    6b1c:	fef30fa3          	sb	a5,-1(t1)
    6b20:	fcc8fee3          	bgeu	a7,a2,6afc <number+0x834>
    6b24:	841ff06f          	j	6364 <number+0x9c>
    6b28:	00878023          	sb	s0,0(a5)
    6b2c:	00178513          	addi	a0,a5,1
    6b30:	08039c63          	bnez	t2,6bc8 <number+0x900>
    6b34:	00050793          	mv	a5,a0
    6b38:	0c029e63          	bnez	t0,6c14 <number+0x94c>
    6b3c:	05812a83          	lw	s5,88(sp)
    6b40:	ffe00693          	li	a3,-2
    6b44:	9c9ff06f          	j	650c <number+0x244>
    6b48:	fff68693          	addi	a3,a3,-1
    6b4c:	02b00413          	li	s0,43
    6b50:	fe0ff06f          	j	6330 <number+0x68>
    6b54:	00150a13          	addi	s4,a0,1
    6b58:	ffe68793          	addi	a5,a3,-2
    6b5c:	875ff06f          	j	63d0 <number+0x108>
    6b60:	05812a83          	lw	s5,88(sp)
    6b64:	00078513          	mv	a0,a5
    6b68:	fff00693          	li	a3,-1
    6b6c:	03000493          	li	s1,48
    6b70:	07800893          	li	a7,120
    6b74:	00950023          	sb	s1,0(a0)
    6b78:	011500a3          	sb	a7,1(a0)
    6b7c:	00250793          	addi	a5,a0,2
    6b80:	dd1ff06f          	j	6950 <number+0x688>
    6b84:	40b005b3          	neg	a1,a1
    6b88:	f60382e3          	beqz	t2,6aec <number+0x824>
    6b8c:	01000813          	li	a6,16
    6b90:	0b060063          	beq	a2,a6,6c30 <number+0x968>
    6b94:	00800313          	li	t1,8
    6b98:	08660463          	beq	a2,t1,6c20 <number+0x958>
    6b9c:	fff68693          	addi	a3,a3,-1
    6ba0:	02d00413          	li	s0,45
    6ba4:	02000393          	li	t2,32
    6ba8:	f4dff06f          	j	6af4 <number+0x82c>
    6bac:	ffe68693          	addi	a3,a3,-2
    6bb0:	02000393          	li	t2,32
    6bb4:	f98ff06f          	j	634c <number+0x84>
    6bb8:	03000593          	li	a1,48
    6bbc:	00b50023          	sb	a1,0(a0)
    6bc0:	00150793          	addi	a5,a0,1
    6bc4:	d8dff06f          	j	6950 <number+0x688>
    6bc8:	05812a83          	lw	s5,88(sp)
    6bcc:	fff00693          	li	a3,-1
    6bd0:	d6dff06f          	j	693c <number+0x674>
    6bd4:	06012983          	lw	s3,96(sp)
    6bd8:	05c12a03          	lw	s4,92(sp)
    6bdc:	909ff06f          	j	64e4 <number+0x21c>
    6be0:	00250a13          	addi	s4,a0,2
    6be4:	ffd68793          	addi	a5,a3,-3
    6be8:	fe8ff06f          	j	63d0 <number+0x108>
    6bec:	00c52023          	sw	a2,0(a0)
    6bf0:	00450513          	addi	a0,a0,4
    6bf4:	e49ff06f          	j	6a3c <number+0x774>
    6bf8:	0115a023          	sw	a7,0(a1)
    6bfc:	00458593          	addi	a1,a1,4
    6c00:	831ff06f          	j	6430 <number+0x168>
    6c04:	03000f13          	li	t5,48
    6c08:	01e78023          	sb	t5,0(a5)
    6c0c:	00178793          	addi	a5,a5,1
    6c10:	f20286e3          	beqz	t0,6b3c <number+0x874>
    6c14:	05812a83          	lw	s5,88(sp)
    6c18:	fff00693          	li	a3,-1
    6c1c:	8f1ff06f          	j	650c <number+0x244>
    6c20:	ffe68693          	addi	a3,a3,-2
    6c24:	02d00413          	li	s0,45
    6c28:	02000393          	li	t2,32
    6c2c:	ec9ff06f          	j	6af4 <number+0x82c>
    6c30:	ffd68693          	addi	a3,a3,-3
    6c34:	02d00413          	li	s0,45
    6c38:	02000393          	li	t2,32
    6c3c:	eb9ff06f          	j	6af4 <number+0x82c>
    6c40:	00088693          	mv	a3,a7
    6c44:	8c9ff06f          	j	650c <number+0x244>

00006c48 <ee_printf>:
    6c48:	b6010113          	addi	sp,sp,-1184
    6c4c:	47212823          	sw	s2,1136(sp)
    6c50:	48410913          	addi	s2,sp,1156
    6c54:	46112e23          	sw	ra,1148(sp)
    6c58:	45712e23          	sw	s7,1116(sp)
    6c5c:	48b12223          	sw	a1,1156(sp)
    6c60:	48c12423          	sw	a2,1160(sp)
    6c64:	48d12623          	sw	a3,1164(sp)
    6c68:	48e12823          	sw	a4,1168(sp)
    6c6c:	48f12a23          	sw	a5,1172(sp)
    6c70:	49012c23          	sw	a6,1176(sp)
    6c74:	49112e23          	sw	a7,1180(sp)
    6c78:	03212223          	sw	s2,36(sp)
    6c7c:	00054703          	lbu	a4,0(a0)
    6c80:	00071463          	bnez	a4,6c88 <ee_printf+0x40>
    6c84:	73c0106f          	j	83c0 <ee_printf+0x1778>
    6c88:	46812c23          	sw	s0,1144(sp)
    6c8c:	46912a23          	sw	s1,1140(sp)
    6c90:	47312623          	sw	s3,1132(sp)
    6c94:	47412423          	sw	s4,1128(sp)
    6c98:	47512223          	sw	s5,1124(sp)
    6c9c:	47612023          	sw	s6,1120(sp)
    6ca0:	00050313          	mv	t1,a0
    6ca4:	45812c23          	sw	s8,1112(sp)
    6ca8:	04010513          	addi	a0,sp,64
    6cac:	02500993          	li	s3,37
    6cb0:	01000493          	li	s1,16
    6cb4:	00005417          	auipc	s0,0x5
    6cb8:	afc40413          	addi	s0,s0,-1284 # b7b0 <main+0x2e78>
    6cbc:	00900a13          	li	s4,9
    6cc0:	02e00a93          	li	s5,46
    6cc4:	04c00b13          	li	s6,76
    6cc8:	00090b93          	mv	s7,s2
    6ccc:	0d370463          	beq	a4,s3,6d94 <ee_printf+0x14c>
    6cd0:	00e50023          	sb	a4,0(a0)
    6cd4:	00134703          	lbu	a4,1(t1)
    6cd8:	00150513          	addi	a0,a0,1
    6cdc:	00130313          	addi	t1,t1,1
    6ce0:	fe0716e3          	bnez	a4,6ccc <ee_printf+0x84>
    6ce4:	04010b93          	addi	s7,sp,64
    6ce8:	47812403          	lw	s0,1144(sp)
    6cec:	47412483          	lw	s1,1140(sp)
    6cf0:	46c12983          	lw	s3,1132(sp)
    6cf4:	46812a03          	lw	s4,1128(sp)
    6cf8:	46412a83          	lw	s5,1124(sp)
    6cfc:	46012b03          	lw	s6,1120(sp)
    6d00:	45812c03          	lw	s8,1112(sp)
    6d04:	00050023          	sb	zero,0(a0)
    6d08:	04014683          	lbu	a3,64(sp)
    6d0c:	00069463          	bnez	a3,6d14 <ee_printf+0xcc>
    6d10:	6c80106f          	j	83d8 <ee_printf+0x1790>
    6d14:	00005917          	auipc	s2,0x5
    6d18:	f0c90913          	addi	s2,s2,-244 # bc20 <ultra_signature_pos>
    6d1c:	00092803          	lw	a6,0(s2)
    6d20:	00001337          	lui	t1,0x1
    6d24:	000b8f13          	mv	t5,s7
    6d28:	00180793          	addi	a5,a6,1
    6d2c:	00007517          	auipc	a0,0x7
    6d30:	2d450513          	addi	a0,a0,724 # e000 <ultra_signature>
    6d34:	0267fe63          	bgeu	a5,t1,6d70 <ee_printf+0x128>
    6d38:	00092583          	lw	a1,0(s2)
    6d3c:	00158613          	addi	a2,a1,1
    6d40:	00c92023          	sw	a2,0(s2)
    6d44:	00b508b3          	add	a7,a0,a1
    6d48:	00d88023          	sb	a3,0(a7)
    6d4c:	00092e03          	lw	t3,0(s2)
    6d50:	01c50eb3          	add	t4,a0,t3
    6d54:	000e8023          	sb	zero,0(t4)
    6d58:	001f4683          	lbu	a3,1(t5)
    6d5c:	00068e63          	beqz	a3,6d78 <ee_printf+0x130>
    6d60:	00092803          	lw	a6,0(s2)
    6d64:	001f0f13          	addi	t5,t5,1
    6d68:	00180793          	addi	a5,a6,1
    6d6c:	fc67e6e3          	bltu	a5,t1,6d38 <ee_printf+0xf0>
    6d70:	001f4683          	lbu	a3,1(t5)
    6d74:	fe0696e3          	bnez	a3,6d60 <ee_printf+0x118>
    6d78:	47c12083          	lw	ra,1148(sp)
    6d7c:	417f0733          	sub	a4,t5,s7
    6d80:	47012903          	lw	s2,1136(sp)
    6d84:	45c12b83          	lw	s7,1116(sp)
    6d88:	00170513          	addi	a0,a4,1
    6d8c:	4a010113          	addi	sp,sp,1184
    6d90:	00008067          	ret
    6d94:	00000793          	li	a5,0
    6d98:	00134603          	lbu	a2,1(t1) # 1001 <_start-0xfff>
    6d9c:	00130913          	addi	s2,t1,1
    6da0:	fe060713          	addi	a4,a2,-32
    6da4:	0ff77293          	zext.b	t0,a4
    6da8:	0054ec63          	bltu	s1,t0,6dc0 <ee_printf+0x178>
    6dac:	00229393          	slli	t2,t0,0x2
    6db0:	008385b3          	add	a1,t2,s0
    6db4:	0005a683          	lw	a3,0(a1)
    6db8:	00868833          	add	a6,a3,s0
    6dbc:	00080067          	jr	a6
    6dc0:	fd060893          	addi	a7,a2,-48
    6dc4:	0ff8fc13          	zext.b	s8,a7
    6dc8:	118a7863          	bgeu	s4,s8,6ed8 <ee_printf+0x290>
    6dcc:	02a00e13          	li	t3,42
    6dd0:	fff00693          	li	a3,-1
    6dd4:	13c60e63          	beq	a2,t3,6f10 <ee_printf+0x2c8>
    6dd8:	fff00713          	li	a4,-1
    6ddc:	0d560863          	beq	a2,s5,6eac <ee_printf+0x264>
    6de0:	0df67e93          	andi	t4,a2,223
    6de4:	096e9e63          	bne	t4,s6,6e80 <ee_printf+0x238>
    6de8:	00060893          	mv	a7,a2
    6dec:	00194603          	lbu	a2,1(s2)
    6df0:	03700813          	li	a6,55
    6df4:	00190c13          	addi	s8,s2,1
    6df8:	fbf60e93          	addi	t4,a2,-65
    6dfc:	0ffeff13          	zext.b	t5,t4
    6e00:	05e86e63          	bltu	a6,t5,6e5c <ee_printf+0x214>
    6e04:	00005297          	auipc	t0,0x5
    6e08:	9f028293          	addi	t0,t0,-1552 # b7f4 <main+0x2ebc>
    6e0c:	002f1f93          	slli	t6,t5,0x2
    6e10:	005f83b3          	add	t2,t6,t0
    6e14:	0003a583          	lw	a1,0(t2)
    6e18:	00558e33          	add	t3,a1,t0
    6e1c:	000e0067          	jr	t3
    6e20:	0017e793          	ori	a5,a5,1
    6e24:	00090313          	mv	t1,s2
    6e28:	f71ff06f          	j	6d98 <ee_printf+0x150>
    6e2c:	0107e793          	ori	a5,a5,16
    6e30:	00090313          	mv	t1,s2
    6e34:	f65ff06f          	j	6d98 <ee_printf+0x150>
    6e38:	0047e793          	ori	a5,a5,4
    6e3c:	00090313          	mv	t1,s2
    6e40:	f59ff06f          	j	6d98 <ee_printf+0x150>
    6e44:	0207e793          	ori	a5,a5,32
    6e48:	00090313          	mv	t1,s2
    6e4c:	f4dff06f          	j	6d98 <ee_printf+0x150>
    6e50:	0087e793          	ori	a5,a5,8
    6e54:	00090313          	mv	t1,s2
    6e58:	f41ff06f          	j	6d98 <ee_printf+0x150>
    6e5c:	000c0913          	mv	s2,s8
    6e60:	02500393          	li	t2,37
    6e64:	76760263          	beq	a2,t2,75c8 <ee_printf+0x980>
    6e68:	00750023          	sb	t2,0(a0)
    6e6c:	00094603          	lbu	a2,0(s2)
    6e70:	74061a63          	bnez	a2,75c4 <ee_printf+0x97c>
    6e74:	04010b93          	addi	s7,sp,64
    6e78:	00150513          	addi	a0,a0,1
    6e7c:	e6dff06f          	j	6ce8 <ee_printf+0xa0>
    6e80:	fbf60f13          	addi	t5,a2,-65
    6e84:	0fff7f93          	zext.b	t6,t5
    6e88:	03700293          	li	t0,55
    6e8c:	fdf2eae3          	bltu	t0,t6,6e60 <ee_printf+0x218>
    6e90:	00005c17          	auipc	s8,0x5
    6e94:	a44c0c13          	addi	s8,s8,-1468 # b8d4 <main+0x2f9c>
    6e98:	002f9393          	slli	t2,t6,0x2
    6e9c:	018385b3          	add	a1,t2,s8
    6ea0:	0005ae03          	lw	t3,0(a1)
    6ea4:	018e0333          	add	t1,t3,s8
    6ea8:	00030067          	jr	t1
    6eac:	00194603          	lbu	a2,1(s2)
    6eb0:	00900893          	li	a7,9
    6eb4:	00190293          	addi	t0,s2,1
    6eb8:	fd060c13          	addi	s8,a2,-48
    6ebc:	0ffc7e13          	zext.b	t3,s8
    6ec0:	6bc8f263          	bgeu	a7,t3,7564 <ee_printf+0x91c>
    6ec4:	02a00313          	li	t1,42
    6ec8:	6c660e63          	beq	a2,t1,75a4 <ee_printf+0x95c>
    6ecc:	00028913          	mv	s2,t0
    6ed0:	00000713          	li	a4,0
    6ed4:	f0dff06f          	j	6de0 <ee_printf+0x198>
    6ed8:	00900313          	li	t1,9
    6edc:	00000293          	li	t0,0
    6ee0:	00229e93          	slli	t4,t0,0x2
    6ee4:	005e8f33          	add	t5,t4,t0
    6ee8:	00190913          	addi	s2,s2,1
    6eec:	001f1f93          	slli	t6,t5,0x1
    6ef0:	00cf8733          	add	a4,t6,a2
    6ef4:	00094603          	lbu	a2,0(s2)
    6ef8:	fd070293          	addi	t0,a4,-48
    6efc:	fd060393          	addi	t2,a2,-48
    6f00:	0ff3f593          	zext.b	a1,t2
    6f04:	fcb37ee3          	bgeu	t1,a1,6ee0 <ee_printf+0x298>
    6f08:	00028693          	mv	a3,t0
    6f0c:	ecdff06f          	j	6dd8 <ee_printf+0x190>
    6f10:	000ba683          	lw	a3,0(s7)
    6f14:	00234603          	lbu	a2,2(t1)
    6f18:	00230913          	addi	s2,t1,2
    6f1c:	0006c663          	bltz	a3,6f28 <ee_printf+0x2e0>
    6f20:	004b8b93          	addi	s7,s7,4
    6f24:	eb5ff06f          	j	6dd8 <ee_printf+0x190>
    6f28:	40d006b3          	neg	a3,a3
    6f2c:	0107e793          	ori	a5,a5,16
    6f30:	004b8b93          	addi	s7,s7,4
    6f34:	ea5ff06f          	j	6dd8 <ee_printf+0x190>
    6f38:	0407e793          	ori	a5,a5,64
    6f3c:	01000613          	li	a2,16
    6f40:	000ba583          	lw	a1,0(s7)
    6f44:	004b8b93          	addi	s7,s7,4
    6f48:	b80ff0ef          	jal	62c8 <number>
    6f4c:	001c4703          	lbu	a4,1(s8)
    6f50:	001c0313          	addi	t1,s8,1
    6f54:	d6071ce3          	bnez	a4,6ccc <ee_printf+0x84>
    6f58:	d8dff06f          	j	6ce4 <ee_printf+0x9c>
    6f5c:	00090c13          	mv	s8,s2
    6f60:	00a00613          	li	a2,10
    6f64:	fddff06f          	j	6f40 <ee_printf+0x2f8>
    6f68:	000c0913          	mv	s2,s8
    6f6c:	0107fc13          	andi	s8,a5,16
    6f70:	004b8393          	addi	t2,s7,4
    6f74:	00190313          	addi	t1,s2,1
    6f78:	680c0263          	beqz	s8,75fc <ee_printf+0x9b4>
    6f7c:	000bab83          	lw	s7,0(s7)
    6f80:	fff68e13          	addi	t3,a3,-1
    6f84:	00150593          	addi	a1,a0,1
    6f88:	01750023          	sb	s7,0(a0)
    6f8c:	01c04463          	bgtz	t3,6f94 <ee_printf+0x34c>
    6f90:	1950106f          	j	8924 <ee_printf+0x1cdc>
    6f94:	ffe68f93          	addi	t6,a3,-2
    6f98:	00500793          	li	a5,5
    6f9c:	000e0293          	mv	t0,t3
    6fa0:	00058893          	mv	a7,a1
    6fa4:	11f7d863          	bge	a5,t6,70b4 <ee_printf+0x46c>
    6fa8:	40b00f33          	neg	t5,a1
    6fac:	003f7813          	andi	a6,t5,3
    6fb0:	02080a63          	beqz	a6,6fe4 <ee_printf+0x39c>
    6fb4:	02000e13          	li	t3,32
    6fb8:	002f7713          	andi	a4,t5,2
    6fbc:	01c500a3          	sb	t3,1(a0)
    6fc0:	00071463          	bnez	a4,6fc8 <ee_printf+0x380>
    6fc4:	7600106f          	j	8724 <ee_printf+0x1adc>
    6fc8:	01c50123          	sb	t3,2(a0)
    6fcc:	00300e93          	li	t4,3
    6fd0:	01d80463          	beq	a6,t4,6fd8 <ee_printf+0x390>
    6fd4:	0d90106f          	j	88ac <ee_printf+0x1c64>
    6fd8:	01c501a3          	sb	t3,3(a0)
    6fdc:	00450593          	addi	a1,a0,4
    6fe0:	ffc68e13          	addi	t3,a3,-4
    6fe4:	41028633          	sub	a2,t0,a6
    6fe8:	ffc67c13          	andi	s8,a2,-4
    6fec:	ffcc0693          	addi	a3,s8,-4
    6ff0:	00180f93          	addi	t6,a6,1
    6ff4:	0026db93          	srli	s7,a3,0x2
    6ff8:	01f507b3          	add	a5,a0,t6
    6ffc:	001b8513          	addi	a0,s7,1
    7000:	20202737          	lui	a4,0x20202
    7004:	00757f13          	andi	t5,a0,7
    7008:	00fc0833          	add	a6,s8,a5
    700c:	02070e93          	addi	t4,a4,32 # 20202020 <__stack_top+0x201f2020>
    7010:	060f0863          	beqz	t5,7080 <ee_printf+0x438>
    7014:	00100693          	li	a3,1
    7018:	04df0e63          	beq	t5,a3,7074 <ee_printf+0x42c>
    701c:	00200b93          	li	s7,2
    7020:	057f0663          	beq	t5,s7,706c <ee_printf+0x424>
    7024:	00300f93          	li	t6,3
    7028:	03ff0e63          	beq	t5,t6,7064 <ee_printf+0x41c>
    702c:	00400513          	li	a0,4
    7030:	02af0663          	beq	t5,a0,705c <ee_printf+0x414>
    7034:	00500713          	li	a4,5
    7038:	00ef0e63          	beq	t5,a4,7054 <ee_printf+0x40c>
    703c:	00600693          	li	a3,6
    7040:	00df0663          	beq	t5,a3,704c <ee_printf+0x404>
    7044:	01d7a023          	sw	t4,0(a5)
    7048:	00478793          	addi	a5,a5,4
    704c:	01d7a023          	sw	t4,0(a5)
    7050:	00478793          	addi	a5,a5,4
    7054:	01d7a023          	sw	t4,0(a5)
    7058:	00478793          	addi	a5,a5,4
    705c:	01d7a023          	sw	t4,0(a5)
    7060:	00478793          	addi	a5,a5,4
    7064:	01d7a023          	sw	t4,0(a5)
    7068:	00478793          	addi	a5,a5,4
    706c:	01d7a023          	sw	t4,0(a5)
    7070:	00478793          	addi	a5,a5,4
    7074:	01d7a023          	sw	t4,0(a5)
    7078:	00478793          	addi	a5,a5,4
    707c:	03078663          	beq	a5,a6,70a8 <ee_printf+0x460>
    7080:	01d7a023          	sw	t4,0(a5)
    7084:	01d7a223          	sw	t4,4(a5)
    7088:	01d7a423          	sw	t4,8(a5)
    708c:	01d7a623          	sw	t4,12(a5)
    7090:	01d7a823          	sw	t4,16(a5)
    7094:	01d7aa23          	sw	t4,20(a5)
    7098:	01d7ac23          	sw	t4,24(a5)
    709c:	01d7ae23          	sw	t4,28(a5)
    70a0:	02078793          	addi	a5,a5,32
    70a4:	fd079ee3          	bne	a5,a6,7080 <ee_printf+0x438>
    70a8:	05860863          	beq	a2,s8,70f8 <ee_printf+0x4b0>
    70ac:	418e0e33          	sub	t3,t3,s8
    70b0:	018585b3          	add	a1,a1,s8
    70b4:	02000613          	li	a2,32
    70b8:	00c58023          	sb	a2,0(a1)
    70bc:	00100c13          	li	s8,1
    70c0:	03cc5c63          	bge	s8,t3,70f8 <ee_printf+0x4b0>
    70c4:	00c580a3          	sb	a2,1(a1)
    70c8:	00200f13          	li	t5,2
    70cc:	03ee0663          	beq	t3,t5,70f8 <ee_printf+0x4b0>
    70d0:	00c58123          	sb	a2,2(a1)
    70d4:	00300813          	li	a6,3
    70d8:	030e0063          	beq	t3,a6,70f8 <ee_printf+0x4b0>
    70dc:	00c581a3          	sb	a2,3(a1)
    70e0:	00400e93          	li	t4,4
    70e4:	01de0a63          	beq	t3,t4,70f8 <ee_printf+0x4b0>
    70e8:	00c58223          	sb	a2,4(a1)
    70ec:	00500b93          	li	s7,5
    70f0:	017e0463          	beq	t3,s7,70f8 <ee_printf+0x4b0>
    70f4:	00c582a3          	sb	a2,5(a1)
    70f8:	01128533          	add	a0,t0,a7
    70fc:	00194703          	lbu	a4,1(s2)
    7100:	00038b93          	mv	s7,t2
    7104:	bc0714e3          	bnez	a4,6ccc <ee_printf+0x84>
    7108:	bddff06f          	j	6ce4 <ee_printf+0x9c>
    710c:	000c0913          	mv	s2,s8
    7110:	000ba883          	lw	a7,0(s7)
    7114:	004b8b93          	addi	s7,s7,4
    7118:	4c088a63          	beqz	a7,75ec <ee_printf+0x9a4>
    711c:	0008c603          	lbu	a2,0(a7)
    7120:	0107f793          	andi	a5,a5,16
    7124:	00061463          	bnez	a2,712c <ee_printf+0x4e4>
    7128:	7b80106f          	j	88e0 <ee_printf+0x1c98>
    712c:	00777e93          	andi	t4,a4,7
    7130:	00088813          	mv	a6,a7
    7134:	00e88733          	add	a4,a7,a4
    7138:	080e8463          	beqz	t4,71c0 <ee_printf+0x578>
    713c:	0018cf03          	lbu	t5,1(a7)
    7140:	00188813          	addi	a6,a7,1
    7144:	0e0f0263          	beqz	t5,7228 <ee_printf+0x5e0>
    7148:	00100f93          	li	t6,1
    714c:	07fe8a63          	beq	t4,t6,71c0 <ee_printf+0x578>
    7150:	00200293          	li	t0,2
    7154:	065e8063          	beq	t4,t0,71b4 <ee_printf+0x56c>
    7158:	00300393          	li	t2,3
    715c:	047e8663          	beq	t4,t2,71a8 <ee_printf+0x560>
    7160:	00400593          	li	a1,4
    7164:	02be8c63          	beq	t4,a1,719c <ee_printf+0x554>
    7168:	00500e13          	li	t3,5
    716c:	03ce8263          	beq	t4,t3,7190 <ee_printf+0x548>
    7170:	00600613          	li	a2,6
    7174:	00ce8863          	beq	t4,a2,7184 <ee_printf+0x53c>
    7178:	0028c303          	lbu	t1,2(a7)
    717c:	00288813          	addi	a6,a7,2
    7180:	0a030463          	beqz	t1,7228 <ee_printf+0x5e0>
    7184:	00184c03          	lbu	s8,1(a6)
    7188:	00180813          	addi	a6,a6,1
    718c:	080c0e63          	beqz	s8,7228 <ee_printf+0x5e0>
    7190:	00184e83          	lbu	t4,1(a6)
    7194:	00180813          	addi	a6,a6,1
    7198:	080e8863          	beqz	t4,7228 <ee_printf+0x5e0>
    719c:	00184f03          	lbu	t5,1(a6)
    71a0:	00180813          	addi	a6,a6,1
    71a4:	080f0263          	beqz	t5,7228 <ee_printf+0x5e0>
    71a8:	00184f83          	lbu	t6,1(a6)
    71ac:	00180813          	addi	a6,a6,1
    71b0:	060f8c63          	beqz	t6,7228 <ee_printf+0x5e0>
    71b4:	00184283          	lbu	t0,1(a6)
    71b8:	00180813          	addi	a6,a6,1
    71bc:	06028663          	beqz	t0,7228 <ee_printf+0x5e0>
    71c0:	06e80663          	beq	a6,a4,722c <ee_printf+0x5e4>
    71c4:	00184383          	lbu	t2,1(a6)
    71c8:	00180813          	addi	a6,a6,1
    71cc:	00080e13          	mv	t3,a6
    71d0:	04038c63          	beqz	t2,7228 <ee_printf+0x5e0>
    71d4:	00184583          	lbu	a1,1(a6)
    71d8:	00180813          	addi	a6,a6,1
    71dc:	04058663          	beqz	a1,7228 <ee_printf+0x5e0>
    71e0:	002e4603          	lbu	a2,2(t3)
    71e4:	002e0813          	addi	a6,t3,2
    71e8:	04060063          	beqz	a2,7228 <ee_printf+0x5e0>
    71ec:	003e4303          	lbu	t1,3(t3)
    71f0:	003e0813          	addi	a6,t3,3
    71f4:	02030a63          	beqz	t1,7228 <ee_printf+0x5e0>
    71f8:	004e4c03          	lbu	s8,4(t3)
    71fc:	004e0813          	addi	a6,t3,4
    7200:	020c0463          	beqz	s8,7228 <ee_printf+0x5e0>
    7204:	005e4e83          	lbu	t4,5(t3)
    7208:	005e0813          	addi	a6,t3,5
    720c:	000e8e63          	beqz	t4,7228 <ee_printf+0x5e0>
    7210:	006e4f03          	lbu	t5,6(t3)
    7214:	006e0813          	addi	a6,t3,6
    7218:	000f0863          	beqz	t5,7228 <ee_printf+0x5e0>
    721c:	007e4f83          	lbu	t6,7(t3)
    7220:	007e0813          	addi	a6,t3,7
    7224:	f80f9ee3          	bnez	t6,71c0 <ee_printf+0x578>
    7228:	00080713          	mv	a4,a6
    722c:	41170633          	sub	a2,a4,a7
    7230:	7a078ee3          	beqz	a5,81ec <ee_printf+0x15a4>
    7234:	18c05063          	blez	a2,73b4 <ee_printf+0x76c>
    7238:	fff60293          	addi	t0,a2,-1
    723c:	00600313          	li	t1,6
    7240:	00536463          	bltu	t1,t0,7248 <ee_printf+0x600>
    7244:	4ec0106f          	j	8730 <ee_printf+0x1ae8>
    7248:	00a8e5b3          	or	a1,a7,a0
    724c:	0035f393          	andi	t2,a1,3
    7250:	00088713          	mv	a4,a7
    7254:	00050593          	mv	a1,a0
    7258:	00038463          	beqz	t2,7260 <ee_printf+0x618>
    725c:	4d40106f          	j	8730 <ee_printf+0x1ae8>
    7260:	41150fb3          	sub	t6,a0,a7
    7264:	ffff8793          	addi	a5,t6,-1
    7268:	0037b813          	sltiu	a6,a5,3
    726c:	00080463          	beqz	a6,7274 <ee_printf+0x62c>
    7270:	4c00106f          	j	8730 <ee_printf+0x1ae8>
    7274:	ffc67f13          	andi	t5,a2,-4
    7278:	ffcf0e13          	addi	t3,t5,-4
    727c:	002e5e93          	srli	t4,t3,0x2
    7280:	001e8c13          	addi	s8,t4,1
    7284:	007c7293          	andi	t0,s8,7
    7288:	011f0333          	add	t1,t5,a7
    728c:	0a028463          	beqz	t0,7334 <ee_printf+0x6ec>
    7290:	00100393          	li	t2,1
    7294:	08728663          	beq	t0,t2,7320 <ee_printf+0x6d8>
    7298:	00200f93          	li	t6,2
    729c:	07f28a63          	beq	t0,t6,7310 <ee_printf+0x6c8>
    72a0:	00300793          	li	a5,3
    72a4:	04f28e63          	beq	t0,a5,7300 <ee_printf+0x6b8>
    72a8:	00400813          	li	a6,4
    72ac:	05028263          	beq	t0,a6,72f0 <ee_printf+0x6a8>
    72b0:	00500e13          	li	t3,5
    72b4:	03c28663          	beq	t0,t3,72e0 <ee_printf+0x698>
    72b8:	00600e93          	li	t4,6
    72bc:	01d28a63          	beq	t0,t4,72d0 <ee_printf+0x688>
    72c0:	0008ac03          	lw	s8,0(a7)
    72c4:	00488713          	addi	a4,a7,4
    72c8:	00450593          	addi	a1,a0,4
    72cc:	01852023          	sw	s8,0(a0)
    72d0:	00072883          	lw	a7,0(a4)
    72d4:	00458593          	addi	a1,a1,4
    72d8:	00470713          	addi	a4,a4,4
    72dc:	ff15ae23          	sw	a7,-4(a1)
    72e0:	00072283          	lw	t0,0(a4)
    72e4:	00458593          	addi	a1,a1,4
    72e8:	00470713          	addi	a4,a4,4
    72ec:	fe55ae23          	sw	t0,-4(a1)
    72f0:	00072383          	lw	t2,0(a4)
    72f4:	00458593          	addi	a1,a1,4
    72f8:	00470713          	addi	a4,a4,4
    72fc:	fe75ae23          	sw	t2,-4(a1)
    7300:	00072f83          	lw	t6,0(a4)
    7304:	00458593          	addi	a1,a1,4
    7308:	00470713          	addi	a4,a4,4
    730c:	fff5ae23          	sw	t6,-4(a1)
    7310:	00072783          	lw	a5,0(a4)
    7314:	00458593          	addi	a1,a1,4
    7318:	00470713          	addi	a4,a4,4
    731c:	fef5ae23          	sw	a5,-4(a1)
    7320:	00072803          	lw	a6,0(a4)
    7324:	00470713          	addi	a4,a4,4
    7328:	00458593          	addi	a1,a1,4
    732c:	ff05ae23          	sw	a6,-4(a1)
    7330:	04e30863          	beq	t1,a4,7380 <ee_printf+0x738>
    7334:	00072e03          	lw	t3,0(a4)
    7338:	02070713          	addi	a4,a4,32
    733c:	02058593          	addi	a1,a1,32
    7340:	ffc5a023          	sw	t3,-32(a1)
    7344:	fe472e83          	lw	t4,-28(a4)
    7348:	ffd5a223          	sw	t4,-28(a1)
    734c:	fe872c03          	lw	s8,-24(a4)
    7350:	ff85a423          	sw	s8,-24(a1)
    7354:	fec72883          	lw	a7,-20(a4)
    7358:	ff15a623          	sw	a7,-20(a1)
    735c:	ff072283          	lw	t0,-16(a4)
    7360:	fe55a823          	sw	t0,-16(a1)
    7364:	ff472383          	lw	t2,-12(a4)
    7368:	fe75aa23          	sw	t2,-12(a1)
    736c:	ff872f83          	lw	t6,-8(a4)
    7370:	fff5ac23          	sw	t6,-8(a1)
    7374:	ffc72783          	lw	a5,-4(a4)
    7378:	fef5ae23          	sw	a5,-4(a1)
    737c:	fae31ce3          	bne	t1,a4,7334 <ee_printf+0x6ec>
    7380:	02cf0863          	beq	t5,a2,73b0 <ee_printf+0x768>
    7384:	00034803          	lbu	a6,0(t1)
    7388:	01e50733          	add	a4,a0,t5
    738c:	001f0593          	addi	a1,t5,1
    7390:	01070023          	sb	a6,0(a4)
    7394:	00c5de63          	bge	a1,a2,73b0 <ee_printf+0x768>
    7398:	00134e03          	lbu	t3,1(t1)
    739c:	002f0f13          	addi	t5,t5,2
    73a0:	01c700a3          	sb	t3,1(a4)
    73a4:	00cf5663          	bge	t5,a2,73b0 <ee_printf+0x768>
    73a8:	00234303          	lbu	t1,2(t1)
    73ac:	00670123          	sb	t1,2(a4)
    73b0:	00c50533          	add	a0,a0,a2
    73b4:	00190313          	addi	t1,s2,1
    73b8:	16d65a63          	bge	a2,a3,752c <ee_printf+0x8e4>
    73bc:	40c68c33          	sub	s8,a3,a2
    73c0:	fffc0393          	addi	t2,s8,-1
    73c4:	00500f93          	li	t6,5
    73c8:	fff68e13          	addi	t3,a3,-1
    73cc:	00050893          	mv	a7,a0
    73d0:	107ffc63          	bgeu	t6,t2,74e8 <ee_printf+0x8a0>
    73d4:	40a007b3          	neg	a5,a0
    73d8:	0037f813          	andi	a6,a5,3
    73dc:	00050e93          	mv	t4,a0
    73e0:	02080e63          	beqz	a6,741c <ee_printf+0x7d4>
    73e4:	02000713          	li	a4,32
    73e8:	0027f593          	andi	a1,a5,2
    73ec:	00e50023          	sb	a4,0(a0)
    73f0:	ffe68e13          	addi	t3,a3,-2
    73f4:	00150e93          	addi	t4,a0,1
    73f8:	02058263          	beqz	a1,741c <ee_printf+0x7d4>
    73fc:	00e500a3          	sb	a4,1(a0)
    7400:	00300f13          	li	t5,3
    7404:	ffd68e13          	addi	t3,a3,-3
    7408:	00250e93          	addi	t4,a0,2
    740c:	01e81863          	bne	a6,t5,741c <ee_printf+0x7d4>
    7410:	00e50123          	sb	a4,2(a0)
    7414:	ffc68e13          	addi	t3,a3,-4
    7418:	00350e93          	addi	t4,a0,3
    741c:	410c02b3          	sub	t0,s8,a6
    7420:	01050733          	add	a4,a0,a6
    7424:	ffc2f513          	andi	a0,t0,-4
    7428:	ffc50693          	addi	a3,a0,-4
    742c:	0026d393          	srli	t2,a3,0x2
    7430:	00138f93          	addi	t6,t2,1
    7434:	202027b7          	lui	a5,0x20202
    7438:	007ff813          	andi	a6,t6,7
    743c:	00a705b3          	add	a1,a4,a0
    7440:	02078693          	addi	a3,a5,32 # 20202020 <__stack_top+0x201f2020>
    7444:	06080863          	beqz	a6,74b4 <ee_printf+0x86c>
    7448:	00100f13          	li	t5,1
    744c:	05e80e63          	beq	a6,t5,74a8 <ee_printf+0x860>
    7450:	00200393          	li	t2,2
    7454:	04780663          	beq	a6,t2,74a0 <ee_printf+0x858>
    7458:	00300f93          	li	t6,3
    745c:	03f80e63          	beq	a6,t6,7498 <ee_printf+0x850>
    7460:	00400793          	li	a5,4
    7464:	02f80663          	beq	a6,a5,7490 <ee_printf+0x848>
    7468:	00500f13          	li	t5,5
    746c:	01e80e63          	beq	a6,t5,7488 <ee_printf+0x840>
    7470:	00600393          	li	t2,6
    7474:	00780663          	beq	a6,t2,7480 <ee_printf+0x838>
    7478:	00d72023          	sw	a3,0(a4)
    747c:	00470713          	addi	a4,a4,4
    7480:	00d72023          	sw	a3,0(a4)
    7484:	00470713          	addi	a4,a4,4
    7488:	00d72023          	sw	a3,0(a4)
    748c:	00470713          	addi	a4,a4,4
    7490:	00d72023          	sw	a3,0(a4)
    7494:	00470713          	addi	a4,a4,4
    7498:	00d72023          	sw	a3,0(a4)
    749c:	00470713          	addi	a4,a4,4
    74a0:	00d72023          	sw	a3,0(a4)
    74a4:	00470713          	addi	a4,a4,4
    74a8:	00d72023          	sw	a3,0(a4)
    74ac:	00470713          	addi	a4,a4,4
    74b0:	02b70663          	beq	a4,a1,74dc <ee_printf+0x894>
    74b4:	00d72023          	sw	a3,0(a4)
    74b8:	00d72223          	sw	a3,4(a4)
    74bc:	00d72423          	sw	a3,8(a4)
    74c0:	00d72623          	sw	a3,12(a4)
    74c4:	00d72823          	sw	a3,16(a4)
    74c8:	00d72a23          	sw	a3,20(a4)
    74cc:	00d72c23          	sw	a3,24(a4)
    74d0:	00d72e23          	sw	a3,28(a4)
    74d4:	02070713          	addi	a4,a4,32
    74d8:	fcb71ee3          	bne	a4,a1,74b4 <ee_printf+0x86c>
    74dc:	04a28663          	beq	t0,a0,7528 <ee_printf+0x8e0>
    74e0:	40ae0e33          	sub	t3,t3,a0
    74e4:	00ae8533          	add	a0,t4,a0
    74e8:	02000e93          	li	t4,32
    74ec:	01d50023          	sb	t4,0(a0)
    74f0:	03c65c63          	bge	a2,t3,7528 <ee_printf+0x8e0>
    74f4:	01d500a3          	sb	t4,1(a0)
    74f8:	fffe0293          	addi	t0,t3,-1
    74fc:	02565663          	bge	a2,t0,7528 <ee_printf+0x8e0>
    7500:	01d50123          	sb	t4,2(a0)
    7504:	ffee0813          	addi	a6,t3,-2
    7508:	03065063          	bge	a2,a6,7528 <ee_printf+0x8e0>
    750c:	01d501a3          	sb	t4,3(a0)
    7510:	ffde0593          	addi	a1,t3,-3
    7514:	00b65a63          	bge	a2,a1,7528 <ee_printf+0x8e0>
    7518:	01d50223          	sb	t4,4(a0)
    751c:	ffce0693          	addi	a3,t3,-4
    7520:	00d65463          	bge	a2,a3,7528 <ee_printf+0x8e0>
    7524:	01d502a3          	sb	t4,5(a0)
    7528:	011c0533          	add	a0,s8,a7
    752c:	00194703          	lbu	a4,1(s2)
    7530:	f8071e63          	bnez	a4,6ccc <ee_printf+0x84>
    7534:	fb0ff06f          	j	6ce4 <ee_printf+0x9c>
    7538:	000c0913          	mv	s2,s8
    753c:	fff00613          	li	a2,-1
    7540:	0ac68063          	beq	a3,a2,75e0 <ee_printf+0x998>
    7544:	000ba583          	lw	a1,0(s7)
    7548:	01000613          	li	a2,16
    754c:	004b8b93          	addi	s7,s7,4
    7550:	d79fe0ef          	jal	62c8 <number>
    7554:	00194703          	lbu	a4,1(s2)
    7558:	00190313          	addi	t1,s2,1
    755c:	f6071863          	bnez	a4,6ccc <ee_printf+0x84>
    7560:	f84ff06f          	j	6ce4 <ee_printf+0x9c>
    7564:	00000c13          	li	s8,0
    7568:	002c1f93          	slli	t6,s8,0x2
    756c:	018f8733          	add	a4,t6,s8
    7570:	00128293          	addi	t0,t0,1
    7574:	00171393          	slli	t2,a4,0x1
    7578:	00c385b3          	add	a1,t2,a2
    757c:	0002c603          	lbu	a2,0(t0)
    7580:	fd058c13          	addi	s8,a1,-48
    7584:	fd060e13          	addi	t3,a2,-48
    7588:	0ffe7313          	zext.b	t1,t3
    758c:	fc68fee3          	bgeu	a7,t1,7568 <ee_printf+0x920>
    7590:	fffc4893          	not	a7,s8
    7594:	41f8d813          	srai	a6,a7,0x1f
    7598:	00028913          	mv	s2,t0
    759c:	010c7733          	and	a4,s8,a6
    75a0:	841ff06f          	j	6de0 <ee_printf+0x198>
    75a4:	000ba803          	lw	a6,0(s7)
    75a8:	00294603          	lbu	a2,2(s2)
    75ac:	004b8b93          	addi	s7,s7,4
    75b0:	fff84e93          	not	t4,a6
    75b4:	41fedf13          	srai	t5,t4,0x1f
    75b8:	01e87733          	and	a4,a6,t5
    75bc:	00290913          	addi	s2,s2,2
    75c0:	821ff06f          	j	6de0 <ee_printf+0x198>
    75c4:	00150513          	addi	a0,a0,1
    75c8:	00c50023          	sb	a2,0(a0)
    75cc:	00194703          	lbu	a4,1(s2)
    75d0:	00150513          	addi	a0,a0,1
    75d4:	00190313          	addi	t1,s2,1
    75d8:	ee071a63          	bnez	a4,6ccc <ee_printf+0x84>
    75dc:	f08ff06f          	j	6ce4 <ee_printf+0x9c>
    75e0:	0017e793          	ori	a5,a5,1
    75e4:	00800693          	li	a3,8
    75e8:	f5dff06f          	j	7544 <ee_printf+0x8fc>
    75ec:	0107f793          	andi	a5,a5,16
    75f0:	00004897          	auipc	a7,0x4
    75f4:	ab088893          	addi	a7,a7,-1360 # b0a0 <main+0x2768>
    75f8:	b35ff06f          	j	712c <ee_printf+0x4e4>
    75fc:	00100293          	li	t0,1
    7600:	00d2c463          	blt	t0,a3,7608 <ee_printf+0x9c0>
    7604:	0340106f          	j	8638 <ee_printf+0x19f0>
    7608:	ffe68f93          	addi	t6,a3,-2
    760c:	00500713          	li	a4,5
    7610:	fff68e13          	addi	t3,a3,-1
    7614:	00050613          	mv	a2,a0
    7618:	11f75e63          	bge	a4,t6,7734 <ee_printf+0xaec>
    761c:	40a007b3          	neg	a5,a0
    7620:	0037f593          	andi	a1,a5,3
    7624:	00050e93          	mv	t4,a0
    7628:	02058e63          	beqz	a1,7664 <ee_printf+0xa1c>
    762c:	02000c13          	li	s8,32
    7630:	0027ff13          	andi	t5,a5,2
    7634:	01850023          	sb	s8,0(a0)
    7638:	000f8e13          	mv	t3,t6
    763c:	00150e93          	addi	t4,a0,1
    7640:	020f0263          	beqz	t5,7664 <ee_printf+0xa1c>
    7644:	018500a3          	sb	s8,1(a0)
    7648:	00300813          	li	a6,3
    764c:	00250e93          	addi	t4,a0,2
    7650:	ffd68e13          	addi	t3,a3,-3
    7654:	01059863          	bne	a1,a6,7664 <ee_printf+0xa1c>
    7658:	01850123          	sb	s8,2(a0)
    765c:	00350e93          	addi	t4,a0,3
    7660:	ffc68e13          	addi	t3,a3,-4
    7664:	40b682b3          	sub	t0,a3,a1
    7668:	fff28893          	addi	a7,t0,-1
    766c:	00b507b3          	add	a5,a0,a1
    7670:	ffc8f513          	andi	a0,a7,-4
    7674:	ffc50f93          	addi	t6,a0,-4
    7678:	002fd713          	srli	a4,t6,0x2
    767c:	00170593          	addi	a1,a4,1
    7680:	20202837          	lui	a6,0x20202
    7684:	0075fc13          	andi	s8,a1,7
    7688:	00f50f33          	add	t5,a0,a5
    768c:	02080293          	addi	t0,a6,32 # 20202020 <__stack_top+0x201f2020>
    7690:	060c0863          	beqz	s8,7700 <ee_printf+0xab8>
    7694:	00100f93          	li	t6,1
    7698:	05fc0e63          	beq	s8,t6,76f4 <ee_printf+0xaac>
    769c:	00200713          	li	a4,2
    76a0:	04ec0663          	beq	s8,a4,76ec <ee_printf+0xaa4>
    76a4:	00300593          	li	a1,3
    76a8:	02bc0e63          	beq	s8,a1,76e4 <ee_printf+0xa9c>
    76ac:	00400813          	li	a6,4
    76b0:	030c0663          	beq	s8,a6,76dc <ee_printf+0xa94>
    76b4:	00500f93          	li	t6,5
    76b8:	01fc0e63          	beq	s8,t6,76d4 <ee_printf+0xa8c>
    76bc:	00600713          	li	a4,6
    76c0:	00ec0663          	beq	s8,a4,76cc <ee_printf+0xa84>
    76c4:	0057a023          	sw	t0,0(a5)
    76c8:	00478793          	addi	a5,a5,4
    76cc:	0057a023          	sw	t0,0(a5)
    76d0:	00478793          	addi	a5,a5,4
    76d4:	0057a023          	sw	t0,0(a5)
    76d8:	00478793          	addi	a5,a5,4
    76dc:	0057a023          	sw	t0,0(a5)
    76e0:	00478793          	addi	a5,a5,4
    76e4:	0057a023          	sw	t0,0(a5)
    76e8:	00478793          	addi	a5,a5,4
    76ec:	0057a023          	sw	t0,0(a5)
    76f0:	00478793          	addi	a5,a5,4
    76f4:	0057a023          	sw	t0,0(a5)
    76f8:	00478793          	addi	a5,a5,4
    76fc:	02ff0663          	beq	t5,a5,7728 <ee_printf+0xae0>
    7700:	0057a023          	sw	t0,0(a5)
    7704:	0057a223          	sw	t0,4(a5)
    7708:	0057a423          	sw	t0,8(a5)
    770c:	0057a623          	sw	t0,12(a5)
    7710:	0057a823          	sw	t0,16(a5)
    7714:	0057aa23          	sw	t0,20(a5)
    7718:	0057ac23          	sw	t0,24(a5)
    771c:	0057ae23          	sw	t0,28(a5)
    7720:	02078793          	addi	a5,a5,32
    7724:	fcff1ee3          	bne	t5,a5,7700 <ee_printf+0xab8>
    7728:	04a88863          	beq	a7,a0,7778 <ee_printf+0xb30>
    772c:	40ae0e33          	sub	t3,t3,a0
    7730:	00ae8533          	add	a0,t4,a0
    7734:	02000e93          	li	t4,32
    7738:	01d50023          	sb	t4,0(a0)
    773c:	00100893          	li	a7,1
    7740:	03c8dc63          	bge	a7,t3,7778 <ee_printf+0xb30>
    7744:	01d500a3          	sb	t4,1(a0)
    7748:	00200c13          	li	s8,2
    774c:	038e0663          	beq	t3,s8,7778 <ee_printf+0xb30>
    7750:	01d50123          	sb	t4,2(a0)
    7754:	00300f13          	li	t5,3
    7758:	03ee0063          	beq	t3,t5,7778 <ee_printf+0xb30>
    775c:	01d501a3          	sb	t4,3(a0)
    7760:	00400293          	li	t0,4
    7764:	005e0a63          	beq	t3,t0,7778 <ee_printf+0xb30>
    7768:	01d50223          	sb	t4,4(a0)
    776c:	00500593          	li	a1,5
    7770:	00be0463          	beq	t3,a1,7778 <ee_printf+0xb30>
    7774:	01d502a3          	sb	t4,5(a0)
    7778:	000bab83          	lw	s7,0(s7)
    777c:	fff60613          	addi	a2,a2,-1
    7780:	00d606b3          	add	a3,a2,a3
    7784:	01768023          	sb	s7,0(a3)
    7788:	00168513          	addi	a0,a3,1
    778c:	971ff06f          	j	70fc <ee_printf+0x4b4>
    7790:	06c00913          	li	s2,108
    7794:	0027e793          	ori	a5,a5,2
    7798:	fd288463          	beq	a7,s2,6f60 <ee_printf+0x318>
    779c:	000ba583          	lw	a1,0(s7)
    77a0:	00a00613          	li	a2,10
    77a4:	004b8b93          	addi	s7,s7,4
    77a8:	fa0ff06f          	j	6f48 <ee_printf+0x300>
    77ac:	06c00313          	li	t1,108
    77b0:	486880e3          	beq	a7,t1,8430 <ee_printf+0x17e8>
    77b4:	000ba883          	lw	a7,0(s7)
    77b8:	004b8b93          	addi	s7,s7,4
    77bc:	0008cf03          	lbu	t5,0(a7)
    77c0:	3c0f0ce3          	beqz	t5,8398 <ee_printf+0x1750>
    77c4:	06300913          	li	s2,99
    77c8:	49e950e3          	bge	s2,t5,8448 <ee_printf+0x1800>
    77cc:	45912a23          	sw	s9,1108(sp)
    77d0:	51eb8cb7          	lui	s9,0x51eb8
    77d4:	51fc8e13          	addi	t3,s9,1311 # 51eb851f <__stack_top+0x51ea851f>
    77d8:	03cf32b3          	mulhu	t0,t5,t3
    77dc:	06400f93          	li	t6,100
    77e0:	ccccdeb7          	lui	t4,0xccccd
    77e4:	ccde8393          	addi	t2,t4,-819 # cccccccd <__stack_top+0xcccbcccd>
    77e8:	00004e97          	auipc	t4,0x4
    77ec:	868e8e93          	addi	t4,t4,-1944 # b050 <main+0x2718>
    77f0:	00900713          	li	a4,9
    77f4:	00800613          	li	a2,8
    77f8:	00700313          	li	t1,7
    77fc:	00600593          	li	a1,6
    7800:	00500e13          	li	t3,5
    7804:	0052d913          	srli	s2,t0,0x5
    7808:	03f90cb3          	mul	s9,s2,t6
    780c:	012e8833          	add	a6,t4,s2
    7810:	00084283          	lbu	t0,0(a6)
    7814:	00400f93          	li	t6,4
    7818:	00200913          	li	s2,2
    781c:	02510423          	sb	t0,40(sp)
    7820:	00300293          	li	t0,3
    7824:	419f0f33          	sub	t5,t5,s9
    7828:	027f33b3          	mulhu	t2,t5,t2
    782c:	0033dc93          	srli	s9,t2,0x3
    7830:	002c9813          	slli	a6,s9,0x2
    7834:	019803b3          	add	t2,a6,s9
    7838:	019e8cb3          	add	s9,t4,s9
    783c:	000ccc83          	lbu	s9,0(s9)
    7840:	00139813          	slli	a6,t2,0x1
    7844:	410f0f33          	sub	t5,t5,a6
    7848:	039104a3          	sb	s9,41(sp)
    784c:	45412c83          	lw	s9,1108(sp)
    7850:	01ee8eb3          	add	t4,t4,t5
    7854:	000ec383          	lbu	t2,0(t4)
    7858:	00290f33          	add	t5,s2,sp
    785c:	027f0423          	sb	t2,40(t5)
    7860:	02e00e93          	li	t4,46
    7864:	00228833          	add	a6,t0,sp
    7868:	03d80423          	sb	t4,40(a6)
    786c:	0018cf03          	lbu	t5,1(a7)
    7870:	2e0f0ce3          	beqz	t5,8368 <ee_printf+0x1720>
    7874:	06300e93          	li	t4,99
    7878:	4deed8e3          	bge	t4,t5,8548 <ee_printf+0x1900>
    787c:	45912a23          	sw	s9,1108(sp)
    7880:	51eb8cb7          	lui	s9,0x51eb8
    7884:	51fc8813          	addi	a6,s9,1311 # 51eb851f <__stack_top+0x51ea851f>
    7888:	030f3eb3          	mulhu	t4,t5,a6
    788c:	002f8933          	add	s2,t6,sp
    7890:	002e03b3          	add	t2,t3,sp
    7894:	00058f93          	mv	t6,a1
    7898:	00030e13          	mv	t3,t1
    789c:	00060593          	mv	a1,a2
    78a0:	00070313          	mv	t1,a4
    78a4:	06400613          	li	a2,100
    78a8:	00003817          	auipc	a6,0x3
    78ac:	7a880813          	addi	a6,a6,1960 # b050 <main+0x2718>
    78b0:	005ed713          	srli	a4,t4,0x5
    78b4:	02c70cb3          	mul	s9,a4,a2
    78b8:	00e80eb3          	add	t4,a6,a4
    78bc:	000ec603          	lbu	a2,0(t4)
    78c0:	ccccd737          	lui	a4,0xccccd
    78c4:	ccd70e93          	addi	t4,a4,-819 # cccccccd <__stack_top+0xcccbcccd>
    78c8:	02c90423          	sb	a2,40(s2)
    78cc:	00828713          	addi	a4,t0,8
    78d0:	00728613          	addi	a2,t0,7
    78d4:	419f02b3          	sub	t0,t5,s9
    78d8:	03d2bf33          	mulhu	t5,t0,t4
    78dc:	003f5c93          	srli	s9,t5,0x3
    78e0:	01980933          	add	s2,a6,s9
    78e4:	00094e83          	lbu	t4,0(s2)
    78e8:	002c9f13          	slli	t5,s9,0x2
    78ec:	019f0cb3          	add	s9,t5,s9
    78f0:	03d38423          	sb	t4,40(t2)
    78f4:	001c9913          	slli	s2,s9,0x1
    78f8:	45412c83          	lw	s9,1108(sp)
    78fc:	41228f33          	sub	t5,t0,s2
    7900:	01e80833          	add	a6,a6,t5
    7904:	00084383          	lbu	t2,0(a6)
    7908:	002f8eb3          	add	t4,t6,sp
    790c:	002e0933          	add	s2,t3,sp
    7910:	027e8423          	sb	t2,40(t4)
    7914:	02e00f93          	li	t6,46
    7918:	03f90423          	sb	t6,40(s2)
    791c:	0028ce83          	lbu	t4,2(a7)
    7920:	260e84e3          	beqz	t4,8388 <ee_printf+0x1740>
    7924:	06300f13          	li	t5,99
    7928:	3ddf56e3          	bge	t5,t4,84f4 <ee_printf+0x18ac>
    792c:	51eb8fb7          	lui	t6,0x51eb8
    7930:	51ff8393          	addi	t2,t6,1311 # 51eb851f <__stack_top+0x51ea851f>
    7934:	027eb933          	mulhu	s2,t4,t2
    7938:	002583b3          	add	t2,a1,sp
    793c:	00060593          	mv	a1,a2
    7940:	06400613          	li	a2,100
    7944:	00003f97          	auipc	t6,0x3
    7948:	70cf8f93          	addi	t6,t6,1804 # b050 <main+0x2718>
    794c:	002302b3          	add	t0,t1,sp
    7950:	00070313          	mv	t1,a4
    7954:	ccccd737          	lui	a4,0xccccd
    7958:	ccd70f13          	addi	t5,a4,-819 # cccccccd <__stack_top+0xcccbcccd>
    795c:	00595913          	srli	s2,s2,0x5
    7960:	02c90833          	mul	a6,s2,a2
    7964:	012f8633          	add	a2,t6,s2
    7968:	00064703          	lbu	a4,0(a2)
    796c:	005e0613          	addi	a2,t3,5
    7970:	02e38423          	sb	a4,40(t2)
    7974:	006e0713          	addi	a4,t3,6
    7978:	410e8e33          	sub	t3,t4,a6
    797c:	03ee3eb3          	mulhu	t4,t3,t5
    7980:	003ed393          	srli	t2,t4,0x3
    7984:	007f8f33          	add	t5,t6,t2
    7988:	00239813          	slli	a6,t2,0x2
    798c:	000f4903          	lbu	s2,0(t5)
    7990:	00780eb3          	add	t4,a6,t2
    7994:	001e9393          	slli	t2,t4,0x1
    7998:	03228423          	sb	s2,40(t0)
    799c:	407e0eb3          	sub	t4,t3,t2
    79a0:	01df8fb3          	add	t6,t6,t4
    79a4:	000fc283          	lbu	t0,0(t6)
    79a8:	00258f33          	add	t5,a1,sp
    79ac:	025f0423          	sb	t0,40(t5)
    79b0:	02e00f93          	li	t6,46
    79b4:	00230e33          	add	t3,t1,sp
    79b8:	03fe0423          	sb	t6,40(t3)
    79bc:	0038c883          	lbu	a7,3(a7)
    79c0:	18088ce3          	beqz	a7,8358 <ee_printf+0x1710>
    79c4:	06300f13          	li	t5,99
    79c8:	2f1f50e3          	bge	t5,a7,84a8 <ee_printf+0x1860>
    79cc:	51eb8e37          	lui	t3,0x51eb8
    79d0:	51fe0f93          	addi	t6,t3,1311 # 51eb851f <__stack_top+0x51ea851f>
    79d4:	03f8b2b3          	mulhu	t0,a7,t6
    79d8:	06400f13          	li	t5,100
    79dc:	00260933          	add	s2,a2,sp
    79e0:	002703b3          	add	t2,a4,sp
    79e4:	00330613          	addi	a2,t1,3
    79e8:	00430713          	addi	a4,t1,4
    79ec:	00003e17          	auipc	t3,0x3
    79f0:	664e0e13          	addi	t3,t3,1636 # b050 <main+0x2718>
    79f4:	ccccd5b7          	lui	a1,0xccccd
    79f8:	ccd58813          	addi	a6,a1,-819 # cccccccd <__stack_top+0xcccbcccd>
    79fc:	0052df93          	srli	t6,t0,0x5
    7a00:	03ef8333          	mul	t1,t6,t5
    7a04:	01fe02b3          	add	t0,t3,t6
    7a08:	0002ce83          	lbu	t4,0(t0)
    7a0c:	03d90423          	sb	t4,40(s2)
    7a10:	40688933          	sub	s2,a7,t1
    7a14:	030938b3          	mulhu	a7,s2,a6
    7a18:	0038df13          	srli	t5,a7,0x3
    7a1c:	01ee05b3          	add	a1,t3,t5
    7a20:	0005c803          	lbu	a6,0(a1)
    7a24:	002f1f93          	slli	t6,t5,0x2
    7a28:	01ef8333          	add	t1,t6,t5
    7a2c:	00131293          	slli	t0,t1,0x1
    7a30:	03038423          	sb	a6,40(t2)
    7a34:	405908b3          	sub	a7,s2,t0
    7a38:	011e0e33          	add	t3,t3,a7
    7a3c:	000e4383          	lbu	t2,0(t3)
    7a40:	00260933          	add	s2,a2,sp
    7a44:	02790423          	sb	t2,40(s2)
    7a48:	0107f793          	andi	a5,a5,16
    7a4c:	16079663          	bnez	a5,7bb8 <ee_printf+0xf70>
    7a50:	fff68593          	addi	a1,a3,-1
    7a54:	66d756e3          	bge	a4,a3,88c0 <ee_printf+0x1c78>
    7a58:	40e682b3          	sub	t0,a3,a4
    7a5c:	fff28893          	addi	a7,t0,-1
    7a60:	00500e13          	li	t3,5
    7a64:	00050313          	mv	t1,a0
    7a68:	111e7463          	bgeu	t3,a7,7b70 <ee_printf+0xf28>
    7a6c:	40a003b3          	neg	t2,a0
    7a70:	0033f613          	andi	a2,t2,3
    7a74:	00050f93          	mv	t6,a0
    7a78:	02060663          	beqz	a2,7aa4 <ee_printf+0xe5c>
    7a7c:	02000e93          	li	t4,32
    7a80:	0023f913          	andi	s2,t2,2
    7a84:	01d50023          	sb	t4,0(a0)
    7a88:	60090ce3          	beqz	s2,88a0 <ee_printf+0x1c58>
    7a8c:	01d500a3          	sb	t4,1(a0)
    7a90:	00300f13          	li	t5,3
    7a94:	39e61ce3          	bne	a2,t5,862c <ee_printf+0x19e4>
    7a98:	01d50123          	sb	t4,2(a0)
    7a9c:	ffc68593          	addi	a1,a3,-4
    7aa0:	00350f93          	addi	t6,a0,3
    7aa4:	40c288b3          	sub	a7,t0,a2
    7aa8:	00c50633          	add	a2,a0,a2
    7aac:	ffc8f513          	andi	a0,a7,-4
    7ab0:	ffc50693          	addi	a3,a0,-4
    7ab4:	0026d813          	srli	a6,a3,0x2
    7ab8:	00180793          	addi	a5,a6,1
    7abc:	20202e37          	lui	t3,0x20202
    7ac0:	0077f393          	andi	t2,a5,7
    7ac4:	00c50eb3          	add	t4,a0,a2
    7ac8:	020e0913          	addi	s2,t3,32 # 20202020 <__stack_top+0x201f2020>
    7acc:	06038863          	beqz	t2,7b3c <ee_printf+0xef4>
    7ad0:	00100f13          	li	t5,1
    7ad4:	05e38e63          	beq	t2,t5,7b30 <ee_printf+0xee8>
    7ad8:	00200693          	li	a3,2
    7adc:	04d38663          	beq	t2,a3,7b28 <ee_printf+0xee0>
    7ae0:	00300813          	li	a6,3
    7ae4:	03038e63          	beq	t2,a6,7b20 <ee_printf+0xed8>
    7ae8:	00400793          	li	a5,4
    7aec:	02f38663          	beq	t2,a5,7b18 <ee_printf+0xed0>
    7af0:	00500e13          	li	t3,5
    7af4:	01c38e63          	beq	t2,t3,7b10 <ee_printf+0xec8>
    7af8:	00600f13          	li	t5,6
    7afc:	01e38663          	beq	t2,t5,7b08 <ee_printf+0xec0>
    7b00:	01262023          	sw	s2,0(a2)
    7b04:	00460613          	addi	a2,a2,4
    7b08:	01262023          	sw	s2,0(a2)
    7b0c:	00460613          	addi	a2,a2,4
    7b10:	01262023          	sw	s2,0(a2)
    7b14:	00460613          	addi	a2,a2,4
    7b18:	01262023          	sw	s2,0(a2)
    7b1c:	00460613          	addi	a2,a2,4
    7b20:	01262023          	sw	s2,0(a2)
    7b24:	00460613          	addi	a2,a2,4
    7b28:	01262023          	sw	s2,0(a2)
    7b2c:	00460613          	addi	a2,a2,4
    7b30:	01262023          	sw	s2,0(a2)
    7b34:	00460613          	addi	a2,a2,4
    7b38:	02ce8663          	beq	t4,a2,7b64 <ee_printf+0xf1c>
    7b3c:	01262023          	sw	s2,0(a2)
    7b40:	01262223          	sw	s2,4(a2)
    7b44:	01262423          	sw	s2,8(a2)
    7b48:	01262623          	sw	s2,12(a2)
    7b4c:	01262823          	sw	s2,16(a2)
    7b50:	01262a23          	sw	s2,20(a2)
    7b54:	01262c23          	sw	s2,24(a2)
    7b58:	01262e23          	sw	s2,28(a2)
    7b5c:	02060613          	addi	a2,a2,32
    7b60:	fcce9ee3          	bne	t4,a2,7b3c <ee_printf+0xef4>
    7b64:	04a88663          	beq	a7,a0,7bb0 <ee_printf+0xf68>
    7b68:	40a585b3          	sub	a1,a1,a0
    7b6c:	00af8533          	add	a0,t6,a0
    7b70:	02000f93          	li	t6,32
    7b74:	01f50023          	sb	t6,0(a0)
    7b78:	02b75c63          	bge	a4,a1,7bb0 <ee_printf+0xf68>
    7b7c:	01f500a3          	sb	t6,1(a0)
    7b80:	fff58893          	addi	a7,a1,-1
    7b84:	03175663          	bge	a4,a7,7bb0 <ee_printf+0xf68>
    7b88:	01f50123          	sb	t6,2(a0)
    7b8c:	ffe58393          	addi	t2,a1,-2
    7b90:	02775063          	bge	a4,t2,7bb0 <ee_printf+0xf68>
    7b94:	01f501a3          	sb	t6,3(a0)
    7b98:	ffd58e93          	addi	t4,a1,-3
    7b9c:	01d75a63          	bge	a4,t4,7bb0 <ee_printf+0xf68>
    7ba0:	01f50223          	sb	t6,4(a0)
    7ba4:	ffc58913          	addi	s2,a1,-4
    7ba8:	01275463          	bge	a4,s2,7bb0 <ee_printf+0xf68>
    7bac:	01f502a3          	sb	t6,5(a0)
    7bb0:	00628533          	add	a0,t0,t1
    7bb4:	fff70693          	addi	a3,a4,-1
    7bb8:	00357293          	andi	t0,a0,3
    7bbc:	2a0296e3          	bnez	t0,8668 <ee_printf+0x1a20>
    7bc0:	02812303          	lw	t1,40(sp)
    7bc4:	00275813          	srli	a6,a4,0x2
    7bc8:	00100793          	li	a5,1
    7bcc:	00652023          	sw	t1,0(a0)
    7bd0:	02f800e3          	beq	a6,a5,83f0 <ee_printf+0x17a8>
    7bd4:	02c12883          	lw	a7,44(sp)
    7bd8:	00300393          	li	t2,3
    7bdc:	01152223          	sw	a7,4(a0)
    7be0:	00781663          	bne	a6,t2,7bec <ee_printf+0xfa4>
    7be4:	03012e83          	lw	t4,48(sp)
    7be8:	01d52423          	sw	t4,8(a0)
    7bec:	00377913          	andi	s2,a4,3
    7bf0:	02090063          	beqz	s2,7c10 <ee_printf+0xfc8>
    7bf4:	ffc77f93          	andi	t6,a4,-4
    7bf8:	002f8833          	add	a6,t6,sp
    7bfc:	02884783          	lbu	a5,40(a6)
    7c00:	01f50f33          	add	t5,a0,t6
    7c04:	001f8613          	addi	a2,t6,1
    7c08:	00ff0023          	sb	a5,0(t5)
    7c0c:	42e64ce3          	blt	a2,a4,8844 <ee_printf+0x1bfc>
    7c10:	00050913          	mv	s2,a0
    7c14:	00e50533          	add	a0,a0,a4
    7c18:	00050f13          	mv	t5,a0
    7c1c:	b2d75863          	bge	a4,a3,6f4c <ee_printf+0x304>
    7c20:	40e685b3          	sub	a1,a3,a4
    7c24:	fff58e93          	addi	t4,a1,-1
    7c28:	00500293          	li	t0,5
    7c2c:	fff68e13          	addi	t3,a3,-1
    7c30:	0fd2fe63          	bgeu	t0,t4,7d2c <ee_printf+0x10e4>
    7c34:	40a00333          	neg	t1,a0
    7c38:	00337793          	andi	a5,t1,3
    7c3c:	02078663          	beqz	a5,7c68 <ee_printf+0x1020>
    7c40:	02000813          	li	a6,32
    7c44:	00237e13          	andi	t3,t1,2
    7c48:	01050023          	sb	a6,0(a0)
    7c4c:	140e0ce3          	beqz	t3,85a4 <ee_printf+0x195c>
    7c50:	010500a3          	sb	a6,1(a0)
    7c54:	00300893          	li	a7,3
    7c58:	3f1790e3          	bne	a5,a7,8838 <ee_printf+0x1bf0>
    7c5c:	01050123          	sb	a6,2(a0)
    7c60:	ffc68e13          	addi	t3,a3,-4
    7c64:	00350513          	addi	a0,a0,3
    7c68:	40f583b3          	sub	t2,a1,a5
    7c6c:	ffc3ff93          	andi	t6,t2,-4
    7c70:	ffcf8613          	addi	a2,t6,-4
    7c74:	01e787b3          	add	a5,a5,t5
    7c78:	00265f13          	srli	t5,a2,0x2
    7c7c:	001f0593          	addi	a1,t5,1
    7c80:	20202337          	lui	t1,0x20202
    7c84:	0075fe93          	andi	t4,a1,7
    7c88:	01f782b3          	add	t0,a5,t6
    7c8c:	02030813          	addi	a6,t1,32 # 20202020 <__stack_top+0x201f2020>
    7c90:	060e8463          	beqz	t4,7cf8 <ee_printf+0x10b0>
    7c94:	00100893          	li	a7,1
    7c98:	051e8a63          	beq	t4,a7,7cec <ee_printf+0x10a4>
    7c9c:	00200613          	li	a2,2
    7ca0:	04ce8263          	beq	t4,a2,7ce4 <ee_printf+0x109c>
    7ca4:	00300f13          	li	t5,3
    7ca8:	03ee8a63          	beq	t4,t5,7cdc <ee_printf+0x1094>
    7cac:	00400593          	li	a1,4
    7cb0:	02be8263          	beq	t4,a1,7cd4 <ee_printf+0x108c>
    7cb4:	00500313          	li	t1,5
    7cb8:	006e8a63          	beq	t4,t1,7ccc <ee_printf+0x1084>
    7cbc:	00600893          	li	a7,6
    7cc0:	131e94e3          	bne	t4,a7,85e8 <ee_printf+0x19a0>
    7cc4:	0107a023          	sw	a6,0(a5)
    7cc8:	00478793          	addi	a5,a5,4
    7ccc:	0107a023          	sw	a6,0(a5)
    7cd0:	00478793          	addi	a5,a5,4
    7cd4:	0107a023          	sw	a6,0(a5)
    7cd8:	00478793          	addi	a5,a5,4
    7cdc:	0107a023          	sw	a6,0(a5)
    7ce0:	00478793          	addi	a5,a5,4
    7ce4:	0107a023          	sw	a6,0(a5)
    7ce8:	00478793          	addi	a5,a5,4
    7cec:	0107a023          	sw	a6,0(a5)
    7cf0:	00478793          	addi	a5,a5,4
    7cf4:	02578663          	beq	a5,t0,7d20 <ee_printf+0x10d8>
    7cf8:	0107a023          	sw	a6,0(a5)
    7cfc:	0107a223          	sw	a6,4(a5)
    7d00:	0107a423          	sw	a6,8(a5)
    7d04:	0107a623          	sw	a6,12(a5)
    7d08:	0107a823          	sw	a6,16(a5)
    7d0c:	0107aa23          	sw	a6,20(a5)
    7d10:	0107ac23          	sw	a6,24(a5)
    7d14:	0107ae23          	sw	a6,28(a5)
    7d18:	02078793          	addi	a5,a5,32
    7d1c:	fc579ee3          	bne	a5,t0,7cf8 <ee_printf+0x10b0>
    7d20:	41fe0e33          	sub	t3,t3,t6
    7d24:	01f50533          	add	a0,a0,t6
    7d28:	05f38263          	beq	t2,t6,7d6c <ee_printf+0x1124>
    7d2c:	02000393          	li	t2,32
    7d30:	00750023          	sb	t2,0(a0)
    7d34:	03c75c63          	bge	a4,t3,7d6c <ee_printf+0x1124>
    7d38:	007500a3          	sb	t2,1(a0)
    7d3c:	fffe0f93          	addi	t6,t3,-1
    7d40:	03f75663          	bge	a4,t6,7d6c <ee_printf+0x1124>
    7d44:	00750123          	sb	t2,2(a0)
    7d48:	ffee0e93          	addi	t4,t3,-2
    7d4c:	03d75063          	bge	a4,t4,7d6c <ee_printf+0x1124>
    7d50:	007501a3          	sb	t2,3(a0)
    7d54:	ffde0293          	addi	t0,t3,-3
    7d58:	00575a63          	bge	a4,t0,7d6c <ee_printf+0x1124>
    7d5c:	00750223          	sb	t2,4(a0)
    7d60:	ffce0813          	addi	a6,t3,-4
    7d64:	01075463          	bge	a4,a6,7d6c <ee_printf+0x1124>
    7d68:	007502a3          	sb	t2,5(a0)
    7d6c:	00d90533          	add	a0,s2,a3
    7d70:	9dcff06f          	j	6f4c <ee_printf+0x304>
    7d74:	06c00393          	li	t2,108
    7d78:	0407e793          	ori	a5,a5,64
    7d7c:	a2789ce3          	bne	a7,t2,77b4 <ee_printf+0xb6c>
    7d80:	45b12623          	sw	s11,1100(sp)
    7d84:	000ba603          	lw	a2,0(s7)
    7d88:	00003717          	auipc	a4,0x3
    7d8c:	2f070713          	addi	a4,a4,752 # b078 <main+0x2740>
    7d90:	004b8b93          	addi	s7,s7,4
    7d94:	00064d83          	lbu	s11,0(a2)
    7d98:	03a00c13          	li	s8,58
    7d9c:	0107f793          	andi	a5,a5,16
    7da0:	004ddf13          	srli	t5,s11,0x4
    7da4:	01e705b3          	add	a1,a4,t5
    7da8:	0005c803          	lbu	a6,0(a1)
    7dac:	00fdf313          	andi	t1,s11,15
    7db0:	006708b3          	add	a7,a4,t1
    7db4:	03010423          	sb	a6,40(sp)
    7db8:	0008c883          	lbu	a7,0(a7)
    7dbc:	03810523          	sb	s8,42(sp)
    7dc0:	031104a3          	sb	a7,41(sp)
    7dc4:	00164e03          	lbu	t3,1(a2)
    7dc8:	004e5393          	srli	t2,t3,0x4
    7dcc:	00770fb3          	add	t6,a4,t2
    7dd0:	000fc303          	lbu	t1,0(t6)
    7dd4:	00fe7e93          	andi	t4,t3,15
    7dd8:	01d702b3          	add	t0,a4,t4
    7ddc:	026105a3          	sb	t1,43(sp)
    7de0:	0002ce03          	lbu	t3,0(t0)
    7de4:	038106a3          	sb	s8,45(sp)
    7de8:	03c10623          	sb	t3,44(sp)
    7dec:	00264d83          	lbu	s11,2(a2)
    7df0:	004ddf13          	srli	t5,s11,0x4
    7df4:	01e705b3          	add	a1,a4,t5
    7df8:	0005ce83          	lbu	t4,0(a1)
    7dfc:	00fdf393          	andi	t2,s11,15
    7e00:	00770fb3          	add	t6,a4,t2
    7e04:	03d10723          	sb	t4,46(sp)
    7e08:	000fcf03          	lbu	t5,0(t6)
    7e0c:	03810823          	sb	s8,48(sp)
    7e10:	03e107a3          	sb	t5,47(sp)
    7e14:	00364283          	lbu	t0,3(a2)
    7e18:	0042dd93          	srli	s11,t0,0x4
    7e1c:	01b705b3          	add	a1,a4,s11
    7e20:	0005cf83          	lbu	t6,0(a1)
    7e24:	00f2f393          	andi	t2,t0,15
    7e28:	007702b3          	add	t0,a4,t2
    7e2c:	03f108a3          	sb	t6,49(sp)
    7e30:	0002c283          	lbu	t0,0(t0)
    7e34:	038109a3          	sb	s8,51(sp)
    7e38:	02510923          	sb	t0,50(sp)
    7e3c:	00464d83          	lbu	s11,4(a2)
    7e40:	004dd593          	srli	a1,s11,0x4
    7e44:	00b703b3          	add	t2,a4,a1
    7e48:	0003c383          	lbu	t2,0(t2)
    7e4c:	00fdfd93          	andi	s11,s11,15
    7e50:	01b705b3          	add	a1,a4,s11
    7e54:	02710a23          	sb	t2,52(sp)
    7e58:	0005c583          	lbu	a1,0(a1)
    7e5c:	03810b23          	sb	s8,54(sp)
    7e60:	02b10aa3          	sb	a1,53(sp)
    7e64:	00564603          	lbu	a2,5(a2)
    7e68:	00058d93          	mv	s11,a1
    7e6c:	00465c13          	srli	s8,a2,0x4
    7e70:	018705b3          	add	a1,a4,s8
    7e74:	0005cc03          	lbu	s8,0(a1)
    7e78:	00f67613          	andi	a2,a2,15
    7e7c:	00c70733          	add	a4,a4,a2
    7e80:	03810ba3          	sb	s8,55(sp)
    7e84:	00074583          	lbu	a1,0(a4)
    7e88:	00b12623          	sw	a1,12(sp)
    7e8c:	18079e63          	bnez	a5,8028 <ee_printf+0x13e0>
    7e90:	01100793          	li	a5,17
    7e94:	fff68593          	addi	a1,a3,-1
    7e98:	26d7dce3          	bge	a5,a3,8910 <ee_printf+0x1cc8>
    7e9c:	fee68613          	addi	a2,a3,-18
    7ea0:	00500713          	li	a4,5
    7ea4:	00a12e23          	sw	a0,28(sp)
    7ea8:	12c77663          	bgeu	a4,a2,7fd4 <ee_printf+0x138c>
    7eac:	45912a23          	sw	s9,1108(sp)
    7eb0:	40a00cb3          	neg	s9,a0
    7eb4:	003cf793          	andi	a5,s9,3
    7eb8:	00a12a23          	sw	a0,20(sp)
    7ebc:	02078863          	beqz	a5,7eec <ee_printf+0x12a4>
    7ec0:	02000593          	li	a1,32
    7ec4:	002cf613          	andi	a2,s9,2
    7ec8:	00b50023          	sb	a1,0(a0)
    7ecc:	200602e3          	beqz	a2,88d0 <ee_printf+0x1c88>
    7ed0:	00b500a3          	sb	a1,1(a0)
    7ed4:	00300c93          	li	s9,3
    7ed8:	239794e3          	bne	a5,s9,8900 <ee_printf+0x1cb8>
    7edc:	00350613          	addi	a2,a0,3
    7ee0:	00b50123          	sb	a1,2(a0)
    7ee4:	00c12a23          	sw	a2,20(sp)
    7ee8:	ffc68593          	addi	a1,a3,-4
    7eec:	40f68733          	sub	a4,a3,a5
    7ef0:	00f507b3          	add	a5,a0,a5
    7ef4:	fef70513          	addi	a0,a4,-17
    7ef8:	00a12823          	sw	a0,16(sp)
    7efc:	ffc57513          	andi	a0,a0,-4
    7f00:	ffc50c93          	addi	s9,a0,-4
    7f04:	002cd613          	srli	a2,s9,0x2
    7f08:	00160713          	addi	a4,a2,1
    7f0c:	00f50cb3          	add	s9,a0,a5
    7f10:	00777613          	andi	a2,a4,7
    7f14:	01912c23          	sw	s9,24(sp)
    7f18:	20202737          	lui	a4,0x20202
    7f1c:	02070713          	addi	a4,a4,32 # 20202020 <__stack_top+0x201f2020>
    7f20:	72060c63          	beqz	a2,8658 <ee_printf+0x1a10>
    7f24:	00100c93          	li	s9,1
    7f28:	05960e63          	beq	a2,s9,7f84 <ee_printf+0x133c>
    7f2c:	00200c93          	li	s9,2
    7f30:	05960663          	beq	a2,s9,7f7c <ee_printf+0x1334>
    7f34:	00300c93          	li	s9,3
    7f38:	03960e63          	beq	a2,s9,7f74 <ee_printf+0x132c>
    7f3c:	00400c93          	li	s9,4
    7f40:	03960663          	beq	a2,s9,7f6c <ee_printf+0x1324>
    7f44:	00500c93          	li	s9,5
    7f48:	01960e63          	beq	a2,s9,7f64 <ee_printf+0x131c>
    7f4c:	00600c93          	li	s9,6
    7f50:	01960663          	beq	a2,s9,7f5c <ee_printf+0x1314>
    7f54:	00e7a023          	sw	a4,0(a5)
    7f58:	00478793          	addi	a5,a5,4
    7f5c:	00e7a023          	sw	a4,0(a5)
    7f60:	00478793          	addi	a5,a5,4
    7f64:	00e7a023          	sw	a4,0(a5)
    7f68:	00478793          	addi	a5,a5,4
    7f6c:	00e7a023          	sw	a4,0(a5)
    7f70:	00478793          	addi	a5,a5,4
    7f74:	00e7a023          	sw	a4,0(a5)
    7f78:	00478793          	addi	a5,a5,4
    7f7c:	00e7a023          	sw	a4,0(a5)
    7f80:	00478793          	addi	a5,a5,4
    7f84:	01812603          	lw	a2,24(sp)
    7f88:	00e7a023          	sw	a4,0(a5)
    7f8c:	00478793          	addi	a5,a5,4
    7f90:	02f60663          	beq	a2,a5,7fbc <ee_printf+0x1374>
    7f94:	00e7a023          	sw	a4,0(a5)
    7f98:	00e7a223          	sw	a4,4(a5)
    7f9c:	00e7a423          	sw	a4,8(a5)
    7fa0:	00e7a623          	sw	a4,12(a5)
    7fa4:	00e7a823          	sw	a4,16(a5)
    7fa8:	00e7aa23          	sw	a4,20(a5)
    7fac:	00e7ac23          	sw	a4,24(a5)
    7fb0:	00e7ae23          	sw	a4,28(a5)
    7fb4:	02078793          	addi	a5,a5,32
    7fb8:	fcf61ee3          	bne	a2,a5,7f94 <ee_printf+0x134c>
    7fbc:	01012703          	lw	a4,16(sp)
    7fc0:	10a704e3          	beq	a4,a0,88c8 <ee_printf+0x1c80>
    7fc4:	01412c83          	lw	s9,20(sp)
    7fc8:	40a585b3          	sub	a1,a1,a0
    7fcc:	00ac8533          	add	a0,s9,a0
    7fd0:	45412c83          	lw	s9,1108(sp)
    7fd4:	02000793          	li	a5,32
    7fd8:	00f50023          	sb	a5,0(a0)
    7fdc:	01100613          	li	a2,17
    7fe0:	02b65c63          	bge	a2,a1,8018 <ee_printf+0x13d0>
    7fe4:	00f500a3          	sb	a5,1(a0)
    7fe8:	01200713          	li	a4,18
    7fec:	02e58663          	beq	a1,a4,8018 <ee_printf+0x13d0>
    7ff0:	00f50123          	sb	a5,2(a0)
    7ff4:	01300613          	li	a2,19
    7ff8:	02c58063          	beq	a1,a2,8018 <ee_printf+0x13d0>
    7ffc:	00f501a3          	sb	a5,3(a0)
    8000:	01400713          	li	a4,20
    8004:	00e58a63          	beq	a1,a4,8018 <ee_printf+0x13d0>
    8008:	00f50223          	sb	a5,4(a0)
    800c:	01500613          	li	a2,21
    8010:	00c58463          	beq	a1,a2,8018 <ee_printf+0x13d0>
    8014:	00f502a3          	sb	a5,5(a0)
    8018:	01c12503          	lw	a0,28(sp)
    801c:	fef50593          	addi	a1,a0,-17
    8020:	00d58533          	add	a0,a1,a3
    8024:	01000693          	li	a3,16
    8028:	00357793          	andi	a5,a0,3
    802c:	020796e3          	bnez	a5,8858 <ee_printf+0x1c10>
    8030:	02812803          	lw	a6,40(sp)
    8034:	01052023          	sw	a6,0(a0)
    8038:	02c12883          	lw	a7,44(sp)
    803c:	01152223          	sw	a7,4(a0)
    8040:	03012303          	lw	t1,48(sp)
    8044:	00652423          	sw	t1,8(a0)
    8048:	03412e03          	lw	t3,52(sp)
    804c:	01c52623          	sw	t3,12(a0)
    8050:	00c12e83          	lw	t4,12(sp)
    8054:	01100f13          	li	t5,17
    8058:	01e50633          	add	a2,a0,t5
    805c:	01d50823          	sb	t4,16(a0)
    8060:	04df5ce3          	bge	t5,a3,88b8 <ee_printf+0x1c70>
    8064:	fee68f93          	addi	t6,a3,-18
    8068:	00500293          	li	t0,5
    806c:	fff68593          	addi	a1,a3,-1
    8070:	fef68393          	addi	t2,a3,-17
    8074:	00060d93          	mv	s11,a2
    8078:	11f2f463          	bgeu	t0,t6,8180 <ee_printf+0x1538>
    807c:	40c00c33          	neg	s8,a2
    8080:	003c7793          	andi	a5,s8,3
    8084:	02078663          	beqz	a5,80b0 <ee_printf+0x1468>
    8088:	02000613          	li	a2,32
    808c:	002c7593          	andi	a1,s8,2
    8090:	00c508a3          	sb	a2,17(a0)
    8094:	7a058c63          	beqz	a1,884c <ee_printf+0x1c04>
    8098:	00c50923          	sb	a2,18(a0)
    809c:	00300813          	li	a6,3
    80a0:	59079063          	bne	a5,a6,8620 <ee_printf+0x19d8>
    80a4:	00c509a3          	sb	a2,19(a0)
    80a8:	ffc68593          	addi	a1,a3,-4
    80ac:	01450613          	addi	a2,a0,20
    80b0:	40f388b3          	sub	a7,t2,a5
    80b4:	ffc8fe13          	andi	t3,a7,-4
    80b8:	ffce0693          	addi	a3,t3,-4
    80bc:	0026d313          	srli	t1,a3,0x2
    80c0:	01178713          	addi	a4,a5,17
    80c4:	00e507b3          	add	a5,a0,a4
    80c8:	00130513          	addi	a0,t1,1
    80cc:	20202fb7          	lui	t6,0x20202
    80d0:	00757e93          	andi	t4,a0,7
    80d4:	01c78f33          	add	t5,a5,t3
    80d8:	020f8293          	addi	t0,t6,32 # 20202020 <__stack_top+0x201f2020>
    80dc:	060e8863          	beqz	t4,814c <ee_printf+0x1504>
    80e0:	00100c13          	li	s8,1
    80e4:	058e8e63          	beq	t4,s8,8140 <ee_printf+0x14f8>
    80e8:	00200813          	li	a6,2
    80ec:	050e8663          	beq	t4,a6,8138 <ee_printf+0x14f0>
    80f0:	00300693          	li	a3,3
    80f4:	02de8e63          	beq	t4,a3,8130 <ee_printf+0x14e8>
    80f8:	00400313          	li	t1,4
    80fc:	026e8663          	beq	t4,t1,8128 <ee_printf+0x14e0>
    8100:	00500713          	li	a4,5
    8104:	00ee8e63          	beq	t4,a4,8120 <ee_printf+0x14d8>
    8108:	00600513          	li	a0,6
    810c:	00ae8663          	beq	t4,a0,8118 <ee_printf+0x14d0>
    8110:	0057a023          	sw	t0,0(a5)
    8114:	00478793          	addi	a5,a5,4
    8118:	0057a023          	sw	t0,0(a5)
    811c:	00478793          	addi	a5,a5,4
    8120:	0057a023          	sw	t0,0(a5)
    8124:	00478793          	addi	a5,a5,4
    8128:	0057a023          	sw	t0,0(a5)
    812c:	00478793          	addi	a5,a5,4
    8130:	0057a023          	sw	t0,0(a5)
    8134:	00478793          	addi	a5,a5,4
    8138:	0057a023          	sw	t0,0(a5)
    813c:	00478793          	addi	a5,a5,4
    8140:	0057a023          	sw	t0,0(a5)
    8144:	00478793          	addi	a5,a5,4
    8148:	03e78663          	beq	a5,t5,8174 <ee_printf+0x152c>
    814c:	0057a023          	sw	t0,0(a5)
    8150:	0057a223          	sw	t0,4(a5)
    8154:	0057a423          	sw	t0,8(a5)
    8158:	0057a623          	sw	t0,12(a5)
    815c:	0057a823          	sw	t0,16(a5)
    8160:	0057aa23          	sw	t0,20(a5)
    8164:	0057ac23          	sw	t0,24(a5)
    8168:	0057ae23          	sw	t0,28(a5)
    816c:	02078793          	addi	a5,a5,32
    8170:	fde79ee3          	bne	a5,t5,814c <ee_printf+0x1504>
    8174:	41c585b3          	sub	a1,a1,t3
    8178:	01c60633          	add	a2,a2,t3
    817c:	05c88463          	beq	a7,t3,81c4 <ee_printf+0x157c>
    8180:	02000893          	li	a7,32
    8184:	01160023          	sb	a7,0(a2)
    8188:	01100e13          	li	t3,17
    818c:	02be5c63          	bge	t3,a1,81c4 <ee_printf+0x157c>
    8190:	011600a3          	sb	a7,1(a2)
    8194:	01200e93          	li	t4,18
    8198:	03d58663          	beq	a1,t4,81c4 <ee_printf+0x157c>
    819c:	01160123          	sb	a7,2(a2)
    81a0:	01300f13          	li	t5,19
    81a4:	03e58063          	beq	a1,t5,81c4 <ee_printf+0x157c>
    81a8:	011601a3          	sb	a7,3(a2)
    81ac:	01400f93          	li	t6,20
    81b0:	01f58a63          	beq	a1,t6,81c4 <ee_printf+0x157c>
    81b4:	01160223          	sb	a7,4(a2)
    81b8:	01500293          	li	t0,21
    81bc:	00558463          	beq	a1,t0,81c4 <ee_printf+0x157c>
    81c0:	011602a3          	sb	a7,5(a2)
    81c4:	007d8533          	add	a0,s11,t2
    81c8:	00294703          	lbu	a4,2(s2)
    81cc:	44c12d83          	lw	s11,1100(sp)
    81d0:	00290313          	addi	t1,s2,2
    81d4:	00070463          	beqz	a4,81dc <ee_printf+0x1594>
    81d8:	af5fe06f          	j	6ccc <ee_printf+0x84>
    81dc:	b09fe06f          	j	6ce4 <ee_printf+0x9c>
    81e0:	00090c13          	mv	s8,s2
    81e4:	00800613          	li	a2,8
    81e8:	d59fe06f          	j	6f40 <ee_printf+0x2f8>
    81ec:	fff68c13          	addi	s8,a3,-1
    81f0:	46d65863          	bge	a2,a3,8660 <ee_printf+0x1a18>
    81f4:	40c682b3          	sub	t0,a3,a2
    81f8:	fff28393          	addi	t2,t0,-1
    81fc:	00500793          	li	a5,5
    8200:	00050313          	mv	t1,a0
    8204:	1077f463          	bgeu	a5,t2,830c <ee_printf+0x16c4>
    8208:	40a00eb3          	neg	t4,a0
    820c:	003eff93          	andi	t6,t4,3
    8210:	00050813          	mv	a6,a0
    8214:	020f8663          	beqz	t6,8240 <ee_printf+0x15f8>
    8218:	02000e13          	li	t3,32
    821c:	002ef593          	andi	a1,t4,2
    8220:	01c50023          	sb	t3,0(a0)
    8224:	6c058863          	beqz	a1,88f4 <ee_printf+0x1cac>
    8228:	01c500a3          	sb	t3,1(a0)
    822c:	00300c13          	li	s8,3
    8230:	6f8f9463          	bne	t6,s8,8918 <ee_printf+0x1cd0>
    8234:	01c50123          	sb	t3,2(a0)
    8238:	ffc68c13          	addi	s8,a3,-4
    823c:	00350813          	addi	a6,a0,3
    8240:	41f28f33          	sub	t5,t0,t6
    8244:	01f507b3          	add	a5,a0,t6
    8248:	ffcf7513          	andi	a0,t5,-4
    824c:	ffc50693          	addi	a3,a0,-4
    8250:	0026d713          	srli	a4,a3,0x2
    8254:	00170393          	addi	t2,a4,1
    8258:	20202fb7          	lui	t6,0x20202
    825c:	0073fe13          	andi	t3,t2,7
    8260:	00a78eb3          	add	t4,a5,a0
    8264:	020f8593          	addi	a1,t6,32 # 20202020 <__stack_top+0x201f2020>
    8268:	060e0863          	beqz	t3,82d8 <ee_printf+0x1690>
    826c:	00100693          	li	a3,1
    8270:	04de0e63          	beq	t3,a3,82cc <ee_printf+0x1684>
    8274:	00200713          	li	a4,2
    8278:	04ee0663          	beq	t3,a4,82c4 <ee_printf+0x167c>
    827c:	00300393          	li	t2,3
    8280:	027e0e63          	beq	t3,t2,82bc <ee_printf+0x1674>
    8284:	00400f93          	li	t6,4
    8288:	03fe0663          	beq	t3,t6,82b4 <ee_printf+0x166c>
    828c:	00500693          	li	a3,5
    8290:	00de0e63          	beq	t3,a3,82ac <ee_printf+0x1664>
    8294:	00600713          	li	a4,6
    8298:	00ee0663          	beq	t3,a4,82a4 <ee_printf+0x165c>
    829c:	00b7a023          	sw	a1,0(a5)
    82a0:	00478793          	addi	a5,a5,4
    82a4:	00b7a023          	sw	a1,0(a5)
    82a8:	00478793          	addi	a5,a5,4
    82ac:	00b7a023          	sw	a1,0(a5)
    82b0:	00478793          	addi	a5,a5,4
    82b4:	00b7a023          	sw	a1,0(a5)
    82b8:	00478793          	addi	a5,a5,4
    82bc:	00b7a023          	sw	a1,0(a5)
    82c0:	00478793          	addi	a5,a5,4
    82c4:	00b7a023          	sw	a1,0(a5)
    82c8:	00478793          	addi	a5,a5,4
    82cc:	00b7a023          	sw	a1,0(a5)
    82d0:	00478793          	addi	a5,a5,4
    82d4:	03d78663          	beq	a5,t4,8300 <ee_printf+0x16b8>
    82d8:	00b7a023          	sw	a1,0(a5)
    82dc:	00b7a223          	sw	a1,4(a5)
    82e0:	00b7a423          	sw	a1,8(a5)
    82e4:	00b7a623          	sw	a1,12(a5)
    82e8:	00b7a823          	sw	a1,16(a5)
    82ec:	00b7aa23          	sw	a1,20(a5)
    82f0:	00b7ac23          	sw	a1,24(a5)
    82f4:	00b7ae23          	sw	a1,28(a5)
    82f8:	02078793          	addi	a5,a5,32
    82fc:	fdd79ee3          	bne	a5,t4,82d8 <ee_printf+0x1690>
    8300:	04af0663          	beq	t5,a0,834c <ee_printf+0x1704>
    8304:	40ac0c33          	sub	s8,s8,a0
    8308:	00a80533          	add	a0,a6,a0
    830c:	02000813          	li	a6,32
    8310:	01050023          	sb	a6,0(a0)
    8314:	03865c63          	bge	a2,s8,834c <ee_printf+0x1704>
    8318:	010500a3          	sb	a6,1(a0)
    831c:	fffc0f13          	addi	t5,s8,-1
    8320:	03e65663          	bge	a2,t5,834c <ee_printf+0x1704>
    8324:	01050123          	sb	a6,2(a0)
    8328:	ffec0e13          	addi	t3,s8,-2
    832c:	03c65063          	bge	a2,t3,834c <ee_printf+0x1704>
    8330:	010501a3          	sb	a6,3(a0)
    8334:	ffdc0e93          	addi	t4,s8,-3
    8338:	01d65a63          	bge	a2,t4,834c <ee_printf+0x1704>
    833c:	01050223          	sb	a6,4(a0)
    8340:	ffcc0c13          	addi	s8,s8,-4
    8344:	01865463          	bge	a2,s8,834c <ee_printf+0x1704>
    8348:	010502a3          	sb	a6,5(a0)
    834c:	00628533          	add	a0,t0,t1
    8350:	fff60693          	addi	a3,a2,-1
    8354:	ee1fe06f          	j	7234 <ee_printf+0x5ec>
    8358:	00260833          	add	a6,a2,sp
    835c:	03000f93          	li	t6,48
    8360:	03f80423          	sb	t6,40(a6)
    8364:	ee4ff06f          	j	7a48 <ee_printf+0xe00>
    8368:	002f8833          	add	a6,t6,sp
    836c:	03000393          	li	t2,48
    8370:	02780423          	sb	t2,40(a6)
    8374:	02e00f93          	li	t6,46
    8378:	002e0933          	add	s2,t3,sp
    837c:	03f90423          	sb	t6,40(s2)
    8380:	0028ce83          	lbu	t4,2(a7)
    8384:	da0e9063          	bnez	t4,7924 <ee_printf+0xcdc>
    8388:	002583b3          	add	t2,a1,sp
    838c:	03000e93          	li	t4,48
    8390:	03d38423          	sb	t4,40(t2)
    8394:	e1cff06f          	j	79b0 <ee_printf+0xd68>
    8398:	03000593          	li	a1,48
    839c:	02b10423          	sb	a1,40(sp)
    83a0:	00700713          	li	a4,7
    83a4:	00600613          	li	a2,6
    83a8:	00500313          	li	t1,5
    83ac:	00400593          	li	a1,4
    83b0:	00300e13          	li	t3,3
    83b4:	00200f93          	li	t6,2
    83b8:	00100293          	li	t0,1
    83bc:	ca4ff06f          	j	7860 <ee_printf+0xc18>
    83c0:	04010b93          	addi	s7,sp,64
    83c4:	000b8513          	mv	a0,s7
    83c8:	00050023          	sb	zero,0(a0)
    83cc:	04014683          	lbu	a3,64(sp)
    83d0:	00068463          	beqz	a3,83d8 <ee_printf+0x1790>
    83d4:	941fe06f          	j	6d14 <ee_printf+0xcc>
    83d8:	47c12083          	lw	ra,1148(sp)
    83dc:	47012903          	lw	s2,1136(sp)
    83e0:	45c12b83          	lw	s7,1116(sp)
    83e4:	00000513          	li	a0,0
    83e8:	4a010113          	addi	sp,sp,1184
    83ec:	00008067          	ret
    83f0:	02c14e03          	lbu	t3,44(sp)
    83f4:	00450f13          	addi	t5,a0,4
    83f8:	00550593          	addi	a1,a0,5
    83fc:	01c50223          	sb	t3,4(a0)
    8400:	00500613          	li	a2,5
    8404:	00400f93          	li	t6,4
    8408:	02010893          	addi	a7,sp,32
    840c:	01160633          	add	a2,a2,a7
    8410:	00864383          	lbu	t2,8(a2)
    8414:	002f8f93          	addi	t6,t6,2
    8418:	00758023          	sb	t2,0(a1)
    841c:	feefda63          	bge	t6,a4,7c10 <ee_printf+0xfc8>
    8420:	011f8eb3          	add	t4,t6,a7
    8424:	008ec903          	lbu	s2,8(t4)
    8428:	012f0123          	sb	s2,2(t5)
    842c:	fe4ff06f          	j	7c10 <ee_printf+0xfc8>
    8430:	45b12623          	sw	s11,1100(sp)
    8434:	000ba603          	lw	a2,0(s7)
    8438:	00003717          	auipc	a4,0x3
    843c:	c1870713          	addi	a4,a4,-1000 # b050 <main+0x2718>
    8440:	004b8b93          	addi	s7,s7,4
    8444:	951ff06f          	j	7d94 <ee_printf+0x114c>
    8448:	00900813          	li	a6,9
    844c:	17e85863          	bge	a6,t5,85bc <ee_printf+0x1974>
    8450:	ccccdfb7          	lui	t6,0xccccd
    8454:	ccdf8713          	addi	a4,t6,-819 # cccccccd <__stack_top+0xcccbcccd>
    8458:	02ef33b3          	mulhu	t2,t5,a4
    845c:	00003e97          	auipc	t4,0x3
    8460:	bf4e8e93          	addi	t4,t4,-1036 # b050 <main+0x2718>
    8464:	00800713          	li	a4,8
    8468:	00700613          	li	a2,7
    846c:	00600313          	li	t1,6
    8470:	00500593          	li	a1,5
    8474:	00400e13          	li	t3,4
    8478:	00300f93          	li	t6,3
    847c:	00200293          	li	t0,2
    8480:	0033d913          	srli	s2,t2,0x3
    8484:	00291813          	slli	a6,s2,0x2
    8488:	012803b3          	add	t2,a6,s2
    848c:	012e8933          	add	s2,t4,s2
    8490:	00094903          	lbu	s2,0(s2)
    8494:	00139813          	slli	a6,t2,0x1
    8498:	410f0f33          	sub	t5,t5,a6
    849c:	03210423          	sb	s2,40(sp)
    84a0:	00100913          	li	s2,1
    84a4:	bacff06f          	j	7850 <ee_printf+0xc08>
    84a8:	00900913          	li	s2,9
    84ac:	00003e17          	auipc	t3,0x3
    84b0:	ba4e0e13          	addi	t3,t3,-1116 # b050 <main+0x2718>
    84b4:	d9195263          	bge	s2,a7,7a38 <ee_printf+0xdf0>
    84b8:	ccccd837          	lui	a6,0xccccd
    84bc:	ccd80393          	addi	t2,a6,-819 # cccccccd <__stack_top+0xcccbcccd>
    84c0:	0278bfb3          	mulhu	t6,a7,t2
    84c4:	002602b3          	add	t0,a2,sp
    84c8:	00070613          	mv	a2,a4
    84cc:	00330713          	addi	a4,t1,3
    84d0:	003fd593          	srli	a1,t6,0x3
    84d4:	00be0333          	add	t1,t3,a1
    84d8:	00034f03          	lbu	t5,0(t1)
    84dc:	00259913          	slli	s2,a1,0x2
    84e0:	00b90833          	add	a6,s2,a1
    84e4:	00181393          	slli	t2,a6,0x1
    84e8:	03e28423          	sb	t5,40(t0)
    84ec:	407888b3          	sub	a7,a7,t2
    84f0:	d48ff06f          	j	7a38 <ee_printf+0xdf0>
    84f4:	00900813          	li	a6,9
    84f8:	00003f97          	auipc	t6,0x3
    84fc:	b58f8f93          	addi	t6,t6,-1192 # b050 <main+0x2718>
    8500:	cbd85063          	bge	a6,t4,79a0 <ee_printf+0xd58>
    8504:	ccccd3b7          	lui	t2,0xccccd
    8508:	ccd38293          	addi	t0,t2,-819 # cccccccd <__stack_top+0xcccbcccd>
    850c:	025eb933          	mulhu	s2,t4,t0
    8510:	002583b3          	add	t2,a1,sp
    8514:	00030593          	mv	a1,t1
    8518:	00060313          	mv	t1,a2
    851c:	00070613          	mv	a2,a4
    8520:	005e0713          	addi	a4,t3,5
    8524:	00395813          	srli	a6,s2,0x3
    8528:	010f8e33          	add	t3,t6,a6
    852c:	00281913          	slli	s2,a6,0x2
    8530:	000e4283          	lbu	t0,0(t3)
    8534:	01090f33          	add	t5,s2,a6
    8538:	001f1813          	slli	a6,t5,0x1
    853c:	02538423          	sb	t0,40(t2)
    8540:	410e8eb3          	sub	t4,t4,a6
    8544:	c5cff06f          	j	79a0 <ee_printf+0xd58>
    8548:	00900393          	li	t2,9
    854c:	00003817          	auipc	a6,0x3
    8550:	b0480813          	addi	a6,a6,-1276 # b050 <main+0x2718>
    8554:	bbe3d663          	bge	t2,t5,7900 <ee_printf+0xcb8>
    8558:	ccccd937          	lui	s2,0xccccd
    855c:	ccd90e93          	addi	t4,s2,-819 # cccccccd <__stack_top+0xcccbcccd>
    8560:	03df3933          	mulhu	s2,t5,t4
    8564:	002f83b3          	add	t2,t6,sp
    8568:	000e0f93          	mv	t6,t3
    856c:	00058e13          	mv	t3,a1
    8570:	00030593          	mv	a1,t1
    8574:	00060313          	mv	t1,a2
    8578:	00070613          	mv	a2,a4
    857c:	00728713          	addi	a4,t0,7
    8580:	00395e93          	srli	t4,s2,0x3
    8584:	01d802b3          	add	t0,a6,t4
    8588:	0002c903          	lbu	s2,0(t0)
    858c:	002e9293          	slli	t0,t4,0x2
    8590:	01d28eb3          	add	t4,t0,t4
    8594:	001e9293          	slli	t0,t4,0x1
    8598:	03238423          	sb	s2,40(t2)
    859c:	405f0f33          	sub	t5,t5,t0
    85a0:	b60ff06f          	j	7900 <ee_printf+0xcb8>
    85a4:	00150513          	addi	a0,a0,1
    85a8:	ffe68e13          	addi	t3,a3,-2
    85ac:	ebcff06f          	j	7c68 <ee_printf+0x1020>
    85b0:	0027e793          	ori	a5,a5,2
    85b4:	00090c13          	mv	s8,s2
    85b8:	9e4ff06f          	j	779c <ee_printf+0xb54>
    85bc:	00700713          	li	a4,7
    85c0:	00600613          	li	a2,6
    85c4:	00500313          	li	t1,5
    85c8:	00400593          	li	a1,4
    85cc:	00300e13          	li	t3,3
    85d0:	00200f93          	li	t6,2
    85d4:	00100293          	li	t0,1
    85d8:	00000913          	li	s2,0
    85dc:	00003e97          	auipc	t4,0x3
    85e0:	a74e8e93          	addi	t4,t4,-1420 # b050 <main+0x2718>
    85e4:	a6cff06f          	j	7850 <ee_printf+0xc08>
    85e8:	0107a023          	sw	a6,0(a5)
    85ec:	00478793          	addi	a5,a5,4
    85f0:	ed4ff06f          	j	7cc4 <ee_printf+0x107c>
    85f4:	00090c13          	mv	s8,s2
    85f8:	9bcff06f          	j	77b4 <ee_printf+0xb6c>
    85fc:	0407e793          	ori	a5,a5,64
    8600:	00090c13          	mv	s8,s2
    8604:	9b0ff06f          	j	77b4 <ee_printf+0xb6c>
    8608:	00090c13          	mv	s8,s2
    860c:	931fe06f          	j	6f3c <ee_printf+0x2f4>
    8610:	0407e793          	ori	a5,a5,64
    8614:	00090c13          	mv	s8,s2
    8618:	01000613          	li	a2,16
    861c:	925fe06f          	j	6f40 <ee_printf+0x2f8>
    8620:	ffd68593          	addi	a1,a3,-3
    8624:	01350613          	addi	a2,a0,19
    8628:	a89ff06f          	j	80b0 <ee_printf+0x1468>
    862c:	ffd68593          	addi	a1,a3,-3
    8630:	00250f93          	addi	t6,a0,2
    8634:	c70ff06f          	j	7aa4 <ee_printf+0xe5c>
    8638:	000ba883          	lw	a7,0(s7)
    863c:	00150513          	addi	a0,a0,1
    8640:	00038b93          	mv	s7,t2
    8644:	ff150fa3          	sb	a7,-1(a0)
    8648:	00194703          	lbu	a4,1(s2)
    864c:	00070463          	beqz	a4,8654 <ee_printf+0x1a0c>
    8650:	e7cfe06f          	j	6ccc <ee_printf+0x84>
    8654:	e90fe06f          	j	6ce4 <ee_printf+0x9c>
    8658:	00f50633          	add	a2,a0,a5
    865c:	939ff06f          	j	7f94 <ee_printf+0x134c>
    8660:	000c0693          	mv	a3,s8
    8664:	bd1fe06f          	j	7234 <ee_printf+0x5ec>
    8668:	02814f03          	lbu	t5,40(sp)
    866c:	00700293          	li	t0,7
    8670:	01e50023          	sb	t5,0(a0)
    8674:	02914303          	lbu	t1,41(sp)
    8678:	006500a3          	sb	t1,1(a0)
    867c:	02a14803          	lbu	a6,42(sp)
    8680:	01050123          	sb	a6,2(a0)
    8684:	02b14783          	lbu	a5,43(sp)
    8688:	00f501a3          	sb	a5,3(a0)
    868c:	02c14e03          	lbu	t3,44(sp)
    8690:	01c50223          	sb	t3,4(a0)
    8694:	02d14883          	lbu	a7,45(sp)
    8698:	011502a3          	sb	a7,5(a0)
    869c:	02e14603          	lbu	a2,46(sp)
    86a0:	00c50323          	sb	a2,6(a0)
    86a4:	d6570663          	beq	a4,t0,7c10 <ee_printf+0xfc8>
    86a8:	02f14383          	lbu	t2,47(sp)
    86ac:	00800f93          	li	t6,8
    86b0:	007503a3          	sb	t2,7(a0)
    86b4:	d5f70e63          	beq	a4,t6,7c10 <ee_printf+0xfc8>
    86b8:	03014583          	lbu	a1,48(sp)
    86bc:	00900e93          	li	t4,9
    86c0:	00b50423          	sb	a1,8(a0)
    86c4:	d5d70663          	beq	a4,t4,7c10 <ee_printf+0xfc8>
    86c8:	03114903          	lbu	s2,49(sp)
    86cc:	00a00f13          	li	t5,10
    86d0:	012504a3          	sb	s2,9(a0)
    86d4:	d3e70e63          	beq	a4,t5,7c10 <ee_printf+0xfc8>
    86d8:	03214283          	lbu	t0,50(sp)
    86dc:	00b00313          	li	t1,11
    86e0:	00550523          	sb	t0,10(a0)
    86e4:	d2670663          	beq	a4,t1,7c10 <ee_printf+0xfc8>
    86e8:	03314803          	lbu	a6,51(sp)
    86ec:	00c00793          	li	a5,12
    86f0:	010505a3          	sb	a6,11(a0)
    86f4:	d0f70e63          	beq	a4,a5,7c10 <ee_printf+0xfc8>
    86f8:	03414e03          	lbu	t3,52(sp)
    86fc:	00d00893          	li	a7,13
    8700:	01c50623          	sb	t3,12(a0)
    8704:	d1170663          	beq	a4,a7,7c10 <ee_printf+0xfc8>
    8708:	03514603          	lbu	a2,53(sp)
    870c:	00f00393          	li	t2,15
    8710:	00c506a3          	sb	a2,13(a0)
    8714:	ce771e63          	bne	a4,t2,7c10 <ee_printf+0xfc8>
    8718:	03614f83          	lbu	t6,54(sp)
    871c:	01f50723          	sb	t6,14(a0)
    8720:	cf0ff06f          	j	7c10 <ee_printf+0xfc8>
    8724:	000f8e13          	mv	t3,t6
    8728:	00250593          	addi	a1,a0,2
    872c:	8b9fe06f          	j	6fe4 <ee_printf+0x39c>
    8730:	00767e93          	andi	t4,a2,7
    8734:	00c88c33          	add	s8,a7,a2
    8738:	00050793          	mv	a5,a0
    873c:	0a0e8663          	beqz	t4,87e8 <ee_printf+0x1ba0>
    8740:	00100293          	li	t0,1
    8744:	085e8663          	beq	t4,t0,87d0 <ee_printf+0x1b88>
    8748:	00200393          	li	t2,2
    874c:	067e8a63          	beq	t4,t2,87c0 <ee_printf+0x1b78>
    8750:	00300f93          	li	t6,3
    8754:	05fe8e63          	beq	t4,t6,87b0 <ee_printf+0x1b68>
    8758:	00400813          	li	a6,4
    875c:	050e8263          	beq	t4,a6,87a0 <ee_printf+0x1b58>
    8760:	00500713          	li	a4,5
    8764:	02ee8663          	beq	t4,a4,8790 <ee_printf+0x1b48>
    8768:	00600593          	li	a1,6
    876c:	00be8a63          	beq	t4,a1,8780 <ee_printf+0x1b38>
    8770:	0008ce03          	lbu	t3,0(a7)
    8774:	00150793          	addi	a5,a0,1
    8778:	00188893          	addi	a7,a7,1
    877c:	01c50023          	sb	t3,0(a0)
    8780:	0008cf03          	lbu	t5,0(a7)
    8784:	00178793          	addi	a5,a5,1
    8788:	00188893          	addi	a7,a7,1
    878c:	ffe78fa3          	sb	t5,-1(a5)
    8790:	0008c303          	lbu	t1,0(a7)
    8794:	00178793          	addi	a5,a5,1
    8798:	00188893          	addi	a7,a7,1
    879c:	fe678fa3          	sb	t1,-1(a5)
    87a0:	0008ce83          	lbu	t4,0(a7)
    87a4:	00178793          	addi	a5,a5,1
    87a8:	00188893          	addi	a7,a7,1
    87ac:	ffd78fa3          	sb	t4,-1(a5)
    87b0:	0008c283          	lbu	t0,0(a7)
    87b4:	00178793          	addi	a5,a5,1
    87b8:	00188893          	addi	a7,a7,1
    87bc:	fe578fa3          	sb	t0,-1(a5)
    87c0:	0008c383          	lbu	t2,0(a7)
    87c4:	00178793          	addi	a5,a5,1
    87c8:	00188893          	addi	a7,a7,1
    87cc:	fe778fa3          	sb	t2,-1(a5)
    87d0:	0008cf83          	lbu	t6,0(a7)
    87d4:	00188893          	addi	a7,a7,1
    87d8:	00178793          	addi	a5,a5,1
    87dc:	fff78fa3          	sb	t6,-1(a5)
    87e0:	01889463          	bne	a7,s8,87e8 <ee_printf+0x1ba0>
    87e4:	bcdfe06f          	j	73b0 <ee_printf+0x768>
    87e8:	0008c803          	lbu	a6,0(a7)
    87ec:	00888893          	addi	a7,a7,8
    87f0:	00878793          	addi	a5,a5,8
    87f4:	ff078c23          	sb	a6,-8(a5)
    87f8:	ff98c703          	lbu	a4,-7(a7)
    87fc:	fee78ca3          	sb	a4,-7(a5)
    8800:	ffa8c583          	lbu	a1,-6(a7)
    8804:	feb78d23          	sb	a1,-6(a5)
    8808:	ffb8ce03          	lbu	t3,-5(a7)
    880c:	ffc78da3          	sb	t3,-5(a5)
    8810:	ffc8cf03          	lbu	t5,-4(a7)
    8814:	ffe78e23          	sb	t5,-4(a5)
    8818:	ffd8c303          	lbu	t1,-3(a7)
    881c:	fe678ea3          	sb	t1,-3(a5)
    8820:	ffe8ce83          	lbu	t4,-2(a7)
    8824:	ffd78f23          	sb	t4,-2(a5)
    8828:	fff8c283          	lbu	t0,-1(a7)
    882c:	fe578fa3          	sb	t0,-1(a5)
    8830:	fb889ce3          	bne	a7,s8,87e8 <ee_printf+0x1ba0>
    8834:	b7dfe06f          	j	73b0 <ee_printf+0x768>
    8838:	00250513          	addi	a0,a0,2
    883c:	ffd68e13          	addi	t3,a3,-3
    8840:	c28ff06f          	j	7c68 <ee_printf+0x1020>
    8844:	001f0593          	addi	a1,t5,1
    8848:	bc1ff06f          	j	8408 <ee_printf+0x17c0>
    884c:	ffe68593          	addi	a1,a3,-2
    8850:	01250613          	addi	a2,a0,18
    8854:	85dff06f          	j	80b0 <ee_printf+0x1468>
    8858:	03a00713          	li	a4,58
    885c:	01050023          	sb	a6,0(a0)
    8860:	011500a3          	sb	a7,1(a0)
    8864:	006501a3          	sb	t1,3(a0)
    8868:	01c50223          	sb	t3,4(a0)
    886c:	01d50323          	sb	t4,6(a0)
    8870:	01e503a3          	sb	t5,7(a0)
    8874:	01f504a3          	sb	t6,9(a0)
    8878:	00550523          	sb	t0,10(a0)
    887c:	00750623          	sb	t2,12(a0)
    8880:	01b506a3          	sb	s11,13(a0)
    8884:	018507a3          	sb	s8,15(a0)
    8888:	00e50123          	sb	a4,2(a0)
    888c:	00e502a3          	sb	a4,5(a0)
    8890:	00e50423          	sb	a4,8(a0)
    8894:	00e505a3          	sb	a4,11(a0)
    8898:	00e50723          	sb	a4,14(a0)
    889c:	fb4ff06f          	j	8050 <ee_printf+0x1408>
    88a0:	ffe68593          	addi	a1,a3,-2
    88a4:	00150f93          	addi	t6,a0,1
    88a8:	9fcff06f          	j	7aa4 <ee_printf+0xe5c>
    88ac:	ffd68e13          	addi	t3,a3,-3
    88b0:	01d505b3          	add	a1,a0,t4
    88b4:	f30fe06f          	j	6fe4 <ee_printf+0x39c>
    88b8:	00060513          	mv	a0,a2
    88bc:	90dff06f          	j	81c8 <ee_printf+0x1580>
    88c0:	00058693          	mv	a3,a1
    88c4:	af4ff06f          	j	7bb8 <ee_printf+0xf70>
    88c8:	45412c83          	lw	s9,1108(sp)
    88cc:	f4cff06f          	j	8018 <ee_printf+0x13d0>
    88d0:	00150713          	addi	a4,a0,1
    88d4:	00e12a23          	sw	a4,20(sp)
    88d8:	ffe68593          	addi	a1,a3,-2
    88dc:	e10ff06f          	j	7eec <ee_printf+0x12a4>
    88e0:	00078463          	beqz	a5,88e8 <ee_printf+0x1ca0>
    88e4:	ad1fe06f          	j	73b4 <ee_printf+0x76c>
    88e8:	04d05263          	blez	a3,892c <ee_printf+0x1ce4>
    88ec:	fff68c13          	addi	s8,a3,-1
    88f0:	905ff06f          	j	81f4 <ee_printf+0x15ac>
    88f4:	ffe68c13          	addi	s8,a3,-2
    88f8:	00150813          	addi	a6,a0,1
    88fc:	945ff06f          	j	8240 <ee_printf+0x15f8>
    8900:	00250593          	addi	a1,a0,2
    8904:	00b12a23          	sw	a1,20(sp)
    8908:	ffd68593          	addi	a1,a3,-3
    890c:	de0ff06f          	j	7eec <ee_printf+0x12a4>
    8910:	00058693          	mv	a3,a1
    8914:	f14ff06f          	j	8028 <ee_printf+0x13e0>
    8918:	ffd68c13          	addi	s8,a3,-3
    891c:	00250813          	addi	a6,a0,2
    8920:	921ff06f          	j	8240 <ee_printf+0x15f8>
    8924:	00058513          	mv	a0,a1
    8928:	fd4fe06f          	j	70fc <ee_printf+0x4b4>
    892c:	00194703          	lbu	a4,1(s2)
    8930:	00190313          	addi	t1,s2,1
    8934:	bfdfe06f          	j	7530 <ee_printf+0x8e8>

00008938 <main>:
    8938:	00003797          	auipc	a5,0x3
    893c:	4147a783          	lw	a5,1044(a5) # bd4c <seed1_volatile>
    8940:	00003697          	auipc	a3,0x3
    8944:	4086a683          	lw	a3,1032(a3) # bd48 <seed2_volatile>
    8948:	00003717          	auipc	a4,0x3
    894c:	2d472703          	lw	a4,724(a4) # bc1c <seed3_volatile>
    8950:	00003597          	auipc	a1,0x3
    8954:	2c85a583          	lw	a1,712(a1) # bc18 <seed4_volatile>
    8958:	00003297          	auipc	t0,0x3
    895c:	3ec2a283          	lw	t0,1004(t0) # bd44 <seed5_volatile>
    8960:	01071313          	slli	t1,a4,0x10
    8964:	f4010113          	addi	sp,sp,-192
    8968:	41035393          	srai	t2,t1,0x10
    896c:	00100613          	li	a2,1
    8970:	0a112e23          	sw	ra,188(sp)
    8974:	0a812c23          	sw	s0,184(sp)
    8978:	0a912a23          	sw	s1,180(sp)
    897c:	0b212823          	sw	s2,176(sp)
    8980:	0b312623          	sw	s3,172(sp)
    8984:	0b412423          	sw	s4,168(sp)
    8988:	0b512223          	sw	s5,164(sp)
    898c:	0b612023          	sw	s6,160(sp)
    8990:	09712e23          	sw	s7,156(sp)
    8994:	09812c23          	sw	s8,152(sp)
    8998:	09912a23          	sw	s9,148(sp)
    899c:	09a12823          	sw	s10,144(sp)
    89a0:	09b12623          	sw	s11,140(sp)
    89a4:	02f11e23          	sh	a5,60(sp)
    89a8:	02d11f23          	sh	a3,62(sp)
    89ac:	04711023          	sh	t2,64(sp)
    89b0:	04b12c23          	sw	a1,88(sp)
    89b4:	06c10f23          	sb	a2,126(sp)
    89b8:	00029463          	bnez	t0,89c0 <main+0x88>
    89bc:	00700293          	li	t0,7
    89c0:	00d7e433          	or	s0,a5,a3
    89c4:	0083e4b3          	or	s1,t2,s0
    89c8:	01049513          	slli	a0,s1,0x10
    89cc:	41055813          	srai	a6,a0,0x10
    89d0:	04512e23          	sw	t0,92(sp)
    89d4:	00081463          	bnez	a6,89dc <main+0xa4>
    89d8:	5980206f          	j	af70 <main+0x2638>
    89dc:	03c12883          	lw	a7,60(sp)
    89e0:	00100913          	li	s2,1
    89e4:	01289463          	bne	a7,s2,89ec <main+0xb4>
    89e8:	6200206f          	j	b008 <main+0x26d0>
    89ec:	00003b97          	auipc	s7,0x3
    89f0:	3bcb8b93          	addi	s7,s7,956 # bda8 <static_memblk>
    89f4:	0012f813          	andi	a6,t0,1
    89f8:	0022f413          	andi	s0,t0,2
    89fc:	06011e23          	sh	zero,124(sp)
    8a00:	05712223          	sw	s7,68(sp)
    8a04:	00080d93          	mv	s11,a6
    8a08:	0042f293          	andi	t0,t0,4
    8a0c:	14041263          	bnez	s0,8b50 <main+0x218>
    8a10:	00029463          	bnez	t0,8a18 <main+0xe0>
    8a14:	53c0206f          	j	af50 <main+0x2618>
    8a18:	00180c93          	addi	s9,a6,1
    8a1c:	7d000d13          	li	s10,2000
    8a20:	039d5fb3          	divu	t6,s10,s9
    8a24:	05f12a23          	sw	t6,84(sp)
    8a28:	00080463          	beqz	a6,8a30 <main+0xf8>
    8a2c:	5fc0206f          	j	b028 <main+0x26f0>
    8a30:	03fd85b3          	mul	a1,s11,t6
    8a34:	00bb8333          	add	t1,s7,a1
    8a38:	04612823          	sw	t1,80(sp)
    8a3c:	00080463          	beqz	a6,8a44 <main+0x10c>
    8a40:	4690106f          	j	a6a8 <main+0x1d70>
    8a44:	16041263          	bnez	s0,8ba8 <main+0x270>
    8a48:	56028463          	beqz	t0,8fb0 <main+0x678>
    8a4c:	05412803          	lw	a6,84(sp)
    8a50:	00100513          	li	a0,1
    8a54:	05012583          	lw	a1,80(sp)
    8a58:	fff80313          	addi	t1,a6,-1
    8a5c:	00656463          	bltu	a0,t1,8a64 <main+0x12c>
    8a60:	25c0206f          	j	acbc <main+0x2384>
    8a64:	03c15383          	lhu	t2,60(sp)
    8a68:	00700893          	li	a7,7
    8a6c:	00000b93          	li	s7,0
    8a70:	00a384b3          	add	s1,t2,a0
    8a74:	01049913          	slli	s2,s1,0x10
    8a78:	01095793          	srli	a5,s2,0x10
    8a7c:	01b79c13          	slli	s8,a5,0x1b
    8a80:	0077fb13          	andi	s6,a5,7
    8a84:	00003297          	auipc	t0,0x3
    8a88:	f3028293          	addi	t0,t0,-208 # b9b4 <errpat>
    8a8c:	00400e13          	li	t3,4
    8a90:	00003f97          	auipc	t6,0x3
    8a94:	f34f8f93          	addi	t6,t6,-204 # b9c4 <scipat>
    8a98:	00003f17          	auipc	t5,0x3
    8a9c:	f3cf0f13          	addi	t5,t5,-196 # b9d4 <floatpat>
    8aa0:	02c00e93          	li	t4,44
    8aa4:	01ec5d13          	srli	s10,s8,0x1e
    8aa8:	091b0c63          	beq	s6,a7,8b40 <main+0x208>
    8aac:	016e7463          	bgeu	t3,s6,8ab4 <main+0x17c>
    8ab0:	3e90106f          	j	a698 <main+0x1d60>
    8ab4:	ffdb0a13          	addi	s4,s6,-3
    8ab8:	010a1993          	slli	s3,s4,0x10
    8abc:	0109da93          	srli	s5,s3,0x10
    8ac0:	35556c63          	bltu	a0,s5,8e18 <main+0x4e0>
    8ac4:	002d1613          	slli	a2,s10,0x2
    8ac8:	00cf0db3          	add	s11,t5,a2
    8acc:	000dac03          	lw	s8,0(s11)
    8ad0:	00178a13          	addi	s4,a5,1
    8ad4:	010a1993          	slli	s3,s4,0x10
    8ad8:	009b8b13          	addi	s6,s7,9
    8adc:	0109d793          	srli	a5,s3,0x10
    8ae0:	346b7263          	bgeu	s6,t1,8e24 <main+0x4ec>
    8ae4:	01758d33          	add	s10,a1,s7
    8ae8:	418d0ab3          	sub	s5,s10,s8
    8aec:	fffa8c93          	addi	s9,s5,-1
    8af0:	003cbd93          	sltiu	s11,s9,3
    8af4:	000d8463          	beqz	s11,8afc <main+0x1c4>
    8af8:	1940206f          	j	ac8c <main+0x2354>
    8afc:	01ac69b3          	or	s3,s8,s10
    8b00:	0039f413          	andi	s0,s3,3
    8b04:	00040463          	beqz	s0,8b0c <main+0x1d4>
    8b08:	1840206f          	j	ac8c <main+0x2354>
    8b0c:	000c2383          	lw	t2,0(s8)
    8b10:	00800c93          	li	s9,8
    8b14:	007d2023          	sw	t2,0(s10)
    8b18:	004c2c03          	lw	s8,4(s8)
    8b1c:	018d2223          	sw	s8,4(s10)
    8b20:	01958d33          	add	s10,a1,s9
    8b24:	017d0bb3          	add	s7,s10,s7
    8b28:	01db8023          	sb	t4,0(s7)
    8b2c:	01b79c13          	slli	s8,a5,0x1b
    8b30:	000b0b93          	mv	s7,s6
    8b34:	0077fb13          	andi	s6,a5,7
    8b38:	01ec5d13          	srli	s10,s8,0x1e
    8b3c:	f71b18e3          	bne	s6,a7,8aac <main+0x174>
    8b40:	002d1413          	slli	s0,s10,0x2
    8b44:	00828cb3          	add	s9,t0,s0
    8b48:	000cac03          	lw	s8,0(s9)
    8b4c:	f85ff06f          	j	8ad0 <main+0x198>
    8b50:	00028793          	mv	a5,t0
    8b54:	00180d93          	addi	s11,a6,1
    8b58:	02028c63          	beqz	t0,8b90 <main+0x258>
    8b5c:	00280e93          	addi	t4,a6,2
    8b60:	7d000f13          	li	t5,2000
    8b64:	03df5fb3          	divu	t6,t5,t4
    8b68:	05f12a23          	sw	t6,84(sp)
    8b6c:	00080463          	beqz	a6,8b74 <main+0x23c>
    8b70:	4c00206f          	j	b030 <main+0x26f8>
    8b74:	00400793          	li	a5,4
    8b78:	03f806b3          	mul	a3,a6,t6
    8b7c:	00db8733          	add	a4,s7,a3
    8b80:	04e12623          	sw	a4,76(sp)
    8b84:	ea0796e3          	bnez	a5,8a30 <main+0xf8>
    8b88:	ea080ee3          	beqz	a6,8a44 <main+0x10c>
    8b8c:	31d0106f          	j	a6a8 <main+0x1d70>
    8b90:	7d000e13          	li	t3,2000
    8b94:	03be5fb3          	divu	t6,t3,s11
    8b98:	05f12a23          	sw	t6,84(sp)
    8b9c:	fc080ee3          	beqz	a6,8b78 <main+0x240>
    8ba0:	05712423          	sw	s7,72(sp)
    8ba4:	fd5ff06f          	j	8b78 <main+0x240>
    8ba8:	03e11c83          	lh	s9,62(sp)
    8bac:	03c11403          	lh	s0,60(sp)
    8bb0:	05412d03          	lw	s10,84(sp)
    8bb4:	010c9313          	slli	t1,s9,0x10
    8bb8:	008367b3          	or	a5,t1,s0
    8bbc:	04c12603          	lw	a2,76(sp)
    8bc0:	00079463          	bnez	a5,8bc8 <main+0x290>
    8bc4:	00100793          	li	a5,1
    8bc8:	fff60e13          	addi	t3,a2,-1
    8bcc:	ffce7593          	andi	a1,t3,-4
    8bd0:	00458913          	addi	s2,a1,4
    8bd4:	00000b93          	li	s7,0
    8bd8:	00658393          	addi	t2,a1,6
    8bdc:	00200993          	li	s3,2
    8be0:	fff00893          	li	a7,-1
    8be4:	020d0663          	beqz	s10,8c10 <main+0x2d8>
    8be8:	000b8893          	mv	a7,s7
    8bec:	001b8b93          	addi	s7,s7,1
    8bf0:	037b8db3          	mul	s11,s7,s7
    8bf4:	003d9493          	slli	s1,s11,0x3
    8bf8:	ffa4e8e3          	bltu	s1,s10,8be8 <main+0x2b0>
    8bfc:	031883b3          	mul	t2,a7,a7
    8c00:	00139993          	slli	s3,t2,0x1
    8c04:	013903b3          	add	t2,s2,s3
    8c08:	00089463          	bnez	a7,8c10 <main+0x2d8>
    8c0c:	0a80206f          	j	acb4 <main+0x237c>
    8c10:	00188313          	addi	t1,a7,1
    8c14:	00189493          	slli	s1,a7,0x1
    8c18:	00038e13          	mv	t3,t2
    8c1c:	00100713          	li	a4,1
    8c20:	00000e93          	li	t4,0
    8c24:	40790833          	sub	a6,s2,t2
    8c28:	40e30533          	sub	a0,t1,a4
    8c2c:	00357a13          	andi	s4,a0,3
    8c30:	00070a93          	mv	s5,a4
    8c34:	000e0693          	mv	a3,t3
    8c38:	0c0a0663          	beqz	s4,8d04 <main+0x3cc>
    8c3c:	00100b13          	li	s6,1
    8c40:	096a0263          	beq	s4,s6,8cc4 <main+0x38c>
    8c44:	00200c13          	li	s8,2
    8c48:	058a0063          	beq	s4,s8,8c88 <main+0x350>
    8c4c:	02e787b3          	mul	a5,a5,a4
    8c50:	01c80db3          	add	s11,a6,t3
    8c54:	002e0693          	addi	a3,t3,2
    8c58:	41f7df93          	srai	t6,a5,0x1f
    8c5c:	010fdf13          	srli	t5,t6,0x10
    8c60:	01e78cb3          	add	s9,a5,t5
    8c64:	010c9413          	slli	s0,s9,0x10
    8c68:	01045d13          	srli	s10,s0,0x10
    8c6c:	41ed07b3          	sub	a5,s10,t5
    8c70:	00f70633          	add	a2,a4,a5
    8c74:	00e605b3          	add	a1,a2,a4
    8c78:	00ce1023          	sh	a2,0(t3)
    8c7c:	0ff5fb93          	zext.b	s7,a1
    8c80:	00170713          	addi	a4,a4,1
    8c84:	017d9023          	sh	s7,0(s11)
    8c88:	02e78a33          	mul	s4,a5,a4
    8c8c:	00d80533          	add	a0,a6,a3
    8c90:	00268693          	addi	a3,a3,2
    8c94:	41fa5b13          	srai	s6,s4,0x1f
    8c98:	010b5c13          	srli	s8,s6,0x10
    8c9c:	018a07b3          	add	a5,s4,s8
    8ca0:	01079f93          	slli	t6,a5,0x10
    8ca4:	010fdf13          	srli	t5,t6,0x10
    8ca8:	418f07b3          	sub	a5,t5,s8
    8cac:	00f70cb3          	add	s9,a4,a5
    8cb0:	00ec8433          	add	s0,s9,a4
    8cb4:	ff969f23          	sh	s9,-2(a3)
    8cb8:	0ff47d13          	zext.b	s10,s0
    8cbc:	00170713          	addi	a4,a4,1
    8cc0:	01a51023          	sh	s10,0(a0)
    8cc4:	02e785b3          	mul	a1,a5,a4
    8cc8:	00d80bb3          	add	s7,a6,a3
    8ccc:	00268693          	addi	a3,a3,2
    8cd0:	41f5d613          	srai	a2,a1,0x1f
    8cd4:	01065d93          	srli	s11,a2,0x10
    8cd8:	01b58a33          	add	s4,a1,s11
    8cdc:	010a1513          	slli	a0,s4,0x10
    8ce0:	01055b13          	srli	s6,a0,0x10
    8ce4:	41bb07b3          	sub	a5,s6,s11
    8ce8:	00f70c33          	add	s8,a4,a5
    8cec:	00ec0fb3          	add	t6,s8,a4
    8cf0:	ff869f23          	sh	s8,-2(a3)
    8cf4:	0fffff13          	zext.b	t5,t6
    8cf8:	00170713          	addi	a4,a4,1
    8cfc:	01eb9023          	sh	t5,0(s7)
    8d00:	0e670063          	beq	a4,t1,8de0 <main+0x4a8>
    8d04:	02e78cb3          	mul	s9,a5,a4
    8d08:	00170413          	addi	s0,a4,1
    8d0c:	00270d13          	addi	s10,a4,2
    8d10:	00d80bb3          	add	s7,a6,a3
    8d14:	00370593          	addi	a1,a4,3
    8d18:	00868693          	addi	a3,a3,8
    8d1c:	41fcd613          	srai	a2,s9,0x1f
    8d20:	01065d93          	srli	s11,a2,0x10
    8d24:	01bc8a33          	add	s4,s9,s11
    8d28:	010a1513          	slli	a0,s4,0x10
    8d2c:	01055b13          	srli	s6,a0,0x10
    8d30:	41bb0c33          	sub	s8,s6,s11
    8d34:	028c07b3          	mul	a5,s8,s0
    8d38:	01870fb3          	add	t6,a4,s8
    8d3c:	00ef8f33          	add	t5,t6,a4
    8d40:	fff69c23          	sh	t6,-8(a3)
    8d44:	0fff7c93          	zext.b	s9,t5
    8d48:	019b9023          	sh	s9,0(s7)
    8d4c:	00470713          	addi	a4,a4,4
    8d50:	41f7d613          	srai	a2,a5,0x1f
    8d54:	01065d93          	srli	s11,a2,0x10
    8d58:	01b78a33          	add	s4,a5,s11
    8d5c:	010a1513          	slli	a0,s4,0x10
    8d60:	01055b13          	srli	s6,a0,0x10
    8d64:	41bb0c33          	sub	s8,s6,s11
    8d68:	03ac07b3          	mul	a5,s8,s10
    8d6c:	01840fb3          	add	t6,s0,s8
    8d70:	008f8433          	add	s0,t6,s0
    8d74:	fff69d23          	sh	t6,-6(a3)
    8d78:	0ff47f13          	zext.b	t5,s0
    8d7c:	01eb9123          	sh	t5,2(s7)
    8d80:	41f7dc93          	srai	s9,a5,0x1f
    8d84:	010cd613          	srli	a2,s9,0x10
    8d88:	00c78db3          	add	s11,a5,a2
    8d8c:	010d9a13          	slli	s4,s11,0x10
    8d90:	010a5513          	srli	a0,s4,0x10
    8d94:	40c50b33          	sub	s6,a0,a2
    8d98:	02bb0c33          	mul	s8,s6,a1
    8d9c:	016d07b3          	add	a5,s10,s6
    8da0:	fef69e23          	sh	a5,-4(a3)
    8da4:	01a78d33          	add	s10,a5,s10
    8da8:	0ffd7f93          	zext.b	t6,s10
    8dac:	01fb9223          	sh	t6,4(s7)
    8db0:	41fc5413          	srai	s0,s8,0x1f
    8db4:	01045f13          	srli	t5,s0,0x10
    8db8:	01ec0cb3          	add	s9,s8,t5
    8dbc:	010c9613          	slli	a2,s9,0x10
    8dc0:	01065d93          	srli	s11,a2,0x10
    8dc4:	41ed87b3          	sub	a5,s11,t5
    8dc8:	00f58a33          	add	s4,a1,a5
    8dcc:	00ba05b3          	add	a1,s4,a1
    8dd0:	ff469f23          	sh	s4,-2(a3)
    8dd4:	0ff5f513          	zext.b	a0,a1
    8dd8:	00ab9323          	sh	a0,6(s7)
    8ddc:	f26714e3          	bne	a4,t1,8d04 <main+0x3cc>
    8de0:	001e8e93          	addi	t4,t4,1
    8de4:	011a8733          	add	a4,s5,a7
    8de8:	01130333          	add	t1,t1,a7
    8dec:	009e0e33          	add	t3,t3,s1
    8df0:	e31e9ce3          	bne	t4,a7,8c28 <main+0x2f0>
    8df4:	013389b3          	add	s3,t2,s3
    8df8:	fff98a93          	addi	s5,s3,-1
    8dfc:	ffcaf713          	andi	a4,s5,-4
    8e00:	00470693          	addi	a3,a4,4
    8e04:	06d12823          	sw	a3,112(sp)
    8e08:	07212423          	sw	s2,104(sp)
    8e0c:	06712623          	sw	t2,108(sp)
    8e10:	07112223          	sw	a7,100(sp)
    8e14:	c35ff06f          	j	8a48 <main+0x110>
    8e18:	005b8b13          	addi	s6,s7,5
    8e1c:	006b7463          	bgeu	s6,t1,8e24 <main+0x4ec>
    8e20:	7f40106f          	j	a614 <main+0x1cdc>
    8e24:	190bf663          	bgeu	s7,a6,8fb0 <main+0x678>
    8e28:	001b8513          	addi	a0,s7,1
    8e2c:	00050b13          	mv	s6,a0
    8e30:	00a83fb3          	sltu	t6,a6,a0
    8e34:	41780f33          	sub	t5,a6,s7
    8e38:	00100893          	li	a7,1
    8e3c:	00a86463          	bltu	a6,a0,8e44 <main+0x50c>
    8e40:	000f0893          	mv	a7,t5
    8e44:	ffff0e93          	addi	t4,t5,-1
    8e48:	017582b3          	add	t0,a1,s7
    8e4c:	40500e33          	neg	t3,t0
    8e50:	006eb313          	sltiu	t1,t4,6
    8e54:	003e7a93          	andi	s5,t3,3
    8e58:	10031463          	bnez	t1,8f60 <main+0x628>
    8e5c:	100f9263          	bnez	t6,8f60 <main+0x628>
    8e60:	000a9463          	bnez	s5,8e68 <main+0x530>
    8e64:	6490106f          	j	acac <main+0x2374>
    8e68:	00028023          	sb	zero,0(t0)
    8e6c:	002e7293          	andi	t0,t3,2
    8e70:	02028263          	beqz	t0,8e94 <main+0x55c>
    8e74:	00a58533          	add	a0,a1,a0
    8e78:	00050023          	sb	zero,0(a0)
    8e7c:	00300713          	li	a4,3
    8e80:	002b8b13          	addi	s6,s7,2
    8e84:	00ea9863          	bne	s5,a4,8e94 <main+0x55c>
    8e88:	016586b3          	add	a3,a1,s6
    8e8c:	00068023          	sb	zero,0(a3)
    8e90:	00eb8b33          	add	s6,s7,a4
    8e94:	415883b3          	sub	t2,a7,s5
    8e98:	ffc3fc13          	andi	s8,t2,-4
    8e9c:	ffcc0d13          	addi	s10,s8,-4
    8ea0:	002d5913          	srli	s2,s10,0x2
    8ea4:	015b8bb3          	add	s7,s7,s5
    8ea8:	00190493          	addi	s1,s2,1
    8eac:	01758f33          	add	t5,a1,s7
    8eb0:	0074f793          	andi	a5,s1,7
    8eb4:	018f0433          	add	s0,t5,s8
    8eb8:	06078863          	beqz	a5,8f28 <main+0x5f0>
    8ebc:	00100c93          	li	s9,1
    8ec0:	05978e63          	beq	a5,s9,8f1c <main+0x5e4>
    8ec4:	00200613          	li	a2,2
    8ec8:	04c78663          	beq	a5,a2,8f14 <main+0x5dc>
    8ecc:	00300d93          	li	s11,3
    8ed0:	03b78e63          	beq	a5,s11,8f0c <main+0x5d4>
    8ed4:	00400a13          	li	s4,4
    8ed8:	03478663          	beq	a5,s4,8f04 <main+0x5cc>
    8edc:	00500993          	li	s3,5
    8ee0:	01378e63          	beq	a5,s3,8efc <main+0x5c4>
    8ee4:	00600f93          	li	t6,6
    8ee8:	01f78663          	beq	a5,t6,8ef4 <main+0x5bc>
    8eec:	000f2023          	sw	zero,0(t5)
    8ef0:	004f0f13          	addi	t5,t5,4
    8ef4:	000f2023          	sw	zero,0(t5)
    8ef8:	004f0f13          	addi	t5,t5,4
    8efc:	000f2023          	sw	zero,0(t5)
    8f00:	004f0f13          	addi	t5,t5,4
    8f04:	000f2023          	sw	zero,0(t5)
    8f08:	004f0f13          	addi	t5,t5,4
    8f0c:	000f2023          	sw	zero,0(t5)
    8f10:	004f0f13          	addi	t5,t5,4
    8f14:	000f2023          	sw	zero,0(t5)
    8f18:	004f0f13          	addi	t5,t5,4
    8f1c:	000f2023          	sw	zero,0(t5)
    8f20:	004f0f13          	addi	t5,t5,4
    8f24:	028f0663          	beq	t5,s0,8f50 <main+0x618>
    8f28:	000f2023          	sw	zero,0(t5)
    8f2c:	000f2223          	sw	zero,4(t5)
    8f30:	000f2423          	sw	zero,8(t5)
    8f34:	000f2623          	sw	zero,12(t5)
    8f38:	000f2823          	sw	zero,16(t5)
    8f3c:	000f2a23          	sw	zero,20(t5)
    8f40:	000f2c23          	sw	zero,24(t5)
    8f44:	000f2e23          	sw	zero,28(t5)
    8f48:	020f0f13          	addi	t5,t5,32
    8f4c:	fc8f1ee3          	bne	t5,s0,8f28 <main+0x5f0>
    8f50:	067c0063          	beq	s8,t2,8fb0 <main+0x678>
    8f54:	016c0bb3          	add	s7,s8,s6
    8f58:	001b8513          	addi	a0,s7,1
    8f5c:	017582b3          	add	t0,a1,s7
    8f60:	00028023          	sb	zero,0(t0)
    8f64:	05057663          	bgeu	a0,a6,8fb0 <main+0x678>
    8f68:	00a588b3          	add	a7,a1,a0
    8f6c:	00088023          	sb	zero,0(a7)
    8f70:	002b8e93          	addi	t4,s7,2
    8f74:	030efe63          	bgeu	t4,a6,8fb0 <main+0x678>
    8f78:	01d58333          	add	t1,a1,t4
    8f7c:	00030023          	sb	zero,0(t1)
    8f80:	003b8e13          	addi	t3,s7,3
    8f84:	030e7663          	bgeu	t3,a6,8fb0 <main+0x678>
    8f88:	01c58ab3          	add	s5,a1,t3
    8f8c:	000a8023          	sb	zero,0(s5)
    8f90:	004b8b13          	addi	s6,s7,4
    8f94:	010b7e63          	bgeu	s6,a6,8fb0 <main+0x678>
    8f98:	016582b3          	add	t0,a1,s6
    8f9c:	00028023          	sb	zero,0(t0)
    8fa0:	005b8513          	addi	a0,s7,5
    8fa4:	01057663          	bgeu	a0,a6,8fb0 <main+0x678>
    8fa8:	00a58833          	add	a6,a1,a0
    8fac:	00080023          	sb	zero,0(a6)
    8fb0:	05812983          	lw	s3,88(sp)
    8fb4:	20099ae3          	bnez	s3,99c8 <main+0x1090>
    8fb8:	ffffa5b7          	lui	a1,0xffffa
    8fbc:	05f5e737          	lui	a4,0x5f5e
    8fc0:	00158b93          	addi	s7,a1,1 # ffffa001 <__stack_top+0xfffea001>
    8fc4:	0ff70c13          	addi	s8,a4,255 # 5f5e0ff <__stack_top+0x5f4e0ff>
    8fc8:	00100993          	li	s3,1
    8fcc:	00299693          	slli	a3,s3,0x2
    8fd0:	013683b3          	add	t2,a3,s3
    8fd4:	00139993          	slli	s3,t2,0x1
    8fd8:	05312c23          	sw	s3,88(sp)
    8fdc:	b02027f3          	csrr	a5,minstret
    8fe0:	b03027f3          	csrr	a5,mhpmcounter3
    8fe4:	b04027f3          	csrr	a5,mhpmcounter4
    8fe8:	b05027f3          	csrr	a5,mhpmcounter5
    8fec:	b06027f3          	csrr	a5,mhpmcounter6
    8ff0:	b07027f3          	csrr	a5,mhpmcounter7
    8ff4:	b08027f3          	csrr	a5,mhpmcounter8
    8ff8:	b09027f3          	csrr	a5,mhpmcounter9
    8ffc:	b0a027f3          	csrr	a5,mhpmcounter10
    9000:	b0b027f3          	csrr	a5,mhpmcounter11
    9004:	c0002d73          	rdcycle	s10
    9008:	06012a23          	sw	zero,116(sp)
    900c:	06012c23          	sw	zero,120(sp)
    9010:	160982e3          	beqz	s3,9974 <main+0x103c>
    9014:	00100593          	li	a1,1
    9018:	03c10513          	addi	a0,sp,60
    901c:	aacfc0ef          	jal	52c8 <core_bench_list>
    9020:	07415903          	lhu	s2,116(sp)
    9024:	0ff57493          	zext.b	s1,a0
    9028:	0014d413          	srli	s0,s1,0x1
    902c:	0124c7b3          	xor	a5,s1,s2
    9030:	01f79c93          	slli	s9,a5,0x1f
    9034:	41fcd613          	srai	a2,s9,0x1f
    9038:	00195d93          	srli	s11,s2,0x1
    903c:	01767a33          	and	s4,a2,s7
    9040:	01ba4fb3          	xor	t6,s4,s11
    9044:	010f9f13          	slli	t5,t6,0x10
    9048:	010f5893          	srli	a7,t5,0x10
    904c:	01144e33          	xor	t3,s0,a7
    9050:	01fe1a93          	slli	s5,t3,0x1f
    9054:	41fadb13          	srai	s6,s5,0x1f
    9058:	0018d293          	srli	t0,a7,0x1
    905c:	017b7833          	and	a6,s6,s7
    9060:	005845b3          	xor	a1,a6,t0
    9064:	01059713          	slli	a4,a1,0x10
    9068:	01075393          	srli	t2,a4,0x10
    906c:	0024de93          	srli	t4,s1,0x2
    9070:	007ec433          	xor	s0,t4,t2
    9074:	01f41793          	slli	a5,s0,0x1f
    9078:	41f7dc93          	srai	s9,a5,0x1f
    907c:	0013d613          	srli	a2,t2,0x1
    9080:	017cfdb3          	and	s11,s9,s7
    9084:	00cdca33          	xor	s4,s11,a2
    9088:	010a1f93          	slli	t6,s4,0x10
    908c:	010fdf13          	srli	t5,t6,0x10
    9090:	0034d313          	srli	t1,s1,0x3
    9094:	01e348b3          	xor	a7,t1,t5
    9098:	01f89313          	slli	t1,a7,0x1f
    909c:	41f35e13          	srai	t3,t1,0x1f
    90a0:	001f5a93          	srli	s5,t5,0x1
    90a4:	017e7b33          	and	s6,t3,s7
    90a8:	015b42b3          	xor	t0,s6,s5
    90ac:	01029813          	slli	a6,t0,0x10
    90b0:	01085593          	srli	a1,a6,0x10
    90b4:	0044d693          	srli	a3,s1,0x4
    90b8:	00b6c733          	xor	a4,a3,a1
    90bc:	01f71693          	slli	a3,a4,0x1f
    90c0:	41f6d413          	srai	s0,a3,0x1f
    90c4:	0015d793          	srli	a5,a1,0x1
    90c8:	01747cb3          	and	s9,s0,s7
    90cc:	00fcc633          	xor	a2,s9,a5
    90d0:	01061d93          	slli	s11,a2,0x10
    90d4:	010dda13          	srli	s4,s11,0x10
    90d8:	0054d913          	srli	s2,s1,0x5
    90dc:	01494933          	xor	s2,s2,s4
    90e0:	01f91893          	slli	a7,s2,0x1f
    90e4:	41f8d313          	srai	t1,a7,0x1f
    90e8:	001a5e13          	srli	t3,s4,0x1
    90ec:	01737ab3          	and	s5,t1,s7
    90f0:	01cacb33          	xor	s6,s5,t3
    90f4:	010b1293          	slli	t0,s6,0x10
    90f8:	0102d593          	srli	a1,t0,0x10
    90fc:	0064de93          	srli	t4,s1,0x6
    9100:	00beceb3          	xor	t4,t4,a1
    9104:	00855513          	srli	a0,a0,0x8
    9108:	0ff57393          	zext.b	t2,a0
    910c:	01fe9513          	slli	a0,t4,0x1f
    9110:	41f55693          	srai	a3,a0,0x1f
    9114:	0015d713          	srli	a4,a1,0x1
    9118:	0176f7b3          	and	a5,a3,s7
    911c:	00e7ccb3          	xor	s9,a5,a4
    9120:	010c9613          	slli	a2,s9,0x10
    9124:	01065d93          	srli	s11,a2,0x10
    9128:	0074d493          	srli	s1,s1,0x7
    912c:	01b4c4b3          	xor	s1,s1,s11
    9130:	01f49893          	slli	a7,s1,0x1f
    9134:	41f8d313          	srai	t1,a7,0x1f
    9138:	001dde13          	srli	t3,s11,0x1
    913c:	01737ab3          	and	s5,t1,s7
    9140:	01cacb33          	xor	s6,s5,t3
    9144:	010b1293          	slli	t0,s6,0x10
    9148:	0102d593          	srli	a1,t0,0x10
    914c:	0013df93          	srli	t6,t2,0x1
    9150:	0023df13          	srli	t5,t2,0x2
    9154:	0033d413          	srli	s0,t2,0x3
    9158:	0043d813          	srli	a6,t2,0x4
    915c:	0053da13          	srli	s4,t2,0x5
    9160:	0063d913          	srli	s2,t2,0x6
    9164:	0073dc93          	srli	s9,t2,0x7
    9168:	00b3c3b3          	xor	t2,t2,a1
    916c:	01f39e93          	slli	t4,t2,0x1f
    9170:	41fed693          	srai	a3,t4,0x1f
    9174:	0015d713          	srli	a4,a1,0x1
    9178:	0176f7b3          	and	a5,a3,s7
    917c:	00e7c633          	xor	a2,a5,a4
    9180:	01061d93          	slli	s11,a2,0x10
    9184:	010dd493          	srli	s1,s11,0x10
    9188:	009fcfb3          	xor	t6,t6,s1
    918c:	01ff9893          	slli	a7,t6,0x1f
    9190:	41f8d313          	srai	t1,a7,0x1f
    9194:	0014de13          	srli	t3,s1,0x1
    9198:	01737ab3          	and	s5,t1,s7
    919c:	01cacb33          	xor	s6,s5,t3
    91a0:	010b1293          	slli	t0,s6,0x10
    91a4:	0102d393          	srli	t2,t0,0x10
    91a8:	007f4f33          	xor	t5,t5,t2
    91ac:	01ff1e93          	slli	t4,t5,0x1f
    91b0:	41fed693          	srai	a3,t4,0x1f
    91b4:	0013d713          	srli	a4,t2,0x1
    91b8:	0176f7b3          	and	a5,a3,s7
    91bc:	00e7c633          	xor	a2,a5,a4
    91c0:	01061d93          	slli	s11,a2,0x10
    91c4:	010dd493          	srli	s1,s11,0x10
    91c8:	00944433          	xor	s0,s0,s1
    91cc:	01f41f93          	slli	t6,s0,0x1f
    91d0:	41ffd893          	srai	a7,t6,0x1f
    91d4:	0014d313          	srli	t1,s1,0x1
    91d8:	0178fe33          	and	t3,a7,s7
    91dc:	006e4ab3          	xor	s5,t3,t1
    91e0:	010a9b13          	slli	s6,s5,0x10
    91e4:	010b5293          	srli	t0,s6,0x10
    91e8:	00584833          	xor	a6,a6,t0
    91ec:	01f81393          	slli	t2,a6,0x1f
    91f0:	41f3df13          	srai	t5,t2,0x1f
    91f4:	0012de93          	srli	t4,t0,0x1
    91f8:	017f76b3          	and	a3,t5,s7
    91fc:	01d6c733          	xor	a4,a3,t4
    9200:	01071793          	slli	a5,a4,0x10
    9204:	0107d613          	srli	a2,a5,0x10
    9208:	00ca4a33          	xor	s4,s4,a2
    920c:	01fa1d93          	slli	s11,s4,0x1f
    9210:	41fdd493          	srai	s1,s11,0x1f
    9214:	0174ffb3          	and	t6,s1,s7
    9218:	00165413          	srli	s0,a2,0x1
    921c:	008fc8b3          	xor	a7,t6,s0
    9220:	01089313          	slli	t1,a7,0x10
    9224:	01035e13          	srli	t3,t1,0x10
    9228:	01c94933          	xor	s2,s2,t3
    922c:	01f91a93          	slli	s5,s2,0x1f
    9230:	41fadb13          	srai	s6,s5,0x1f
    9234:	001e5293          	srli	t0,t3,0x1
    9238:	017b7833          	and	a6,s6,s7
    923c:	005843b3          	xor	t2,a6,t0
    9240:	01039f13          	slli	t5,t2,0x10
    9244:	010f5e93          	srli	t4,t5,0x10
    9248:	01dcccb3          	xor	s9,s9,t4
    924c:	01fc9693          	slli	a3,s9,0x1f
    9250:	41f6d713          	srai	a4,a3,0x1f
    9254:	001ed793          	srli	a5,t4,0x1
    9258:	01777633          	and	a2,a4,s7
    925c:	00f64a33          	xor	s4,a2,a5
    9260:	fff00593          	li	a1,-1
    9264:	03c10513          	addi	a0,sp,60
    9268:	07411a23          	sh	s4,116(sp)
    926c:	85cfc0ef          	jal	52c8 <core_bench_list>
    9270:	07415583          	lhu	a1,116(sp)
    9274:	0ff57d93          	zext.b	s11,a0
    9278:	001dd493          	srli	s1,s11,0x1
    927c:	00bdc433          	xor	s0,s11,a1
    9280:	01f41f93          	slli	t6,s0,0x1f
    9284:	41ffd893          	srai	a7,t6,0x1f
    9288:	0015d313          	srli	t1,a1,0x1
    928c:	0178fe33          	and	t3,a7,s7
    9290:	006e4933          	xor	s2,t3,t1
    9294:	01091a93          	slli	s5,s2,0x10
    9298:	010adb13          	srli	s6,s5,0x10
    929c:	0164c833          	xor	a6,s1,s6
    92a0:	01f81f13          	slli	t5,a6,0x1f
    92a4:	41ff5e93          	srai	t4,t5,0x1f
    92a8:	001b5c93          	srli	s9,s6,0x1
    92ac:	017ef6b3          	and	a3,t4,s7
    92b0:	0196c733          	xor	a4,a3,s9
    92b4:	01071793          	slli	a5,a4,0x10
    92b8:	0107d613          	srli	a2,a5,0x10
    92bc:	002dd293          	srli	t0,s11,0x2
    92c0:	00c2c5b3          	xor	a1,t0,a2
    92c4:	01f59413          	slli	s0,a1,0x1f
    92c8:	41f45f93          	srai	t6,s0,0x1f
    92cc:	00165893          	srli	a7,a2,0x1
    92d0:	017ff333          	and	t1,t6,s7
    92d4:	01134e33          	xor	t3,t1,a7
    92d8:	010e1913          	slli	s2,t3,0x10
    92dc:	01095a93          	srli	s5,s2,0x10
    92e0:	003dd393          	srli	t2,s11,0x3
    92e4:	0153c2b3          	xor	t0,t2,s5
    92e8:	01f29393          	slli	t2,t0,0x1f
    92ec:	41f3d813          	srai	a6,t2,0x1f
    92f0:	001adf13          	srli	t5,s5,0x1
    92f4:	01787eb3          	and	t4,a6,s7
    92f8:	01eeccb3          	xor	s9,t4,t5
    92fc:	010c9693          	slli	a3,s9,0x10
    9300:	0106d713          	srli	a4,a3,0x10
    9304:	004dda13          	srli	s4,s11,0x4
    9308:	00ea4633          	xor	a2,s4,a4
    930c:	01f61a13          	slli	s4,a2,0x1f
    9310:	41fa5413          	srai	s0,s4,0x1f
    9314:	00175593          	srli	a1,a4,0x1
    9318:	01747fb3          	and	t6,s0,s7
    931c:	00bfc8b3          	xor	a7,t6,a1
    9320:	01089313          	slli	t1,a7,0x10
    9324:	01035e13          	srli	t3,t1,0x10
    9328:	005dd493          	srli	s1,s11,0x5
    932c:	01c4c4b3          	xor	s1,s1,t3
    9330:	01f49293          	slli	t0,s1,0x1f
    9334:	41f2d393          	srai	t2,t0,0x1f
    9338:	001e5813          	srli	a6,t3,0x1
    933c:	0173ff33          	and	t5,t2,s7
    9340:	010f4eb3          	xor	t4,t5,a6
    9344:	010e9c93          	slli	s9,t4,0x10
    9348:	010cd713          	srli	a4,s9,0x10
    934c:	006ddb13          	srli	s6,s11,0x6
    9350:	00eb4b33          	xor	s6,s6,a4
    9354:	01fb1693          	slli	a3,s6,0x1f
    9358:	41f6d613          	srai	a2,a3,0x1f
    935c:	00175a13          	srli	s4,a4,0x1
    9360:	017675b3          	and	a1,a2,s7
    9364:	0145cfb3          	xor	t6,a1,s4
    9368:	010f9893          	slli	a7,t6,0x10
    936c:	0108d313          	srli	t1,a7,0x10
    9370:	007ddd93          	srli	s11,s11,0x7
    9374:	006dcdb3          	xor	s11,s11,t1
    9378:	01fd9e13          	slli	t3,s11,0x1f
    937c:	41fe5393          	srai	t2,t3,0x1f
    9380:	00135813          	srli	a6,t1,0x1
    9384:	0173ff33          	and	t5,t2,s7
    9388:	010f4eb3          	xor	t4,t5,a6
    938c:	010e9c93          	slli	s9,t4,0x10
    9390:	00855513          	srli	a0,a0,0x8
    9394:	0ff57793          	zext.b	a5,a0
    9398:	010cd713          	srli	a4,s9,0x10
    939c:	0017d913          	srli	s2,a5,0x1
    93a0:	0027da93          	srli	s5,a5,0x2
    93a4:	0037d513          	srli	a0,a5,0x3
    93a8:	0047d413          	srli	s0,a5,0x4
    93ac:	0057d493          	srli	s1,a5,0x5
    93b0:	0067d293          	srli	t0,a5,0x6
    93b4:	0077db13          	srli	s6,a5,0x7
    93b8:	00e7c7b3          	xor	a5,a5,a4
    93bc:	01f79693          	slli	a3,a5,0x1f
    93c0:	41f6d613          	srai	a2,a3,0x1f
    93c4:	00175593          	srli	a1,a4,0x1
    93c8:	01767fb3          	and	t6,a2,s7
    93cc:	00bfc8b3          	xor	a7,t6,a1
    93d0:	01089313          	slli	t1,a7,0x10
    93d4:	01035d93          	srli	s11,t1,0x10
    93d8:	01b94933          	xor	s2,s2,s11
    93dc:	01f91e13          	slli	t3,s2,0x1f
    93e0:	41fe5393          	srai	t2,t3,0x1f
    93e4:	001ddf13          	srli	t5,s11,0x1
    93e8:	0173f833          	and	a6,t2,s7
    93ec:	01e84eb3          	xor	t4,a6,t5
    93f0:	010e9c93          	slli	s9,t4,0x10
    93f4:	010cd713          	srli	a4,s9,0x10
    93f8:	00eacab3          	xor	s5,s5,a4
    93fc:	01fa9793          	slli	a5,s5,0x1f
    9400:	41f7d693          	srai	a3,a5,0x1f
    9404:	00175613          	srli	a2,a4,0x1
    9408:	0176f5b3          	and	a1,a3,s7
    940c:	00c5cfb3          	xor	t6,a1,a2
    9410:	010f9893          	slli	a7,t6,0x10
    9414:	0108d313          	srli	t1,a7,0x10
    9418:	00654533          	xor	a0,a0,t1
    941c:	01f51d93          	slli	s11,a0,0x1f
    9420:	41fdd913          	srai	s2,s11,0x1f
    9424:	00135e13          	srli	t3,t1,0x1
    9428:	017973b3          	and	t2,s2,s7
    942c:	01c3cf33          	xor	t5,t2,t3
    9430:	010f1813          	slli	a6,t5,0x10
    9434:	01085e93          	srli	t4,a6,0x10
    9438:	01d44433          	xor	s0,s0,t4
    943c:	01f41c93          	slli	s9,s0,0x1f
    9440:	41fcd713          	srai	a4,s9,0x1f
    9444:	001eda93          	srli	s5,t4,0x1
    9448:	017777b3          	and	a5,a4,s7
    944c:	0157c6b3          	xor	a3,a5,s5
    9450:	01069613          	slli	a2,a3,0x10
    9454:	01065f93          	srli	t6,a2,0x10
    9458:	01f4c4b3          	xor	s1,s1,t6
    945c:	01f49593          	slli	a1,s1,0x1f
    9460:	41f5d893          	srai	a7,a1,0x1f
    9464:	001fd313          	srli	t1,t6,0x1
    9468:	0178f533          	and	a0,a7,s7
    946c:	00654db3          	xor	s11,a0,t1
    9470:	010d9913          	slli	s2,s11,0x10
    9474:	01095e13          	srli	t3,s2,0x10
    9478:	01c2c2b3          	xor	t0,t0,t3
    947c:	01f29393          	slli	t2,t0,0x1f
    9480:	41f3df13          	srai	t5,t2,0x1f
    9484:	001e5813          	srli	a6,t3,0x1
    9488:	017f7eb3          	and	t4,t5,s7
    948c:	010ec433          	xor	s0,t4,a6
    9490:	01041c93          	slli	s9,s0,0x10
    9494:	010cda93          	srli	s5,s9,0x10
    9498:	015b4b33          	xor	s6,s6,s5
    949c:	01fb1713          	slli	a4,s6,0x1f
    94a0:	41f75693          	srai	a3,a4,0x1f
    94a4:	001ad793          	srli	a5,s5,0x1
    94a8:	0176f633          	and	a2,a3,s7
    94ac:	00f64fb3          	xor	t6,a2,a5
    94b0:	010f9493          	slli	s1,t6,0x10
    94b4:	0104d593          	srli	a1,s1,0x10
    94b8:	010f9893          	slli	a7,t6,0x10
    94bc:	0115e333          	or	t1,a1,a7
    94c0:	00100a13          	li	s4,1
    94c4:	06612a23          	sw	t1,116(sp)
    94c8:	00100593          	li	a1,1
    94cc:	03c10513          	addi	a0,sp,60
    94d0:	df9fb0ef          	jal	52c8 <core_bench_list>
    94d4:	07415d83          	lhu	s11,116(sp)
    94d8:	0ff57913          	zext.b	s2,a0
    94dc:	00195e13          	srli	t3,s2,0x1
    94e0:	01b942b3          	xor	t0,s2,s11
    94e4:	01f29393          	slli	t2,t0,0x1f
    94e8:	41f3df13          	srai	t5,t2,0x1f
    94ec:	001dd813          	srli	a6,s11,0x1
    94f0:	017f7eb3          	and	t4,t5,s7
    94f4:	010ec433          	xor	s0,t4,a6
    94f8:	01041c93          	slli	s9,s0,0x10
    94fc:	010cda93          	srli	s5,s9,0x10
    9500:	015e4733          	xor	a4,t3,s5
    9504:	01f71693          	slli	a3,a4,0x1f
    9508:	41f6d793          	srai	a5,a3,0x1f
    950c:	001ad493          	srli	s1,s5,0x1
    9510:	0177f633          	and	a2,a5,s7
    9514:	009645b3          	xor	a1,a2,s1
    9518:	01059893          	slli	a7,a1,0x10
    951c:	0108d313          	srli	t1,a7,0x10
    9520:	00295b13          	srli	s6,s2,0x2
    9524:	006b4e33          	xor	t3,s6,t1
    9528:	01fe1393          	slli	t2,t3,0x1f
    952c:	41f3df13          	srai	t5,t2,0x1f
    9530:	00135813          	srli	a6,t1,0x1
    9534:	017f7eb3          	and	t4,t5,s7
    9538:	010ec433          	xor	s0,t4,a6
    953c:	01041c93          	slli	s9,s0,0x10
    9540:	010cda93          	srli	s5,s9,0x10
    9544:	00395f93          	srli	t6,s2,0x3
    9548:	015fcfb3          	xor	t6,t6,s5
    954c:	01ff9713          	slli	a4,t6,0x1f
    9550:	41f75693          	srai	a3,a4,0x1f
    9554:	001ad793          	srli	a5,s5,0x1
    9558:	0176f4b3          	and	s1,a3,s7
    955c:	00f4c633          	xor	a2,s1,a5
    9560:	01061593          	slli	a1,a2,0x10
    9564:	0105d893          	srli	a7,a1,0x10
    9568:	00495d93          	srli	s11,s2,0x4
    956c:	011dc333          	xor	t1,s11,a7
    9570:	01f31d93          	slli	s11,t1,0x1f
    9574:	41fdde13          	srai	t3,s11,0x1f
    9578:	0018df13          	srli	t5,a7,0x1
    957c:	017e7833          	and	a6,t3,s7
    9580:	01e84eb3          	xor	t4,a6,t5
    9584:	010e9413          	slli	s0,t4,0x10
    9588:	01045c93          	srli	s9,s0,0x10
    958c:	00595293          	srli	t0,s2,0x5
    9590:	0192c2b3          	xor	t0,t0,s9
    9594:	01f29713          	slli	a4,t0,0x1f
    9598:	41f75793          	srai	a5,a4,0x1f
    959c:	001cd693          	srli	a3,s9,0x1
    95a0:	0177f4b3          	and	s1,a5,s7
    95a4:	00d4c633          	xor	a2,s1,a3
    95a8:	01061593          	slli	a1,a2,0x10
    95ac:	00855513          	srli	a0,a0,0x8
    95b0:	0ff57393          	zext.b	t2,a0
    95b4:	00695b13          	srli	s6,s2,0x6
    95b8:	0105d513          	srli	a0,a1,0x10
    95bc:	00ab4b33          	xor	s6,s6,a0
    95c0:	01fb1313          	slli	t1,s6,0x1f
    95c4:	41f35e13          	srai	t3,t1,0x1f
    95c8:	00155f13          	srli	t5,a0,0x1
    95cc:	017e7833          	and	a6,t3,s7
    95d0:	01e84eb3          	xor	t4,a6,t5
    95d4:	010e9413          	slli	s0,t4,0x10
    95d8:	01045c93          	srli	s9,s0,0x10
    95dc:	00795913          	srli	s2,s2,0x7
    95e0:	01994933          	xor	s2,s2,s9
    95e4:	01f91793          	slli	a5,s2,0x1f
    95e8:	41f7d693          	srai	a3,a5,0x1f
    95ec:	001cd493          	srli	s1,s9,0x1
    95f0:	0176f633          	and	a2,a3,s7
    95f4:	009645b3          	xor	a1,a2,s1
    95f8:	01059513          	slli	a0,a1,0x10
    95fc:	01055b13          	srli	s6,a0,0x10
    9600:	0013da93          	srli	s5,t2,0x1
    9604:	0023df93          	srli	t6,t2,0x2
    9608:	0033d893          	srli	a7,t2,0x3
    960c:	0043dd93          	srli	s11,t2,0x4
    9610:	0053d293          	srli	t0,t2,0x5
    9614:	0063d713          	srli	a4,t2,0x6
    9618:	0073df13          	srli	t5,t2,0x7
    961c:	0163c3b3          	xor	t2,t2,s6
    9620:	01f39313          	slli	t1,t2,0x1f
    9624:	41f35e13          	srai	t3,t1,0x1f
    9628:	001b5813          	srli	a6,s6,0x1
    962c:	017e7eb3          	and	t4,t3,s7
    9630:	010ec433          	xor	s0,t4,a6
    9634:	01041c93          	slli	s9,s0,0x10
    9638:	010cd913          	srli	s2,s9,0x10
    963c:	012acab3          	xor	s5,s5,s2
    9640:	01fa9793          	slli	a5,s5,0x1f
    9644:	41f7d693          	srai	a3,a5,0x1f
    9648:	00195493          	srli	s1,s2,0x1
    964c:	0176f633          	and	a2,a3,s7
    9650:	00964b33          	xor	s6,a2,s1
    9654:	010b1393          	slli	t2,s6,0x10
    9658:	0103d313          	srli	t1,t2,0x10
    965c:	006fcfb3          	xor	t6,t6,t1
    9660:	01ff9e13          	slli	t3,t6,0x1f
    9664:	41fe5813          	srai	a6,t3,0x1f
    9668:	00135e93          	srli	t4,t1,0x1
    966c:	01787433          	and	s0,a6,s7
    9670:	01d44cb3          	xor	s9,s0,t4
    9674:	010c9913          	slli	s2,s9,0x10
    9678:	01095a93          	srli	s5,s2,0x10
    967c:	0158c8b3          	xor	a7,a7,s5
    9680:	01f89793          	slli	a5,a7,0x1f
    9684:	41f7d693          	srai	a3,a5,0x1f
    9688:	001ad493          	srli	s1,s5,0x1
    968c:	0176f633          	and	a2,a3,s7
    9690:	00964b33          	xor	s6,a2,s1
    9694:	010b1393          	slli	t2,s6,0x10
    9698:	0103d313          	srli	t1,t2,0x10
    969c:	006dcdb3          	xor	s11,s11,t1
    96a0:	01fd9f93          	slli	t6,s11,0x1f
    96a4:	41ffde13          	srai	t3,t6,0x1f
    96a8:	00135813          	srli	a6,t1,0x1
    96ac:	017e7eb3          	and	t4,t3,s7
    96b0:	010ec433          	xor	s0,t4,a6
    96b4:	01041c93          	slli	s9,s0,0x10
    96b8:	010cd913          	srli	s2,s9,0x10
    96bc:	0122c2b3          	xor	t0,t0,s2
    96c0:	01f29a93          	slli	s5,t0,0x1f
    96c4:	41fad893          	srai	a7,s5,0x1f
    96c8:	00195793          	srli	a5,s2,0x1
    96cc:	0178f6b3          	and	a3,a7,s7
    96d0:	00f6c4b3          	xor	s1,a3,a5
    96d4:	01049613          	slli	a2,s1,0x10
    96d8:	01065b13          	srli	s6,a2,0x10
    96dc:	01674733          	xor	a4,a4,s6
    96e0:	01f71393          	slli	t2,a4,0x1f
    96e4:	41f3d313          	srai	t1,t2,0x1f
    96e8:	01737fb3          	and	t6,t1,s7
    96ec:	001b5d93          	srli	s11,s6,0x1
    96f0:	01bfce33          	xor	t3,t6,s11
    96f4:	010e1813          	slli	a6,t3,0x10
    96f8:	01085e93          	srli	t4,a6,0x10
    96fc:	01df4f33          	xor	t5,t5,t4
    9700:	01ff1413          	slli	s0,t5,0x1f
    9704:	41f45c93          	srai	s9,s0,0x1f
    9708:	001ed913          	srli	s2,t4,0x1
    970c:	017cf2b3          	and	t0,s9,s7
    9710:	0122cab3          	xor	s5,t0,s2
    9714:	fff00593          	li	a1,-1
    9718:	03c10513          	addi	a0,sp,60
    971c:	07511a23          	sh	s5,116(sp)
    9720:	ba9fb0ef          	jal	52c8 <core_bench_list>
    9724:	07415583          	lhu	a1,116(sp)
    9728:	0ff57893          	zext.b	a7,a0
    972c:	0018d493          	srli	s1,a7,0x1
    9730:	00b8c7b3          	xor	a5,a7,a1
    9734:	01f79693          	slli	a3,a5,0x1f
    9738:	41f6d613          	srai	a2,a3,0x1f
    973c:	0015db13          	srli	s6,a1,0x1
    9740:	01767733          	and	a4,a2,s7
    9744:	016743b3          	xor	t2,a4,s6
    9748:	01039313          	slli	t1,t2,0x10
    974c:	01035d93          	srli	s11,t1,0x10
    9750:	01b4c833          	xor	a6,s1,s11
    9754:	01f81e93          	slli	t4,a6,0x1f
    9758:	41fedf13          	srai	t5,t4,0x1f
    975c:	001dd413          	srli	s0,s11,0x1
    9760:	017f7cb3          	and	s9,t5,s7
    9764:	008cc933          	xor	s2,s9,s0
    9768:	01091293          	slli	t0,s2,0x10
    976c:	0102da93          	srli	s5,t0,0x10
    9770:	0028df93          	srli	t6,a7,0x2
    9774:	015fc5b3          	xor	a1,t6,s5
    9778:	01f59793          	slli	a5,a1,0x1f
    977c:	41f7d693          	srai	a3,a5,0x1f
    9780:	001ad613          	srli	a2,s5,0x1
    9784:	0176f733          	and	a4,a3,s7
    9788:	00c743b3          	xor	t2,a4,a2
    978c:	01039313          	slli	t1,t2,0x10
    9790:	01035d93          	srli	s11,t1,0x10
    9794:	0038de13          	srli	t3,a7,0x3
    9798:	01be4e33          	xor	t3,t3,s11
    979c:	01fe1813          	slli	a6,t3,0x1f
    97a0:	41f85e93          	srai	t4,a6,0x1f
    97a4:	001ddf13          	srli	t5,s11,0x1
    97a8:	017ef433          	and	s0,t4,s7
    97ac:	01e44cb3          	xor	s9,s0,t5
    97b0:	010c9913          	slli	s2,s9,0x10
    97b4:	01095293          	srli	t0,s2,0x10
    97b8:	0048d493          	srli	s1,a7,0x4
    97bc:	0054c4b3          	xor	s1,s1,t0
    97c0:	01f49593          	slli	a1,s1,0x1f
    97c4:	41f5d793          	srai	a5,a1,0x1f
    97c8:	0012d613          	srli	a2,t0,0x1
    97cc:	0177f6b3          	and	a3,a5,s7
    97d0:	00c6c733          	xor	a4,a3,a2
    97d4:	01071393          	slli	t2,a4,0x10
    97d8:	0103dd93          	srli	s11,t2,0x10
    97dc:	0058db13          	srli	s6,a7,0x5
    97e0:	01bb4b33          	xor	s6,s6,s11
    97e4:	01fb1e13          	slli	t3,s6,0x1f
    97e8:	41fe5e93          	srai	t4,t3,0x1f
    97ec:	001ddf13          	srli	t5,s11,0x1
    97f0:	017ef433          	and	s0,t4,s7
    97f4:	01e44cb3          	xor	s9,s0,t5
    97f8:	010c9913          	slli	s2,s9,0x10
    97fc:	01095293          	srli	t0,s2,0x10
    9800:	0068df93          	srli	t6,a7,0x6
    9804:	005fcfb3          	xor	t6,t6,t0
    9808:	01ff9593          	slli	a1,t6,0x1f
    980c:	41f5d793          	srai	a5,a1,0x1f
    9810:	0012d693          	srli	a3,t0,0x1
    9814:	0177f633          	and	a2,a5,s7
    9818:	00d64733          	xor	a4,a2,a3
    981c:	01071393          	slli	t2,a4,0x10
    9820:	0103dd93          	srli	s11,t2,0x10
    9824:	0078d893          	srli	a7,a7,0x7
    9828:	01b8c8b3          	xor	a7,a7,s11
    982c:	01f89e13          	slli	t3,a7,0x1f
    9830:	41fe5f13          	srai	t5,t3,0x1f
    9834:	001dd413          	srli	s0,s11,0x1
    9838:	017f7cb3          	and	s9,t5,s7
    983c:	008cc933          	xor	s2,s9,s0
    9840:	01091293          	slli	t0,s2,0x10
    9844:	00855513          	srli	a0,a0,0x8
    9848:	0ff57a93          	zext.b	s5,a0
    984c:	0102df93          	srli	t6,t0,0x10
    9850:	001ad813          	srli	a6,s5,0x1
    9854:	002ad313          	srli	t1,s5,0x2
    9858:	003ad513          	srli	a0,s5,0x3
    985c:	004ad493          	srli	s1,s5,0x4
    9860:	005adb13          	srli	s6,s5,0x5
    9864:	006ade93          	srli	t4,s5,0x6
    9868:	007ad613          	srli	a2,s5,0x7
    986c:	01facab3          	xor	s5,s5,t6
    9870:	01fa9593          	slli	a1,s5,0x1f
    9874:	41f5d793          	srai	a5,a1,0x1f
    9878:	001fd693          	srli	a3,t6,0x1
    987c:	0177f733          	and	a4,a5,s7
    9880:	00d743b3          	xor	t2,a4,a3
    9884:	01039d93          	slli	s11,t2,0x10
    9888:	010dde13          	srli	t3,s11,0x10
    988c:	01c84833          	xor	a6,a6,t3
    9890:	01f81893          	slli	a7,a6,0x1f
    9894:	41f8df13          	srai	t5,a7,0x1f
    9898:	001e5413          	srli	s0,t3,0x1
    989c:	017f7cb3          	and	s9,t5,s7
    98a0:	008cc933          	xor	s2,s9,s0
    98a4:	01091293          	slli	t0,s2,0x10
    98a8:	0102df93          	srli	t6,t0,0x10
    98ac:	01f34333          	xor	t1,t1,t6
    98b0:	01f31a93          	slli	s5,t1,0x1f
    98b4:	41fad593          	srai	a1,s5,0x1f
    98b8:	001fd693          	srli	a3,t6,0x1
    98bc:	0175f7b3          	and	a5,a1,s7
    98c0:	00d7c733          	xor	a4,a5,a3
    98c4:	01071393          	slli	t2,a4,0x10
    98c8:	0103dd93          	srli	s11,t2,0x10
    98cc:	01b54533          	xor	a0,a0,s11
    98d0:	01f51e13          	slli	t3,a0,0x1f
    98d4:	41fe5813          	srai	a6,t3,0x1f
    98d8:	001dd893          	srli	a7,s11,0x1
    98dc:	01787f33          	and	t5,a6,s7
    98e0:	011f4433          	xor	s0,t5,a7
    98e4:	01041c93          	slli	s9,s0,0x10
    98e8:	010cd913          	srli	s2,s9,0x10
    98ec:	0124c4b3          	xor	s1,s1,s2
    98f0:	01f49293          	slli	t0,s1,0x1f
    98f4:	41f2df93          	srai	t6,t0,0x1f
    98f8:	00195313          	srli	t1,s2,0x1
    98fc:	017ffab3          	and	s5,t6,s7
    9900:	006ac5b3          	xor	a1,s5,t1
    9904:	01059693          	slli	a3,a1,0x10
    9908:	0106d793          	srli	a5,a3,0x10
    990c:	00fb4b33          	xor	s6,s6,a5
    9910:	01fb1713          	slli	a4,s6,0x1f
    9914:	41f75393          	srai	t2,a4,0x1f
    9918:	0017dd93          	srli	s11,a5,0x1
    991c:	0173f533          	and	a0,t2,s7
    9920:	01b54e33          	xor	t3,a0,s11
    9924:	010e1813          	slli	a6,t3,0x10
    9928:	01085893          	srli	a7,a6,0x10
    992c:	011eceb3          	xor	t4,t4,a7
    9930:	01fe9f13          	slli	t5,t4,0x1f
    9934:	41ff5413          	srai	s0,t5,0x1f
    9938:	0018dc93          	srli	s9,a7,0x1
    993c:	01747933          	and	s2,s0,s7
    9940:	019944b3          	xor	s1,s2,s9
    9944:	01049293          	slli	t0,s1,0x10
    9948:	0102df93          	srli	t6,t0,0x10
    994c:	01f64633          	xor	a2,a2,t6
    9950:	01f61313          	slli	t1,a2,0x1f
    9954:	41f35a93          	srai	s5,t1,0x1f
    9958:	001fd593          	srli	a1,t6,0x1
    995c:	017af6b3          	and	a3,s5,s7
    9960:	00b6c7b3          	xor	a5,a3,a1
    9964:	001a0a13          	addi	s4,s4,1
    9968:	06f11a23          	sh	a5,116(sp)
    996c:	b53a6ee3          	bltu	s4,s3,94c8 <main+0xb90>
    9970:	05812983          	lw	s3,88(sp)
    9974:	c0002a73          	rdcycle	s4
    9978:	b0202773          	csrr	a4,minstret
    997c:	b0302773          	csrr	a4,mhpmcounter3
    9980:	b0402773          	csrr	a4,mhpmcounter4
    9984:	b0502773          	csrr	a4,mhpmcounter5
    9988:	b0602773          	csrr	a4,mhpmcounter6
    998c:	b0702773          	csrr	a4,mhpmcounter7
    9990:	b0802773          	csrr	a4,mhpmcounter8
    9994:	b0902773          	csrr	a4,mhpmcounter9
    9998:	b0a02773          	csrr	a4,mhpmcounter10
    999c:	b0b02773          	csrr	a4,mhpmcounter11
    99a0:	41aa0d33          	sub	s10,s4,s10
    99a4:	e3ac7463          	bgeu	s8,s10,8fcc <main+0x694>
    99a8:	05f5ebb7          	lui	s7,0x5f5e
    99ac:	100b8c13          	addi	s8,s7,256 # 5f5e100 <__stack_top+0x5f4e100>
    99b0:	038d5b33          	divu	s6,s10,s8
    99b4:	00a00713          	li	a4,10
    99b8:	036753b3          	divu	t2,a4,s6
    99bc:	00138d93          	addi	s11,t2,1
    99c0:	033d89b3          	mul	s3,s11,s3
    99c4:	05312c23          	sw	s3,88(sp)
    99c8:	b0202973          	csrr	s2,minstret
    99cc:	00002797          	auipc	a5,0x2
    99d0:	3927a223          	sw	s2,900(a5) # bd50 <start_perf_val>
    99d4:	b0302773          	csrr	a4,mhpmcounter3
    99d8:	00e12223          	sw	a4,4(sp)
    99dc:	00002797          	auipc	a5,0x2
    99e0:	36e7ac23          	sw	a4,888(a5) # bd54 <start_perf_val+0x4>
    99e4:	b0402a73          	csrr	s4,mhpmcounter4
    99e8:	00002797          	auipc	a5,0x2
    99ec:	3747a823          	sw	s4,880(a5) # bd58 <start_perf_val+0x8>
    99f0:	b0502af3          	csrr	s5,mhpmcounter5
    99f4:	00002797          	auipc	a5,0x2
    99f8:	3757a423          	sw	s5,872(a5) # bd5c <start_perf_val+0xc>
    99fc:	b0602b73          	csrr	s6,mhpmcounter6
    9a00:	00002797          	auipc	a5,0x2
    9a04:	3767a023          	sw	s6,864(a5) # bd60 <start_perf_val+0x10>
    9a08:	b0702bf3          	csrr	s7,mhpmcounter7
    9a0c:	00002797          	auipc	a5,0x2
    9a10:	3577ac23          	sw	s7,856(a5) # bd64 <start_perf_val+0x14>
    9a14:	b0802c73          	csrr	s8,mhpmcounter8
    9a18:	00002797          	auipc	a5,0x2
    9a1c:	3587a823          	sw	s8,848(a5) # bd68 <start_perf_val+0x18>
    9a20:	b0902cf3          	csrr	s9,mhpmcounter9
    9a24:	00002797          	auipc	a5,0x2
    9a28:	3597a423          	sw	s9,840(a5) # bd6c <start_perf_val+0x1c>
    9a2c:	b0a02d73          	csrr	s10,mhpmcounter10
    9a30:	00002797          	auipc	a5,0x2
    9a34:	35a7a023          	sw	s10,832(a5) # bd70 <start_perf_val+0x20>
    9a38:	b0b02df3          	csrr	s11,mhpmcounter11
    9a3c:	00002797          	auipc	a5,0x2
    9a40:	33b7ac23          	sw	s11,824(a5) # bd74 <start_perf_val+0x24>
    9a44:	c00024f3          	rdcycle	s1
    9a48:	00002797          	auipc	a5,0x2
    9a4c:	3497ac23          	sw	s1,856(a5) # bda0 <start_time_val>
    9a50:	06012a23          	sw	zero,116(sp)
    9a54:	06012c23          	sw	zero,120(sp)
    9a58:	180980e3          	beqz	s3,a3d8 <main+0x1aa0>
    9a5c:	00100593          	li	a1,1
    9a60:	03c10513          	addi	a0,sp,60
    9a64:	865fb0ef          	jal	52c8 <core_bench_list>
    9a68:	07415e03          	lhu	t3,116(sp)
    9a6c:	0ff57e93          	zext.b	t4,a0
    9a70:	ffffa837          	lui	a6,0xffffa
    9a74:	01cec8b3          	xor	a7,t4,t3
    9a78:	01f89f13          	slli	t5,a7,0x1f
    9a7c:	00180413          	addi	s0,a6,1 # ffffa001 <__stack_top+0xfffea001>
    9a80:	41ff5293          	srai	t0,t5,0x1f
    9a84:	001e5f93          	srli	t6,t3,0x1
    9a88:	0082f633          	and	a2,t0,s0
    9a8c:	01f64333          	xor	t1,a2,t6
    9a90:	01031593          	slli	a1,t1,0x10
    9a94:	0105d393          	srli	t2,a1,0x10
    9a98:	001ed693          	srli	a3,t4,0x1
    9a9c:	0076c733          	xor	a4,a3,t2
    9aa0:	01f71e13          	slli	t3,a4,0x1f
    9aa4:	41fe5813          	srai	a6,t3,0x1f
    9aa8:	008878b3          	and	a7,a6,s0
    9aac:	0013df13          	srli	t5,t2,0x1
    9ab0:	01e8c2b3          	xor	t0,a7,t5
    9ab4:	01029f93          	slli	t6,t0,0x10
    9ab8:	010fd313          	srli	t1,t6,0x10
    9abc:	002ed793          	srli	a5,t4,0x2
    9ac0:	0067c633          	xor	a2,a5,t1
    9ac4:	01f61693          	slli	a3,a2,0x1f
    9ac8:	41f6d793          	srai	a5,a3,0x1f
    9acc:	0087f733          	and	a4,a5,s0
    9ad0:	00135e13          	srli	t3,t1,0x1
    9ad4:	01c74833          	xor	a6,a4,t3
    9ad8:	01081893          	slli	a7,a6,0x10
    9adc:	0108df13          	srli	t5,a7,0x10
    9ae0:	003ed593          	srli	a1,t4,0x3
    9ae4:	01e5c333          	xor	t1,a1,t5
    9ae8:	01f31593          	slli	a1,t1,0x1f
    9aec:	41f5d613          	srai	a2,a1,0x1f
    9af0:	008676b3          	and	a3,a2,s0
    9af4:	001f5793          	srli	a5,t5,0x1
    9af8:	00f6c733          	xor	a4,a3,a5
    9afc:	01071e13          	slli	t3,a4,0x10
    9b00:	010e5893          	srli	a7,t3,0x10
    9b04:	004ed393          	srli	t2,t4,0x4
    9b08:	00855f13          	srli	t5,a0,0x8
    9b0c:	0113c533          	xor	a0,t2,a7
    9b10:	01f51393          	slli	t2,a0,0x1f
    9b14:	41f3d813          	srai	a6,t2,0x1f
    9b18:	00887333          	and	t1,a6,s0
    9b1c:	0018d593          	srli	a1,a7,0x1
    9b20:	00b34633          	xor	a2,t1,a1
    9b24:	01061693          	slli	a3,a2,0x10
    9b28:	0106d713          	srli	a4,a3,0x10
    9b2c:	005ed293          	srli	t0,t4,0x5
    9b30:	00e2c2b3          	xor	t0,t0,a4
    9b34:	01f29893          	slli	a7,t0,0x1f
    9b38:	0fff7793          	zext.b	a5,t5
    9b3c:	41f8df13          	srai	t5,a7,0x1f
    9b40:	008f73b3          	and	t2,t5,s0
    9b44:	00175513          	srli	a0,a4,0x1
    9b48:	00a3c833          	xor	a6,t2,a0
    9b4c:	01081313          	slli	t1,a6,0x10
    9b50:	01035593          	srli	a1,t1,0x10
    9b54:	006edf93          	srli	t6,t4,0x6
    9b58:	00bfcfb3          	xor	t6,t6,a1
    9b5c:	01ff9613          	slli	a2,t6,0x1f
    9b60:	41f65693          	srai	a3,a2,0x1f
    9b64:	0086f8b3          	and	a7,a3,s0
    9b68:	0015df13          	srli	t5,a1,0x1
    9b6c:	01e8c3b3          	xor	t2,a7,t5
    9b70:	01039513          	slli	a0,t2,0x10
    9b74:	01055313          	srli	t1,a0,0x10
    9b78:	007ede93          	srli	t4,t4,0x7
    9b7c:	006eceb3          	xor	t4,t4,t1
    9b80:	01fe9593          	slli	a1,t4,0x1f
    9b84:	41f5d613          	srai	a2,a1,0x1f
    9b88:	008678b3          	and	a7,a2,s0
    9b8c:	00135693          	srli	a3,t1,0x1
    9b90:	00d8cf33          	xor	t5,a7,a3
    9b94:	010f1393          	slli	t2,t5,0x10
    9b98:	0103d313          	srli	t1,t2,0x10
    9b9c:	0067c533          	xor	a0,a5,t1
    9ba0:	01f51e93          	slli	t4,a0,0x1f
    9ba4:	41fed593          	srai	a1,t4,0x1f
    9ba8:	0085f633          	and	a2,a1,s0
    9bac:	00135893          	srli	a7,t1,0x1
    9bb0:	01164f33          	xor	t5,a2,a7
    9bb4:	010f1393          	slli	t2,t5,0x10
    9bb8:	0103d313          	srli	t1,t2,0x10
    9bbc:	0017de13          	srli	t3,a5,0x1
    9bc0:	006e4e33          	xor	t3,t3,t1
    9bc4:	01fe1e93          	slli	t4,t3,0x1f
    9bc8:	41fed593          	srai	a1,t4,0x1f
    9bcc:	0085f633          	and	a2,a1,s0
    9bd0:	00135893          	srli	a7,t1,0x1
    9bd4:	01164f33          	xor	t5,a2,a7
    9bd8:	010f1393          	slli	t2,t5,0x10
    9bdc:	0103de13          	srli	t3,t2,0x10
    9be0:	0027d713          	srli	a4,a5,0x2
    9be4:	01c74733          	xor	a4,a4,t3
    9be8:	01f71313          	slli	t1,a4,0x1f
    9bec:	41f35e93          	srai	t4,t1,0x1f
    9bf0:	008ef633          	and	a2,t4,s0
    9bf4:	001e5893          	srli	a7,t3,0x1
    9bf8:	01164f33          	xor	t5,a2,a7
    9bfc:	010f1393          	slli	t2,t5,0x10
    9c00:	0103d713          	srli	a4,t2,0x10
    9c04:	0037d293          	srli	t0,a5,0x3
    9c08:	00e2c2b3          	xor	t0,t0,a4
    9c0c:	01f29e13          	slli	t3,t0,0x1f
    9c10:	41fe5313          	srai	t1,t3,0x1f
    9c14:	00837eb3          	and	t4,t1,s0
    9c18:	00175613          	srli	a2,a4,0x1
    9c1c:	00cec8b3          	xor	a7,t4,a2
    9c20:	01089f13          	slli	t5,a7,0x10
    9c24:	010f5393          	srli	t2,t5,0x10
    9c28:	0047d813          	srli	a6,a5,0x4
    9c2c:	00784833          	xor	a6,a6,t2
    9c30:	01f81713          	slli	a4,a6,0x1f
    9c34:	41f75293          	srai	t0,a4,0x1f
    9c38:	0082fe33          	and	t3,t0,s0
    9c3c:	0013d313          	srli	t1,t2,0x1
    9c40:	006e4eb3          	xor	t4,t3,t1
    9c44:	010e9613          	slli	a2,t4,0x10
    9c48:	01065f13          	srli	t5,a2,0x10
    9c4c:	0057df93          	srli	t6,a5,0x5
    9c50:	01efcfb3          	xor	t6,t6,t5
    9c54:	01ff9893          	slli	a7,t6,0x1f
    9c58:	41f8d393          	srai	t2,a7,0x1f
    9c5c:	0083f733          	and	a4,t2,s0
    9c60:	001f5813          	srli	a6,t5,0x1
    9c64:	010742b3          	xor	t0,a4,a6
    9c68:	01029e13          	slli	t3,t0,0x10
    9c6c:	010e5313          	srli	t1,t3,0x10
    9c70:	0067d693          	srli	a3,a5,0x6
    9c74:	0066c6b3          	xor	a3,a3,t1
    9c78:	01f69e93          	slli	t4,a3,0x1f
    9c7c:	41fed613          	srai	a2,t4,0x1f
    9c80:	00867f33          	and	t5,a2,s0
    9c84:	00135f93          	srli	t6,t1,0x1
    9c88:	01ff48b3          	xor	a7,t5,t6
    9c8c:	01089393          	slli	t2,a7,0x10
    9c90:	0103d713          	srli	a4,t2,0x10
    9c94:	0077d793          	srli	a5,a5,0x7
    9c98:	00e7c7b3          	xor	a5,a5,a4
    9c9c:	01f79813          	slli	a6,a5,0x1f
    9ca0:	41f85293          	srai	t0,a6,0x1f
    9ca4:	0082fe33          	and	t3,t0,s0
    9ca8:	00175313          	srli	t1,a4,0x1
    9cac:	006e46b3          	xor	a3,t3,t1
    9cb0:	fff00593          	li	a1,-1
    9cb4:	03c10513          	addi	a0,sp,60
    9cb8:	06d11a23          	sh	a3,116(sp)
    9cbc:	e0cfb0ef          	jal	52c8 <core_bench_list>
    9cc0:	07415f03          	lhu	t5,116(sp)
    9cc4:	0ff57f93          	zext.b	t6,a0
    9cc8:	00050e93          	mv	t4,a0
    9ccc:	01efc533          	xor	a0,t6,t5
    9cd0:	01f51613          	slli	a2,a0,0x1f
    9cd4:	41f65893          	srai	a7,a2,0x1f
    9cd8:	001f5393          	srli	t2,t5,0x1
    9cdc:	0088f733          	and	a4,a7,s0
    9ce0:	007747b3          	xor	a5,a4,t2
    9ce4:	01079813          	slli	a6,a5,0x10
    9ce8:	01085293          	srli	t0,a6,0x10
    9cec:	001fd593          	srli	a1,t6,0x1
    9cf0:	0055c333          	xor	t1,a1,t0
    9cf4:	01f31693          	slli	a3,t1,0x1f
    9cf8:	41f6d593          	srai	a1,a3,0x1f
    9cfc:	0012d513          	srli	a0,t0,0x1
    9d00:	0085f633          	and	a2,a1,s0
    9d04:	00a648b3          	xor	a7,a2,a0
    9d08:	01089393          	slli	t2,a7,0x10
    9d0c:	0103d713          	srli	a4,t2,0x10
    9d10:	002fde13          	srli	t3,t6,0x2
    9d14:	00ee47b3          	xor	a5,t3,a4
    9d18:	01f79813          	slli	a6,a5,0x1f
    9d1c:	41f85e13          	srai	t3,a6,0x1f
    9d20:	00175313          	srli	t1,a4,0x1
    9d24:	008e76b3          	and	a3,t3,s0
    9d28:	0066c5b3          	xor	a1,a3,t1
    9d2c:	01059513          	slli	a0,a1,0x10
    9d30:	01055893          	srli	a7,a0,0x10
    9d34:	003fdf13          	srli	t5,t6,0x3
    9d38:	011f4f33          	xor	t5,t5,a7
    9d3c:	01ff1713          	slli	a4,t5,0x1f
    9d40:	41f75813          	srai	a6,a4,0x1f
    9d44:	0018d793          	srli	a5,a7,0x1
    9d48:	00887e33          	and	t3,a6,s0
    9d4c:	00fe4333          	xor	t1,t3,a5
    9d50:	01031693          	slli	a3,t1,0x10
    9d54:	0106d593          	srli	a1,a3,0x10
    9d58:	004fd293          	srli	t0,t6,0x4
    9d5c:	00b2c2b3          	xor	t0,t0,a1
    9d60:	01f29513          	slli	a0,t0,0x1f
    9d64:	41f55893          	srai	a7,a0,0x1f
    9d68:	0015d713          	srli	a4,a1,0x1
    9d6c:	0088f833          	and	a6,a7,s0
    9d70:	00e847b3          	xor	a5,a6,a4
    9d74:	01079e13          	slli	t3,a5,0x10
    9d78:	010e5693          	srli	a3,t3,0x10
    9d7c:	005fd613          	srli	a2,t6,0x5
    9d80:	00d64633          	xor	a2,a2,a3
    9d84:	01f61593          	slli	a1,a2,0x1f
    9d88:	008ede93          	srli	t4,t4,0x8
    9d8c:	0ffeff13          	zext.b	t5,t4
    9d90:	41f5de93          	srai	t4,a1,0x1f
    9d94:	0016d513          	srli	a0,a3,0x1
    9d98:	008ef8b3          	and	a7,t4,s0
    9d9c:	00a8c733          	xor	a4,a7,a0
    9da0:	01071813          	slli	a6,a4,0x10
    9da4:	01085793          	srli	a5,a6,0x10
    9da8:	006fd393          	srli	t2,t6,0x6
    9dac:	00f3c3b3          	xor	t2,t2,a5
    9db0:	01f39e13          	slli	t3,t2,0x1f
    9db4:	41fe5693          	srai	a3,t3,0x1f
    9db8:	0017d613          	srli	a2,a5,0x1
    9dbc:	0086f5b3          	and	a1,a3,s0
    9dc0:	00c5ceb3          	xor	t4,a1,a2
    9dc4:	010e9513          	slli	a0,t4,0x10
    9dc8:	01055813          	srli	a6,a0,0x10
    9dcc:	007fdf93          	srli	t6,t6,0x7
    9dd0:	010fcfb3          	xor	t6,t6,a6
    9dd4:	01ff9793          	slli	a5,t6,0x1f
    9dd8:	41f7de13          	srai	t3,a5,0x1f
    9ddc:	00185593          	srli	a1,a6,0x1
    9de0:	008e76b3          	and	a3,t3,s0
    9de4:	00b6ceb3          	xor	t4,a3,a1
    9de8:	010e9513          	slli	a0,t4,0x10
    9dec:	01055813          	srli	a6,a0,0x10
    9df0:	001f5293          	srli	t0,t5,0x1
    9df4:	002f5313          	srli	t1,t5,0x2
    9df8:	003f5893          	srli	a7,t5,0x3
    9dfc:	004f5713          	srli	a4,t5,0x4
    9e00:	005f5393          	srli	t2,t5,0x5
    9e04:	006f5613          	srli	a2,t5,0x6
    9e08:	007f5f93          	srli	t6,t5,0x7
    9e0c:	010f4f33          	xor	t5,t5,a6
    9e10:	01ff1793          	slli	a5,t5,0x1f
    9e14:	41f7de13          	srai	t3,a5,0x1f
    9e18:	00185593          	srli	a1,a6,0x1
    9e1c:	008e76b3          	and	a3,t3,s0
    9e20:	00b6ceb3          	xor	t4,a3,a1
    9e24:	010e9513          	slli	a0,t4,0x10
    9e28:	01055813          	srli	a6,a0,0x10
    9e2c:	0102c2b3          	xor	t0,t0,a6
    9e30:	01f29f13          	slli	t5,t0,0x1f
    9e34:	41ff5e13          	srai	t3,t5,0x1f
    9e38:	00185793          	srli	a5,a6,0x1
    9e3c:	008e75b3          	and	a1,t3,s0
    9e40:	00f5ceb3          	xor	t4,a1,a5
    9e44:	010e9513          	slli	a0,t4,0x10
    9e48:	01055813          	srli	a6,a0,0x10
    9e4c:	01034333          	xor	t1,t1,a6
    9e50:	01f31293          	slli	t0,t1,0x1f
    9e54:	41f2df13          	srai	t5,t0,0x1f
    9e58:	00185e13          	srli	t3,a6,0x1
    9e5c:	008f77b3          	and	a5,t5,s0
    9e60:	01c7c5b3          	xor	a1,a5,t3
    9e64:	01059e93          	slli	t4,a1,0x10
    9e68:	010ed513          	srli	a0,t4,0x10
    9e6c:	00a8c8b3          	xor	a7,a7,a0
    9e70:	01f89813          	slli	a6,a7,0x1f
    9e74:	41f85313          	srai	t1,a6,0x1f
    9e78:	00155293          	srli	t0,a0,0x1
    9e7c:	00837f33          	and	t5,t1,s0
    9e80:	005f4e33          	xor	t3,t5,t0
    9e84:	010e1793          	slli	a5,t3,0x10
    9e88:	0107d593          	srli	a1,a5,0x10
    9e8c:	00b74733          	xor	a4,a4,a1
    9e90:	01f71e93          	slli	t4,a4,0x1f
    9e94:	41fed513          	srai	a0,t4,0x1f
    9e98:	0015d893          	srli	a7,a1,0x1
    9e9c:	00857833          	and	a6,a0,s0
    9ea0:	01184333          	xor	t1,a6,a7
    9ea4:	01031293          	slli	t0,t1,0x10
    9ea8:	0102df13          	srli	t5,t0,0x10
    9eac:	01e3c3b3          	xor	t2,t2,t5
    9eb0:	01f39e13          	slli	t3,t2,0x1f
    9eb4:	41fe5593          	srai	a1,t3,0x1f
    9eb8:	001f5793          	srli	a5,t5,0x1
    9ebc:	0085f733          	and	a4,a1,s0
    9ec0:	00f74eb3          	xor	t4,a4,a5
    9ec4:	010e9513          	slli	a0,t4,0x10
    9ec8:	01055893          	srli	a7,a0,0x10
    9ecc:	01164633          	xor	a2,a2,a7
    9ed0:	01f61813          	slli	a6,a2,0x1f
    9ed4:	41f85313          	srai	t1,a6,0x1f
    9ed8:	0018d293          	srli	t0,a7,0x1
    9edc:	00837f33          	and	t5,t1,s0
    9ee0:	005f43b3          	xor	t2,t5,t0
    9ee4:	01039e13          	slli	t3,t2,0x10
    9ee8:	010e5793          	srli	a5,t3,0x10
    9eec:	00ffcfb3          	xor	t6,t6,a5
    9ef0:	01ff9593          	slli	a1,t6,0x1f
    9ef4:	41f5d713          	srai	a4,a1,0x1f
    9ef8:	0017de93          	srli	t4,a5,0x1
    9efc:	00877533          	and	a0,a4,s0
    9f00:	01d548b3          	xor	a7,a0,t4
    9f04:	01089613          	slli	a2,a7,0x10
    9f08:	01065813          	srli	a6,a2,0x10
    9f0c:	01089313          	slli	t1,a7,0x10
    9f10:	006862b3          	or	t0,a6,t1
    9f14:	00100693          	li	a3,1
    9f18:	06512a23          	sw	t0,116(sp)
    9f1c:	4ad98e63          	beq	s3,a3,a3d8 <main+0x1aa0>
    9f20:	00100593          	li	a1,1
    9f24:	03c10513          	addi	a0,sp,60
    9f28:	00d12423          	sw	a3,8(sp)
    9f2c:	b9cfb0ef          	jal	52c8 <core_bench_list>
    9f30:	07415f03          	lhu	t5,116(sp)
    9f34:	0ff57393          	zext.b	t2,a0
    9f38:	00050693          	mv	a3,a0
    9f3c:	01e3c7b3          	xor	a5,t2,t5
    9f40:	01f79f93          	slli	t6,a5,0x1f
    9f44:	41ffd593          	srai	a1,t6,0x1f
    9f48:	001f5713          	srli	a4,t5,0x1
    9f4c:	0085feb3          	and	t4,a1,s0
    9f50:	00eec533          	xor	a0,t4,a4
    9f54:	01051893          	slli	a7,a0,0x10
    9f58:	0108d613          	srli	a2,a7,0x10
    9f5c:	0013de13          	srli	t3,t2,0x1
    9f60:	00ce4833          	xor	a6,t3,a2
    9f64:	01f81313          	slli	t1,a6,0x1f
    9f68:	41f35e13          	srai	t3,t1,0x1f
    9f6c:	00165793          	srli	a5,a2,0x1
    9f70:	008e7fb3          	and	t6,t3,s0
    9f74:	00ffc5b3          	xor	a1,t6,a5
    9f78:	01059713          	slli	a4,a1,0x10
    9f7c:	01075e93          	srli	t4,a4,0x10
    9f80:	0023d293          	srli	t0,t2,0x2
    9f84:	01d2c533          	xor	a0,t0,t4
    9f88:	01f51293          	slli	t0,a0,0x1f
    9f8c:	41f2d813          	srai	a6,t0,0x1f
    9f90:	001ed313          	srli	t1,t4,0x1
    9f94:	00887e33          	and	t3,a6,s0
    9f98:	006e47b3          	xor	a5,t3,t1
    9f9c:	01079f93          	slli	t6,a5,0x10
    9fa0:	010fd713          	srli	a4,t6,0x10
    9fa4:	0033df13          	srli	t5,t2,0x3
    9fa8:	00ef4f33          	xor	t5,t5,a4
    9fac:	01ff1593          	slli	a1,t5,0x1f
    9fb0:	41f5d513          	srai	a0,a1,0x1f
    9fb4:	00175293          	srli	t0,a4,0x1
    9fb8:	00857833          	and	a6,a0,s0
    9fbc:	00584333          	xor	t1,a6,t0
    9fc0:	01031e13          	slli	t3,t1,0x10
    9fc4:	010e5f93          	srli	t6,t3,0x10
    9fc8:	0043d893          	srli	a7,t2,0x4
    9fcc:	01f8c8b3          	xor	a7,a7,t6
    9fd0:	01f89713          	slli	a4,a7,0x1f
    9fd4:	41f75f13          	srai	t5,a4,0x1f
    9fd8:	001fd593          	srli	a1,t6,0x1
    9fdc:	008f7533          	and	a0,t5,s0
    9fe0:	00b542b3          	xor	t0,a0,a1
    9fe4:	01029813          	slli	a6,t0,0x10
    9fe8:	01085313          	srli	t1,a6,0x10
    9fec:	0053d613          	srli	a2,t2,0x5
    9ff0:	00664633          	xor	a2,a2,t1
    9ff4:	0086d693          	srli	a3,a3,0x8
    9ff8:	0ff6f793          	zext.b	a5,a3
    9ffc:	01f61693          	slli	a3,a2,0x1f
    a000:	41f6d893          	srai	a7,a3,0x1f
    a004:	00135713          	srli	a4,t1,0x1
    a008:	0088ff33          	and	t5,a7,s0
    a00c:	00ef45b3          	xor	a1,t5,a4
    a010:	01059513          	slli	a0,a1,0x10
    a014:	01055293          	srli	t0,a0,0x10
    a018:	0063de93          	srli	t4,t2,0x6
    a01c:	005eceb3          	xor	t4,t4,t0
    a020:	01fe9813          	slli	a6,t4,0x1f
    a024:	41f85893          	srai	a7,a6,0x1f
    a028:	0012d613          	srli	a2,t0,0x1
    a02c:	0088f733          	and	a4,a7,s0
    a030:	00c74f33          	xor	t5,a4,a2
    a034:	010f1593          	slli	a1,t5,0x10
    a038:	0105d293          	srli	t0,a1,0x10
    a03c:	0073d393          	srli	t2,t2,0x7
    a040:	0053c3b3          	xor	t2,t2,t0
    a044:	01f39513          	slli	a0,t2,0x1f
    a048:	41f55893          	srai	a7,a0,0x1f
    a04c:	0012de93          	srli	t4,t0,0x1
    a050:	0088f733          	and	a4,a7,s0
    a054:	01d74f33          	xor	t5,a4,t4
    a058:	010f1593          	slli	a1,t5,0x10
    a05c:	0105d293          	srli	t0,a1,0x10
    a060:	0017df93          	srli	t6,a5,0x1
    a064:	0027de13          	srli	t3,a5,0x2
    a068:	0037d313          	srli	t1,a5,0x3
    a06c:	0047d693          	srli	a3,a5,0x4
    a070:	0057d813          	srli	a6,a5,0x5
    a074:	0067d613          	srli	a2,a5,0x6
    a078:	0077d393          	srli	t2,a5,0x7
    a07c:	0057c7b3          	xor	a5,a5,t0
    a080:	01f79513          	slli	a0,a5,0x1f
    a084:	41f55893          	srai	a7,a0,0x1f
    a088:	0012de93          	srli	t4,t0,0x1
    a08c:	0088f733          	and	a4,a7,s0
    a090:	01d74f33          	xor	t5,a4,t4
    a094:	010f1593          	slli	a1,t5,0x10
    a098:	0105d293          	srli	t0,a1,0x10
    a09c:	005fcfb3          	xor	t6,t6,t0
    a0a0:	01ff9793          	slli	a5,t6,0x1f
    a0a4:	41f7d893          	srai	a7,a5,0x1f
    a0a8:	0012de93          	srli	t4,t0,0x1
    a0ac:	0088f733          	and	a4,a7,s0
    a0b0:	01d74f33          	xor	t5,a4,t4
    a0b4:	010f1593          	slli	a1,t5,0x10
    a0b8:	0105d293          	srli	t0,a1,0x10
    a0bc:	005e4e33          	xor	t3,t3,t0
    a0c0:	01fe1f93          	slli	t6,t3,0x1f
    a0c4:	41ffd793          	srai	a5,t6,0x1f
    a0c8:	0012d893          	srli	a7,t0,0x1
    a0cc:	0087feb3          	and	t4,a5,s0
    a0d0:	011ec733          	xor	a4,t4,a7
    a0d4:	01071f13          	slli	t5,a4,0x10
    a0d8:	010f5293          	srli	t0,t5,0x10
    a0dc:	00534333          	xor	t1,t1,t0
    a0e0:	01f31e13          	slli	t3,t1,0x1f
    a0e4:	41fe5f93          	srai	t6,t3,0x1f
    a0e8:	0012d793          	srli	a5,t0,0x1
    a0ec:	008ff8b3          	and	a7,t6,s0
    a0f0:	00f8ceb3          	xor	t4,a7,a5
    a0f4:	010e9713          	slli	a4,t4,0x10
    a0f8:	01075f13          	srli	t5,a4,0x10
    a0fc:	01e6c6b3          	xor	a3,a3,t5
    a100:	01f69293          	slli	t0,a3,0x1f
    a104:	41f2de13          	srai	t3,t0,0x1f
    a108:	001f5313          	srli	t1,t5,0x1
    a10c:	008e7fb3          	and	t6,t3,s0
    a110:	006fc7b3          	xor	a5,t6,t1
    a114:	01079893          	slli	a7,a5,0x10
    a118:	0108de93          	srli	t4,a7,0x10
    a11c:	01d84833          	xor	a6,a6,t4
    a120:	01f81713          	slli	a4,a6,0x1f
    a124:	41f75f13          	srai	t5,a4,0x1f
    a128:	001ed693          	srli	a3,t4,0x1
    a12c:	008f72b3          	and	t0,t5,s0
    a130:	00d2ce33          	xor	t3,t0,a3
    a134:	010e1313          	slli	t1,t3,0x10
    a138:	01035f93          	srli	t6,t1,0x10
    a13c:	01f64633          	xor	a2,a2,t6
    a140:	01f61793          	slli	a5,a2,0x1f
    a144:	41f7d893          	srai	a7,a5,0x1f
    a148:	001fde93          	srli	t4,t6,0x1
    a14c:	0088f833          	and	a6,a7,s0
    a150:	01d84733          	xor	a4,a6,t4
    a154:	01071f13          	slli	t5,a4,0x10
    a158:	010f5693          	srli	a3,t5,0x10
    a15c:	00d3c3b3          	xor	t2,t2,a3
    a160:	01f39293          	slli	t0,t2,0x1f
    a164:	41f2de13          	srai	t3,t0,0x1f
    a168:	0016d313          	srli	t1,a3,0x1
    a16c:	008e7fb3          	and	t6,t3,s0
    a170:	006fc633          	xor	a2,t6,t1
    a174:	fff00593          	li	a1,-1
    a178:	03c10513          	addi	a0,sp,60
    a17c:	06c11a23          	sh	a2,116(sp)
    a180:	948fb0ef          	jal	52c8 <core_bench_list>
    a184:	07415783          	lhu	a5,116(sp)
    a188:	0ff57e93          	zext.b	t4,a0
    a18c:	00050893          	mv	a7,a0
    a190:	00fec533          	xor	a0,t4,a5
    a194:	01f51593          	slli	a1,a0,0x1f
    a198:	41f5d813          	srai	a6,a1,0x1f
    a19c:	0017df13          	srli	t5,a5,0x1
    a1a0:	008876b3          	and	a3,a6,s0
    a1a4:	01e6c3b3          	xor	t2,a3,t5
    a1a8:	01039293          	slli	t0,t2,0x10
    a1ac:	0102de13          	srli	t3,t0,0x10
    a1b0:	001ed713          	srli	a4,t4,0x1
    a1b4:	01c74633          	xor	a2,a4,t3
    a1b8:	01f61793          	slli	a5,a2,0x1f
    a1bc:	41f7d713          	srai	a4,a5,0x1f
    a1c0:	001e5513          	srli	a0,t3,0x1
    a1c4:	008775b3          	and	a1,a4,s0
    a1c8:	00a5c833          	xor	a6,a1,a0
    a1cc:	01081f13          	slli	t5,a6,0x10
    a1d0:	010f5693          	srli	a3,t5,0x10
    a1d4:	002ed313          	srli	t1,t4,0x2
    a1d8:	00d34e33          	xor	t3,t1,a3
    a1dc:	01fe1313          	slli	t1,t3,0x1f
    a1e0:	41f35793          	srai	a5,t1,0x1f
    a1e4:	0016d613          	srli	a2,a3,0x1
    a1e8:	0087f733          	and	a4,a5,s0
    a1ec:	00c74533          	xor	a0,a4,a2
    a1f0:	01051593          	slli	a1,a0,0x10
    a1f4:	0105df13          	srli	t5,a1,0x10
    a1f8:	003edf93          	srli	t6,t4,0x3
    a1fc:	01efcfb3          	xor	t6,t6,t5
    a200:	01ff9813          	slli	a6,t6,0x1f
    a204:	41f85e13          	srai	t3,a6,0x1f
    a208:	001f5313          	srli	t1,t5,0x1
    a20c:	008e77b3          	and	a5,t3,s0
    a210:	0067c633          	xor	a2,a5,t1
    a214:	01061713          	slli	a4,a2,0x10
    a218:	01075593          	srli	a1,a4,0x10
    a21c:	004ed393          	srli	t2,t4,0x4
    a220:	00b3c3b3          	xor	t2,t2,a1
    a224:	01f39513          	slli	a0,t2,0x1f
    a228:	41f55f13          	srai	t5,a0,0x1f
    a22c:	0015d813          	srli	a6,a1,0x1
    a230:	008f7e33          	and	t3,t5,s0
    a234:	010e4333          	xor	t1,t3,a6
    a238:	01031793          	slli	a5,t1,0x10
    a23c:	0107d613          	srli	a2,a5,0x10
    a240:	005ed293          	srli	t0,t4,0x5
    a244:	00c2c2b3          	xor	t0,t0,a2
    a248:	01f29593          	slli	a1,t0,0x1f
    a24c:	0088d893          	srli	a7,a7,0x8
    a250:	0ff8ff93          	zext.b	t6,a7
    a254:	41f5d893          	srai	a7,a1,0x1f
    a258:	00165513          	srli	a0,a2,0x1
    a25c:	0088ff33          	and	t5,a7,s0
    a260:	00af4833          	xor	a6,t5,a0
    a264:	01081e13          	slli	t3,a6,0x10
    a268:	010e5313          	srli	t1,t3,0x10
    a26c:	006ed693          	srli	a3,t4,0x6
    a270:	0066c6b3          	xor	a3,a3,t1
    a274:	01f69793          	slli	a5,a3,0x1f
    a278:	41f7d613          	srai	a2,a5,0x1f
    a27c:	00135593          	srli	a1,t1,0x1
    a280:	008678b3          	and	a7,a2,s0
    a284:	00b8c533          	xor	a0,a7,a1
    a288:	01051f13          	slli	t5,a0,0x10
    a28c:	010f5e13          	srli	t3,t5,0x10
    a290:	007ede93          	srli	t4,t4,0x7
    a294:	01ceceb3          	xor	t4,t4,t3
    a298:	01fe9313          	slli	t1,t4,0x1f
    a29c:	41f35693          	srai	a3,t1,0x1f
    a2a0:	001e5793          	srli	a5,t3,0x1
    a2a4:	0086f633          	and	a2,a3,s0
    a2a8:	00f648b3          	xor	a7,a2,a5
    a2ac:	01089f13          	slli	t5,a7,0x10
    a2b0:	010f5e13          	srli	t3,t5,0x10
    a2b4:	001fd713          	srli	a4,t6,0x1
    a2b8:	002fd393          	srli	t2,t6,0x2
    a2bc:	003fd293          	srli	t0,t6,0x3
    a2c0:	004fd813          	srli	a6,t6,0x4
    a2c4:	005fd513          	srli	a0,t6,0x5
    a2c8:	006fd593          	srli	a1,t6,0x6
    a2cc:	007fd613          	srli	a2,t6,0x7
    a2d0:	01cfcfb3          	xor	t6,t6,t3
    a2d4:	01ff9313          	slli	t1,t6,0x1f
    a2d8:	41f35793          	srai	a5,t1,0x1f
    a2dc:	00812e83          	lw	t4,8(sp)
    a2e0:	0087ff33          	and	t5,a5,s0
    a2e4:	001e5893          	srli	a7,t3,0x1
    a2e8:	011f4e33          	xor	t3,t5,a7
    a2ec:	001e8693          	addi	a3,t4,1
    a2f0:	010e1e93          	slli	t4,t3,0x10
    a2f4:	010edf93          	srli	t6,t4,0x10
    a2f8:	01f74733          	xor	a4,a4,t6
    a2fc:	01f71313          	slli	t1,a4,0x1f
    a300:	41f35893          	srai	a7,t1,0x1f
    a304:	001fd793          	srli	a5,t6,0x1
    a308:	0088ff33          	and	t5,a7,s0
    a30c:	00ff4e33          	xor	t3,t5,a5
    a310:	010e1e93          	slli	t4,t3,0x10
    a314:	010edf93          	srli	t6,t4,0x10
    a318:	01f3c3b3          	xor	t2,t2,t6
    a31c:	01f39713          	slli	a4,t2,0x1f
    a320:	41f75313          	srai	t1,a4,0x1f
    a324:	001fd893          	srli	a7,t6,0x1
    a328:	008377b3          	and	a5,t1,s0
    a32c:	0117cf33          	xor	t5,a5,a7
    a330:	010f1e13          	slli	t3,t5,0x10
    a334:	010e5e93          	srli	t4,t3,0x10
    a338:	01d2c2b3          	xor	t0,t0,t4
    a33c:	01f29f93          	slli	t6,t0,0x1f
    a340:	41ffd393          	srai	t2,t6,0x1f
    a344:	001ed713          	srli	a4,t4,0x1
    a348:	0083f333          	and	t1,t2,s0
    a34c:	00e348b3          	xor	a7,t1,a4
    a350:	01089793          	slli	a5,a7,0x10
    a354:	0107df13          	srli	t5,a5,0x10
    a358:	01e84833          	xor	a6,a6,t5
    a35c:	01f81e13          	slli	t3,a6,0x1f
    a360:	41fe5e93          	srai	t4,t3,0x1f
    a364:	001f5293          	srli	t0,t5,0x1
    a368:	008effb3          	and	t6,t4,s0
    a36c:	005fc3b3          	xor	t2,t6,t0
    a370:	01039713          	slli	a4,t2,0x10
    a374:	01075313          	srli	t1,a4,0x10
    a378:	00654533          	xor	a0,a0,t1
    a37c:	01f51893          	slli	a7,a0,0x1f
    a380:	41f8df13          	srai	t5,a7,0x1f
    a384:	00135793          	srli	a5,t1,0x1
    a388:	008f7833          	and	a6,t5,s0
    a38c:	00f84e33          	xor	t3,a6,a5
    a390:	010e1e93          	slli	t4,t3,0x10
    a394:	010ed293          	srli	t0,t4,0x10
    a398:	0055c5b3          	xor	a1,a1,t0
    a39c:	01f59f93          	slli	t6,a1,0x1f
    a3a0:	41ffd393          	srai	t2,t6,0x1f
    a3a4:	0012d713          	srli	a4,t0,0x1
    a3a8:	0083f333          	and	t1,t2,s0
    a3ac:	00e34533          	xor	a0,t1,a4
    a3b0:	01051893          	slli	a7,a0,0x10
    a3b4:	0108df13          	srli	t5,a7,0x10
    a3b8:	01e64633          	xor	a2,a2,t5
    a3bc:	01f61793          	slli	a5,a2,0x1f
    a3c0:	41f7d813          	srai	a6,a5,0x1f
    a3c4:	001f5e13          	srli	t3,t5,0x1
    a3c8:	00887eb3          	and	t4,a6,s0
    a3cc:	01cec2b3          	xor	t0,t4,t3
    a3d0:	06511a23          	sh	t0,116(sp)
    a3d4:	b53696e3          	bne	a3,s3,9f20 <main+0x15e8>
    a3d8:	c00023f3          	rdcycle	t2
    a3dc:	00002797          	auipc	a5,0x2
    a3e0:	9c77a423          	sw	t2,-1592(a5) # bda4 <stop_time_val>
    a3e4:	b0202673          	csrr	a2,minstret
    a3e8:	00002697          	auipc	a3,0x2
    a3ec:	98c6a823          	sw	a2,-1648(a3) # bd78 <stop_perf_val>
    a3f0:	b03029f3          	csrr	s3,mhpmcounter3
    a3f4:	00002697          	auipc	a3,0x2
    a3f8:	9936a423          	sw	s3,-1656(a3) # bd7c <stop_perf_val+0x4>
    a3fc:	03312623          	sw	s3,44(sp)
    a400:	b0402473          	csrr	s0,mhpmcounter4
    a404:	00002697          	auipc	a3,0x2
    a408:	9686ae23          	sw	s0,-1668(a3) # bd80 <stop_perf_val+0x8>
    a40c:	02812423          	sw	s0,40(sp)
    a410:	b05025f3          	csrr	a1,mhpmcounter5
    a414:	00002697          	auipc	a3,0x2
    a418:	96b6a823          	sw	a1,-1680(a3) # bd84 <stop_perf_val+0xc>
    a41c:	02b12223          	sw	a1,36(sp)
    a420:	b0602ff3          	csrr	t6,mhpmcounter6
    a424:	00002697          	auipc	a3,0x2
    a428:	97f6a223          	sw	t6,-1692(a3) # bd88 <stop_perf_val+0x10>
    a42c:	03f12023          	sw	t6,32(sp)
    a430:	b0702773          	csrr	a4,mhpmcounter7
    a434:	00002697          	auipc	a3,0x2
    a438:	94e6ac23          	sw	a4,-1704(a3) # bd8c <stop_perf_val+0x14>
    a43c:	00e12e23          	sw	a4,28(sp)
    a440:	b0802373          	csrr	t1,mhpmcounter8
    a444:	00002697          	auipc	a3,0x2
    a448:	9466a623          	sw	t1,-1716(a3) # bd90 <stop_perf_val+0x18>
    a44c:	00612c23          	sw	t1,24(sp)
    a450:	b0902573          	csrr	a0,mhpmcounter9
    a454:	00002697          	auipc	a3,0x2
    a458:	94a6a023          	sw	a0,-1728(a3) # bd94 <stop_perf_val+0x1c>
    a45c:	00a12a23          	sw	a0,20(sp)
    a460:	b0a02473          	csrr	s0,mhpmcounter10
    a464:	00002697          	auipc	a3,0x2
    a468:	9286aa23          	sw	s0,-1740(a3) # bd98 <stop_perf_val+0x20>
    a46c:	b0b029f3          	csrr	s3,mhpmcounter11
    a470:	00001517          	auipc	a0,0x1
    a474:	c3850513          	addi	a0,a0,-968 # b0a8 <main+0x2770>
    a478:	412606b3          	sub	a3,a2,s2
    a47c:	00048593          	mv	a1,s1
    a480:	00712823          	sw	t2,16(sp)
    a484:	409384b3          	sub	s1,t2,s1
    a488:	00c12623          	sw	a2,12(sp)
    a48c:	00d12423          	sw	a3,8(sp)
    a490:	00002297          	auipc	t0,0x2
    a494:	9132a623          	sw	s3,-1780(t0) # bd9c <stop_perf_val+0x24>
    a498:	fb0fc0ef          	jal	6c48 <ee_printf>
    a49c:	01012583          	lw	a1,16(sp)
    a4a0:	00001517          	auipc	a0,0x1
    a4a4:	c2050513          	addi	a0,a0,-992 # b0c0 <main+0x2788>
    a4a8:	fa0fc0ef          	jal	6c48 <ee_printf>
    a4ac:	00090593          	mv	a1,s2
    a4b0:	00001517          	auipc	a0,0x1
    a4b4:	c2850513          	addi	a0,a0,-984 # b0d8 <main+0x27a0>
    a4b8:	f90fc0ef          	jal	6c48 <ee_printf>
    a4bc:	00c12583          	lw	a1,12(sp)
    a4c0:	00001517          	auipc	a0,0x1
    a4c4:	c3050513          	addi	a0,a0,-976 # b0f0 <main+0x27b8>
    a4c8:	f80fc0ef          	jal	6c48 <ee_printf>
    a4cc:	00048593          	mv	a1,s1
    a4d0:	00001517          	auipc	a0,0x1
    a4d4:	c3850513          	addi	a0,a0,-968 # b108 <main+0x27d0>
    a4d8:	f70fc0ef          	jal	6c48 <ee_printf>
    a4dc:	00812583          	lw	a1,8(sp)
    a4e0:	00001517          	auipc	a0,0x1
    a4e4:	c4050513          	addi	a0,a0,-960 # b120 <main+0x27e8>
    a4e8:	f60fc0ef          	jal	6c48 <ee_printf>
    a4ec:	02c12883          	lw	a7,44(sp)
    a4f0:	00412903          	lw	s2,4(sp)
    a4f4:	00001517          	auipc	a0,0x1
    a4f8:	c4850513          	addi	a0,a0,-952 # b13c <main+0x2804>
    a4fc:	412885b3          	sub	a1,a7,s2
    a500:	f48fc0ef          	jal	6c48 <ee_printf>
    a504:	02812f03          	lw	t5,40(sp)
    a508:	00001517          	auipc	a0,0x1
    a50c:	c5450513          	addi	a0,a0,-940 # b15c <main+0x2824>
    a510:	414f05b3          	sub	a1,t5,s4
    a514:	f34fc0ef          	jal	6c48 <ee_printf>
    a518:	02412a03          	lw	s4,36(sp)
    a51c:	00001517          	auipc	a0,0x1
    a520:	c6050513          	addi	a0,a0,-928 # b17c <main+0x2844>
    a524:	415a05b3          	sub	a1,s4,s5
    a528:	f20fc0ef          	jal	6c48 <ee_printf>
    a52c:	02012a83          	lw	s5,32(sp)
    a530:	00001517          	auipc	a0,0x1
    a534:	c6c50513          	addi	a0,a0,-916 # b19c <main+0x2864>
    a538:	416a85b3          	sub	a1,s5,s6
    a53c:	f0cfc0ef          	jal	6c48 <ee_printf>
    a540:	01c12b03          	lw	s6,28(sp)
    a544:	00001517          	auipc	a0,0x1
    a548:	c7850513          	addi	a0,a0,-904 # b1bc <main+0x2884>
    a54c:	417b05b3          	sub	a1,s6,s7
    a550:	ef8fc0ef          	jal	6c48 <ee_printf>
    a554:	01812b83          	lw	s7,24(sp)
    a558:	00001517          	auipc	a0,0x1
    a55c:	c8450513          	addi	a0,a0,-892 # b1dc <main+0x28a4>
    a560:	418b85b3          	sub	a1,s7,s8
    a564:	ee4fc0ef          	jal	6c48 <ee_printf>
    a568:	01412c03          	lw	s8,20(sp)
    a56c:	00001517          	auipc	a0,0x1
    a570:	c9050513          	addi	a0,a0,-880 # b1fc <main+0x28c4>
    a574:	419c05b3          	sub	a1,s8,s9
    a578:	ed0fc0ef          	jal	6c48 <ee_printf>
    a57c:	41a405b3          	sub	a1,s0,s10
    a580:	00001517          	auipc	a0,0x1
    a584:	c9c50513          	addi	a0,a0,-868 # b21c <main+0x28e4>
    a588:	ec0fc0ef          	jal	6c48 <ee_printf>
    a58c:	41b985b3          	sub	a1,s3,s11
    a590:	00001517          	auipc	a0,0x1
    a594:	cac50513          	addi	a0,a0,-852 # b23c <main+0x2904>
    a598:	eb0fc0ef          	jal	6c48 <ee_printf>
    a59c:	03c15503          	lhu	a0,60(sp)
    a5a0:	00000593          	li	a1,0
    a5a4:	00008db7          	lui	s11,0x8
    a5a8:	a89f70ef          	jal	2030 <crcu16>
    a5ac:	00050593          	mv	a1,a0
    a5b0:	03e15503          	lhu	a0,62(sp)
    a5b4:	a7df70ef          	jal	2030 <crcu16>
    a5b8:	00050593          	mv	a1,a0
    a5bc:	04015503          	lhu	a0,64(sp)
    a5c0:	a71f70ef          	jal	2030 <crcu16>
    a5c4:	05412403          	lw	s0,84(sp)
    a5c8:	00050593          	mv	a1,a0
    a5cc:	01041c93          	slli	s9,s0,0x10
    a5d0:	010cd513          	srli	a0,s9,0x10
    a5d4:	a5df70ef          	jal	2030 <crcu16>
    a5d8:	b05d8793          	addi	a5,s11,-1275 # 7b05 <ee_printf+0xebd>
    a5dc:	00050d13          	mv	s10,a0
    a5e0:	20f50ae3          	beq	a0,a5,aff4 <main+0x26bc>
    a5e4:	6ea7e263          	bltu	a5,a0,acc8 <main+0x2390>
    a5e8:	000023b7          	lui	t2,0x2
    a5ec:	8f238613          	addi	a2,t2,-1806 # 18f2 <_start-0x70e>
    a5f0:	1ec508e3          	beq	a0,a2,afe0 <main+0x26a8>
    a5f4:	000055b7          	lui	a1,0x5
    a5f8:	eaf58f93          	addi	t6,a1,-337 # 4eaf <core_portme.c.4ec8bdda+0xcf>
    a5fc:	1df51ee3          	bne	a0,t6,afd8 <main+0x26a0>
    a600:	00001517          	auipc	a0,0x1
    a604:	cb850513          	addi	a0,a0,-840 # b2b8 <main+0x2980>
    a608:	e40fc0ef          	jal	6c48 <ee_printf>
    a60c:	00200413          	li	s0,2
    a610:	6e00006f          	j	acf0 <main+0x23b8>
    a614:	002d1713          	slli	a4,s10,0x2
    a618:	00001697          	auipc	a3,0x1
    a61c:	3cc68693          	addi	a3,a3,972 # b9e4 <intpat>
    a620:	00e683b3          	add	t2,a3,a4
    a624:	0003ac03          	lw	s8,0(t2)
    a628:	00178793          	addi	a5,a5,1
    a62c:	01758d33          	add	s10,a1,s7
    a630:	000c4903          	lbu	s2,0(s8)
    a634:	01079493          	slli	s1,a5,0x10
    a638:	0104d793          	srli	a5,s1,0x10
    a63c:	001b8413          	addi	s0,s7,1
    a640:	012d0023          	sb	s2,0(s10)
    a644:	00400c93          	li	s9,4
    a648:	001c4703          	lbu	a4,1(s8)
    a64c:	008584b3          	add	s1,a1,s0
    a650:	00400913          	li	s2,4
    a654:	00e48023          	sb	a4,0(s1)
    a658:	002c4683          	lbu	a3,2(s8)
    a65c:	00dd0123          	sb	a3,2(s10)
    a660:	003c4a03          	lbu	s4,3(s8)
    a664:	014d01a3          	sb	s4,3(s10)
    a668:	012c9463          	bne	s9,s2,a670 <main+0x1d38>
    a66c:	cb4fe06f          	j	8b20 <main+0x1e8>
    a670:	004c4a83          	lbu	s5,4(s8)
    a674:	00800c93          	li	s9,8
    a678:	015d0223          	sb	s5,4(s10)
    a67c:	005c4d83          	lbu	s11,5(s8)
    a680:	01bd02a3          	sb	s11,5(s10)
    a684:	006c4983          	lbu	s3,6(s8)
    a688:	013d0323          	sb	s3,6(s10)
    a68c:	007c4403          	lbu	s0,7(s8)
    a690:	008d03a3          	sb	s0,7(s10)
    a694:	c8cfe06f          	j	8b20 <main+0x1e8>
    a698:	002d1613          	slli	a2,s10,0x2
    a69c:	00cf8db3          	add	s11,t6,a2
    a6a0:	000dac03          	lw	s8,0(s11)
    a6a4:	c2cfe06f          	j	8ad0 <main+0x198>
    a6a8:	05412383          	lw	t2,84(sp)
    a6ac:	ccccd637          	lui	a2,0xccccd
    a6b0:	ccd60493          	addi	s1,a2,-819 # cccccccd <__stack_top+0xcccbcccd>
    a6b4:	0293b533          	mulhu	a0,t2,s1
    a6b8:	04812e03          	lw	t3,72(sp)
    a6bc:	ffff88b7          	lui	a7,0xffff8
    a6c0:	03c11903          	lh	s2,60(sp)
    a6c4:	08088993          	addi	s3,a7,128 # ffff8080 <__stack_top+0xfffe8080>
    a6c8:	000e2023          	sw	zero,0(t3)
    a6cc:	010e0693          	addi	a3,t3,16
    a6d0:	008e0a13          	addi	s4,t3,8
    a6d4:	ffff8ab7          	lui	s5,0xffff8
    a6d8:	00455b13          	srli	s6,a0,0x4
    a6dc:	ffeb0b93          	addi	s7,s6,-2
    a6e0:	003b9c13          	slli	s8,s7,0x3
    a6e4:	018e0cb3          	add	s9,t3,s8
    a6e8:	019e2223          	sw	s9,4(t3)
    a6ec:	002b9d13          	slli	s10,s7,0x2
    a6f0:	013c9023          	sh	s3,0(s9)
    a6f4:	000c9123          	sh	zero,2(s9)
    a6f8:	01ac8db3          	add	s11,s9,s10
    a6fc:	004c8e93          	addi	t4,s9,4
    a700:	5b96f063          	bgeu	a3,s9,aca0 <main+0x2368>
    a704:	008c8613          	addi	a2,s9,8
    a708:	59b67c63          	bgeu	a2,s11,aca0 <main+0x2368>
    a70c:	000e2423          	sw	zero,8(t3)
    a710:	014e2023          	sw	s4,0(t3)
    a714:	01de2623          	sw	t4,12(t3)
    a718:	fffacf13          	not	t5,s5
    a71c:	fff00f93          	li	t6,-1
    a720:	01ec9323          	sh	t5,6(s9)
    a724:	01fc9223          	sh	t6,4(s9)
    a728:	ffff87b7          	lui	a5,0xffff8
    a72c:	fff7c713          	not	a4,a5
    a730:	00000593          	li	a1,0
    a734:	060b8063          	beqz	s7,a794 <main+0x1e5c>
    a738:	00868893          	addi	a7,a3,8
    a73c:	0598fc63          	bgeu	a7,s9,a794 <main+0x1e5c>
    a740:	00460313          	addi	t1,a2,4
    a744:	0fb37ce3          	bgeu	t1,s11,b03c <main+0x2704>
    a748:	000e2383          	lw	t2,0(t3)
    a74c:	0125c4b3          	xor	s1,a1,s2
    a750:	00349513          	slli	a0,s1,0x3
    a754:	0075fa13          	andi	s4,a1,7
    a758:	07857993          	andi	s3,a0,120
    a75c:	0076a023          	sw	t2,0(a3)
    a760:	0149eab3          	or	s5,s3,s4
    a764:	00de2023          	sw	a3,0(t3)
    a768:	008a9b13          	slli	s6,s5,0x8
    a76c:	00c6a223          	sw	a2,4(a3)
    a770:	016a8c33          	add	s8,s5,s6
    a774:	00158593          	addi	a1,a1,1
    a778:	01861023          	sh	s8,0(a2)
    a77c:	00e61123          	sh	a4,2(a2)
    a780:	00bb8a63          	beq	s7,a1,a794 <main+0x1e5c>
    a784:	00088693          	mv	a3,a7
    a788:	00868893          	addi	a7,a3,8
    a78c:	00030613          	mv	a2,t1
    a790:	fb98e8e3          	bltu	a7,s9,a740 <main+0x1e08>
    a794:	000e2783          	lw	a5,0(t3)
    a798:	0007a603          	lw	a2,0(a5) # ffff8000 <__stack_top+0xfffe8000>
    a79c:	06060263          	beqz	a2,a800 <main+0x1ec8>
    a7a0:	ccccdcb7          	lui	s9,0xccccd
    a7a4:	ccdc8d13          	addi	s10,s9,-819 # cccccccd <__stack_top+0xcccbcccd>
    a7a8:	03abbbb3          	mulhu	s7,s7,s10
    a7ac:	00004db7          	lui	s11,0x4
    a7b0:	fffd8e93          	addi	t4,s11,-1 # 3fff <core_list_join.c.17277ac5+0x3a9>
    a7b4:	20000c93          	li	s9,512
    a7b8:	002bdf13          	srli	t5,s7,0x2
    a7bc:	0200006f          	j	a7dc <main+0x1ea4>
    a7c0:	00062383          	lw	t2,0(a2)
    a7c4:	010f9123          	sh	a6,2(t6)
    a7c8:	02038c63          	beqz	t2,a800 <main+0x1ec8>
    a7cc:	00060793          	mv	a5,a2
    a7d0:	00180813          	addi	a6,a6,1
    a7d4:	100c8c93          	addi	s9,s9,256
    a7d8:	00038613          	mv	a2,t2
    a7dc:	0047af83          	lw	t6,4(a5)
    a7e0:	ffe860e3          	bltu	a6,t5,a7c0 <main+0x1e88>
    a7e4:	012847b3          	xor	a5,a6,s2
    a7e8:	700cf713          	andi	a4,s9,1792
    a7ec:	00062383          	lw	t2,0(a2)
    a7f0:	00e7e4b3          	or	s1,a5,a4
    a7f4:	01d4f533          	and	a0,s1,t4
    a7f8:	00af9123          	sh	a0,2(t6)
    a7fc:	fc0398e3          	bnez	t2,a7cc <main+0x1e94>
    a800:	00100f13          	li	t5,1
    a804:	000f0c93          	mv	s9,t5
    a808:	000e0793          	mv	a5,t3
    a80c:	00000613          	li	a2,0
    a810:	00000e13          	li	t3,0
    a814:	00000d13          	li	s10,0
    a818:	007f7913          	andi	s2,t5,7
    a81c:	001d0d13          	addi	s10,s10,1
    a820:	00078313          	mv	t1,a5
    a824:	00000693          	li	a3,0
    a828:	08090463          	beqz	s2,a8b0 <main+0x1f78>
    a82c:	0fe6d663          	bge	a3,t5,a918 <main+0x1fe0>
    a830:	0007a303          	lw	t1,0(a5)
    a834:	00100693          	li	a3,1
    a838:	0e030063          	beqz	t1,a918 <main+0x1fe0>
    a83c:	06d90a63          	beq	s2,a3,a8b0 <main+0x1f78>
    a840:	00200993          	li	s3,2
    a844:	07390063          	beq	s2,s3,a8a4 <main+0x1f6c>
    a848:	00300813          	li	a6,3
    a84c:	05090663          	beq	s2,a6,a898 <main+0x1f60>
    a850:	00400a13          	li	s4,4
    a854:	03490c63          	beq	s2,s4,a88c <main+0x1f54>
    a858:	00500a93          	li	s5,5
    a85c:	03590263          	beq	s2,s5,a880 <main+0x1f48>
    a860:	00600b13          	li	s6,6
    a864:	01690863          	beq	s2,s6,a874 <main+0x1f3c>
    a868:	00032303          	lw	t1,0(t1)
    a86c:	00098693          	mv	a3,s3
    a870:	0a030463          	beqz	t1,a918 <main+0x1fe0>
    a874:	00032303          	lw	t1,0(t1)
    a878:	00168693          	addi	a3,a3,1
    a87c:	08030e63          	beqz	t1,a918 <main+0x1fe0>
    a880:	00032303          	lw	t1,0(t1)
    a884:	00168693          	addi	a3,a3,1
    a888:	08030863          	beqz	t1,a918 <main+0x1fe0>
    a88c:	00032303          	lw	t1,0(t1)
    a890:	00168693          	addi	a3,a3,1
    a894:	08030263          	beqz	t1,a918 <main+0x1fe0>
    a898:	00032303          	lw	t1,0(t1)
    a89c:	00168693          	addi	a3,a3,1
    a8a0:	06030c63          	beqz	t1,a918 <main+0x1fe0>
    a8a4:	00032303          	lw	t1,0(t1)
    a8a8:	00168693          	addi	a3,a3,1
    a8ac:	06030663          	beqz	t1,a918 <main+0x1fe0>
    a8b0:	07e6d463          	bge	a3,t5,a918 <main+0x1fe0>
    a8b4:	00032303          	lw	t1,0(t1)
    a8b8:	00168693          	addi	a3,a3,1
    a8bc:	00068c13          	mv	s8,a3
    a8c0:	04030c63          	beqz	t1,a918 <main+0x1fe0>
    a8c4:	00032303          	lw	t1,0(t1)
    a8c8:	00168693          	addi	a3,a3,1
    a8cc:	04030663          	beqz	t1,a918 <main+0x1fe0>
    a8d0:	00032303          	lw	t1,0(t1)
    a8d4:	002c0693          	addi	a3,s8,2
    a8d8:	04030063          	beqz	t1,a918 <main+0x1fe0>
    a8dc:	00032303          	lw	t1,0(t1)
    a8e0:	003c0693          	addi	a3,s8,3
    a8e4:	02030a63          	beqz	t1,a918 <main+0x1fe0>
    a8e8:	00032303          	lw	t1,0(t1)
    a8ec:	004c0693          	addi	a3,s8,4
    a8f0:	02030463          	beqz	t1,a918 <main+0x1fe0>
    a8f4:	00032303          	lw	t1,0(t1)
    a8f8:	005c0693          	addi	a3,s8,5
    a8fc:	00030e63          	beqz	t1,a918 <main+0x1fe0>
    a900:	00032303          	lw	t1,0(t1)
    a904:	006c0693          	addi	a3,s8,6
    a908:	00030863          	beqz	t1,a918 <main+0x1fe0>
    a90c:	00032303          	lw	t1,0(t1)
    a910:	007c0693          	addi	a3,s8,7
    a914:	f8031ee3          	bnez	t1,a8b0 <main+0x1f78>
    a918:	00078593          	mv	a1,a5
    a91c:	000f0713          	mv	a4,t5
    a920:	00030793          	mv	a5,t1
    a924:	02d05c63          	blez	a3,a95c <main+0x2024>
    a928:	00070463          	beqz	a4,a930 <main+0x1ff8>
    a92c:	04079063          	bnez	a5,a96c <main+0x2034>
    a930:	00078f93          	mv	t6,a5
    a934:	fff68693          	addi	a3,a3,-1
    a938:	00058793          	mv	a5,a1
    a93c:	0005a583          	lw	a1,0(a1)
    a940:	08060463          	beqz	a2,a9c8 <main+0x2090>
    a944:	00f62023          	sw	a5,0(a2)
    a948:	00078613          	mv	a2,a5
    a94c:	000e0793          	mv	a5,t3
    a950:	00078e13          	mv	t3,a5
    a954:	000f8793          	mv	a5,t6
    a958:	fcd048e3          	bgtz	a3,a928 <main+0x1ff0>
    a95c:	00f03fb3          	snez	t6,a5
    a960:	0ae05663          	blez	a4,aa0c <main+0x20d4>
    a964:	0a0f8663          	beqz	t6,aa10 <main+0x20d8>
    a968:	06068463          	beqz	a3,a9d0 <main+0x2098>
    a96c:	fff68b93          	addi	s7,a3,-1
    a970:	003bfd93          	andi	s11,s7,3
    a974:	0047af83          	lw	t6,4(a5)
    a978:	180d8e63          	beqz	s11,ab14 <main+0x21dc>
    a97c:	0045a883          	lw	a7,4(a1)
    a980:	002f9e83          	lh	t4,2(t6)
    a984:	00089483          	lh	s1,0(a7)
    a988:	00289383          	lh	t2,2(a7)
    a98c:	01049513          	slli	a0,s1,0x10
    a990:	f004f913          	andi	s2,s1,-256
    a994:	01855993          	srli	s3,a0,0x18
    a998:	01396833          	or	a6,s2,s3
    a99c:	01089023          	sh	a6,0(a7)
    a9a0:	000f9a03          	lh	s4,0(t6)
    a9a4:	010a1b13          	slli	s6,s4,0x10
    a9a8:	f00a7a93          	andi	s5,s4,-256
    a9ac:	018b5c13          	srli	s8,s6,0x18
    a9b0:	018ae333          	or	t1,s5,s8
    a9b4:	006f9023          	sh	t1,0(t6)
    a9b8:	067ed863          	bge	t4,t2,aa28 <main+0x20f0>
    a9bc:	0007af83          	lw	t6,0(a5)
    a9c0:	fff70713          	addi	a4,a4,-1
    a9c4:	f80610e3          	bnez	a2,a944 <main+0x200c>
    a9c8:	00078613          	mv	a2,a5
    a9cc:	f85ff06f          	j	a950 <main+0x2018>
    a9d0:	00060693          	mv	a3,a2
    a9d4:	0180006f          	j	a9ec <main+0x20b4>
    a9d8:	00c6a023          	sw	a2,0(a3)
    a9dc:	00f03fb3          	snez	t6,a5
    a9e0:	00060693          	mv	a3,a2
    a9e4:	02070463          	beqz	a4,aa0c <main+0x20d4>
    a9e8:	020f8463          	beqz	t6,aa10 <main+0x20d8>
    a9ec:	00078613          	mv	a2,a5
    a9f0:	fff70713          	addi	a4,a4,-1
    a9f4:	0007a783          	lw	a5,0(a5)
    a9f8:	fe0690e3          	bnez	a3,a9d8 <main+0x20a0>
    a9fc:	00060e13          	mv	t3,a2
    aa00:	00f03fb3          	snez	t6,a5
    aa04:	00060693          	mv	a3,a2
    aa08:	fe0710e3          	bnez	a4,a9e8 <main+0x20b0>
    aa0c:	e00f96e3          	bnez	t6,a818 <main+0x1ee0>
    aa10:	00062023          	sw	zero,0(a2)
    aa14:	279d0463          	beq	s10,s9,ac7c <main+0x2344>
    aa18:	001f1f13          	slli	t5,t5,0x1
    aa1c:	de0e16e3          	bnez	t3,a808 <main+0x1ed0>
    aa20:	00002023          	sw	zero,0(zero) # 0 <_start-0x2000>
    aa24:	00100073          	ebreak
    aa28:	0005a883          	lw	a7,0(a1)
    aa2c:	000b8693          	mv	a3,s7
    aa30:	00060a63          	beqz	a2,aa44 <main+0x210c>
    aa34:	00078f93          	mv	t6,a5
    aa38:	00058793          	mv	a5,a1
    aa3c:	00088593          	mv	a1,a7
    aa40:	f05ff06f          	j	a944 <main+0x200c>
    aa44:	00058613          	mv	a2,a1
    aa48:	00058e13          	mv	t3,a1
    aa4c:	23705463          	blez	s7,ac74 <main+0x233c>
    aa50:	00100b93          	li	s7,1
    aa54:	00088593          	mv	a1,a7
    aa58:	0b7d8e63          	beq	s11,s7,ab14 <main+0x21dc>
    aa5c:	00200e93          	li	t4,2
    aa60:	05dd8e63          	beq	s11,t4,aabc <main+0x2184>
    aa64:	0048ad83          	lw	s11,4(a7)
    aa68:	002f9483          	lh	s1,2(t6)
    aa6c:	000d9383          	lh	t2,0(s11)
    aa70:	002d9903          	lh	s2,2(s11)
    aa74:	01039513          	slli	a0,t2,0x10
    aa78:	f003f813          	andi	a6,t2,-256
    aa7c:	01855993          	srli	s3,a0,0x18
    aa80:	01386a33          	or	s4,a6,s3
    aa84:	014d9023          	sh	s4,0(s11)
    aa88:	000f9a83          	lh	s5,0(t6)
    aa8c:	010a9c13          	slli	s8,s5,0x10
    aa90:	f00afb13          	andi	s6,s5,-256
    aa94:	018c5313          	srli	t1,s8,0x18
    aa98:	006b6bb3          	or	s7,s6,t1
    aa9c:	017f9023          	sh	s7,0(t6)
    aaa0:	f124cee3          	blt	s1,s2,a9bc <main+0x2084>
    aaa4:	0008a883          	lw	a7,0(a7)
    aaa8:	fff68693          	addi	a3,a3,-1
    aaac:	f80614e3          	bnez	a2,aa34 <main+0x20fc>
    aab0:	00058613          	mv	a2,a1
    aab4:	00058e13          	mv	t3,a1
    aab8:	00088593          	mv	a1,a7
    aabc:	0048ad83          	lw	s11,4(a7)
    aac0:	002f9483          	lh	s1,2(t6)
    aac4:	000d9383          	lh	t2,0(s11)
    aac8:	002d9903          	lh	s2,2(s11)
    aacc:	01039813          	slli	a6,t2,0x10
    aad0:	f003fe93          	andi	t4,t2,-256
    aad4:	01885513          	srli	a0,a6,0x18
    aad8:	00aee9b3          	or	s3,t4,a0
    aadc:	013d9023          	sh	s3,0(s11)
    aae0:	000f9a03          	lh	s4,0(t6)
    aae4:	010a1b13          	slli	s6,s4,0x10
    aae8:	f00a7a93          	andi	s5,s4,-256
    aaec:	018b5c13          	srli	s8,s6,0x18
    aaf0:	018ae333          	or	t1,s5,s8
    aaf4:	006f9023          	sh	t1,0(t6)
    aaf8:	ed24c2e3          	blt	s1,s2,a9bc <main+0x2084>
    aafc:	0008a883          	lw	a7,0(a7)
    ab00:	fff68693          	addi	a3,a3,-1
    ab04:	f20618e3          	bnez	a2,aa34 <main+0x20fc>
    ab08:	00058613          	mv	a2,a1
    ab0c:	00058e13          	mv	t3,a1
    ab10:	00088593          	mv	a1,a7
    ab14:	0045a883          	lw	a7,4(a1)
    ab18:	002f9b83          	lh	s7,2(t6)
    ab1c:	00089d83          	lh	s11,0(a7)
    ab20:	00289483          	lh	s1,2(a7)
    ab24:	010d9913          	slli	s2,s11,0x10
    ab28:	f00df393          	andi	t2,s11,-256
    ab2c:	01895e93          	srli	t4,s2,0x18
    ab30:	01d3e833          	or	a6,t2,t4
    ab34:	01089023          	sh	a6,0(a7)
    ab38:	000f9503          	lh	a0,0(t6)
    ab3c:	01051a13          	slli	s4,a0,0x10
    ab40:	f0057993          	andi	s3,a0,-256
    ab44:	018a5a93          	srli	s5,s4,0x18
    ab48:	0159eb33          	or	s6,s3,s5
    ab4c:	016f9023          	sh	s6,0(t6)
    ab50:	e69bc6e3          	blt	s7,s1,a9bc <main+0x2084>
    ab54:	fff68693          	addi	a3,a3,-1
    ab58:	0005a883          	lw	a7,0(a1)
    ab5c:	00068c13          	mv	s8,a3
    ab60:	ec061ae3          	bnez	a2,aa34 <main+0x20fc>
    ab64:	00058613          	mv	a2,a1
    ab68:	00058e13          	mv	t3,a1
    ab6c:	10d05463          	blez	a3,ac74 <main+0x233c>
    ab70:	0048ab03          	lw	s6,4(a7)
    ab74:	002f9303          	lh	t1,2(t6)
    ab78:	000b1503          	lh	a0,0(s6)
    ab7c:	002b1803          	lh	a6,2(s6)
    ab80:	01051593          	slli	a1,a0,0x10
    ab84:	0185d393          	srli	t2,a1,0x18
    ab88:	f0057e93          	andi	t4,a0,-256
    ab8c:	007ee4b3          	or	s1,t4,t2
    ab90:	009b1023          	sh	s1,0(s6)
    ab94:	000f9903          	lh	s2,0(t6)
    ab98:	00088593          	mv	a1,a7
    ab9c:	01091a93          	slli	s5,s2,0x10
    aba0:	f0097a13          	andi	s4,s2,-256
    aba4:	018add93          	srli	s11,s5,0x18
    aba8:	01ba69b3          	or	s3,s4,s11
    abac:	013f9023          	sh	s3,0(t6)
    abb0:	e10346e3          	blt	t1,a6,a9bc <main+0x2084>
    abb4:	0008a883          	lw	a7,0(a7)
    abb8:	fff68693          	addi	a3,a3,-1
    abbc:	e6061ce3          	bnez	a2,aa34 <main+0x20fc>
    abc0:	0048ab83          	lw	s7,4(a7)
    abc4:	00058613          	mv	a2,a1
    abc8:	00058e13          	mv	t3,a1
    abcc:	000b9303          	lh	t1,0(s7)
    abd0:	002f9b03          	lh	s6,2(t6)
    abd4:	002b9483          	lh	s1,2(s7)
    abd8:	01031813          	slli	a6,t1,0x10
    abdc:	f0037513          	andi	a0,t1,-256
    abe0:	01885e93          	srli	t4,a6,0x18
    abe4:	01d565b3          	or	a1,a0,t4
    abe8:	00bb9023          	sh	a1,0(s7)
    abec:	000f9383          	lh	t2,0(t6)
    abf0:	00088593          	mv	a1,a7
    abf4:	01039913          	slli	s2,t2,0x10
    abf8:	f003fa13          	andi	s4,t2,-256
    abfc:	01895a93          	srli	s5,s2,0x18
    ac00:	015a6db3          	or	s11,s4,s5
    ac04:	01bf9023          	sh	s11,0(t6)
    ac08:	da9b4ae3          	blt	s6,s1,a9bc <main+0x2084>
    ac0c:	0008a883          	lw	a7,0(a7)
    ac10:	ffec0693          	addi	a3,s8,-2
    ac14:	e20610e3          	bnez	a2,aa34 <main+0x20fc>
    ac18:	0048a983          	lw	s3,4(a7)
    ac1c:	002f9b83          	lh	s7,2(t6)
    ac20:	00058613          	mv	a2,a1
    ac24:	00099b03          	lh	s6,0(s3)
    ac28:	00058e13          	mv	t3,a1
    ac2c:	00299383          	lh	t2,2(s3)
    ac30:	010b1513          	slli	a0,s6,0x10
    ac34:	f00b7313          	andi	t1,s6,-256
    ac38:	01855813          	srli	a6,a0,0x18
    ac3c:	01036eb3          	or	t4,t1,a6
    ac40:	01d99023          	sh	t4,0(s3)
    ac44:	000f9583          	lh	a1,0(t6)
    ac48:	01059a13          	slli	s4,a1,0x10
    ac4c:	f005f493          	andi	s1,a1,-256
    ac50:	018a5913          	srli	s2,s4,0x18
    ac54:	0124eab3          	or	s5,s1,s2
    ac58:	015f9023          	sh	s5,0(t6)
    ac5c:	00088593          	mv	a1,a7
    ac60:	d47bcee3          	blt	s7,t2,a9bc <main+0x2084>
    ac64:	0008a883          	lw	a7,0(a7)
    ac68:	ffdc0693          	addi	a3,s8,-3
    ac6c:	dc0614e3          	bnez	a2,aa34 <main+0x20fc>
    ac70:	e99ff06f          	j	ab08 <main+0x21d0>
    ac74:	00088593          	mv	a1,a7
    ac78:	ce5ff06f          	j	a95c <main+0x2024>
    ac7c:	07c12023          	sw	t3,96(sp)
    ac80:	00041463          	bnez	s0,ac88 <main+0x2350>
    ac84:	dc5fd06f          	j	8a48 <main+0x110>
    ac88:	f21fd06f          	j	8ba8 <main+0x270>
    ac8c:	000c4603          	lbu	a2,0(s8)
    ac90:	001b8413          	addi	s0,s7,1
    ac94:	00800c93          	li	s9,8
    ac98:	00cd0023          	sb	a2,0(s10)
    ac9c:	9adff06f          	j	a648 <main+0x1d10>
    aca0:	000e8613          	mv	a2,t4
    aca4:	000a0693          	mv	a3,s4
    aca8:	a81ff06f          	j	a728 <main+0x1df0>
    acac:	000b8b13          	mv	s6,s7
    acb0:	9e4fe06f          	j	8e94 <main+0x55c>
    acb4:	00000993          	li	s3,0
    acb8:	93cfe06f          	j	8df4 <main+0x4bc>
    acbc:	00000b93          	li	s7,0
    acc0:	00058293          	mv	t0,a1
    acc4:	a9cfe06f          	j	8f60 <main+0x628>
    acc8:	00009837          	lui	a6,0x9
    accc:	a0280e13          	addi	t3,a6,-1534 # 8a02 <main+0xca>
    acd0:	2fc50a63          	beq	a0,t3,afc4 <main+0x268c>
    acd4:	0000feb7          	lui	t4,0xf
    acd8:	9f5e8293          	addi	t0,t4,-1547 # e9f5 <ultra_signature+0x9f5>
    acdc:	2e551e63          	bne	a0,t0,afd8 <main+0x26a0>
    ace0:	00000517          	auipc	a0,0x0
    ace4:	60c50513          	addi	a0,a0,1548 # b2ec <main+0x29b4>
    ace8:	f61fb0ef          	jal	6c48 <ee_printf>
    acec:	00300413          	li	s0,3
    acf0:	05c12b83          	lw	s7,92(sp)
    acf4:	06011e23          	sh	zero,124(sp)
    acf8:	001bf713          	andi	a4,s7,1
    acfc:	04070063          	beqz	a4,ad3c <main+0x2404>
    ad00:	00001317          	auipc	t1,0x1
    ad04:	d0c30313          	addi	t1,t1,-756 # ba0c <list_known_crc>
    ad08:	00141513          	slli	a0,s0,0x1
    ad0c:	00a309b3          	add	s3,t1,a0
    ad10:	0009d683          	lhu	a3,0(s3)
    ad14:	07615603          	lhu	a2,118(sp)
    ad18:	02c68263          	beq	a3,a2,ad3c <main+0x2404>
    ad1c:	00000593          	li	a1,0
    ad20:	00000517          	auipc	a0,0x0
    ad24:	62850513          	addi	a0,a0,1576 # b348 <main+0x2a10>
    ad28:	f21fb0ef          	jal	6c48 <ee_printf>
    ad2c:	07c15683          	lhu	a3,124(sp)
    ad30:	05c12b83          	lw	s7,92(sp)
    ad34:	00168913          	addi	s2,a3,1
    ad38:	07211e23          	sh	s2,124(sp)
    ad3c:	002bf893          	andi	a7,s7,2
    ad40:	04088063          	beqz	a7,ad80 <main+0x2448>
    ad44:	00001f17          	auipc	t5,0x1
    ad48:	cbcf0f13          	addi	t5,t5,-836 # ba00 <matrix_known_crc>
    ad4c:	00141a13          	slli	s4,s0,0x1
    ad50:	014f0ab3          	add	s5,t5,s4
    ad54:	000ad683          	lhu	a3,0(s5) # ffff8000 <__stack_top+0xfffe8000>
    ad58:	07815603          	lhu	a2,120(sp)
    ad5c:	02d60263          	beq	a2,a3,ad80 <main+0x2448>
    ad60:	00000593          	li	a1,0
    ad64:	00000517          	auipc	a0,0x0
    ad68:	61450513          	addi	a0,a0,1556 # b378 <main+0x2a40>
    ad6c:	eddfb0ef          	jal	6c48 <ee_printf>
    ad70:	07c15b03          	lhu	s6,124(sp)
    ad74:	05c12b83          	lw	s7,92(sp)
    ad78:	001b0c13          	addi	s8,s6,1
    ad7c:	07811e23          	sh	s8,124(sp)
    ad80:	004bfc93          	andi	s9,s7,4
    ad84:	020c8e63          	beqz	s9,adc0 <main+0x2488>
    ad88:	00141d93          	slli	s11,s0,0x1
    ad8c:	00001797          	auipc	a5,0x1
    ad90:	c6878793          	addi	a5,a5,-920 # b9f4 <state_known_crc>
    ad94:	01b78833          	add	a6,a5,s11
    ad98:	00085683          	lhu	a3,0(a6)
    ad9c:	07a15603          	lhu	a2,122(sp)
    ada0:	02c68063          	beq	a3,a2,adc0 <main+0x2488>
    ada4:	00000593          	li	a1,0
    ada8:	00000517          	auipc	a0,0x0
    adac:	60450513          	addi	a0,a0,1540 # b3ac <main+0x2a74>
    adb0:	e99fb0ef          	jal	6c48 <ee_printf>
    adb4:	07c15e03          	lhu	t3,124(sp)
    adb8:	001e0e93          	addi	t4,t3,1
    adbc:	07d11e23          	sh	t4,124(sp)
    adc0:	07c11983          	lh	s3,124(sp)
    adc4:	05412403          	lw	s0,84(sp)
    adc8:	00040593          	mv	a1,s0
    adcc:	00000517          	auipc	a0,0x0
    add0:	61050513          	addi	a0,a0,1552 # b3dc <main+0x2aa4>
    add4:	e75fb0ef          	jal	6c48 <ee_printf>
    add8:	00048593          	mv	a1,s1
    addc:	00000517          	auipc	a0,0x0
    ade0:	61850513          	addi	a0,a0,1560 # b3f4 <main+0x2abc>
    ade4:	e65fb0ef          	jal	6c48 <ee_printf>
    ade8:	55e642b7          	lui	t0,0x55e64
    adec:	b8928393          	addi	t2,t0,-1143 # 55e63b89 <__stack_top+0x55e53b89>
    adf0:	0274b633          	mulhu	a2,s1,t2
    adf4:	00000517          	auipc	a0,0x0
    adf8:	61850513          	addi	a0,a0,1560 # b40c <main+0x2ad4>
    adfc:	01965913          	srli	s2,a2,0x19
    ae00:	00090593          	mv	a1,s2
    ae04:	e45fb0ef          	jal	6c48 <ee_printf>
    ae08:	05f5e5b7          	lui	a1,0x5f5e
    ae0c:	0ff58f93          	addi	t6,a1,255 # 5f5e0ff <__stack_top+0x5f4e0ff>
    ae10:	169fe863          	bltu	t6,s1,af80 <main+0x2648>
    ae14:	00000517          	auipc	a0,0x0
    ae18:	61050513          	addi	a0,a0,1552 # b424 <main+0x2aec>
    ae1c:	00198493          	addi	s1,s3,1
    ae20:	e29fb0ef          	jal	6c48 <ee_printf>
    ae24:	01049693          	slli	a3,s1,0x10
    ae28:	4106d993          	srai	s3,a3,0x10
    ae2c:	05812583          	lw	a1,88(sp)
    ae30:	00000517          	auipc	a0,0x0
    ae34:	64c50513          	addi	a0,a0,1612 # b47c <main+0x2b44>
    ae38:	e11fb0ef          	jal	6c48 <ee_printf>
    ae3c:	00000597          	auipc	a1,0x0
    ae40:	65858593          	addi	a1,a1,1624 # b494 <main+0x2b5c>
    ae44:	00000517          	auipc	a0,0x0
    ae48:	66c50513          	addi	a0,a0,1644 # b4b0 <main+0x2b78>
    ae4c:	dfdfb0ef          	jal	6c48 <ee_printf>
    ae50:	00000597          	auipc	a1,0x0
    ae54:	67858593          	addi	a1,a1,1656 # b4c8 <main+0x2b90>
    ae58:	00000517          	auipc	a0,0x0
    ae5c:	72450513          	addi	a0,a0,1828 # b57c <main+0x2c44>
    ae60:	de9fb0ef          	jal	6c48 <ee_printf>
    ae64:	00000597          	auipc	a1,0x0
    ae68:	73058593          	addi	a1,a1,1840 # b594 <main+0x2c5c>
    ae6c:	00000517          	auipc	a0,0x0
    ae70:	72c50513          	addi	a0,a0,1836 # b598 <main+0x2c60>
    ae74:	dd5fb0ef          	jal	6c48 <ee_printf>
    ae78:	000d0593          	mv	a1,s10
    ae7c:	00000517          	auipc	a0,0x0
    ae80:	73450513          	addi	a0,a0,1844 # b5b0 <main+0x2c78>
    ae84:	dc5fb0ef          	jal	6c48 <ee_printf>
    ae88:	05c12f03          	lw	t5,92(sp)
    ae8c:	001f7d13          	andi	s10,t5,1
    ae90:	000d0e63          	beqz	s10,aeac <main+0x2574>
    ae94:	07615603          	lhu	a2,118(sp)
    ae98:	00000593          	li	a1,0
    ae9c:	00000517          	auipc	a0,0x0
    aea0:	73050513          	addi	a0,a0,1840 # b5cc <main+0x2c94>
    aea4:	da5fb0ef          	jal	6c48 <ee_printf>
    aea8:	05c12f03          	lw	t5,92(sp)
    aeac:	002f7893          	andi	a7,t5,2
    aeb0:	00088e63          	beqz	a7,aecc <main+0x2594>
    aeb4:	07815603          	lhu	a2,120(sp)
    aeb8:	00000593          	li	a1,0
    aebc:	00000517          	auipc	a0,0x0
    aec0:	72c50513          	addi	a0,a0,1836 # b5e8 <main+0x2cb0>
    aec4:	d85fb0ef          	jal	6c48 <ee_printf>
    aec8:	05c12f03          	lw	t5,92(sp)
    aecc:	004f7a13          	andi	s4,t5,4
    aed0:	000a0c63          	beqz	s4,aee8 <main+0x25b0>
    aed4:	07a15603          	lhu	a2,122(sp)
    aed8:	00000593          	li	a1,0
    aedc:	00000517          	auipc	a0,0x0
    aee0:	72850513          	addi	a0,a0,1832 # b604 <main+0x2ccc>
    aee4:	d65fb0ef          	jal	6c48 <ee_printf>
    aee8:	07415603          	lhu	a2,116(sp)
    aeec:	00000593          	li	a1,0
    aef0:	00000517          	auipc	a0,0x0
    aef4:	73050513          	addi	a0,a0,1840 # b620 <main+0x2ce8>
    aef8:	d51fb0ef          	jal	6c48 <ee_printf>
    aefc:	0a098c63          	beqz	s3,afb4 <main+0x267c>
    af00:	0b304263          	bgtz	s3,afa4 <main+0x266c>
    af04:	00000517          	auipc	a0,0x0
    af08:	78450513          	addi	a0,a0,1924 # b688 <main+0x2d50>
    af0c:	d3dfb0ef          	jal	6c48 <ee_printf>
    af10:	0bc12083          	lw	ra,188(sp)
    af14:	0b812403          	lw	s0,184(sp)
    af18:	0b412483          	lw	s1,180(sp)
    af1c:	0b012903          	lw	s2,176(sp)
    af20:	0ac12983          	lw	s3,172(sp)
    af24:	0a812a03          	lw	s4,168(sp)
    af28:	0a412a83          	lw	s5,164(sp)
    af2c:	0a012b03          	lw	s6,160(sp)
    af30:	09c12b83          	lw	s7,156(sp)
    af34:	09812c03          	lw	s8,152(sp)
    af38:	09412c83          	lw	s9,148(sp)
    af3c:	09012d03          	lw	s10,144(sp)
    af40:	08c12d83          	lw	s11,140(sp)
    af44:	00000513          	li	a0,0
    af48:	0c010113          	addi	sp,sp,192
    af4c:	00008067          	ret
    af50:	7d000c13          	li	s8,2000
    af54:	05812a23          	sw	s8,84(sp)
    af58:	00081463          	bnez	a6,af60 <main+0x2628>
    af5c:	ae9fd06f          	j	8a44 <main+0x10c>
    af60:	05712423          	sw	s7,72(sp)
    af64:	00081463          	bnez	a6,af6c <main+0x2634>
    af68:	addfd06f          	j	8a44 <main+0x10c>
    af6c:	f3cff06f          	j	a6a8 <main+0x1d70>
    af70:	06600b13          	li	s6,102
    af74:	02012e23          	sw	zero,60(sp)
    af78:	05611023          	sh	s6,64(sp)
    af7c:	a71fd06f          	j	89ec <main+0xb4>
    af80:	05812703          	lw	a4,88(sp)
    af84:	00000517          	auipc	a0,0x0
    af88:	4e050513          	addi	a0,a0,1248 # b464 <main+0x2b2c>
    af8c:	032755b3          	divu	a1,a4,s2
    af90:	cb9fb0ef          	jal	6c48 <ee_printf>
    af94:	3b9ad337          	lui	t1,0x3b9ad
    af98:	9ff30513          	addi	a0,t1,-1537 # 3b9ac9ff <__stack_top+0x3b99c9ff>
    af9c:	e89568e3          	bltu	a0,s1,ae2c <main+0x24f4>
    afa0:	e75ff06f          	j	ae14 <main+0x24dc>
    afa4:	00000517          	auipc	a0,0x0
    afa8:	74850513          	addi	a0,a0,1864 # b6ec <main+0x2db4>
    afac:	c9dfb0ef          	jal	6c48 <ee_printf>
    afb0:	f61ff06f          	j	af10 <main+0x25d8>
    afb4:	00000517          	auipc	a0,0x0
    afb8:	68850513          	addi	a0,a0,1672 # b63c <main+0x2d04>
    afbc:	c8dfb0ef          	jal	6c48 <ee_printf>
    afc0:	f51ff06f          	j	af10 <main+0x25d8>
    afc4:	00000517          	auipc	a0,0x0
    afc8:	29850513          	addi	a0,a0,664 # b25c <main+0x2924>
    afcc:	c7dfb0ef          	jal	6c48 <ee_printf>
    afd0:	00000413          	li	s0,0
    afd4:	d1dff06f          	j	acf0 <main+0x23b8>
    afd8:	fff00993          	li	s3,-1
    afdc:	dedff06f          	j	adc8 <main+0x2490>
    afe0:	00000517          	auipc	a0,0x0
    afe4:	33c50513          	addi	a0,a0,828 # b31c <main+0x29e4>
    afe8:	c61fb0ef          	jal	6c48 <ee_printf>
    afec:	00400413          	li	s0,4
    aff0:	d01ff06f          	j	acf0 <main+0x23b8>
    aff4:	00000517          	auipc	a0,0x0
    aff8:	29850513          	addi	a0,a0,664 # b28c <main+0x2954>
    affc:	c4dfb0ef          	jal	6c48 <ee_printf>
    b000:	00100413          	li	s0,1
    b004:	cedff06f          	j	acf0 <main+0x23b8>
    b008:	00038463          	beqz	t2,b010 <main+0x26d8>
    b00c:	9e1fd06f          	j	89ec <main+0xb4>
    b010:	341539b7          	lui	s3,0x34153
    b014:	41598a13          	addi	s4,s3,1045 # 34153415 <__stack_top+0x34143415>
    b018:	06600a93          	li	s5,102
    b01c:	03412e23          	sw	s4,60(sp)
    b020:	05511023          	sh	s5,64(sp)
    b024:	9c9fd06f          	j	89ec <main+0xb4>
    b028:	05712423          	sw	s7,72(sp)
    b02c:	a05fd06f          	j	8a30 <main+0xf8>
    b030:	05712423          	sw	s7,72(sp)
    b034:	00400793          	li	a5,4
    b038:	b41fd06f          	j	8b78 <main+0x240>
    b03c:	00158593          	addi	a1,a1,1
    b040:	f4bb8a63          	beq	s7,a1,a794 <main+0x1e5c>
    b044:	00060313          	mv	t1,a2
    b048:	00068893          	mv	a7,a3
    b04c:	f38ff06f          	j	a784 <main+0x1e4c>

D:\code\FPGA\toolchains\xpack-riscv-none-elf-gcc-15.2.0-1\bin\riscv-none-elf-nm.exe -n D:\code\FPGA\vivado\ultra_bht_btb_followup\sim\ultra_simd_subset_v1\coremark_followup\EDAP2\build\coremark.elf
00002000 T _start
0000202c T _halt
00002030 t crcu16
00002258 t core_state_transition
00002540 t calc_func
000036df W core_main.c.a139bd89
00003c56 W core_list_join.c.17277ac5
0000438d W core_matrix.c.67c38044
00004993 W core_state.c.8b4f4757
00004c17 W core_util.c.7fec628b
00004de0 W core_portme.c.4ec8bdda
00005225 W ee_printf.c.d2ad60ed
000052c8 t core_bench_list
000062c8 t number
00006c48 t ee_printf
00008938 T main
0000b9b4 r errpat
0000b9c4 r scipat
0000b9d4 r floatpat
0000b9e4 r intpat
0000b9f4 r state_known_crc
0000ba00 r matrix_known_crc
0000ba0c r list_known_crc
0000bc18 d seed4_volatile
0000bc1c d seed3_volatile
0000bc20 B __bss_start
0000bc20 b ultra_signature_pos
0000bc24 b simd_bp
0000bcb4 b simd_ap
0000bd44 b seed5_volatile
0000bd48 b seed2_volatile
0000bd4c b seed1_volatile
0000bd50 b start_perf_val
0000bd78 b stop_perf_val
0000bda0 b start_time_val
0000bda4 b stop_time_val
0000bda8 b static_memblk
0000c578 B __bss_end
0000e000 D __signature_start
0000e000 D ultra_signature
0000f000 D __signature_end
00010000 D __stack_top

D:\code\FPGA\toolchains\xpack-riscv-none-elf-gcc-15.2.0-1\bin\riscv-none-elf-size.exe -A D:\code\FPGA\vivado\ultra_bht_btb_followup\sim\ultra_simd_subset_v1\coremark_followup\EDAP2\build\coremark.elf
D:\code\FPGA\vivado\ultra_bht_btb_followup\sim\ultra_simd_subset_v1\coremark_followup\EDAP2\build\coremark.elf  :
section               size    addr
.text                36944    8192
.rodata               3016   45136
.data                    8   48152
.bss                  2392   48160
.signature            4096   57344
.debug_info          22085       0
.debug_abbrev         3241       0
.debug_loclists      47853       0
.debug_aranges         112       0
.debug_rnglists       4486       0
.debug_line          65482       0
.debug_str            3223       0
.debug_line_str       1073       0
.comment                51       0
.riscv.attributes       55       0
.debug_frame           700       0
Total               194817


