Copyright 1986-2022 Xilinx, Inc. All Rights Reserved.
------------------------------------------------------------------------------------------------------------------------------------------------------------------------------
| Tool Version : Vivado v.2022.2 (win64) Build 3671981 Fri Oct 14 05:00:03 MDT 2022
| Date         : Mon Sep  7 13:00:50 2026
| Host         : LAPTOP-A7P3RQOS running 64-bit major release  (build 9200)
| Command      : report_timing -delay_type max -max_paths 20 -path_type full -file D:/code/FPGA/vivado/ultra_scalar_bht_btb_xc7z020/reports/param_sweep/D0/critical_paths.rpt
| Design       : riscv_tcm_top
| Device       : 7z020-clg400
| Speed File   : -1  PRODUCTION 1.12 2019-11-22
------------------------------------------------------------------------------------------------------------------------------------------------------------------------------

Timing Report

Slack (VIOLATED) :        -2.566ns  (required time - arrival time)
  Source:                 u_tcm/u_ram/ram_reg_2_3/CLKARDCLK
                            (rising edge-triggered cell RAMB36E1 clocked by clk_i  {rise@0.000ns fall@5.000ns period=10.000ns})
  Destination:            u_core/u_decode/buffer_q_reg[44]_replica/D
                            (rising edge-triggered cell FDCE clocked by clk_i  {rise@0.000ns fall@5.000ns period=10.000ns})
  Path Group:             clk_i
  Path Type:              Setup (Max at Slow Process Corner)
  Requirement:            10.000ns  (clk_i rise@10.000ns - clk_i rise@0.000ns)
  Data Path Delay:        12.370ns  (logic 4.518ns (36.525%)  route 7.852ns (63.475%))
  Logic Levels:           11  (CARRY4=2 LUT4=1 LUT5=1 LUT6=7)
  Clock Path Skew:        -0.099ns (DCD - SCD + CPR)
    Destination Clock Delay (DCD):    1.570ns = ( 11.570 - 10.000 ) 
    Source Clock Delay      (SCD):    1.784ns
    Clock Pessimism Removal (CPR):    0.115ns
  Clock Uncertainty:      0.035ns  ((TSJ^2 + TIJ^2)^1/2 + DJ) / 2 + PE
    Total System Jitter     (TSJ):    0.071ns
    Total Input Jitter      (TIJ):    0.000ns
    Discrete Jitter          (DJ):    0.000ns
    Phase Error              (PE):    0.000ns

    Location             Delay type                Incr(ns)  Path(ns)    Netlist Resource(s)
  -------------------------------------------------------------------    -------------------
                         (clock clk_i rise edge)      0.000     0.000 r  
                         propagated clock network latency
                                                      1.784     1.784    
    RAMB36_X1Y3          RAMB36E1                     0.000     1.784 r  u_tcm/u_ram/ram_reg_2_3/CLKARDCLK
    RAMB36_X1Y3          RAMB36E1 (Prop_ramb36e1_CLKARDCLK_DOADO[1])
                                                      2.454     4.238 r  u_tcm/u_ram/ram_reg_2_3/DOADO[1]
                         net (fo=7, routed)           0.902     5.140    u_core/u_lsu/u_lsu_request/ram_read1_q[12]
    SLICE_X25Y17         LUT6 (Prop_lut6_I5_O)        0.124     5.264 r  u_core/u_lsu/u_lsu_request/result_wb_q[31]_i_11/O
                         net (fo=1, routed)           1.140     6.404    u_core/u_lsu/u_lsu_request/result_wb_q[31]_i_11_n_0
    SLICE_X26Y10         LUT6 (Prop_lut6_I4_O)        0.124     6.528 r  u_core/u_lsu/u_lsu_request/result_wb_q[31]_i_3/O
                         net (fo=36, routed)          0.982     7.510    u_core/u_lsu/u_lsu_request/result_wb_q[31]_i_3_n_0
    SLICE_X26Y10         LUT6 (Prop_lut6_I1_O)        0.124     7.634 r  u_core/u_lsu/u_lsu_request/result_wb_q[17]_i_1/O
                         net (fo=3, routed)           0.565     8.199    u_core/u_issue/u_pipe_ctrl/result_wb_q_reg[31]_1[12]
    SLICE_X21Y10         LUT6 (Prop_lut6_I2_O)        0.124     8.323 r  u_core/u_issue/u_pipe_ctrl/mem_data_wr_q[17]_i_2/O
                         net (fo=13, routed)          1.189     9.512    u_core/u_issue/u_pipe_ctrl/result_q_reg[19][1]
    SLICE_X22Y11         LUT6 (Prop_lut6_I0_O)        0.124     9.636 r  u_core/u_issue/u_pipe_ctrl/exception_e1_q[4]_i_68/O
                         net (fo=1, routed)           0.000     9.636    u_core/u_issue/u_pipe_ctrl/exception_e1_q[4]_i_68_n_0
    SLICE_X22Y11         CARRY4 (Prop_carry4_S[1]_CO[3])
                                                      0.533    10.169 r  u_core/u_issue/u_pipe_ctrl/exception_e1_q_reg[4]_i_43/CO[3]
                         net (fo=1, routed)           0.000    10.169    u_core/u_issue/u_pipe_ctrl/exception_e1_q_reg[4]_i_43_n_0
    SLICE_X22Y12         CARRY4 (Prop_carry4_CI_CO[2])
                                                      0.229    10.398 f  u_core/u_issue/u_pipe_ctrl/exception_e1_q_reg[4]_i_23/CO[2]
                         net (fo=1, routed)           0.943    11.341    u_core/u_decode/u_exec/data1_alias
    SLICE_X24Y15         LUT5 (Prop_lut5_I3_O)        0.310    11.651 f  u_core/u_decode/exception_e1_q[4]_i_7_comp_1/O
                         net (fo=8, routed)           0.572    12.223    u_core/u_decode/exception_e1_q[4]_i_7_n_0
    SLICE_X21Y16         LUT6 (Prop_lut6_I5_O)        0.124    12.347 f  u_core/u_decode/branch_q_i_4/O
                         net (fo=3, routed)           0.176    12.523    u_core/u_decode/branch_q_i_4_n_0
    SLICE_X21Y16         LUT6 (Prop_lut6_I3_O)        0.124    12.647 f  u_core/u_decode/branch_q_i_1__0/O
                         net (fo=94, routed)          0.692    13.339    u_core/u_fetch/branch_request_w
    SLICE_X16Y17         LUT4 (Prop_lut4_I3_O)        0.124    13.463 r  u_core/u_fetch/buffer_q[44]_i_1/O
                         net (fo=2, routed)           0.691    14.154    u_core/u_decode/buffer_q_reg[67]_0[42]
    SLICE_X11Y20         FDCE                                         r  u_core/u_decode/buffer_q_reg[44]_replica/D
  -------------------------------------------------------------------    -------------------

                         (clock clk_i rise edge)     10.000    10.000 r  
                         propagated clock network latency
                                                      1.570    11.570    
                         clock pessimism              0.115    11.685    
                         clock uncertainty           -0.035    11.650    
    SLICE_X11Y20         FDCE (Setup_fdce_C_D)       -0.061    11.589    u_core/u_decode/buffer_q_reg[44]_replica
  -------------------------------------------------------------------
                         required time                         11.589    
                         arrival time                         -14.154    
  -------------------------------------------------------------------
                         slack                                 -2.566    

Slack (VIOLATED) :        -2.522ns  (required time - arrival time)
  Source:                 u_tcm/u_ram/ram_reg_2_3/CLKARDCLK
                            (rising edge-triggered cell RAMB36E1 clocked by clk_i  {rise@0.000ns fall@5.000ns period=10.000ns})
  Destination:            u_core/u_fetch/branch_pc_q_reg[27]/D
                            (rising edge-triggered cell FDCE clocked by clk_i  {rise@0.000ns fall@5.000ns period=10.000ns})
  Path Group:             clk_i
  Path Type:              Setup (Max at Slow Process Corner)
  Requirement:            10.000ns  (clk_i rise@10.000ns - clk_i rise@0.000ns)
  Data Path Delay:        12.416ns  (logic 4.518ns (36.390%)  route 7.898ns (63.610%))
  Logic Levels:           11  (CARRY4=2 LUT5=2 LUT6=7)
  Clock Path Skew:        -0.103ns (DCD - SCD + CPR)
    Destination Clock Delay (DCD):    1.566ns = ( 11.566 - 10.000 ) 
    Source Clock Delay      (SCD):    1.784ns
    Clock Pessimism Removal (CPR):    0.115ns
  Clock Uncertainty:      0.035ns  ((TSJ^2 + TIJ^2)^1/2 + DJ) / 2 + PE
    Total System Jitter     (TSJ):    0.071ns
    Total Input Jitter      (TIJ):    0.000ns
    Discrete Jitter          (DJ):    0.000ns
    Phase Error              (PE):    0.000ns

    Location             Delay type                Incr(ns)  Path(ns)    Netlist Resource(s)
  -------------------------------------------------------------------    -------------------
                         (clock clk_i rise edge)      0.000     0.000 r  
                         propagated clock network latency
                                                      1.784     1.784    
    RAMB36_X1Y3          RAMB36E1                     0.000     1.784 r  u_tcm/u_ram/ram_reg_2_3/CLKARDCLK
    RAMB36_X1Y3          RAMB36E1 (Prop_ramb36e1_CLKARDCLK_DOADO[1])
                                                      2.454     4.238 r  u_tcm/u_ram/ram_reg_2_3/DOADO[1]
                         net (fo=7, routed)           0.902     5.140    u_core/u_lsu/u_lsu_request/ram_read1_q[12]
    SLICE_X25Y17         LUT6 (Prop_lut6_I5_O)        0.124     5.264 r  u_core/u_lsu/u_lsu_request/result_wb_q[31]_i_11/O
                         net (fo=1, routed)           1.140     6.404    u_core/u_lsu/u_lsu_request/result_wb_q[31]_i_11_n_0
    SLICE_X26Y10         LUT6 (Prop_lut6_I4_O)        0.124     6.528 r  u_core/u_lsu/u_lsu_request/result_wb_q[31]_i_3/O
                         net (fo=36, routed)          0.982     7.510    u_core/u_lsu/u_lsu_request/result_wb_q[31]_i_3_n_0
    SLICE_X26Y10         LUT6 (Prop_lut6_I1_O)        0.124     7.634 r  u_core/u_lsu/u_lsu_request/result_wb_q[17]_i_1/O
                         net (fo=3, routed)           0.565     8.199    u_core/u_issue/u_pipe_ctrl/result_wb_q_reg[31]_1[12]
    SLICE_X21Y10         LUT6 (Prop_lut6_I2_O)        0.124     8.323 r  u_core/u_issue/u_pipe_ctrl/mem_data_wr_q[17]_i_2/O
                         net (fo=13, routed)          1.189     9.512    u_core/u_issue/u_pipe_ctrl/result_q_reg[19][1]
    SLICE_X22Y11         LUT6 (Prop_lut6_I0_O)        0.124     9.636 r  u_core/u_issue/u_pipe_ctrl/exception_e1_q[4]_i_68/O
                         net (fo=1, routed)           0.000     9.636    u_core/u_issue/u_pipe_ctrl/exception_e1_q[4]_i_68_n_0
    SLICE_X22Y11         CARRY4 (Prop_carry4_S[1]_CO[3])
                                                      0.533    10.169 r  u_core/u_issue/u_pipe_ctrl/exception_e1_q_reg[4]_i_43/CO[3]
                         net (fo=1, routed)           0.000    10.169    u_core/u_issue/u_pipe_ctrl/exception_e1_q_reg[4]_i_43_n_0
    SLICE_X22Y12         CARRY4 (Prop_carry4_CI_CO[2])
                                                      0.229    10.398 r  u_core/u_issue/u_pipe_ctrl/exception_e1_q_reg[4]_i_23/CO[2]
                         net (fo=1, routed)           0.943    11.341    u_core/u_decode/u_exec/data1_alias
    SLICE_X24Y15         LUT5 (Prop_lut5_I3_O)        0.310    11.651 r  u_core/u_decode/exception_e1_q[4]_i_7_comp_1/O
                         net (fo=8, routed)           0.649    12.300    u_core/u_decode/exception_e1_q[4]_i_7_n_0
    SLICE_X21Y18         LUT6 (Prop_lut6_I3_O)        0.124    12.424 r  u_core/u_decode/branch_pc_q[31]_i_6_comp_14/O
                         net (fo=55, routed)          0.928    13.352    u_core/u_decode/branch_pc_q[31]_i_6_n_0
    SLICE_X14Y23         LUT6 (Prop_lut6_I2_O)        0.124    13.476 r  u_core/u_decode/branch_pc_q[27]_i_2/O
                         net (fo=1, routed)           0.601    14.076    u_core/u_decode/branch_pc_q[27]_i_2_n_0
    SLICE_X19Y22         LUT5 (Prop_lut5_I2_O)        0.124    14.200 r  u_core/u_decode/branch_pc_q[27]_i_1/O
                         net (fo=1, routed)           0.000    14.200    u_core/u_fetch/D[25]
    SLICE_X19Y22         FDCE                                         r  u_core/u_fetch/branch_pc_q_reg[27]/D
  -------------------------------------------------------------------    -------------------

                         (clock clk_i rise edge)     10.000    10.000 r  
                         propagated clock network latency
                                                      1.566    11.566    
                         clock pessimism              0.115    11.681    
                         clock uncertainty           -0.035    11.646    
    SLICE_X19Y22         FDCE (Setup_fdce_C_D)        0.032    11.678    u_core/u_fetch/branch_pc_q_reg[27]
  -------------------------------------------------------------------
                         required time                         11.678    
                         arrival time                         -14.200    
  -------------------------------------------------------------------
                         slack                                 -2.522    

Slack (VIOLATED) :        -2.517ns  (required time - arrival time)
  Source:                 u_tcm/u_ram/ram_reg_2_3/CLKARDCLK
                            (rising edge-triggered cell RAMB36E1 clocked by clk_i  {rise@0.000ns fall@5.000ns period=10.000ns})
  Destination:            u_core/u_fetch/branch_pc_q_reg[26]/D
                            (rising edge-triggered cell FDCE clocked by clk_i  {rise@0.000ns fall@5.000ns period=10.000ns})
  Path Group:             clk_i
  Path Type:              Setup (Max at Slow Process Corner)
  Requirement:            10.000ns  (clk_i rise@10.000ns - clk_i rise@0.000ns)
  Data Path Delay:        12.411ns  (logic 4.518ns (36.403%)  route 7.893ns (63.597%))
  Logic Levels:           11  (CARRY4=2 LUT5=2 LUT6=7)
  Clock Path Skew:        -0.099ns (DCD - SCD + CPR)
    Destination Clock Delay (DCD):    1.570ns = ( 11.570 - 10.000 ) 
    Source Clock Delay      (SCD):    1.784ns
    Clock Pessimism Removal (CPR):    0.115ns
  Clock Uncertainty:      0.035ns  ((TSJ^2 + TIJ^2)^1/2 + DJ) / 2 + PE
    Total System Jitter     (TSJ):    0.071ns
    Total Input Jitter      (TIJ):    0.000ns
    Discrete Jitter          (DJ):    0.000ns
    Phase Error              (PE):    0.000ns

    Location             Delay type                Incr(ns)  Path(ns)    Netlist Resource(s)
  -------------------------------------------------------------------    -------------------
                         (clock clk_i rise edge)      0.000     0.000 r  
                         propagated clock network latency
                                                      1.784     1.784    
    RAMB36_X1Y3          RAMB36E1                     0.000     1.784 r  u_tcm/u_ram/ram_reg_2_3/CLKARDCLK
    RAMB36_X1Y3          RAMB36E1 (Prop_ramb36e1_CLKARDCLK_DOADO[1])
                                                      2.454     4.238 r  u_tcm/u_ram/ram_reg_2_3/DOADO[1]
                         net (fo=7, routed)           0.902     5.140    u_core/u_lsu/u_lsu_request/ram_read1_q[12]
    SLICE_X25Y17         LUT6 (Prop_lut6_I5_O)        0.124     5.264 r  u_core/u_lsu/u_lsu_request/result_wb_q[31]_i_11/O
                         net (fo=1, routed)           1.140     6.404    u_core/u_lsu/u_lsu_request/result_wb_q[31]_i_11_n_0
    SLICE_X26Y10         LUT6 (Prop_lut6_I4_O)        0.124     6.528 r  u_core/u_lsu/u_lsu_request/result_wb_q[31]_i_3/O
                         net (fo=36, routed)          0.982     7.510    u_core/u_lsu/u_lsu_request/result_wb_q[31]_i_3_n_0
    SLICE_X26Y10         LUT6 (Prop_lut6_I1_O)        0.124     7.634 r  u_core/u_lsu/u_lsu_request/result_wb_q[17]_i_1/O
                         net (fo=3, routed)           0.565     8.199    u_core/u_issue/u_pipe_ctrl/result_wb_q_reg[31]_1[12]
    SLICE_X21Y10         LUT6 (Prop_lut6_I2_O)        0.124     8.323 r  u_core/u_issue/u_pipe_ctrl/mem_data_wr_q[17]_i_2/O
                         net (fo=13, routed)          1.189     9.512    u_core/u_issue/u_pipe_ctrl/result_q_reg[19][1]
    SLICE_X22Y11         LUT6 (Prop_lut6_I0_O)        0.124     9.636 r  u_core/u_issue/u_pipe_ctrl/exception_e1_q[4]_i_68/O
                         net (fo=1, routed)           0.000     9.636    u_core/u_issue/u_pipe_ctrl/exception_e1_q[4]_i_68_n_0
    SLICE_X22Y11         CARRY4 (Prop_carry4_S[1]_CO[3])
                                                      0.533    10.169 r  u_core/u_issue/u_pipe_ctrl/exception_e1_q_reg[4]_i_43/CO[3]
                         net (fo=1, routed)           0.000    10.169    u_core/u_issue/u_pipe_ctrl/exception_e1_q_reg[4]_i_43_n_0
    SLICE_X22Y12         CARRY4 (Prop_carry4_CI_CO[2])
                                                      0.229    10.398 r  u_core/u_issue/u_pipe_ctrl/exception_e1_q_reg[4]_i_23/CO[2]
                         net (fo=1, routed)           0.943    11.341    u_core/u_decode/u_exec/data1_alias
    SLICE_X24Y15         LUT5 (Prop_lut5_I3_O)        0.310    11.651 r  u_core/u_decode/exception_e1_q[4]_i_7_comp_1/O
                         net (fo=8, routed)           0.649    12.300    u_core/u_decode/exception_e1_q[4]_i_7_n_0
    SLICE_X21Y18         LUT6 (Prop_lut6_I3_O)        0.124    12.424 r  u_core/u_decode/branch_pc_q[31]_i_6_comp_14/O
                         net (fo=55, routed)          0.841    13.265    u_core/u_decode/branch_pc_q[31]_i_6_n_0
    SLICE_X13Y20         LUT6 (Prop_lut6_I2_O)        0.124    13.389 r  u_core/u_decode/branch_pc_q[26]_i_2/O
                         net (fo=1, routed)           0.683    14.072    u_core/u_decode/branch_pc_q[26]_i_2_n_0
    SLICE_X13Y18         LUT5 (Prop_lut5_I2_O)        0.124    14.196 r  u_core/u_decode/branch_pc_q[26]_i_1/O
                         net (fo=1, routed)           0.000    14.196    u_core/u_fetch/D[24]
    SLICE_X13Y18         FDCE                                         r  u_core/u_fetch/branch_pc_q_reg[26]/D
  -------------------------------------------------------------------    -------------------

                         (clock clk_i rise edge)     10.000    10.000 r  
                         propagated clock network latency
                                                      1.570    11.570    
                         clock pessimism              0.115    11.685    
                         clock uncertainty           -0.035    11.650    
    SLICE_X13Y18         FDCE (Setup_fdce_C_D)        0.029    11.679    u_core/u_fetch/branch_pc_q_reg[26]
  -------------------------------------------------------------------
                         required time                         11.679    
                         arrival time                         -14.196    
  -------------------------------------------------------------------
                         slack                                 -2.517    

Slack (VIOLATED) :        -2.494ns  (required time - arrival time)
  Source:                 u_tcm/u_ram/ram_reg_2_3/CLKARDCLK
                            (rising edge-triggered cell RAMB36E1 clocked by clk_i  {rise@0.000ns fall@5.000ns period=10.000ns})
  Destination:            u_core/u_decode/buffer_q_reg[54]_replica/D
                            (rising edge-triggered cell FDCE clocked by clk_i  {rise@0.000ns fall@5.000ns period=10.000ns})
  Path Group:             clk_i
  Path Type:              Setup (Max at Slow Process Corner)
  Requirement:            10.000ns  (clk_i rise@10.000ns - clk_i rise@0.000ns)
  Data Path Delay:        12.334ns  (logic 4.518ns (36.632%)  route 7.816ns (63.368%))
  Logic Levels:           11  (CARRY4=2 LUT4=1 LUT5=1 LUT6=7)
  Clock Path Skew:        -0.097ns (DCD - SCD + CPR)
    Destination Clock Delay (DCD):    1.572ns = ( 11.572 - 10.000 ) 
    Source Clock Delay      (SCD):    1.784ns
    Clock Pessimism Removal (CPR):    0.115ns
  Clock Uncertainty:      0.035ns  ((TSJ^2 + TIJ^2)^1/2 + DJ) / 2 + PE
    Total System Jitter     (TSJ):    0.071ns
    Total Input Jitter      (TIJ):    0.000ns
    Discrete Jitter          (DJ):    0.000ns
    Phase Error              (PE):    0.000ns

    Location             Delay type                Incr(ns)  Path(ns)    Netlist Resource(s)
  -------------------------------------------------------------------    -------------------
                         (clock clk_i rise edge)      0.000     0.000 r  
                         propagated clock network latency
                                                      1.784     1.784    
    RAMB36_X1Y3          RAMB36E1                     0.000     1.784 r  u_tcm/u_ram/ram_reg_2_3/CLKARDCLK
    RAMB36_X1Y3          RAMB36E1 (Prop_ramb36e1_CLKARDCLK_DOADO[1])
                                                      2.454     4.238 r  u_tcm/u_ram/ram_reg_2_3/DOADO[1]
                         net (fo=7, routed)           0.902     5.140    u_core/u_lsu/u_lsu_request/ram_read1_q[12]
    SLICE_X25Y17         LUT6 (Prop_lut6_I5_O)        0.124     5.264 r  u_core/u_lsu/u_lsu_request/result_wb_q[31]_i_11/O
                         net (fo=1, routed)           1.140     6.404    u_core/u_lsu/u_lsu_request/result_wb_q[31]_i_11_n_0
    SLICE_X26Y10         LUT6 (Prop_lut6_I4_O)        0.124     6.528 r  u_core/u_lsu/u_lsu_request/result_wb_q[31]_i_3/O
                         net (fo=36, routed)          0.982     7.510    u_core/u_lsu/u_lsu_request/result_wb_q[31]_i_3_n_0
    SLICE_X26Y10         LUT6 (Prop_lut6_I1_O)        0.124     7.634 r  u_core/u_lsu/u_lsu_request/result_wb_q[17]_i_1/O
                         net (fo=3, routed)           0.565     8.199    u_core/u_issue/u_pipe_ctrl/result_wb_q_reg[31]_1[12]
    SLICE_X21Y10         LUT6 (Prop_lut6_I2_O)        0.124     8.323 r  u_core/u_issue/u_pipe_ctrl/mem_data_wr_q[17]_i_2/O
                         net (fo=13, routed)          1.189     9.512    u_core/u_issue/u_pipe_ctrl/result_q_reg[19][1]
    SLICE_X22Y11         LUT6 (Prop_lut6_I0_O)        0.124     9.636 r  u_core/u_issue/u_pipe_ctrl/exception_e1_q[4]_i_68/O
                         net (fo=1, routed)           0.000     9.636    u_core/u_issue/u_pipe_ctrl/exception_e1_q[4]_i_68_n_0
    SLICE_X22Y11         CARRY4 (Prop_carry4_S[1]_CO[3])
                                                      0.533    10.169 r  u_core/u_issue/u_pipe_ctrl/exception_e1_q_reg[4]_i_43/CO[3]
                         net (fo=1, routed)           0.000    10.169    u_core/u_issue/u_pipe_ctrl/exception_e1_q_reg[4]_i_43_n_0
    SLICE_X22Y12         CARRY4 (Prop_carry4_CI_CO[2])
                                                      0.229    10.398 f  u_core/u_issue/u_pipe_ctrl/exception_e1_q_reg[4]_i_23/CO[2]
                         net (fo=1, routed)           0.943    11.341    u_core/u_decode/u_exec/data1_alias
    SLICE_X24Y15         LUT5 (Prop_lut5_I3_O)        0.310    11.651 f  u_core/u_decode/exception_e1_q[4]_i_7_comp_1/O
                         net (fo=8, routed)           0.572    12.223    u_core/u_decode/exception_e1_q[4]_i_7_n_0
    SLICE_X21Y16         LUT6 (Prop_lut6_I5_O)        0.124    12.347 f  u_core/u_decode/branch_q_i_4/O
                         net (fo=3, routed)           0.176    12.523    u_core/u_decode/branch_q_i_4_n_0
    SLICE_X21Y16         LUT6 (Prop_lut6_I3_O)        0.124    12.647 f  u_core/u_decode/branch_q_i_1__0/O
                         net (fo=94, routed)          0.829    13.477    u_core/u_fetch/branch_request_w
    SLICE_X12Y17         LUT4 (Prop_lut4_I3_O)        0.124    13.601 r  u_core/u_fetch/buffer_q[54]_i_1/O
                         net (fo=2, routed)           0.517    14.118    u_core/u_decode/buffer_q_reg[67]_0[52]
    SLICE_X8Y17          FDCE                                         r  u_core/u_decode/buffer_q_reg[54]_replica/D
  -------------------------------------------------------------------    -------------------

                         (clock clk_i rise edge)     10.000    10.000 r  
                         propagated clock network latency
                                                      1.572    11.572    
                         clock pessimism              0.115    11.687    
                         clock uncertainty           -0.035    11.652    
    SLICE_X8Y17          FDCE (Setup_fdce_C_D)       -0.028    11.624    u_core/u_decode/buffer_q_reg[54]_replica
  -------------------------------------------------------------------
                         required time                         11.624    
                         arrival time                         -14.118    
  -------------------------------------------------------------------
                         slack                                 -2.494    

Slack (VIOLATED) :        -2.494ns  (required time - arrival time)
  Source:                 u_tcm/u_ram/ram_reg_2_3/CLKARDCLK
                            (rising edge-triggered cell RAMB36E1 clocked by clk_i  {rise@0.000ns fall@5.000ns period=10.000ns})
  Destination:            u_core/u_fetch/branch_pc_q_reg[9]/D
                            (rising edge-triggered cell FDCE clocked by clk_i  {rise@0.000ns fall@5.000ns period=10.000ns})
  Path Group:             clk_i
  Path Type:              Setup (Max at Slow Process Corner)
  Requirement:            10.000ns  (clk_i rise@10.000ns - clk_i rise@0.000ns)
  Data Path Delay:        12.434ns  (logic 4.518ns (36.337%)  route 7.916ns (63.663%))
  Logic Levels:           11  (CARRY4=2 LUT5=2 LUT6=7)
  Clock Path Skew:        -0.101ns (DCD - SCD + CPR)
    Destination Clock Delay (DCD):    1.568ns = ( 11.568 - 10.000 ) 
    Source Clock Delay      (SCD):    1.784ns
    Clock Pessimism Removal (CPR):    0.115ns
  Clock Uncertainty:      0.035ns  ((TSJ^2 + TIJ^2)^1/2 + DJ) / 2 + PE
    Total System Jitter     (TSJ):    0.071ns
    Total Input Jitter      (TIJ):    0.000ns
    Discrete Jitter          (DJ):    0.000ns
    Phase Error              (PE):    0.000ns

    Location             Delay type                Incr(ns)  Path(ns)    Netlist Resource(s)
  -------------------------------------------------------------------    -------------------
                         (clock clk_i rise edge)      0.000     0.000 r  
                         propagated clock network latency
                                                      1.784     1.784    
    RAMB36_X1Y3          RAMB36E1                     0.000     1.784 r  u_tcm/u_ram/ram_reg_2_3/CLKARDCLK
    RAMB36_X1Y3          RAMB36E1 (Prop_ramb36e1_CLKARDCLK_DOADO[1])
                                                      2.454     4.238 r  u_tcm/u_ram/ram_reg_2_3/DOADO[1]
                         net (fo=7, routed)           0.902     5.140    u_core/u_lsu/u_lsu_request/ram_read1_q[12]
    SLICE_X25Y17         LUT6 (Prop_lut6_I5_O)        0.124     5.264 r  u_core/u_lsu/u_lsu_request/result_wb_q[31]_i_11/O
                         net (fo=1, routed)           1.140     6.404    u_core/u_lsu/u_lsu_request/result_wb_q[31]_i_11_n_0
    SLICE_X26Y10         LUT6 (Prop_lut6_I4_O)        0.124     6.528 r  u_core/u_lsu/u_lsu_request/result_wb_q[31]_i_3/O
                         net (fo=36, routed)          0.982     7.510    u_core/u_lsu/u_lsu_request/result_wb_q[31]_i_3_n_0
    SLICE_X26Y10         LUT6 (Prop_lut6_I1_O)        0.124     7.634 r  u_core/u_lsu/u_lsu_request/result_wb_q[17]_i_1/O
                         net (fo=3, routed)           0.565     8.199    u_core/u_issue/u_pipe_ctrl/result_wb_q_reg[31]_1[12]
    SLICE_X21Y10         LUT6 (Prop_lut6_I2_O)        0.124     8.323 r  u_core/u_issue/u_pipe_ctrl/mem_data_wr_q[17]_i_2/O
                         net (fo=13, routed)          1.189     9.512    u_core/u_issue/u_pipe_ctrl/result_q_reg[19][1]
    SLICE_X22Y11         LUT6 (Prop_lut6_I0_O)        0.124     9.636 r  u_core/u_issue/u_pipe_ctrl/exception_e1_q[4]_i_68/O
                         net (fo=1, routed)           0.000     9.636    u_core/u_issue/u_pipe_ctrl/exception_e1_q[4]_i_68_n_0
    SLICE_X22Y11         CARRY4 (Prop_carry4_S[1]_CO[3])
                                                      0.533    10.169 r  u_core/u_issue/u_pipe_ctrl/exception_e1_q_reg[4]_i_43/CO[3]
                         net (fo=1, routed)           0.000    10.169    u_core/u_issue/u_pipe_ctrl/exception_e1_q_reg[4]_i_43_n_0
    SLICE_X22Y12         CARRY4 (Prop_carry4_CI_CO[2])
                                                      0.229    10.398 r  u_core/u_issue/u_pipe_ctrl/exception_e1_q_reg[4]_i_23/CO[2]
                         net (fo=1, routed)           0.943    11.341    u_core/u_decode/u_exec/data1_alias
    SLICE_X24Y15         LUT5 (Prop_lut5_I3_O)        0.310    11.651 r  u_core/u_decode/exception_e1_q[4]_i_7_comp_1/O
                         net (fo=8, routed)           0.649    12.300    u_core/u_decode/exception_e1_q[4]_i_7_n_0
    SLICE_X21Y18         LUT6 (Prop_lut6_I3_O)        0.124    12.424 r  u_core/u_decode/branch_pc_q[31]_i_6_comp_14/O
                         net (fo=55, routed)          0.790    13.214    u_core/u_decode/branch_pc_q[31]_i_6_n_0
    SLICE_X18Y24         LUT6 (Prop_lut6_I2_O)        0.124    13.338 r  u_core/u_decode/branch_pc_q[9]_i_2/O
                         net (fo=1, routed)           0.756    14.094    u_core/u_decode/branch_pc_q[9]_i_2_n_0
    SLICE_X20Y20         LUT5 (Prop_lut5_I2_O)        0.124    14.218 r  u_core/u_decode/branch_pc_q[9]_i_1/O
                         net (fo=1, routed)           0.000    14.218    u_core/u_fetch/D[7]
    SLICE_X20Y20         FDCE                                         r  u_core/u_fetch/branch_pc_q_reg[9]/D
  -------------------------------------------------------------------    -------------------

                         (clock clk_i rise edge)     10.000    10.000 r  
                         propagated clock network latency
                                                      1.568    11.568    
                         clock pessimism              0.115    11.683    
                         clock uncertainty           -0.035    11.648    
    SLICE_X20Y20         FDCE (Setup_fdce_C_D)        0.077    11.725    u_core/u_fetch/branch_pc_q_reg[9]
  -------------------------------------------------------------------
                         required time                         11.725    
                         arrival time                         -14.218    
  -------------------------------------------------------------------
                         slack                                 -2.494    

Slack (VIOLATED) :        -2.479ns  (required time - arrival time)
  Source:                 u_tcm/u_ram/ram_reg_2_3/CLKARDCLK
                            (rising edge-triggered cell RAMB36E1 clocked by clk_i  {rise@0.000ns fall@5.000ns period=10.000ns})
  Destination:            u_core/u_decode/buffer_q_reg[62]_replica/D
                            (rising edge-triggered cell FDCE clocked by clk_i  {rise@0.000ns fall@5.000ns period=10.000ns})
  Path Group:             clk_i
  Path Type:              Setup (Max at Slow Process Corner)
  Requirement:            10.000ns  (clk_i rise@10.000ns - clk_i rise@0.000ns)
  Data Path Delay:        12.285ns  (logic 4.518ns (36.777%)  route 7.767ns (63.223%))
  Logic Levels:           11  (CARRY4=2 LUT4=1 LUT5=1 LUT6=7)
  Clock Path Skew:        -0.100ns (DCD - SCD + CPR)
    Destination Clock Delay (DCD):    1.569ns = ( 11.569 - 10.000 ) 
    Source Clock Delay      (SCD):    1.784ns
    Clock Pessimism Removal (CPR):    0.115ns
  Clock Uncertainty:      0.035ns  ((TSJ^2 + TIJ^2)^1/2 + DJ) / 2 + PE
    Total System Jitter     (TSJ):    0.071ns
    Total Input Jitter      (TIJ):    0.000ns
    Discrete Jitter          (DJ):    0.000ns
    Phase Error              (PE):    0.000ns

    Location             Delay type                Incr(ns)  Path(ns)    Netlist Resource(s)
  -------------------------------------------------------------------    -------------------
                         (clock clk_i rise edge)      0.000     0.000 r  
                         propagated clock network latency
                                                      1.784     1.784    
    RAMB36_X1Y3          RAMB36E1                     0.000     1.784 r  u_tcm/u_ram/ram_reg_2_3/CLKARDCLK
    RAMB36_X1Y3          RAMB36E1 (Prop_ramb36e1_CLKARDCLK_DOADO[1])
                                                      2.454     4.238 r  u_tcm/u_ram/ram_reg_2_3/DOADO[1]
                         net (fo=7, routed)           0.902     5.140    u_core/u_lsu/u_lsu_request/ram_read1_q[12]
    SLICE_X25Y17         LUT6 (Prop_lut6_I5_O)        0.124     5.264 r  u_core/u_lsu/u_lsu_request/result_wb_q[31]_i_11/O
                         net (fo=1, routed)           1.140     6.404    u_core/u_lsu/u_lsu_request/result_wb_q[31]_i_11_n_0
    SLICE_X26Y10         LUT6 (Prop_lut6_I4_O)        0.124     6.528 r  u_core/u_lsu/u_lsu_request/result_wb_q[31]_i_3/O
                         net (fo=36, routed)          0.982     7.510    u_core/u_lsu/u_lsu_request/result_wb_q[31]_i_3_n_0
    SLICE_X26Y10         LUT6 (Prop_lut6_I1_O)        0.124     7.634 r  u_core/u_lsu/u_lsu_request/result_wb_q[17]_i_1/O
                         net (fo=3, routed)           0.565     8.199    u_core/u_issue/u_pipe_ctrl/result_wb_q_reg[31]_1[12]
    SLICE_X21Y10         LUT6 (Prop_lut6_I2_O)        0.124     8.323 r  u_core/u_issue/u_pipe_ctrl/mem_data_wr_q[17]_i_2/O
                         net (fo=13, routed)          1.189     9.512    u_core/u_issue/u_pipe_ctrl/result_q_reg[19][1]
    SLICE_X22Y11         LUT6 (Prop_lut6_I0_O)        0.124     9.636 r  u_core/u_issue/u_pipe_ctrl/exception_e1_q[4]_i_68/O
                         net (fo=1, routed)           0.000     9.636    u_core/u_issue/u_pipe_ctrl/exception_e1_q[4]_i_68_n_0
    SLICE_X22Y11         CARRY4 (Prop_carry4_S[1]_CO[3])
                                                      0.533    10.169 r  u_core/u_issue/u_pipe_ctrl/exception_e1_q_reg[4]_i_43/CO[3]
                         net (fo=1, routed)           0.000    10.169    u_core/u_issue/u_pipe_ctrl/exception_e1_q_reg[4]_i_43_n_0
    SLICE_X22Y12         CARRY4 (Prop_carry4_CI_CO[2])
                                                      0.229    10.398 f  u_core/u_issue/u_pipe_ctrl/exception_e1_q_reg[4]_i_23/CO[2]
                         net (fo=1, routed)           0.943    11.341    u_core/u_decode/u_exec/data1_alias
    SLICE_X24Y15         LUT5 (Prop_lut5_I3_O)        0.310    11.651 f  u_core/u_decode/exception_e1_q[4]_i_7_comp_1/O
                         net (fo=8, routed)           0.572    12.223    u_core/u_decode/exception_e1_q[4]_i_7_n_0
    SLICE_X21Y16         LUT6 (Prop_lut6_I5_O)        0.124    12.347 f  u_core/u_decode/branch_q_i_4/O
                         net (fo=3, routed)           0.176    12.523    u_core/u_decode/branch_q_i_4_n_0
    SLICE_X21Y16         LUT6 (Prop_lut6_I3_O)        0.124    12.647 f  u_core/u_decode/branch_q_i_1__0/O
                         net (fo=94, routed)          0.674    13.321    u_core/u_fetch/branch_request_w
    SLICE_X18Y18         LUT4 (Prop_lut4_I3_O)        0.124    13.445 r  u_core/u_fetch/buffer_q[62]_i_1/O
                         net (fo=3, routed)           0.625    14.069    u_core/u_decode/buffer_q_reg[67]_0[60]
    SLICE_X17Y19         FDCE                                         r  u_core/u_decode/buffer_q_reg[62]_replica/D
  -------------------------------------------------------------------    -------------------

                         (clock clk_i rise edge)     10.000    10.000 r  
                         propagated clock network latency
                                                      1.569    11.569    
                         clock pessimism              0.115    11.684    
                         clock uncertainty           -0.035    11.649    
    SLICE_X17Y19         FDCE (Setup_fdce_C_D)       -0.058    11.591    u_core/u_decode/buffer_q_reg[62]_replica
  -------------------------------------------------------------------
                         required time                         11.591    
                         arrival time                         -14.069    
  -------------------------------------------------------------------
                         slack                                 -2.479    

Slack (VIOLATED) :        -2.476ns  (required time - arrival time)
  Source:                 u_tcm/u_ram/ram_reg_2_3/CLKARDCLK
                            (rising edge-triggered cell RAMB36E1 clocked by clk_i  {rise@0.000ns fall@5.000ns period=10.000ns})
  Destination:            u_core/u_fetch/branch_pc_q_reg[22]/D
                            (rising edge-triggered cell FDCE clocked by clk_i  {rise@0.000ns fall@5.000ns period=10.000ns})
  Path Group:             clk_i
  Path Type:              Setup (Max at Slow Process Corner)
  Requirement:            10.000ns  (clk_i rise@10.000ns - clk_i rise@0.000ns)
  Data Path Delay:        12.417ns  (logic 4.518ns (36.387%)  route 7.899ns (63.613%))
  Logic Levels:           11  (CARRY4=2 LUT5=2 LUT6=7)
  Clock Path Skew:        -0.104ns (DCD - SCD + CPR)
    Destination Clock Delay (DCD):    1.565ns = ( 11.565 - 10.000 ) 
    Source Clock Delay      (SCD):    1.784ns
    Clock Pessimism Removal (CPR):    0.115ns
  Clock Uncertainty:      0.035ns  ((TSJ^2 + TIJ^2)^1/2 + DJ) / 2 + PE
    Total System Jitter     (TSJ):    0.071ns
    Total Input Jitter      (TIJ):    0.000ns
    Discrete Jitter          (DJ):    0.000ns
    Phase Error              (PE):    0.000ns

    Location             Delay type                Incr(ns)  Path(ns)    Netlist Resource(s)
  -------------------------------------------------------------------    -------------------
                         (clock clk_i rise edge)      0.000     0.000 r  
                         propagated clock network latency
                                                      1.784     1.784    
    RAMB36_X1Y3          RAMB36E1                     0.000     1.784 r  u_tcm/u_ram/ram_reg_2_3/CLKARDCLK
    RAMB36_X1Y3          RAMB36E1 (Prop_ramb36e1_CLKARDCLK_DOADO[1])
                                                      2.454     4.238 r  u_tcm/u_ram/ram_reg_2_3/DOADO[1]
                         net (fo=7, routed)           0.902     5.140    u_core/u_lsu/u_lsu_request/ram_read1_q[12]
    SLICE_X25Y17         LUT6 (Prop_lut6_I5_O)        0.124     5.264 r  u_core/u_lsu/u_lsu_request/result_wb_q[31]_i_11/O
                         net (fo=1, routed)           1.140     6.404    u_core/u_lsu/u_lsu_request/result_wb_q[31]_i_11_n_0
    SLICE_X26Y10         LUT6 (Prop_lut6_I4_O)        0.124     6.528 r  u_core/u_lsu/u_lsu_request/result_wb_q[31]_i_3/O
                         net (fo=36, routed)          0.982     7.510    u_core/u_lsu/u_lsu_request/result_wb_q[31]_i_3_n_0
    SLICE_X26Y10         LUT6 (Prop_lut6_I1_O)        0.124     7.634 r  u_core/u_lsu/u_lsu_request/result_wb_q[17]_i_1/O
                         net (fo=3, routed)           0.565     8.199    u_core/u_issue/u_pipe_ctrl/result_wb_q_reg[31]_1[12]
    SLICE_X21Y10         LUT6 (Prop_lut6_I2_O)        0.124     8.323 r  u_core/u_issue/u_pipe_ctrl/mem_data_wr_q[17]_i_2/O
                         net (fo=13, routed)          1.189     9.512    u_core/u_issue/u_pipe_ctrl/result_q_reg[19][1]
    SLICE_X22Y11         LUT6 (Prop_lut6_I0_O)        0.124     9.636 r  u_core/u_issue/u_pipe_ctrl/exception_e1_q[4]_i_68/O
                         net (fo=1, routed)           0.000     9.636    u_core/u_issue/u_pipe_ctrl/exception_e1_q[4]_i_68_n_0
    SLICE_X22Y11         CARRY4 (Prop_carry4_S[1]_CO[3])
                                                      0.533    10.169 r  u_core/u_issue/u_pipe_ctrl/exception_e1_q_reg[4]_i_43/CO[3]
                         net (fo=1, routed)           0.000    10.169    u_core/u_issue/u_pipe_ctrl/exception_e1_q_reg[4]_i_43_n_0
    SLICE_X22Y12         CARRY4 (Prop_carry4_CI_CO[2])
                                                      0.229    10.398 r  u_core/u_issue/u_pipe_ctrl/exception_e1_q_reg[4]_i_23/CO[2]
                         net (fo=1, routed)           0.943    11.341    u_core/u_decode/u_exec/data1_alias
    SLICE_X24Y15         LUT5 (Prop_lut5_I3_O)        0.310    11.651 r  u_core/u_decode/exception_e1_q[4]_i_7_comp_1/O
                         net (fo=8, routed)           0.649    12.300    u_core/u_decode/exception_e1_q[4]_i_7_n_0
    SLICE_X21Y18         LUT6 (Prop_lut6_I3_O)        0.124    12.424 r  u_core/u_decode/branch_pc_q[31]_i_6_comp_14/O
                         net (fo=55, routed)          0.796    13.220    u_core/u_decode/branch_pc_q[31]_i_6_n_0
    SLICE_X18Y24         LUT6 (Prop_lut6_I3_O)        0.124    13.344 r  u_core/u_decode/branch_pc_q[22]_i_3/O
                         net (fo=1, routed)           0.733    14.077    u_core/u_decode/branch_pc_q[22]_i_3_n_0
    SLICE_X18Y23         LUT5 (Prop_lut5_I3_O)        0.124    14.201 r  u_core/u_decode/branch_pc_q[22]_i_1/O
                         net (fo=1, routed)           0.000    14.201    u_core/u_fetch/D[20]
    SLICE_X18Y23         FDCE                                         r  u_core/u_fetch/branch_pc_q_reg[22]/D
  -------------------------------------------------------------------    -------------------

                         (clock clk_i rise edge)     10.000    10.000 r  
                         propagated clock network latency
                                                      1.565    11.565    
                         clock pessimism              0.115    11.680    
                         clock uncertainty           -0.035    11.645    
    SLICE_X18Y23         FDCE (Setup_fdce_C_D)        0.081    11.726    u_core/u_fetch/branch_pc_q_reg[22]
  -------------------------------------------------------------------
                         required time                         11.726    
                         arrival time                         -14.201    
  -------------------------------------------------------------------
                         slack                                 -2.476    

Slack (VIOLATED) :        -2.469ns  (required time - arrival time)
  Source:                 u_tcm/u_ram/ram_reg_2_3/CLKARDCLK
                            (rising edge-triggered cell RAMB36E1 clocked by clk_i  {rise@0.000ns fall@5.000ns period=10.000ns})
  Destination:            u_core/u_decode/buffer_q_reg[56]/D
                            (rising edge-triggered cell FDCE clocked by clk_i  {rise@0.000ns fall@5.000ns period=10.000ns})
  Path Group:             clk_i
  Path Type:              Setup (Max at Slow Process Corner)
  Requirement:            10.000ns  (clk_i rise@10.000ns - clk_i rise@0.000ns)
  Data Path Delay:        12.290ns  (logic 4.518ns (36.761%)  route 7.772ns (63.239%))
  Logic Levels:           11  (CARRY4=2 LUT4=1 LUT5=1 LUT6=7)
  Clock Path Skew:        -0.100ns (DCD - SCD + CPR)
    Destination Clock Delay (DCD):    1.569ns = ( 11.569 - 10.000 ) 
    Source Clock Delay      (SCD):    1.784ns
    Clock Pessimism Removal (CPR):    0.115ns
  Clock Uncertainty:      0.035ns  ((TSJ^2 + TIJ^2)^1/2 + DJ) / 2 + PE
    Total System Jitter     (TSJ):    0.071ns
    Total Input Jitter      (TIJ):    0.000ns
    Discrete Jitter          (DJ):    0.000ns
    Phase Error              (PE):    0.000ns

    Location             Delay type                Incr(ns)  Path(ns)    Netlist Resource(s)
  -------------------------------------------------------------------    -------------------
                         (clock clk_i rise edge)      0.000     0.000 r  
                         propagated clock network latency
                                                      1.784     1.784    
    RAMB36_X1Y3          RAMB36E1                     0.000     1.784 r  u_tcm/u_ram/ram_reg_2_3/CLKARDCLK
    RAMB36_X1Y3          RAMB36E1 (Prop_ramb36e1_CLKARDCLK_DOADO[1])
                                                      2.454     4.238 r  u_tcm/u_ram/ram_reg_2_3/DOADO[1]
                         net (fo=7, routed)           0.902     5.140    u_core/u_lsu/u_lsu_request/ram_read1_q[12]
    SLICE_X25Y17         LUT6 (Prop_lut6_I5_O)        0.124     5.264 r  u_core/u_lsu/u_lsu_request/result_wb_q[31]_i_11/O
                         net (fo=1, routed)           1.140     6.404    u_core/u_lsu/u_lsu_request/result_wb_q[31]_i_11_n_0
    SLICE_X26Y10         LUT6 (Prop_lut6_I4_O)        0.124     6.528 r  u_core/u_lsu/u_lsu_request/result_wb_q[31]_i_3/O
                         net (fo=36, routed)          0.982     7.510    u_core/u_lsu/u_lsu_request/result_wb_q[31]_i_3_n_0
    SLICE_X26Y10         LUT6 (Prop_lut6_I1_O)        0.124     7.634 r  u_core/u_lsu/u_lsu_request/result_wb_q[17]_i_1/O
                         net (fo=3, routed)           0.565     8.199    u_core/u_issue/u_pipe_ctrl/result_wb_q_reg[31]_1[12]
    SLICE_X21Y10         LUT6 (Prop_lut6_I2_O)        0.124     8.323 r  u_core/u_issue/u_pipe_ctrl/mem_data_wr_q[17]_i_2/O
                         net (fo=13, routed)          1.189     9.512    u_core/u_issue/u_pipe_ctrl/result_q_reg[19][1]
    SLICE_X22Y11         LUT6 (Prop_lut6_I0_O)        0.124     9.636 r  u_core/u_issue/u_pipe_ctrl/exception_e1_q[4]_i_68/O
                         net (fo=1, routed)           0.000     9.636    u_core/u_issue/u_pipe_ctrl/exception_e1_q[4]_i_68_n_0
    SLICE_X22Y11         CARRY4 (Prop_carry4_S[1]_CO[3])
                                                      0.533    10.169 r  u_core/u_issue/u_pipe_ctrl/exception_e1_q_reg[4]_i_43/CO[3]
                         net (fo=1, routed)           0.000    10.169    u_core/u_issue/u_pipe_ctrl/exception_e1_q_reg[4]_i_43_n_0
    SLICE_X22Y12         CARRY4 (Prop_carry4_CI_CO[2])
                                                      0.229    10.398 f  u_core/u_issue/u_pipe_ctrl/exception_e1_q_reg[4]_i_23/CO[2]
                         net (fo=1, routed)           0.943    11.341    u_core/u_decode/u_exec/data1_alias
    SLICE_X24Y15         LUT5 (Prop_lut5_I3_O)        0.310    11.651 f  u_core/u_decode/exception_e1_q[4]_i_7_comp_1/O
                         net (fo=8, routed)           0.572    12.223    u_core/u_decode/exception_e1_q[4]_i_7_n_0
    SLICE_X21Y16         LUT6 (Prop_lut6_I5_O)        0.124    12.347 f  u_core/u_decode/branch_q_i_4/O
                         net (fo=3, routed)           0.176    12.523    u_core/u_decode/branch_q_i_4_n_0
    SLICE_X21Y16         LUT6 (Prop_lut6_I3_O)        0.124    12.647 f  u_core/u_decode/branch_q_i_1__0/O
                         net (fo=94, routed)          0.823    13.470    u_core/u_fetch/branch_request_w
    SLICE_X13Y22         LUT4 (Prop_lut4_I3_O)        0.124    13.594 r  u_core/u_fetch/buffer_q[56]_i_1/O
                         net (fo=1, routed)           0.481    14.075    u_core/u_decode/buffer_q_reg[67]_0[54]
    SLICE_X13Y19         FDCE                                         r  u_core/u_decode/buffer_q_reg[56]/D
  -------------------------------------------------------------------    -------------------

                         (clock clk_i rise edge)     10.000    10.000 r  
                         propagated clock network latency
                                                      1.569    11.569    
                         clock pessimism              0.115    11.684    
                         clock uncertainty           -0.035    11.649    
    SLICE_X13Y19         FDCE (Setup_fdce_C_D)       -0.043    11.606    u_core/u_decode/buffer_q_reg[56]
  -------------------------------------------------------------------
                         required time                         11.606    
                         arrival time                         -14.075    
  -------------------------------------------------------------------
                         slack                                 -2.469    

Slack (VIOLATED) :        -2.464ns  (required time - arrival time)
  Source:                 u_tcm/u_ram/ram_reg_2_3/CLKARDCLK
                            (rising edge-triggered cell RAMB36E1 clocked by clk_i  {rise@0.000ns fall@5.000ns period=10.000ns})
  Destination:            u_core/u_fetch/branch_pc_q_reg[15]/D
                            (rising edge-triggered cell FDCE clocked by clk_i  {rise@0.000ns fall@5.000ns period=10.000ns})
  Path Group:             clk_i
  Path Type:              Setup (Max at Slow Process Corner)
  Requirement:            10.000ns  (clk_i rise@10.000ns - clk_i rise@0.000ns)
  Data Path Delay:        12.355ns  (logic 4.518ns (36.567%)  route 7.837ns (63.433%))
  Logic Levels:           11  (CARRY4=2 LUT5=2 LUT6=7)
  Clock Path Skew:        -0.104ns (DCD - SCD + CPR)
    Destination Clock Delay (DCD):    1.565ns = ( 11.565 - 10.000 ) 
    Source Clock Delay      (SCD):    1.784ns
    Clock Pessimism Removal (CPR):    0.115ns
  Clock Uncertainty:      0.035ns  ((TSJ^2 + TIJ^2)^1/2 + DJ) / 2 + PE
    Total System Jitter     (TSJ):    0.071ns
    Total Input Jitter      (TIJ):    0.000ns
    Discrete Jitter          (DJ):    0.000ns
    Phase Error              (PE):    0.000ns

    Location             Delay type                Incr(ns)  Path(ns)    Netlist Resource(s)
  -------------------------------------------------------------------    -------------------
                         (clock clk_i rise edge)      0.000     0.000 r  
                         propagated clock network latency
                                                      1.784     1.784    
    RAMB36_X1Y3          RAMB36E1                     0.000     1.784 r  u_tcm/u_ram/ram_reg_2_3/CLKARDCLK
    RAMB36_X1Y3          RAMB36E1 (Prop_ramb36e1_CLKARDCLK_DOADO[1])
                                                      2.454     4.238 r  u_tcm/u_ram/ram_reg_2_3/DOADO[1]
                         net (fo=7, routed)           0.902     5.140    u_core/u_lsu/u_lsu_request/ram_read1_q[12]
    SLICE_X25Y17         LUT6 (Prop_lut6_I5_O)        0.124     5.264 r  u_core/u_lsu/u_lsu_request/result_wb_q[31]_i_11/O
                         net (fo=1, routed)           1.140     6.404    u_core/u_lsu/u_lsu_request/result_wb_q[31]_i_11_n_0
    SLICE_X26Y10         LUT6 (Prop_lut6_I4_O)        0.124     6.528 r  u_core/u_lsu/u_lsu_request/result_wb_q[31]_i_3/O
                         net (fo=36, routed)          0.982     7.510    u_core/u_lsu/u_lsu_request/result_wb_q[31]_i_3_n_0
    SLICE_X26Y10         LUT6 (Prop_lut6_I1_O)        0.124     7.634 r  u_core/u_lsu/u_lsu_request/result_wb_q[17]_i_1/O
                         net (fo=3, routed)           0.565     8.199    u_core/u_issue/u_pipe_ctrl/result_wb_q_reg[31]_1[12]
    SLICE_X21Y10         LUT6 (Prop_lut6_I2_O)        0.124     8.323 r  u_core/u_issue/u_pipe_ctrl/mem_data_wr_q[17]_i_2/O
                         net (fo=13, routed)          1.189     9.512    u_core/u_issue/u_pipe_ctrl/result_q_reg[19][1]
    SLICE_X22Y11         LUT6 (Prop_lut6_I0_O)        0.124     9.636 r  u_core/u_issue/u_pipe_ctrl/exception_e1_q[4]_i_68/O
                         net (fo=1, routed)           0.000     9.636    u_core/u_issue/u_pipe_ctrl/exception_e1_q[4]_i_68_n_0
    SLICE_X22Y11         CARRY4 (Prop_carry4_S[1]_CO[3])
                                                      0.533    10.169 r  u_core/u_issue/u_pipe_ctrl/exception_e1_q_reg[4]_i_43/CO[3]
                         net (fo=1, routed)           0.000    10.169    u_core/u_issue/u_pipe_ctrl/exception_e1_q_reg[4]_i_43_n_0
    SLICE_X22Y12         CARRY4 (Prop_carry4_CI_CO[2])
                                                      0.229    10.398 r  u_core/u_issue/u_pipe_ctrl/exception_e1_q_reg[4]_i_23/CO[2]
                         net (fo=1, routed)           0.943    11.341    u_core/u_decode/u_exec/data1_alias
    SLICE_X24Y15         LUT5 (Prop_lut5_I3_O)        0.310    11.651 r  u_core/u_decode/exception_e1_q[4]_i_7_comp_1/O
                         net (fo=8, routed)           0.649    12.300    u_core/u_decode/exception_e1_q[4]_i_7_n_0
    SLICE_X21Y18         LUT6 (Prop_lut6_I3_O)        0.124    12.424 r  u_core/u_decode/branch_pc_q[31]_i_6_comp_14/O
                         net (fo=55, routed)          0.827    13.251    u_core/u_decode/branch_pc_q[31]_i_6_n_0
    SLICE_X19Y24         LUT6 (Prop_lut6_I3_O)        0.124    13.375 r  u_core/u_decode/branch_pc_q[15]_i_3/O
                         net (fo=1, routed)           0.641    14.016    u_core/u_decode/branch_pc_q[15]_i_3_n_0
    SLICE_X19Y23         LUT5 (Prop_lut5_I3_O)        0.124    14.140 r  u_core/u_decode/branch_pc_q[15]_i_1/O
                         net (fo=1, routed)           0.000    14.140    u_core/u_fetch/D[13]
    SLICE_X19Y23         FDCE                                         r  u_core/u_fetch/branch_pc_q_reg[15]/D
  -------------------------------------------------------------------    -------------------

                         (clock clk_i rise edge)     10.000    10.000 r  
                         propagated clock network latency
                                                      1.565    11.565    
                         clock pessimism              0.115    11.680    
                         clock uncertainty           -0.035    11.645    
    SLICE_X19Y23         FDCE (Setup_fdce_C_D)        0.031    11.676    u_core/u_fetch/branch_pc_q_reg[15]
  -------------------------------------------------------------------
                         required time                         11.676    
                         arrival time                         -14.140    
  -------------------------------------------------------------------
                         slack                                 -2.464    

Slack (VIOLATED) :        -2.457ns  (required time - arrival time)
  Source:                 u_tcm/u_ram/ram_reg_2_3/CLKARDCLK
                            (rising edge-triggered cell RAMB36E1 clocked by clk_i  {rise@0.000ns fall@5.000ns period=10.000ns})
  Destination:            u_core/u_fetch/branch_pc_q_reg[31]/D
                            (rising edge-triggered cell FDCE clocked by clk_i  {rise@0.000ns fall@5.000ns period=10.000ns})
  Path Group:             clk_i
  Path Type:              Setup (Max at Slow Process Corner)
  Requirement:            10.000ns  (clk_i rise@10.000ns - clk_i rise@0.000ns)
  Data Path Delay:        12.402ns  (logic 4.518ns (36.428%)  route 7.884ns (63.572%))
  Logic Levels:           11  (CARRY4=2 LUT5=2 LUT6=7)
  Clock Path Skew:        -0.100ns (DCD - SCD + CPR)
    Destination Clock Delay (DCD):    1.569ns = ( 11.569 - 10.000 ) 
    Source Clock Delay      (SCD):    1.784ns
    Clock Pessimism Removal (CPR):    0.115ns
  Clock Uncertainty:      0.035ns  ((TSJ^2 + TIJ^2)^1/2 + DJ) / 2 + PE
    Total System Jitter     (TSJ):    0.071ns
    Total Input Jitter      (TIJ):    0.000ns
    Discrete Jitter          (DJ):    0.000ns
    Phase Error              (PE):    0.000ns

    Location             Delay type                Incr(ns)  Path(ns)    Netlist Resource(s)
  -------------------------------------------------------------------    -------------------
                         (clock clk_i rise edge)      0.000     0.000 r  
                         propagated clock network latency
                                                      1.784     1.784    
    RAMB36_X1Y3          RAMB36E1                     0.000     1.784 r  u_tcm/u_ram/ram_reg_2_3/CLKARDCLK
    RAMB36_X1Y3          RAMB36E1 (Prop_ramb36e1_CLKARDCLK_DOADO[1])
                                                      2.454     4.238 r  u_tcm/u_ram/ram_reg_2_3/DOADO[1]
                         net (fo=7, routed)           0.902     5.140    u_core/u_lsu/u_lsu_request/ram_read1_q[12]
    SLICE_X25Y17         LUT6 (Prop_lut6_I5_O)        0.124     5.264 r  u_core/u_lsu/u_lsu_request/result_wb_q[31]_i_11/O
                         net (fo=1, routed)           1.140     6.404    u_core/u_lsu/u_lsu_request/result_wb_q[31]_i_11_n_0
    SLICE_X26Y10         LUT6 (Prop_lut6_I4_O)        0.124     6.528 r  u_core/u_lsu/u_lsu_request/result_wb_q[31]_i_3/O
                         net (fo=36, routed)          0.982     7.510    u_core/u_lsu/u_lsu_request/result_wb_q[31]_i_3_n_0
    SLICE_X26Y10         LUT6 (Prop_lut6_I1_O)        0.124     7.634 r  u_core/u_lsu/u_lsu_request/result_wb_q[17]_i_1/O
                         net (fo=3, routed)           0.565     8.199    u_core/u_issue/u_pipe_ctrl/result_wb_q_reg[31]_1[12]
    SLICE_X21Y10         LUT6 (Prop_lut6_I2_O)        0.124     8.323 r  u_core/u_issue/u_pipe_ctrl/mem_data_wr_q[17]_i_2/O
                         net (fo=13, routed)          1.189     9.512    u_core/u_issue/u_pipe_ctrl/result_q_reg[19][1]
    SLICE_X22Y11         LUT6 (Prop_lut6_I0_O)        0.124     9.636 r  u_core/u_issue/u_pipe_ctrl/exception_e1_q[4]_i_68/O
                         net (fo=1, routed)           0.000     9.636    u_core/u_issue/u_pipe_ctrl/exception_e1_q[4]_i_68_n_0
    SLICE_X22Y11         CARRY4 (Prop_carry4_S[1]_CO[3])
                                                      0.533    10.169 r  u_core/u_issue/u_pipe_ctrl/exception_e1_q_reg[4]_i_43/CO[3]
                         net (fo=1, routed)           0.000    10.169    u_core/u_issue/u_pipe_ctrl/exception_e1_q_reg[4]_i_43_n_0
    SLICE_X22Y12         CARRY4 (Prop_carry4_CI_CO[2])
                                                      0.229    10.398 r  u_core/u_issue/u_pipe_ctrl/exception_e1_q_reg[4]_i_23/CO[2]
                         net (fo=1, routed)           0.943    11.341    u_core/u_decode/u_exec/data1_alias
    SLICE_X24Y15         LUT5 (Prop_lut5_I3_O)        0.310    11.651 r  u_core/u_decode/exception_e1_q[4]_i_7_comp_1/O
                         net (fo=8, routed)           0.649    12.300    u_core/u_decode/exception_e1_q[4]_i_7_n_0
    SLICE_X21Y18         LUT6 (Prop_lut6_I3_O)        0.124    12.424 r  u_core/u_decode/branch_pc_q[31]_i_6_comp_14/O
                         net (fo=55, routed)          0.757    13.181    u_core/u_decode/branch_pc_q[31]_i_6_n_0
    SLICE_X13Y20         LUT6 (Prop_lut6_I2_O)        0.124    13.305 r  u_core/u_decode/branch_pc_q[31]_i_3/O
                         net (fo=1, routed)           0.758    14.063    u_core/u_decode/branch_pc_q[31]_i_3_n_0
    SLICE_X12Y19         LUT5 (Prop_lut5_I2_O)        0.124    14.187 r  u_core/u_decode/branch_pc_q[31]_i_2/O
                         net (fo=1, routed)           0.000    14.187    u_core/u_fetch/D[29]
    SLICE_X12Y19         FDCE                                         r  u_core/u_fetch/branch_pc_q_reg[31]/D
  -------------------------------------------------------------------    -------------------

                         (clock clk_i rise edge)     10.000    10.000 r  
                         propagated clock network latency
                                                      1.569    11.569    
                         clock pessimism              0.115    11.684    
                         clock uncertainty           -0.035    11.649    
    SLICE_X12Y19         FDCE (Setup_fdce_C_D)        0.081    11.730    u_core/u_fetch/branch_pc_q_reg[31]
  -------------------------------------------------------------------
                         required time                         11.730    
                         arrival time                         -14.187    
  -------------------------------------------------------------------
                         slack                                 -2.457    

Slack (VIOLATED) :        -2.456ns  (required time - arrival time)
  Source:                 u_tcm/u_ram/ram_reg_2_3/CLKARDCLK
                            (rising edge-triggered cell RAMB36E1 clocked by clk_i  {rise@0.000ns fall@5.000ns period=10.000ns})
  Destination:            u_core/u_decode/buffer_q_reg[38]_replica/D
                            (rising edge-triggered cell FDCE clocked by clk_i  {rise@0.000ns fall@5.000ns period=10.000ns})
  Path Group:             clk_i
  Path Type:              Setup (Max at Slow Process Corner)
  Requirement:            10.000ns  (clk_i rise@10.000ns - clk_i rise@0.000ns)
  Data Path Delay:        12.307ns  (logic 4.518ns (36.711%)  route 7.789ns (63.289%))
  Logic Levels:           11  (CARRY4=2 LUT4=1 LUT5=1 LUT6=7)
  Clock Path Skew:        -0.097ns (DCD - SCD + CPR)
    Destination Clock Delay (DCD):    1.572ns = ( 11.572 - 10.000 ) 
    Source Clock Delay      (SCD):    1.784ns
    Clock Pessimism Removal (CPR):    0.115ns
  Clock Uncertainty:      0.035ns  ((TSJ^2 + TIJ^2)^1/2 + DJ) / 2 + PE
    Total System Jitter     (TSJ):    0.071ns
    Total Input Jitter      (TIJ):    0.000ns
    Discrete Jitter          (DJ):    0.000ns
    Phase Error              (PE):    0.000ns

    Location             Delay type                Incr(ns)  Path(ns)    Netlist Resource(s)
  -------------------------------------------------------------------    -------------------
                         (clock clk_i rise edge)      0.000     0.000 r  
                         propagated clock network latency
                                                      1.784     1.784    
    RAMB36_X1Y3          RAMB36E1                     0.000     1.784 r  u_tcm/u_ram/ram_reg_2_3/CLKARDCLK
    RAMB36_X1Y3          RAMB36E1 (Prop_ramb36e1_CLKARDCLK_DOADO[1])
                                                      2.454     4.238 r  u_tcm/u_ram/ram_reg_2_3/DOADO[1]
                         net (fo=7, routed)           0.902     5.140    u_core/u_lsu/u_lsu_request/ram_read1_q[12]
    SLICE_X25Y17         LUT6 (Prop_lut6_I5_O)        0.124     5.264 r  u_core/u_lsu/u_lsu_request/result_wb_q[31]_i_11/O
                         net (fo=1, routed)           1.140     6.404    u_core/u_lsu/u_lsu_request/result_wb_q[31]_i_11_n_0
    SLICE_X26Y10         LUT6 (Prop_lut6_I4_O)        0.124     6.528 r  u_core/u_lsu/u_lsu_request/result_wb_q[31]_i_3/O
                         net (fo=36, routed)          0.982     7.510    u_core/u_lsu/u_lsu_request/result_wb_q[31]_i_3_n_0
    SLICE_X26Y10         LUT6 (Prop_lut6_I1_O)        0.124     7.634 r  u_core/u_lsu/u_lsu_request/result_wb_q[17]_i_1/O
                         net (fo=3, routed)           0.565     8.199    u_core/u_issue/u_pipe_ctrl/result_wb_q_reg[31]_1[12]
    SLICE_X21Y10         LUT6 (Prop_lut6_I2_O)        0.124     8.323 r  u_core/u_issue/u_pipe_ctrl/mem_data_wr_q[17]_i_2/O
                         net (fo=13, routed)          1.189     9.512    u_core/u_issue/u_pipe_ctrl/result_q_reg[19][1]
    SLICE_X22Y11         LUT6 (Prop_lut6_I0_O)        0.124     9.636 r  u_core/u_issue/u_pipe_ctrl/exception_e1_q[4]_i_68/O
                         net (fo=1, routed)           0.000     9.636    u_core/u_issue/u_pipe_ctrl/exception_e1_q[4]_i_68_n_0
    SLICE_X22Y11         CARRY4 (Prop_carry4_S[1]_CO[3])
                                                      0.533    10.169 r  u_core/u_issue/u_pipe_ctrl/exception_e1_q_reg[4]_i_43/CO[3]
                         net (fo=1, routed)           0.000    10.169    u_core/u_issue/u_pipe_ctrl/exception_e1_q_reg[4]_i_43_n_0
    SLICE_X22Y12         CARRY4 (Prop_carry4_CI_CO[2])
                                                      0.229    10.398 f  u_core/u_issue/u_pipe_ctrl/exception_e1_q_reg[4]_i_23/CO[2]
                         net (fo=1, routed)           0.943    11.341    u_core/u_decode/u_exec/data1_alias
    SLICE_X24Y15         LUT5 (Prop_lut5_I3_O)        0.310    11.651 f  u_core/u_decode/exception_e1_q[4]_i_7_comp_1/O
                         net (fo=8, routed)           0.572    12.223    u_core/u_decode/exception_e1_q[4]_i_7_n_0
    SLICE_X21Y16         LUT6 (Prop_lut6_I5_O)        0.124    12.347 f  u_core/u_decode/branch_q_i_4/O
                         net (fo=3, routed)           0.176    12.523    u_core/u_decode/branch_q_i_4_n_0
    SLICE_X21Y16         LUT6 (Prop_lut6_I3_O)        0.124    12.647 f  u_core/u_decode/branch_q_i_1__0/O
                         net (fo=94, routed)          0.785    13.432    u_core/u_fetch/branch_request_w
    SLICE_X16Y14         LUT4 (Prop_lut4_I3_O)        0.124    13.556 r  u_core/u_fetch/buffer_q[38]_i_1/O
                         net (fo=3, routed)           0.535    14.091    u_core/u_decode/buffer_q_reg[67]_0[36]
    SLICE_X12Y17         FDCE                                         r  u_core/u_decode/buffer_q_reg[38]_replica/D
  -------------------------------------------------------------------    -------------------

                         (clock clk_i rise edge)     10.000    10.000 r  
                         propagated clock network latency
                                                      1.572    11.572    
                         clock pessimism              0.115    11.687    
                         clock uncertainty           -0.035    11.652    
    SLICE_X12Y17         FDCE (Setup_fdce_C_D)       -0.016    11.636    u_core/u_decode/buffer_q_reg[38]_replica
  -------------------------------------------------------------------
                         required time                         11.636    
                         arrival time                         -14.091    
  -------------------------------------------------------------------
                         slack                                 -2.456    

Slack (VIOLATED) :        -2.451ns  (required time - arrival time)
  Source:                 u_tcm/u_ram/ram_reg_2_3/CLKARDCLK
                            (rising edge-triggered cell RAMB36E1 clocked by clk_i  {rise@0.000ns fall@5.000ns period=10.000ns})
  Destination:            u_core/u_fetch/branch_pc_q_reg[2]/D
                            (rising edge-triggered cell FDCE clocked by clk_i  {rise@0.000ns fall@5.000ns period=10.000ns})
  Path Group:             clk_i
  Path Type:              Setup (Max at Slow Process Corner)
  Requirement:            10.000ns  (clk_i rise@10.000ns - clk_i rise@0.000ns)
  Data Path Delay:        12.392ns  (logic 4.518ns (36.459%)  route 7.874ns (63.541%))
  Logic Levels:           11  (CARRY4=2 LUT5=2 LUT6=7)
  Clock Path Skew:        -0.100ns (DCD - SCD + CPR)
    Destination Clock Delay (DCD):    1.569ns = ( 11.569 - 10.000 ) 
    Source Clock Delay      (SCD):    1.784ns
    Clock Pessimism Removal (CPR):    0.115ns
  Clock Uncertainty:      0.035ns  ((TSJ^2 + TIJ^2)^1/2 + DJ) / 2 + PE
    Total System Jitter     (TSJ):    0.071ns
    Total Input Jitter      (TIJ):    0.000ns
    Discrete Jitter          (DJ):    0.000ns
    Phase Error              (PE):    0.000ns

    Location             Delay type                Incr(ns)  Path(ns)    Netlist Resource(s)
  -------------------------------------------------------------------    -------------------
                         (clock clk_i rise edge)      0.000     0.000 r  
                         propagated clock network latency
                                                      1.784     1.784    
    RAMB36_X1Y3          RAMB36E1                     0.000     1.784 r  u_tcm/u_ram/ram_reg_2_3/CLKARDCLK
    RAMB36_X1Y3          RAMB36E1 (Prop_ramb36e1_CLKARDCLK_DOADO[1])
                                                      2.454     4.238 r  u_tcm/u_ram/ram_reg_2_3/DOADO[1]
                         net (fo=7, routed)           0.902     5.140    u_core/u_lsu/u_lsu_request/ram_read1_q[12]
    SLICE_X25Y17         LUT6 (Prop_lut6_I5_O)        0.124     5.264 r  u_core/u_lsu/u_lsu_request/result_wb_q[31]_i_11/O
                         net (fo=1, routed)           1.140     6.404    u_core/u_lsu/u_lsu_request/result_wb_q[31]_i_11_n_0
    SLICE_X26Y10         LUT6 (Prop_lut6_I4_O)        0.124     6.528 r  u_core/u_lsu/u_lsu_request/result_wb_q[31]_i_3/O
                         net (fo=36, routed)          0.982     7.510    u_core/u_lsu/u_lsu_request/result_wb_q[31]_i_3_n_0
    SLICE_X26Y10         LUT6 (Prop_lut6_I1_O)        0.124     7.634 r  u_core/u_lsu/u_lsu_request/result_wb_q[17]_i_1/O
                         net (fo=3, routed)           0.565     8.199    u_core/u_issue/u_pipe_ctrl/result_wb_q_reg[31]_1[12]
    SLICE_X21Y10         LUT6 (Prop_lut6_I2_O)        0.124     8.323 r  u_core/u_issue/u_pipe_ctrl/mem_data_wr_q[17]_i_2/O
                         net (fo=13, routed)          1.189     9.512    u_core/u_issue/u_pipe_ctrl/result_q_reg[19][1]
    SLICE_X22Y11         LUT6 (Prop_lut6_I0_O)        0.124     9.636 r  u_core/u_issue/u_pipe_ctrl/exception_e1_q[4]_i_68/O
                         net (fo=1, routed)           0.000     9.636    u_core/u_issue/u_pipe_ctrl/exception_e1_q[4]_i_68_n_0
    SLICE_X22Y11         CARRY4 (Prop_carry4_S[1]_CO[3])
                                                      0.533    10.169 r  u_core/u_issue/u_pipe_ctrl/exception_e1_q_reg[4]_i_43/CO[3]
                         net (fo=1, routed)           0.000    10.169    u_core/u_issue/u_pipe_ctrl/exception_e1_q_reg[4]_i_43_n_0
    SLICE_X22Y12         CARRY4 (Prop_carry4_CI_CO[2])
                                                      0.229    10.398 r  u_core/u_issue/u_pipe_ctrl/exception_e1_q_reg[4]_i_23/CO[2]
                         net (fo=1, routed)           0.943    11.341    u_core/u_decode/u_exec/data1_alias
    SLICE_X24Y15         LUT5 (Prop_lut5_I3_O)        0.310    11.651 r  u_core/u_decode/exception_e1_q[4]_i_7_comp_1/O
                         net (fo=8, routed)           0.649    12.300    u_core/u_decode/exception_e1_q[4]_i_7_n_0
    SLICE_X21Y18         LUT6 (Prop_lut6_I3_O)        0.124    12.424 r  u_core/u_decode/branch_pc_q[31]_i_6_comp_14/O
                         net (fo=55, routed)          0.924    13.348    u_core/u_decode/branch_pc_q[31]_i_6_n_0
    SLICE_X11Y20         LUT6 (Prop_lut6_I3_O)        0.124    13.472 r  u_core/u_decode/branch_pc_q[2]_i_3/O
                         net (fo=1, routed)           0.580    14.052    u_core/u_decode/branch_pc_q[2]_i_3_n_0
    SLICE_X12Y19         LUT5 (Prop_lut5_I3_O)        0.124    14.176 r  u_core/u_decode/branch_pc_q[2]_i_1/O
                         net (fo=1, routed)           0.000    14.176    u_core/u_fetch/D[0]
    SLICE_X12Y19         FDCE                                         r  u_core/u_fetch/branch_pc_q_reg[2]/D
  -------------------------------------------------------------------    -------------------

                         (clock clk_i rise edge)     10.000    10.000 r  
                         propagated clock network latency
                                                      1.569    11.569    
                         clock pessimism              0.115    11.684    
                         clock uncertainty           -0.035    11.649    
    SLICE_X12Y19         FDCE (Setup_fdce_C_D)        0.077    11.726    u_core/u_fetch/branch_pc_q_reg[2]
  -------------------------------------------------------------------
                         required time                         11.726    
                         arrival time                         -14.176    
  -------------------------------------------------------------------
                         slack                                 -2.451    

Slack (VIOLATED) :        -2.451ns  (required time - arrival time)
  Source:                 u_tcm/u_ram/ram_reg_2_3/CLKARDCLK
                            (rising edge-triggered cell RAMB36E1 clocked by clk_i  {rise@0.000ns fall@5.000ns period=10.000ns})
  Destination:            u_core/u_fetch/branch_pc_q_reg[20]/D
                            (rising edge-triggered cell FDCE clocked by clk_i  {rise@0.000ns fall@5.000ns period=10.000ns})
  Path Group:             clk_i
  Path Type:              Setup (Max at Slow Process Corner)
  Requirement:            10.000ns  (clk_i rise@10.000ns - clk_i rise@0.000ns)
  Data Path Delay:        12.343ns  (logic 4.518ns (36.604%)  route 7.825ns (63.395%))
  Logic Levels:           11  (CARRY4=2 LUT5=2 LUT6=7)
  Clock Path Skew:        -0.103ns (DCD - SCD + CPR)
    Destination Clock Delay (DCD):    1.566ns = ( 11.566 - 10.000 ) 
    Source Clock Delay      (SCD):    1.784ns
    Clock Pessimism Removal (CPR):    0.115ns
  Clock Uncertainty:      0.035ns  ((TSJ^2 + TIJ^2)^1/2 + DJ) / 2 + PE
    Total System Jitter     (TSJ):    0.071ns
    Total Input Jitter      (TIJ):    0.000ns
    Discrete Jitter          (DJ):    0.000ns
    Phase Error              (PE):    0.000ns

    Location             Delay type                Incr(ns)  Path(ns)    Netlist Resource(s)
  -------------------------------------------------------------------    -------------------
                         (clock clk_i rise edge)      0.000     0.000 r  
                         propagated clock network latency
                                                      1.784     1.784    
    RAMB36_X1Y3          RAMB36E1                     0.000     1.784 r  u_tcm/u_ram/ram_reg_2_3/CLKARDCLK
    RAMB36_X1Y3          RAMB36E1 (Prop_ramb36e1_CLKARDCLK_DOADO[1])
                                                      2.454     4.238 r  u_tcm/u_ram/ram_reg_2_3/DOADO[1]
                         net (fo=7, routed)           0.902     5.140    u_core/u_lsu/u_lsu_request/ram_read1_q[12]
    SLICE_X25Y17         LUT6 (Prop_lut6_I5_O)        0.124     5.264 r  u_core/u_lsu/u_lsu_request/result_wb_q[31]_i_11/O
                         net (fo=1, routed)           1.140     6.404    u_core/u_lsu/u_lsu_request/result_wb_q[31]_i_11_n_0
    SLICE_X26Y10         LUT6 (Prop_lut6_I4_O)        0.124     6.528 r  u_core/u_lsu/u_lsu_request/result_wb_q[31]_i_3/O
                         net (fo=36, routed)          0.982     7.510    u_core/u_lsu/u_lsu_request/result_wb_q[31]_i_3_n_0
    SLICE_X26Y10         LUT6 (Prop_lut6_I1_O)        0.124     7.634 r  u_core/u_lsu/u_lsu_request/result_wb_q[17]_i_1/O
                         net (fo=3, routed)           0.565     8.199    u_core/u_issue/u_pipe_ctrl/result_wb_q_reg[31]_1[12]
    SLICE_X21Y10         LUT6 (Prop_lut6_I2_O)        0.124     8.323 r  u_core/u_issue/u_pipe_ctrl/mem_data_wr_q[17]_i_2/O
                         net (fo=13, routed)          1.189     9.512    u_core/u_issue/u_pipe_ctrl/result_q_reg[19][1]
    SLICE_X22Y11         LUT6 (Prop_lut6_I0_O)        0.124     9.636 r  u_core/u_issue/u_pipe_ctrl/exception_e1_q[4]_i_68/O
                         net (fo=1, routed)           0.000     9.636    u_core/u_issue/u_pipe_ctrl/exception_e1_q[4]_i_68_n_0
    SLICE_X22Y11         CARRY4 (Prop_carry4_S[1]_CO[3])
                                                      0.533    10.169 r  u_core/u_issue/u_pipe_ctrl/exception_e1_q_reg[4]_i_43/CO[3]
                         net (fo=1, routed)           0.000    10.169    u_core/u_issue/u_pipe_ctrl/exception_e1_q_reg[4]_i_43_n_0
    SLICE_X22Y12         CARRY4 (Prop_carry4_CI_CO[2])
                                                      0.229    10.398 r  u_core/u_issue/u_pipe_ctrl/exception_e1_q_reg[4]_i_23/CO[2]
                         net (fo=1, routed)           0.943    11.341    u_core/u_decode/u_exec/data1_alias
    SLICE_X24Y15         LUT5 (Prop_lut5_I3_O)        0.310    11.651 r  u_core/u_decode/exception_e1_q[4]_i_7_comp_1/O
                         net (fo=8, routed)           0.649    12.300    u_core/u_decode/exception_e1_q[4]_i_7_n_0
    SLICE_X21Y18         LUT6 (Prop_lut6_I3_O)        0.124    12.424 r  u_core/u_decode/branch_pc_q[31]_i_6_comp_14/O
                         net (fo=55, routed)          0.847    13.270    u_core/u_decode/branch_pc_q[31]_i_6_n_0
    SLICE_X18Y25         LUT6 (Prop_lut6_I2_O)        0.124    13.394 r  u_core/u_decode/branch_pc_q[20]_i_2/O
                         net (fo=1, routed)           0.609    14.003    u_core/u_decode/branch_pc_q[20]_i_2_n_0
    SLICE_X19Y22         LUT5 (Prop_lut5_I2_O)        0.124    14.127 r  u_core/u_decode/branch_pc_q[20]_i_1/O
                         net (fo=1, routed)           0.000    14.127    u_core/u_fetch/D[18]
    SLICE_X19Y22         FDCE                                         r  u_core/u_fetch/branch_pc_q_reg[20]/D
  -------------------------------------------------------------------    -------------------

                         (clock clk_i rise edge)     10.000    10.000 r  
                         propagated clock network latency
                                                      1.566    11.566    
                         clock pessimism              0.115    11.681    
                         clock uncertainty           -0.035    11.646    
    SLICE_X19Y22         FDCE (Setup_fdce_C_D)        0.031    11.677    u_core/u_fetch/branch_pc_q_reg[20]
  -------------------------------------------------------------------
                         required time                         11.677    
                         arrival time                         -14.127    
  -------------------------------------------------------------------
                         slack                                 -2.451    

Slack (VIOLATED) :        -2.443ns  (required time - arrival time)
  Source:                 u_tcm/u_ram/ram_reg_2_3/CLKARDCLK
                            (rising edge-triggered cell RAMB36E1 clocked by clk_i  {rise@0.000ns fall@5.000ns period=10.000ns})
  Destination:            u_core/u_decode/buffer_q_reg[53]/D
                            (rising edge-triggered cell FDCE clocked by clk_i  {rise@0.000ns fall@5.000ns period=10.000ns})
  Path Group:             clk_i
  Path Type:              Setup (Max at Slow Process Corner)
  Requirement:            10.000ns  (clk_i rise@10.000ns - clk_i rise@0.000ns)
  Data Path Delay:        12.293ns  (logic 4.518ns (36.753%)  route 7.775ns (63.247%))
  Logic Levels:           11  (CARRY4=2 LUT4=1 LUT5=1 LUT6=7)
  Clock Path Skew:        -0.101ns (DCD - SCD + CPR)
    Destination Clock Delay (DCD):    1.568ns = ( 11.568 - 10.000 ) 
    Source Clock Delay      (SCD):    1.784ns
    Clock Pessimism Removal (CPR):    0.115ns
  Clock Uncertainty:      0.035ns  ((TSJ^2 + TIJ^2)^1/2 + DJ) / 2 + PE
    Total System Jitter     (TSJ):    0.071ns
    Total Input Jitter      (TIJ):    0.000ns
    Discrete Jitter          (DJ):    0.000ns
    Phase Error              (PE):    0.000ns

    Location             Delay type                Incr(ns)  Path(ns)    Netlist Resource(s)
  -------------------------------------------------------------------    -------------------
                         (clock clk_i rise edge)      0.000     0.000 r  
                         propagated clock network latency
                                                      1.784     1.784    
    RAMB36_X1Y3          RAMB36E1                     0.000     1.784 r  u_tcm/u_ram/ram_reg_2_3/CLKARDCLK
    RAMB36_X1Y3          RAMB36E1 (Prop_ramb36e1_CLKARDCLK_DOADO[1])
                                                      2.454     4.238 r  u_tcm/u_ram/ram_reg_2_3/DOADO[1]
                         net (fo=7, routed)           0.902     5.140    u_core/u_lsu/u_lsu_request/ram_read1_q[12]
    SLICE_X25Y17         LUT6 (Prop_lut6_I5_O)        0.124     5.264 r  u_core/u_lsu/u_lsu_request/result_wb_q[31]_i_11/O
                         net (fo=1, routed)           1.140     6.404    u_core/u_lsu/u_lsu_request/result_wb_q[31]_i_11_n_0
    SLICE_X26Y10         LUT6 (Prop_lut6_I4_O)        0.124     6.528 r  u_core/u_lsu/u_lsu_request/result_wb_q[31]_i_3/O
                         net (fo=36, routed)          0.982     7.510    u_core/u_lsu/u_lsu_request/result_wb_q[31]_i_3_n_0
    SLICE_X26Y10         LUT6 (Prop_lut6_I1_O)        0.124     7.634 r  u_core/u_lsu/u_lsu_request/result_wb_q[17]_i_1/O
                         net (fo=3, routed)           0.565     8.199    u_core/u_issue/u_pipe_ctrl/result_wb_q_reg[31]_1[12]
    SLICE_X21Y10         LUT6 (Prop_lut6_I2_O)        0.124     8.323 r  u_core/u_issue/u_pipe_ctrl/mem_data_wr_q[17]_i_2/O
                         net (fo=13, routed)          1.189     9.512    u_core/u_issue/u_pipe_ctrl/result_q_reg[19][1]
    SLICE_X22Y11         LUT6 (Prop_lut6_I0_O)        0.124     9.636 r  u_core/u_issue/u_pipe_ctrl/exception_e1_q[4]_i_68/O
                         net (fo=1, routed)           0.000     9.636    u_core/u_issue/u_pipe_ctrl/exception_e1_q[4]_i_68_n_0
    SLICE_X22Y11         CARRY4 (Prop_carry4_S[1]_CO[3])
                                                      0.533    10.169 r  u_core/u_issue/u_pipe_ctrl/exception_e1_q_reg[4]_i_43/CO[3]
                         net (fo=1, routed)           0.000    10.169    u_core/u_issue/u_pipe_ctrl/exception_e1_q_reg[4]_i_43_n_0
    SLICE_X22Y12         CARRY4 (Prop_carry4_CI_CO[2])
                                                      0.229    10.398 f  u_core/u_issue/u_pipe_ctrl/exception_e1_q_reg[4]_i_23/CO[2]
                         net (fo=1, routed)           0.943    11.341    u_core/u_decode/u_exec/data1_alias
    SLICE_X24Y15         LUT5 (Prop_lut5_I3_O)        0.310    11.651 f  u_core/u_decode/exception_e1_q[4]_i_7_comp_1/O
                         net (fo=8, routed)           0.572    12.223    u_core/u_decode/exception_e1_q[4]_i_7_n_0
    SLICE_X21Y16         LUT6 (Prop_lut6_I5_O)        0.124    12.347 f  u_core/u_decode/branch_q_i_4/O
                         net (fo=3, routed)           0.176    12.523    u_core/u_decode/branch_q_i_4_n_0
    SLICE_X21Y16         LUT6 (Prop_lut6_I3_O)        0.124    12.647 f  u_core/u_decode/branch_q_i_1__0/O
                         net (fo=94, routed)          0.975    13.622    u_core/u_fetch/branch_request_w
    SLICE_X14Y23         LUT4 (Prop_lut4_I3_O)        0.124    13.746 r  u_core/u_fetch/buffer_q[53]_i_1/O
                         net (fo=1, routed)           0.331    14.077    u_core/u_decode/buffer_q_reg[67]_0[51]
    SLICE_X14Y21         FDCE                                         r  u_core/u_decode/buffer_q_reg[53]/D
  -------------------------------------------------------------------    -------------------

                         (clock clk_i rise edge)     10.000    10.000 r  
                         propagated clock network latency
                                                      1.568    11.568    
                         clock pessimism              0.115    11.683    
                         clock uncertainty           -0.035    11.648    
    SLICE_X14Y21         FDCE (Setup_fdce_C_D)       -0.013    11.635    u_core/u_decode/buffer_q_reg[53]
  -------------------------------------------------------------------
                         required time                         11.635    
                         arrival time                         -14.077    
  -------------------------------------------------------------------
                         slack                                 -2.443    

Slack (VIOLATED) :        -2.439ns  (required time - arrival time)
  Source:                 u_tcm/u_ram/ram_reg_2_3/CLKARDCLK
                            (rising edge-triggered cell RAMB36E1 clocked by clk_i  {rise@0.000ns fall@5.000ns period=10.000ns})
  Destination:            u_core/u_fetch/branch_pc_q_reg[5]/D
                            (rising edge-triggered cell FDCE clocked by clk_i  {rise@0.000ns fall@5.000ns period=10.000ns})
  Path Group:             clk_i
  Path Type:              Setup (Max at Slow Process Corner)
  Requirement:            10.000ns  (clk_i rise@10.000ns - clk_i rise@0.000ns)
  Data Path Delay:        12.384ns  (logic 4.518ns (36.483%)  route 7.866ns (63.517%))
  Logic Levels:           11  (CARRY4=2 LUT5=2 LUT6=7)
  Clock Path Skew:        -0.096ns (DCD - SCD + CPR)
    Destination Clock Delay (DCD):    1.573ns = ( 11.573 - 10.000 ) 
    Source Clock Delay      (SCD):    1.784ns
    Clock Pessimism Removal (CPR):    0.115ns
  Clock Uncertainty:      0.035ns  ((TSJ^2 + TIJ^2)^1/2 + DJ) / 2 + PE
    Total System Jitter     (TSJ):    0.071ns
    Total Input Jitter      (TIJ):    0.000ns
    Discrete Jitter          (DJ):    0.000ns
    Phase Error              (PE):    0.000ns

    Location             Delay type                Incr(ns)  Path(ns)    Netlist Resource(s)
  -------------------------------------------------------------------    -------------------
                         (clock clk_i rise edge)      0.000     0.000 r  
                         propagated clock network latency
                                                      1.784     1.784    
    RAMB36_X1Y3          RAMB36E1                     0.000     1.784 r  u_tcm/u_ram/ram_reg_2_3/CLKARDCLK
    RAMB36_X1Y3          RAMB36E1 (Prop_ramb36e1_CLKARDCLK_DOADO[1])
                                                      2.454     4.238 r  u_tcm/u_ram/ram_reg_2_3/DOADO[1]
                         net (fo=7, routed)           0.902     5.140    u_core/u_lsu/u_lsu_request/ram_read1_q[12]
    SLICE_X25Y17         LUT6 (Prop_lut6_I5_O)        0.124     5.264 r  u_core/u_lsu/u_lsu_request/result_wb_q[31]_i_11/O
                         net (fo=1, routed)           1.140     6.404    u_core/u_lsu/u_lsu_request/result_wb_q[31]_i_11_n_0
    SLICE_X26Y10         LUT6 (Prop_lut6_I4_O)        0.124     6.528 r  u_core/u_lsu/u_lsu_request/result_wb_q[31]_i_3/O
                         net (fo=36, routed)          0.982     7.510    u_core/u_lsu/u_lsu_request/result_wb_q[31]_i_3_n_0
    SLICE_X26Y10         LUT6 (Prop_lut6_I1_O)        0.124     7.634 r  u_core/u_lsu/u_lsu_request/result_wb_q[17]_i_1/O
                         net (fo=3, routed)           0.565     8.199    u_core/u_issue/u_pipe_ctrl/result_wb_q_reg[31]_1[12]
    SLICE_X21Y10         LUT6 (Prop_lut6_I2_O)        0.124     8.323 r  u_core/u_issue/u_pipe_ctrl/mem_data_wr_q[17]_i_2/O
                         net (fo=13, routed)          1.189     9.512    u_core/u_issue/u_pipe_ctrl/result_q_reg[19][1]
    SLICE_X22Y11         LUT6 (Prop_lut6_I0_O)        0.124     9.636 r  u_core/u_issue/u_pipe_ctrl/exception_e1_q[4]_i_68/O
                         net (fo=1, routed)           0.000     9.636    u_core/u_issue/u_pipe_ctrl/exception_e1_q[4]_i_68_n_0
    SLICE_X22Y11         CARRY4 (Prop_carry4_S[1]_CO[3])
                                                      0.533    10.169 r  u_core/u_issue/u_pipe_ctrl/exception_e1_q_reg[4]_i_43/CO[3]
                         net (fo=1, routed)           0.000    10.169    u_core/u_issue/u_pipe_ctrl/exception_e1_q_reg[4]_i_43_n_0
    SLICE_X22Y12         CARRY4 (Prop_carry4_CI_CO[2])
                                                      0.229    10.398 r  u_core/u_issue/u_pipe_ctrl/exception_e1_q_reg[4]_i_23/CO[2]
                         net (fo=1, routed)           0.943    11.341    u_core/u_decode/u_exec/data1_alias
    SLICE_X24Y15         LUT5 (Prop_lut5_I3_O)        0.310    11.651 r  u_core/u_decode/exception_e1_q[4]_i_7_comp_1/O
                         net (fo=8, routed)           0.649    12.300    u_core/u_decode/exception_e1_q[4]_i_7_n_0
    SLICE_X21Y18         LUT6 (Prop_lut6_I3_O)        0.124    12.424 r  u_core/u_decode/branch_pc_q[31]_i_6_comp_14/O
                         net (fo=55, routed)          0.717    13.140    u_core/u_decode/branch_pc_q[31]_i_6_n_0
    SLICE_X20Y21         LUT6 (Prop_lut6_I3_O)        0.124    13.264 r  u_core/u_decode/branch_pc_q[5]_i_3/O
                         net (fo=1, routed)           0.780    14.044    u_core/u_decode/branch_pc_q[5]_i_3_n_0
    SLICE_X16Y16         LUT5 (Prop_lut5_I3_O)        0.124    14.168 r  u_core/u_decode/branch_pc_q[5]_i_1/O
                         net (fo=1, routed)           0.000    14.168    u_core/u_fetch/D[3]
    SLICE_X16Y16         FDCE                                         r  u_core/u_fetch/branch_pc_q_reg[5]/D
  -------------------------------------------------------------------    -------------------

                         (clock clk_i rise edge)     10.000    10.000 r  
                         propagated clock network latency
                                                      1.573    11.573    
                         clock pessimism              0.115    11.688    
                         clock uncertainty           -0.035    11.653    
    SLICE_X16Y16         FDCE (Setup_fdce_C_D)        0.077    11.730    u_core/u_fetch/branch_pc_q_reg[5]
  -------------------------------------------------------------------
                         required time                         11.730    
                         arrival time                         -14.168    
  -------------------------------------------------------------------
                         slack                                 -2.439    

Slack (VIOLATED) :        -2.430ns  (required time - arrival time)
  Source:                 u_tcm/u_ram/ram_reg_2_3/CLKARDCLK
                            (rising edge-triggered cell RAMB36E1 clocked by clk_i  {rise@0.000ns fall@5.000ns period=10.000ns})
  Destination:            u_core/u_fetch/branch_pc_q_reg[3]/D
                            (rising edge-triggered cell FDCE clocked by clk_i  {rise@0.000ns fall@5.000ns period=10.000ns})
  Path Group:             clk_i
  Path Type:              Setup (Max at Slow Process Corner)
  Requirement:            10.000ns  (clk_i rise@10.000ns - clk_i rise@0.000ns)
  Data Path Delay:        12.326ns  (logic 4.518ns (36.653%)  route 7.808ns (63.347%))
  Logic Levels:           11  (CARRY4=2 LUT5=2 LUT6=7)
  Clock Path Skew:        -0.099ns (DCD - SCD + CPR)
    Destination Clock Delay (DCD):    1.570ns = ( 11.570 - 10.000 ) 
    Source Clock Delay      (SCD):    1.784ns
    Clock Pessimism Removal (CPR):    0.115ns
  Clock Uncertainty:      0.035ns  ((TSJ^2 + TIJ^2)^1/2 + DJ) / 2 + PE
    Total System Jitter     (TSJ):    0.071ns
    Total Input Jitter      (TIJ):    0.000ns
    Discrete Jitter          (DJ):    0.000ns
    Phase Error              (PE):    0.000ns

    Location             Delay type                Incr(ns)  Path(ns)    Netlist Resource(s)
  -------------------------------------------------------------------    -------------------
                         (clock clk_i rise edge)      0.000     0.000 r  
                         propagated clock network latency
                                                      1.784     1.784    
    RAMB36_X1Y3          RAMB36E1                     0.000     1.784 r  u_tcm/u_ram/ram_reg_2_3/CLKARDCLK
    RAMB36_X1Y3          RAMB36E1 (Prop_ramb36e1_CLKARDCLK_DOADO[1])
                                                      2.454     4.238 r  u_tcm/u_ram/ram_reg_2_3/DOADO[1]
                         net (fo=7, routed)           0.902     5.140    u_core/u_lsu/u_lsu_request/ram_read1_q[12]
    SLICE_X25Y17         LUT6 (Prop_lut6_I5_O)        0.124     5.264 r  u_core/u_lsu/u_lsu_request/result_wb_q[31]_i_11/O
                         net (fo=1, routed)           1.140     6.404    u_core/u_lsu/u_lsu_request/result_wb_q[31]_i_11_n_0
    SLICE_X26Y10         LUT6 (Prop_lut6_I4_O)        0.124     6.528 r  u_core/u_lsu/u_lsu_request/result_wb_q[31]_i_3/O
                         net (fo=36, routed)          0.982     7.510    u_core/u_lsu/u_lsu_request/result_wb_q[31]_i_3_n_0
    SLICE_X26Y10         LUT6 (Prop_lut6_I1_O)        0.124     7.634 r  u_core/u_lsu/u_lsu_request/result_wb_q[17]_i_1/O
                         net (fo=3, routed)           0.565     8.199    u_core/u_issue/u_pipe_ctrl/result_wb_q_reg[31]_1[12]
    SLICE_X21Y10         LUT6 (Prop_lut6_I2_O)        0.124     8.323 r  u_core/u_issue/u_pipe_ctrl/mem_data_wr_q[17]_i_2/O
                         net (fo=13, routed)          1.189     9.512    u_core/u_issue/u_pipe_ctrl/result_q_reg[19][1]
    SLICE_X22Y11         LUT6 (Prop_lut6_I0_O)        0.124     9.636 r  u_core/u_issue/u_pipe_ctrl/exception_e1_q[4]_i_68/O
                         net (fo=1, routed)           0.000     9.636    u_core/u_issue/u_pipe_ctrl/exception_e1_q[4]_i_68_n_0
    SLICE_X22Y11         CARRY4 (Prop_carry4_S[1]_CO[3])
                                                      0.533    10.169 r  u_core/u_issue/u_pipe_ctrl/exception_e1_q_reg[4]_i_43/CO[3]
                         net (fo=1, routed)           0.000    10.169    u_core/u_issue/u_pipe_ctrl/exception_e1_q_reg[4]_i_43_n_0
    SLICE_X22Y12         CARRY4 (Prop_carry4_CI_CO[2])
                                                      0.229    10.398 r  u_core/u_issue/u_pipe_ctrl/exception_e1_q_reg[4]_i_23/CO[2]
                         net (fo=1, routed)           0.943    11.341    u_core/u_decode/u_exec/data1_alias
    SLICE_X24Y15         LUT5 (Prop_lut5_I3_O)        0.310    11.651 r  u_core/u_decode/exception_e1_q[4]_i_7_comp_1/O
                         net (fo=8, routed)           0.649    12.300    u_core/u_decode/exception_e1_q[4]_i_7_n_0
    SLICE_X21Y18         LUT6 (Prop_lut6_I3_O)        0.124    12.424 r  u_core/u_decode/branch_pc_q[31]_i_6_comp_14/O
                         net (fo=55, routed)          0.885    13.309    u_core/u_decode/branch_pc_q[31]_i_6_n_0
    SLICE_X13Y20         LUT6 (Prop_lut6_I2_O)        0.124    13.433 r  u_core/u_decode/branch_pc_q[3]_i_2/O
                         net (fo=1, routed)           0.554    13.987    u_core/u_decode/branch_pc_q[3]_i_2_n_0
    SLICE_X13Y18         LUT5 (Prop_lut5_I2_O)        0.124    14.111 r  u_core/u_decode/branch_pc_q[3]_i_1/O
                         net (fo=1, routed)           0.000    14.111    u_core/u_fetch/D[1]
    SLICE_X13Y18         FDCE                                         r  u_core/u_fetch/branch_pc_q_reg[3]/D
  -------------------------------------------------------------------    -------------------

                         (clock clk_i rise edge)     10.000    10.000 r  
                         propagated clock network latency
                                                      1.570    11.570    
                         clock pessimism              0.115    11.685    
                         clock uncertainty           -0.035    11.650    
    SLICE_X13Y18         FDCE (Setup_fdce_C_D)        0.031    11.681    u_core/u_fetch/branch_pc_q_reg[3]
  -------------------------------------------------------------------
                         required time                         11.681    
                         arrival time                         -14.111    
  -------------------------------------------------------------------
                         slack                                 -2.430    

Slack (VIOLATED) :        -2.425ns  (required time - arrival time)
  Source:                 u_tcm/u_ram/ram_reg_2_3/CLKARDCLK
                            (rising edge-triggered cell RAMB36E1 clocked by clk_i  {rise@0.000ns fall@5.000ns period=10.000ns})
  Destination:            u_core/u_decode/buffer_q_reg[45]_replica_1/D
                            (rising edge-triggered cell FDCE clocked by clk_i  {rise@0.000ns fall@5.000ns period=10.000ns})
  Path Group:             clk_i
  Path Type:              Setup (Max at Slow Process Corner)
  Requirement:            10.000ns  (clk_i rise@10.000ns - clk_i rise@0.000ns)
  Data Path Delay:        12.219ns  (logic 4.518ns (36.974%)  route 7.701ns (63.026%))
  Logic Levels:           11  (CARRY4=2 LUT4=1 LUT5=1 LUT6=7)
  Clock Path Skew:        -0.103ns (DCD - SCD + CPR)
    Destination Clock Delay (DCD):    1.566ns = ( 11.566 - 10.000 ) 
    Source Clock Delay      (SCD):    1.784ns
    Clock Pessimism Removal (CPR):    0.115ns
  Clock Uncertainty:      0.035ns  ((TSJ^2 + TIJ^2)^1/2 + DJ) / 2 + PE
    Total System Jitter     (TSJ):    0.071ns
    Total Input Jitter      (TIJ):    0.000ns
    Discrete Jitter          (DJ):    0.000ns
    Phase Error              (PE):    0.000ns

    Location             Delay type                Incr(ns)  Path(ns)    Netlist Resource(s)
  -------------------------------------------------------------------    -------------------
                         (clock clk_i rise edge)      0.000     0.000 r  
                         propagated clock network latency
                                                      1.784     1.784    
    RAMB36_X1Y3          RAMB36E1                     0.000     1.784 r  u_tcm/u_ram/ram_reg_2_3/CLKARDCLK
    RAMB36_X1Y3          RAMB36E1 (Prop_ramb36e1_CLKARDCLK_DOADO[1])
                                                      2.454     4.238 r  u_tcm/u_ram/ram_reg_2_3/DOADO[1]
                         net (fo=7, routed)           0.902     5.140    u_core/u_lsu/u_lsu_request/ram_read1_q[12]
    SLICE_X25Y17         LUT6 (Prop_lut6_I5_O)        0.124     5.264 r  u_core/u_lsu/u_lsu_request/result_wb_q[31]_i_11/O
                         net (fo=1, routed)           1.140     6.404    u_core/u_lsu/u_lsu_request/result_wb_q[31]_i_11_n_0
    SLICE_X26Y10         LUT6 (Prop_lut6_I4_O)        0.124     6.528 r  u_core/u_lsu/u_lsu_request/result_wb_q[31]_i_3/O
                         net (fo=36, routed)          0.982     7.510    u_core/u_lsu/u_lsu_request/result_wb_q[31]_i_3_n_0
    SLICE_X26Y10         LUT6 (Prop_lut6_I1_O)        0.124     7.634 r  u_core/u_lsu/u_lsu_request/result_wb_q[17]_i_1/O
                         net (fo=3, routed)           0.565     8.199    u_core/u_issue/u_pipe_ctrl/result_wb_q_reg[31]_1[12]
    SLICE_X21Y10         LUT6 (Prop_lut6_I2_O)        0.124     8.323 r  u_core/u_issue/u_pipe_ctrl/mem_data_wr_q[17]_i_2/O
                         net (fo=13, routed)          1.189     9.512    u_core/u_issue/u_pipe_ctrl/result_q_reg[19][1]
    SLICE_X22Y11         LUT6 (Prop_lut6_I0_O)        0.124     9.636 r  u_core/u_issue/u_pipe_ctrl/exception_e1_q[4]_i_68/O
                         net (fo=1, routed)           0.000     9.636    u_core/u_issue/u_pipe_ctrl/exception_e1_q[4]_i_68_n_0
    SLICE_X22Y11         CARRY4 (Prop_carry4_S[1]_CO[3])
                                                      0.533    10.169 r  u_core/u_issue/u_pipe_ctrl/exception_e1_q_reg[4]_i_43/CO[3]
                         net (fo=1, routed)           0.000    10.169    u_core/u_issue/u_pipe_ctrl/exception_e1_q_reg[4]_i_43_n_0
    SLICE_X22Y12         CARRY4 (Prop_carry4_CI_CO[2])
                                                      0.229    10.398 f  u_core/u_issue/u_pipe_ctrl/exception_e1_q_reg[4]_i_23/CO[2]
                         net (fo=1, routed)           0.943    11.341    u_core/u_decode/u_exec/data1_alias
    SLICE_X24Y15         LUT5 (Prop_lut5_I3_O)        0.310    11.651 f  u_core/u_decode/exception_e1_q[4]_i_7_comp_1/O
                         net (fo=8, routed)           0.572    12.223    u_core/u_decode/exception_e1_q[4]_i_7_n_0
    SLICE_X21Y16         LUT6 (Prop_lut6_I5_O)        0.124    12.347 f  u_core/u_decode/branch_q_i_4/O
                         net (fo=3, routed)           0.176    12.523    u_core/u_decode/branch_q_i_4_n_0
    SLICE_X21Y16         LUT6 (Prop_lut6_I3_O)        0.124    12.647 f  u_core/u_decode/branch_q_i_1__0/O
                         net (fo=94, routed)          0.695    13.342    u_core/u_fetch/branch_request_w
    SLICE_X16Y17         LUT4 (Prop_lut4_I3_O)        0.124    13.466 r  u_core/u_fetch/buffer_q[45]_i_1/O
                         net (fo=3, routed)           0.538    14.004    u_core/u_decode/buffer_q_reg[67]_0[43]
    SLICE_X15Y22         FDCE                                         r  u_core/u_decode/buffer_q_reg[45]_replica_1/D
  -------------------------------------------------------------------    -------------------

                         (clock clk_i rise edge)     10.000    10.000 r  
                         propagated clock network latency
                                                      1.566    11.566    
                         clock pessimism              0.115    11.681    
                         clock uncertainty           -0.035    11.646    
    SLICE_X15Y22         FDCE (Setup_fdce_C_D)       -0.067    11.579    u_core/u_decode/buffer_q_reg[45]_replica_1
  -------------------------------------------------------------------
                         required time                         11.579    
                         arrival time                         -14.004    
  -------------------------------------------------------------------
                         slack                                 -2.425    

Slack (VIOLATED) :        -2.423ns  (required time - arrival time)
  Source:                 u_tcm/u_ram/ram_reg_2_3/CLKARDCLK
                            (rising edge-triggered cell RAMB36E1 clocked by clk_i  {rise@0.000ns fall@5.000ns period=10.000ns})
  Destination:            u_core/u_fetch/branch_pc_q_reg[23]/D
                            (rising edge-triggered cell FDCE clocked by clk_i  {rise@0.000ns fall@5.000ns period=10.000ns})
  Path Group:             clk_i
  Path Type:              Setup (Max at Slow Process Corner)
  Requirement:            10.000ns  (clk_i rise@10.000ns - clk_i rise@0.000ns)
  Data Path Delay:        12.312ns  (logic 4.518ns (36.697%)  route 7.794ns (63.303%))
  Logic Levels:           11  (CARRY4=2 LUT5=2 LUT6=7)
  Clock Path Skew:        -0.104ns (DCD - SCD + CPR)
    Destination Clock Delay (DCD):    1.565ns = ( 11.565 - 10.000 ) 
    Source Clock Delay      (SCD):    1.784ns
    Clock Pessimism Removal (CPR):    0.115ns
  Clock Uncertainty:      0.035ns  ((TSJ^2 + TIJ^2)^1/2 + DJ) / 2 + PE
    Total System Jitter     (TSJ):    0.071ns
    Total Input Jitter      (TIJ):    0.000ns
    Discrete Jitter          (DJ):    0.000ns
    Phase Error              (PE):    0.000ns

    Location             Delay type                Incr(ns)  Path(ns)    Netlist Resource(s)
  -------------------------------------------------------------------    -------------------
                         (clock clk_i rise edge)      0.000     0.000 r  
                         propagated clock network latency
                                                      1.784     1.784    
    RAMB36_X1Y3          RAMB36E1                     0.000     1.784 r  u_tcm/u_ram/ram_reg_2_3/CLKARDCLK
    RAMB36_X1Y3          RAMB36E1 (Prop_ramb36e1_CLKARDCLK_DOADO[1])
                                                      2.454     4.238 r  u_tcm/u_ram/ram_reg_2_3/DOADO[1]
                         net (fo=7, routed)           0.902     5.140    u_core/u_lsu/u_lsu_request/ram_read1_q[12]
    SLICE_X25Y17         LUT6 (Prop_lut6_I5_O)        0.124     5.264 r  u_core/u_lsu/u_lsu_request/result_wb_q[31]_i_11/O
                         net (fo=1, routed)           1.140     6.404    u_core/u_lsu/u_lsu_request/result_wb_q[31]_i_11_n_0
    SLICE_X26Y10         LUT6 (Prop_lut6_I4_O)        0.124     6.528 r  u_core/u_lsu/u_lsu_request/result_wb_q[31]_i_3/O
                         net (fo=36, routed)          0.982     7.510    u_core/u_lsu/u_lsu_request/result_wb_q[31]_i_3_n_0
    SLICE_X26Y10         LUT6 (Prop_lut6_I1_O)        0.124     7.634 r  u_core/u_lsu/u_lsu_request/result_wb_q[17]_i_1/O
                         net (fo=3, routed)           0.565     8.199    u_core/u_issue/u_pipe_ctrl/result_wb_q_reg[31]_1[12]
    SLICE_X21Y10         LUT6 (Prop_lut6_I2_O)        0.124     8.323 r  u_core/u_issue/u_pipe_ctrl/mem_data_wr_q[17]_i_2/O
                         net (fo=13, routed)          1.189     9.512    u_core/u_issue/u_pipe_ctrl/result_q_reg[19][1]
    SLICE_X22Y11         LUT6 (Prop_lut6_I0_O)        0.124     9.636 r  u_core/u_issue/u_pipe_ctrl/exception_e1_q[4]_i_68/O
                         net (fo=1, routed)           0.000     9.636    u_core/u_issue/u_pipe_ctrl/exception_e1_q[4]_i_68_n_0
    SLICE_X22Y11         CARRY4 (Prop_carry4_S[1]_CO[3])
                                                      0.533    10.169 r  u_core/u_issue/u_pipe_ctrl/exception_e1_q_reg[4]_i_43/CO[3]
                         net (fo=1, routed)           0.000    10.169    u_core/u_issue/u_pipe_ctrl/exception_e1_q_reg[4]_i_43_n_0
    SLICE_X22Y12         CARRY4 (Prop_carry4_CI_CO[2])
                                                      0.229    10.398 r  u_core/u_issue/u_pipe_ctrl/exception_e1_q_reg[4]_i_23/CO[2]
                         net (fo=1, routed)           0.943    11.341    u_core/u_decode/u_exec/data1_alias
    SLICE_X24Y15         LUT5 (Prop_lut5_I3_O)        0.310    11.651 r  u_core/u_decode/exception_e1_q[4]_i_7_comp_1/O
                         net (fo=8, routed)           0.649    12.300    u_core/u_decode/exception_e1_q[4]_i_7_n_0
    SLICE_X21Y18         LUT6 (Prop_lut6_I3_O)        0.124    12.424 r  u_core/u_decode/branch_pc_q[31]_i_6_comp_14/O
                         net (fo=55, routed)          0.872    13.296    u_core/u_decode/branch_pc_q[31]_i_6_n_0
    SLICE_X14Y22         LUT6 (Prop_lut6_I2_O)        0.124    13.420 r  u_core/u_decode/branch_pc_q[23]_i_2/O
                         net (fo=1, routed)           0.553    13.972    u_core/u_decode/branch_pc_q[23]_i_2_n_0
    SLICE_X19Y23         LUT5 (Prop_lut5_I2_O)        0.124    14.096 r  u_core/u_decode/branch_pc_q[23]_i_1/O
                         net (fo=1, routed)           0.000    14.096    u_core/u_fetch/D[21]
    SLICE_X19Y23         FDCE                                         r  u_core/u_fetch/branch_pc_q_reg[23]/D
  -------------------------------------------------------------------    -------------------

                         (clock clk_i rise edge)     10.000    10.000 r  
                         propagated clock network latency
                                                      1.565    11.565    
                         clock pessimism              0.115    11.680    
                         clock uncertainty           -0.035    11.645    
    SLICE_X19Y23         FDCE (Setup_fdce_C_D)        0.029    11.674    u_core/u_fetch/branch_pc_q_reg[23]
  -------------------------------------------------------------------
                         required time                         11.674    
                         arrival time                         -14.096    
  -------------------------------------------------------------------
                         slack                                 -2.423    

Slack (VIOLATED) :        -2.422ns  (required time - arrival time)
  Source:                 u_tcm/u_ram/ram_reg_2_3/CLKARDCLK
                            (rising edge-triggered cell RAMB36E1 clocked by clk_i  {rise@0.000ns fall@5.000ns period=10.000ns})
  Destination:            u_core/u_fetch/branch_pc_q_reg[4]/D
                            (rising edge-triggered cell FDCE clocked by clk_i  {rise@0.000ns fall@5.000ns period=10.000ns})
  Path Group:             clk_i
  Path Type:              Setup (Max at Slow Process Corner)
  Requirement:            10.000ns  (clk_i rise@10.000ns - clk_i rise@0.000ns)
  Data Path Delay:        12.371ns  (logic 4.518ns (36.521%)  route 7.853ns (63.479%))
  Logic Levels:           11  (CARRY4=2 LUT5=2 LUT6=7)
  Clock Path Skew:        -0.096ns (DCD - SCD + CPR)
    Destination Clock Delay (DCD):    1.573ns = ( 11.573 - 10.000 ) 
    Source Clock Delay      (SCD):    1.784ns
    Clock Pessimism Removal (CPR):    0.115ns
  Clock Uncertainty:      0.035ns  ((TSJ^2 + TIJ^2)^1/2 + DJ) / 2 + PE
    Total System Jitter     (TSJ):    0.071ns
    Total Input Jitter      (TIJ):    0.000ns
    Discrete Jitter          (DJ):    0.000ns
    Phase Error              (PE):    0.000ns

    Location             Delay type                Incr(ns)  Path(ns)    Netlist Resource(s)
  -------------------------------------------------------------------    -------------------
                         (clock clk_i rise edge)      0.000     0.000 r  
                         propagated clock network latency
                                                      1.784     1.784    
    RAMB36_X1Y3          RAMB36E1                     0.000     1.784 r  u_tcm/u_ram/ram_reg_2_3/CLKARDCLK
    RAMB36_X1Y3          RAMB36E1 (Prop_ramb36e1_CLKARDCLK_DOADO[1])
                                                      2.454     4.238 r  u_tcm/u_ram/ram_reg_2_3/DOADO[1]
                         net (fo=7, routed)           0.902     5.140    u_core/u_lsu/u_lsu_request/ram_read1_q[12]
    SLICE_X25Y17         LUT6 (Prop_lut6_I5_O)        0.124     5.264 r  u_core/u_lsu/u_lsu_request/result_wb_q[31]_i_11/O
                         net (fo=1, routed)           1.140     6.404    u_core/u_lsu/u_lsu_request/result_wb_q[31]_i_11_n_0
    SLICE_X26Y10         LUT6 (Prop_lut6_I4_O)        0.124     6.528 r  u_core/u_lsu/u_lsu_request/result_wb_q[31]_i_3/O
                         net (fo=36, routed)          0.982     7.510    u_core/u_lsu/u_lsu_request/result_wb_q[31]_i_3_n_0
    SLICE_X26Y10         LUT6 (Prop_lut6_I1_O)        0.124     7.634 r  u_core/u_lsu/u_lsu_request/result_wb_q[17]_i_1/O
                         net (fo=3, routed)           0.565     8.199    u_core/u_issue/u_pipe_ctrl/result_wb_q_reg[31]_1[12]
    SLICE_X21Y10         LUT6 (Prop_lut6_I2_O)        0.124     8.323 r  u_core/u_issue/u_pipe_ctrl/mem_data_wr_q[17]_i_2/O
                         net (fo=13, routed)          1.189     9.512    u_core/u_issue/u_pipe_ctrl/result_q_reg[19][1]
    SLICE_X22Y11         LUT6 (Prop_lut6_I0_O)        0.124     9.636 r  u_core/u_issue/u_pipe_ctrl/exception_e1_q[4]_i_68/O
                         net (fo=1, routed)           0.000     9.636    u_core/u_issue/u_pipe_ctrl/exception_e1_q[4]_i_68_n_0
    SLICE_X22Y11         CARRY4 (Prop_carry4_S[1]_CO[3])
                                                      0.533    10.169 r  u_core/u_issue/u_pipe_ctrl/exception_e1_q_reg[4]_i_43/CO[3]
                         net (fo=1, routed)           0.000    10.169    u_core/u_issue/u_pipe_ctrl/exception_e1_q_reg[4]_i_43_n_0
    SLICE_X22Y12         CARRY4 (Prop_carry4_CI_CO[2])
                                                      0.229    10.398 r  u_core/u_issue/u_pipe_ctrl/exception_e1_q_reg[4]_i_23/CO[2]
                         net (fo=1, routed)           0.943    11.341    u_core/u_decode/u_exec/data1_alias
    SLICE_X24Y15         LUT5 (Prop_lut5_I3_O)        0.310    11.651 r  u_core/u_decode/exception_e1_q[4]_i_7_comp_1/O
                         net (fo=8, routed)           0.649    12.300    u_core/u_decode/exception_e1_q[4]_i_7_n_0
    SLICE_X21Y18         LUT6 (Prop_lut6_I3_O)        0.124    12.424 r  u_core/u_decode/branch_pc_q[31]_i_6_comp_14/O
                         net (fo=55, routed)          0.774    13.197    u_core/u_decode/branch_pc_q[31]_i_6_n_0
    SLICE_X16Y12         LUT6 (Prop_lut6_I3_O)        0.124    13.321 r  u_core/u_decode/branch_pc_q[4]_i_3/O
                         net (fo=1, routed)           0.710    14.031    u_core/u_decode/branch_pc_q[4]_i_3_n_0
    SLICE_X16Y16         LUT5 (Prop_lut5_I3_O)        0.124    14.155 r  u_core/u_decode/branch_pc_q[4]_i_1/O
                         net (fo=1, routed)           0.000    14.155    u_core/u_fetch/D[2]
    SLICE_X16Y16         FDCE                                         r  u_core/u_fetch/branch_pc_q_reg[4]/D
  -------------------------------------------------------------------    -------------------

                         (clock clk_i rise edge)     10.000    10.000 r  
                         propagated clock network latency
                                                      1.573    11.573    
                         clock pessimism              0.115    11.688    
                         clock uncertainty           -0.035    11.653    
    SLICE_X16Y16         FDCE (Setup_fdce_C_D)        0.081    11.734    u_core/u_fetch/branch_pc_q_reg[4]
  -------------------------------------------------------------------
                         required time                         11.734    
                         arrival time                         -14.155    
  -------------------------------------------------------------------
                         slack                                 -2.422    

Slack (VIOLATED) :        -2.419ns  (required time - arrival time)
  Source:                 u_tcm/u_ram/ram_reg_2_3/CLKARDCLK
                            (rising edge-triggered cell RAMB36E1 clocked by clk_i  {rise@0.000ns fall@5.000ns period=10.000ns})
  Destination:            u_core/u_fetch/branch_pc_q_reg[19]/CE
                            (rising edge-triggered cell FDCE clocked by clk_i  {rise@0.000ns fall@5.000ns period=10.000ns})
  Path Group:             clk_i
  Path Type:              Setup (Max at Slow Process Corner)
  Requirement:            10.000ns  (clk_i rise@10.000ns - clk_i rise@0.000ns)
  Data Path Delay:        12.074ns  (logic 4.394ns (36.391%)  route 7.680ns (63.609%))
  Logic Levels:           10  (CARRY4=2 LUT5=1 LUT6=7)
  Clock Path Skew:        -0.104ns (DCD - SCD + CPR)
    Destination Clock Delay (DCD):    1.565ns = ( 11.565 - 10.000 ) 
    Source Clock Delay      (SCD):    1.784ns
    Clock Pessimism Removal (CPR):    0.115ns
  Clock Uncertainty:      0.035ns  ((TSJ^2 + TIJ^2)^1/2 + DJ) / 2 + PE
    Total System Jitter     (TSJ):    0.071ns
    Total Input Jitter      (TIJ):    0.000ns
    Discrete Jitter          (DJ):    0.000ns
    Phase Error              (PE):    0.000ns

    Location             Delay type                Incr(ns)  Path(ns)    Netlist Resource(s)
  -------------------------------------------------------------------    -------------------
                         (clock clk_i rise edge)      0.000     0.000 r  
                         propagated clock network latency
                                                      1.784     1.784    
    RAMB36_X1Y3          RAMB36E1                     0.000     1.784 r  u_tcm/u_ram/ram_reg_2_3/CLKARDCLK
    RAMB36_X1Y3          RAMB36E1 (Prop_ramb36e1_CLKARDCLK_DOADO[1])
                                                      2.454     4.238 r  u_tcm/u_ram/ram_reg_2_3/DOADO[1]
                         net (fo=7, routed)           0.902     5.140    u_core/u_lsu/u_lsu_request/ram_read1_q[12]
    SLICE_X25Y17         LUT6 (Prop_lut6_I5_O)        0.124     5.264 r  u_core/u_lsu/u_lsu_request/result_wb_q[31]_i_11/O
                         net (fo=1, routed)           1.140     6.404    u_core/u_lsu/u_lsu_request/result_wb_q[31]_i_11_n_0
    SLICE_X26Y10         LUT6 (Prop_lut6_I4_O)        0.124     6.528 r  u_core/u_lsu/u_lsu_request/result_wb_q[31]_i_3/O
                         net (fo=36, routed)          0.982     7.510    u_core/u_lsu/u_lsu_request/result_wb_q[31]_i_3_n_0
    SLICE_X26Y10         LUT6 (Prop_lut6_I1_O)        0.124     7.634 r  u_core/u_lsu/u_lsu_request/result_wb_q[17]_i_1/O
                         net (fo=3, routed)           0.565     8.199    u_core/u_issue/u_pipe_ctrl/result_wb_q_reg[31]_1[12]
    SLICE_X21Y10         LUT6 (Prop_lut6_I2_O)        0.124     8.323 r  u_core/u_issue/u_pipe_ctrl/mem_data_wr_q[17]_i_2/O
                         net (fo=13, routed)          1.189     9.512    u_core/u_issue/u_pipe_ctrl/result_q_reg[19][1]
    SLICE_X22Y11         LUT6 (Prop_lut6_I0_O)        0.124     9.636 r  u_core/u_issue/u_pipe_ctrl/exception_e1_q[4]_i_68/O
                         net (fo=1, routed)           0.000     9.636    u_core/u_issue/u_pipe_ctrl/exception_e1_q[4]_i_68_n_0
    SLICE_X22Y11         CARRY4 (Prop_carry4_S[1]_CO[3])
                                                      0.533    10.169 r  u_core/u_issue/u_pipe_ctrl/exception_e1_q_reg[4]_i_43/CO[3]
                         net (fo=1, routed)           0.000    10.169    u_core/u_issue/u_pipe_ctrl/exception_e1_q_reg[4]_i_43_n_0
    SLICE_X22Y12         CARRY4 (Prop_carry4_CI_CO[2])
                                                      0.229    10.398 r  u_core/u_issue/u_pipe_ctrl/exception_e1_q_reg[4]_i_23/CO[2]
                         net (fo=1, routed)           0.943    11.341    u_core/u_decode/u_exec/data1_alias
    SLICE_X24Y15         LUT5 (Prop_lut5_I3_O)        0.310    11.651 r  u_core/u_decode/exception_e1_q[4]_i_7_comp_1/O
                         net (fo=8, routed)           0.572    12.223    u_core/u_decode/exception_e1_q[4]_i_7_n_0
    SLICE_X21Y16         LUT6 (Prop_lut6_I5_O)        0.124    12.347 r  u_core/u_decode/branch_q_i_4/O
                         net (fo=3, routed)           0.600    12.948    u_core/u_fetch/branch_q_i_4_n_0_alias
    SLICE_X18Y16         LUT6 (Prop_lut6_I4_O)        0.124    13.072 r  u_core/u_fetch/branch_pc_q[31]_i_1_comp/O
                         net (fo=31, routed)          0.787    13.859    u_core/u_fetch/branch_pc_q[31]_i_1_n_0
    SLICE_X19Y26         FDCE                                         r  u_core/u_fetch/branch_pc_q_reg[19]/CE
  -------------------------------------------------------------------    -------------------

                         (clock clk_i rise edge)     10.000    10.000 r  
                         propagated clock network latency
                                                      1.565    11.565    
                         clock pessimism              0.115    11.680    
                         clock uncertainty           -0.035    11.645    
    SLICE_X19Y26         FDCE (Setup_fdce_C_CE)      -0.205    11.440    u_core/u_fetch/branch_pc_q_reg[19]
  -------------------------------------------------------------------
                         required time                         11.440    
                         arrival time                         -13.859    
  -------------------------------------------------------------------
                         slack                                 -2.419    




