Copyright 1986-2022 Xilinx, Inc. All Rights Reserved.
--------------------------------------------------------------------------------------------------------------------------------------------------------------------------
| Tool Version : Vivado v.2022.2 (win64) Build 3671981 Fri Oct 14 05:00:03 MDT 2022
| Date         : Mon Sep  7 13:00:50 2026
| Host         : LAPTOP-A7P3RQOS running 64-bit major release  (build 9200)
| Command      : report_timing_summary -delay_type min_max -max_paths 20 -file D:/code/FPGA/vivado/ultra_scalar_bht_btb_xc7z020/reports/param_sweep/D0/timing_summary.rpt
| Design       : riscv_tcm_top
| Device       : 7z020-clg400
| Speed File   : -1  PRODUCTION 1.12 2019-11-22
--------------------------------------------------------------------------------------------------------------------------------------------------------------------------

Timing Summary Report

------------------------------------------------------------------------------------------------
| Timer Settings
| --------------
------------------------------------------------------------------------------------------------

  Enable Multi Corner Analysis               :  Yes
  Enable Pessimism Removal                   :  Yes
  Pessimism Removal Resolution               :  Nearest Common Node
  Enable Input Delay Default Clock           :  No
  Enable Preset / Clear Arcs                 :  No
  Disable Flight Delays                      :  No
  Ignore I/O Paths                           :  No
  Timing Early Launch at Borrowing Latches   :  No
  Borrow Time for Max Delay Exceptions       :  Yes
  Merge Timing Exceptions                    :  Yes

  Corner  Analyze    Analyze    
  Name    Max Paths  Min Paths  
  ------  ---------  ---------  
  Slow    Yes        Yes        
  Fast    Yes        Yes        


------------------------------------------------------------------------------------------------
| Report Methodology
| ------------------
------------------------------------------------------------------------------------------------

No report available as report_methodology has not been run prior. Run report_methodology on the current design for the summary of methodology violations.



check_timing report

Table of Contents
-----------------
1. checking no_clock (0)
2. checking constant_clock (0)
3. checking pulse_width_clock (0)
4. checking unconstrained_internal_endpoints (0)
5. checking no_input_delay (140)
6. checking no_output_delay (145)
7. checking multiple_clock (0)
8. checking generated_clocks (0)
9. checking loops (0)
10. checking partial_input_delay (0)
11. checking partial_output_delay (0)
12. checking latch_loops (0)

1. checking no_clock (0)
------------------------
 There are 0 register/latch pins with no clock.


2. checking constant_clock (0)
------------------------------
 There are 0 register/latch pins with constant_clock.


3. checking pulse_width_clock (0)
---------------------------------
 There are 0 register/latch pins which need pulse_width check


4. checking unconstrained_internal_endpoints (0)
------------------------------------------------
 There are 0 pins that are not constrained for maximum delay.

 There are 0 pins that are not constrained for maximum delay due to constant clock.


5. checking no_input_delay (140)
--------------------------------
 There are 138 input ports with no input delay specified. (HIGH)

 There are 2 input ports with no input delay but user has a false path constraint. (MEDIUM)


6. checking no_output_delay (145)
---------------------------------
 There are 145 ports with no output delay specified. (HIGH)

 There are 0 ports with no output delay but user has a false path constraint

 There are 0 ports with no output delay but with a timing clock defined on it or propagating through it


7. checking multiple_clock (0)
------------------------------
 There are 0 register/latch pins with multiple clocks.


8. checking generated_clocks (0)
--------------------------------
 There are 0 generated clocks that are not connected to a clock source.


9. checking loops (0)
---------------------
 There are 0 combinational loops in the design.


10. checking partial_input_delay (0)
------------------------------------
 There are 0 input ports with partial input delay specified.


11. checking partial_output_delay (0)
-------------------------------------
 There are 0 ports with partial output delay specified.


12. checking latch_loops (0)
----------------------------
 There are 0 combinational latch loops in the design through latch input



------------------------------------------------------------------------------------------------
| Design Timing Summary
| ---------------------
------------------------------------------------------------------------------------------------

    WNS(ns)      TNS(ns)  TNS Failing Endpoints  TNS Total Endpoints      WHS(ns)      THS(ns)  THS Failing Endpoints  THS Total Endpoints     WPWS(ns)     TPWS(ns)  TPWS Failing Endpoints  TPWS Total Endpoints  
    -------      -------  ---------------------  -------------------      -------      -------  ---------------------  -------------------     --------     --------  ----------------------  --------------------  
     -2.566     -821.001                    678                 5318        0.088        0.000                      0                 5318        3.750        0.000                       0                  2040  


Timing constraints are not met.


------------------------------------------------------------------------------------------------
| Clock Summary
| -------------
------------------------------------------------------------------------------------------------

Clock  Waveform(ns)       Period(ns)      Frequency(MHz)
-----  ------------       ----------      --------------
clk_i  {0.000 5.000}      10.000          100.000         


------------------------------------------------------------------------------------------------
| Intra Clock Table
| -----------------
------------------------------------------------------------------------------------------------

Clock             WNS(ns)      TNS(ns)  TNS Failing Endpoints  TNS Total Endpoints      WHS(ns)      THS(ns)  THS Failing Endpoints  THS Total Endpoints     WPWS(ns)     TPWS(ns)  TPWS Failing Endpoints  TPWS Total Endpoints  
-----             -------      -------  ---------------------  -------------------      -------      -------  ---------------------  -------------------     --------     --------  ----------------------  --------------------  
clk_i              -2.566     -821.001                    678                 5318        0.088        0.000                      0                 5318        3.750        0.000                       0                  2040  


------------------------------------------------------------------------------------------------
| Inter Clock Table
| -----------------
------------------------------------------------------------------------------------------------

From Clock    To Clock          WNS(ns)      TNS(ns)  TNS Failing Endpoints  TNS Total Endpoints      WHS(ns)      THS(ns)  THS Failing Endpoints  THS Total Endpoints  
----------    --------          -------      -------  ---------------------  -------------------      -------      -------  ---------------------  -------------------  


------------------------------------------------------------------------------------------------
| Other Path Groups Table
| -----------------------
------------------------------------------------------------------------------------------------

Path Group    From Clock    To Clock          WNS(ns)      TNS(ns)  TNS Failing Endpoints  TNS Total Endpoints      WHS(ns)      THS(ns)  THS Failing Endpoints  THS Total Endpoints  
----------    ----------    --------          -------      -------  ---------------------  -------------------      -------      -------  ---------------------  -------------------  


------------------------------------------------------------------------------------------------
| Timing Details
| --------------
------------------------------------------------------------------------------------------------


---------------------------------------------------------------------------------------------------
From Clock:  clk_i
  To Clock:  clk_i

Setup :          678  Failing Endpoints,  Worst Slack       -2.566ns,  Total Violation     -821.001ns
Hold  :            0  Failing Endpoints,  Worst Slack        0.088ns,  Total Violation        0.000ns
PW    :            0  Failing Endpoints,  Worst Slack        3.750ns,  Total Violation        0.000ns
---------------------------------------------------------------------------------------------------


Max Delay Paths
--------------------------------------------------------------------------------------
Slack (VIOLATED) :        -2.566ns  (required time - arrival time)
  Source:                 u_tcm/u_ram/ram_reg_2_3/CLKARDCLK
                            (rising edge-triggered cell RAMB36E1 clocked by clk_i  {rise@0.000ns fall@5.000ns period=10.000ns})
  Destination:            u_core/u_decode/buffer_q_reg[44]_replica/D
                            (rising edge-triggered cell FDCE clocked by clk_i  {rise@0.000ns fall@5.000ns period=10.000ns})
  Path Group:             clk_i
  Path Type:              Setup (Max at Slow Process Corner)
  Requirement:            10.000ns  (clk_i rise@10.000ns - clk_i rise@0.000ns)
  Data Path Delay:        12.370ns  (logic 4.518ns (36.525%)  route 7.852ns (63.475%))
  Logic Levels:           11  (CARRY4=2 LUT4=1 LUT5=1 LUT6=7)
  Clock Path Skew:        -0.099ns (DCD - SCD + CPR)
    Destination Clock Delay (DCD):    1.570ns = ( 11.570 - 10.000 ) 
    Source Clock Delay      (SCD):    1.784ns
    Clock Pessimism Removal (CPR):    0.115ns
  Clock Uncertainty:      0.035ns  ((TSJ^2 + TIJ^2)^1/2 + DJ) / 2 + PE
    Total System Jitter     (TSJ):    0.071ns
    Total Input Jitter      (TIJ):    0.000ns
    Discrete Jitter          (DJ):    0.000ns
    Phase Error              (PE):    0.000ns

    Location             Delay type                Incr(ns)  Path(ns)    Netlist Resource(s)
  -------------------------------------------------------------------    -------------------
                         (clock clk_i rise edge)      0.000     0.000 r  
                                                      0.000     0.000 r  clk_i (IN)
                         net (fo=2039, unset)         1.784     1.784    u_tcm/u_ram/clk_i
    RAMB36_X1Y3          RAMB36E1                                     r  u_tcm/u_ram/ram_reg_2_3/CLKARDCLK
  -------------------------------------------------------------------    -------------------
    RAMB36_X1Y3          RAMB36E1 (Prop_ramb36e1_CLKARDCLK_DOADO[1])
                                                      2.454     4.238 r  u_tcm/u_ram/ram_reg_2_3/DOADO[1]
                         net (fo=7, routed)           0.902     5.140    u_core/u_lsu/u_lsu_request/ram_read1_q[12]
    SLICE_X25Y17         LUT6 (Prop_lut6_I5_O)        0.124     5.264 r  u_core/u_lsu/u_lsu_request/result_wb_q[31]_i_11/O
                         net (fo=1, routed)           1.140     6.404    u_core/u_lsu/u_lsu_request/result_wb_q[31]_i_11_n_0
    SLICE_X26Y10         LUT6 (Prop_lut6_I4_O)        0.124     6.528 r  u_core/u_lsu/u_lsu_request/result_wb_q[31]_i_3/O
                         net (fo=36, routed)          0.982     7.510    u_core/u_lsu/u_lsu_request/result_wb_q[31]_i_3_n_0
    SLICE_X26Y10         LUT6 (Prop_lut6_I1_O)        0.124     7.634 r  u_core/u_lsu/u_lsu_request/result_wb_q[17]_i_1/O
                         net (fo=3, routed)           0.565     8.199    u_core/u_issue/u_pipe_ctrl/result_wb_q_reg[31]_1[12]
    SLICE_X21Y10         LUT6 (Prop_lut6_I2_O)        0.124     8.323 r  u_core/u_issue/u_pipe_ctrl/mem_data_wr_q[17]_i_2/O
                         net (fo=13, routed)          1.189     9.512    u_core/u_issue/u_pipe_ctrl/result_q_reg[19][1]
    SLICE_X22Y11         LUT6 (Prop_lut6_I0_O)        0.124     9.636 r  u_core/u_issue/u_pipe_ctrl/exception_e1_q[4]_i_68/O
                         net (fo=1, routed)           0.000     9.636    u_core/u_issue/u_pipe_ctrl/exception_e1_q[4]_i_68_n_0
    SLICE_X22Y11         CARRY4 (Prop_carry4_S[1]_CO[3])
                                                      0.533    10.169 r  u_core/u_issue/u_pipe_ctrl/exception_e1_q_reg[4]_i_43/CO[3]
                         net (fo=1, routed)           0.000    10.169    u_core/u_issue/u_pipe_ctrl/exception_e1_q_reg[4]_i_43_n_0
    SLICE_X22Y12         CARRY4 (Prop_carry4_CI_CO[2])
                                                      0.229    10.398 f  u_core/u_issue/u_pipe_ctrl/exception_e1_q_reg[4]_i_23/CO[2]
                         net (fo=1, routed)           0.943    11.341    u_core/u_decode/u_exec/data1_alias
    SLICE_X24Y15         LUT5 (Prop_lut5_I3_O)        0.310    11.651 f  u_core/u_decode/exception_e1_q[4]_i_7_comp_1/O
                         net (fo=8, routed)           0.572    12.223    u_core/u_decode/exception_e1_q[4]_i_7_n_0
    SLICE_X21Y16         LUT6 (Prop_lut6_I5_O)        0.124    12.347 f  u_core/u_decode/branch_q_i_4/O
                         net (fo=3, routed)           0.176    12.523    u_core/u_decode/branch_q_i_4_n_0
    SLICE_X21Y16         LUT6 (Prop_lut6_I3_O)        0.124    12.647 f  u_core/u_decode/branch_q_i_1__0/O
                         net (fo=94, routed)          0.692    13.339    u_core/u_fetch/branch_request_w
    SLICE_X16Y17         LUT4 (Prop_lut4_I3_O)        0.124    13.463 r  u_core/u_fetch/buffer_q[44]_i_1/O
                         net (fo=2, routed)           0.691    14.154    u_core/u_decode/buffer_q_reg[67]_0[42]
    SLICE_X11Y20         FDCE                                         r  u_core/u_decode/buffer_q_reg[44]_replica/D
  -------------------------------------------------------------------    -------------------

                         (clock clk_i rise edge)     10.000    10.000 r  
                                                      0.000    10.000 r  clk_i (IN)
                         net (fo=2039, unset)         1.570    11.570    u_core/u_decode/clk_i
    SLICE_X11Y20         FDCE                                         r  u_core/u_decode/buffer_q_reg[44]_replica/C
                         clock pessimism              0.115    11.685    
                         clock uncertainty           -0.035    11.650    
    SLICE_X11Y20         FDCE (Setup_fdce_C_D)       -0.061    11.589    u_core/u_decode/buffer_q_reg[44]_replica
  -------------------------------------------------------------------
                         required time                         11.589    
                         arrival time                         -14.154    
  -------------------------------------------------------------------
                         slack                                 -2.566    

Slack (VIOLATED) :        -2.522ns  (required time - arrival time)
  Source:                 u_tcm/u_ram/ram_reg_2_3/CLKARDCLK
                            (rising edge-triggered cell RAMB36E1 clocked by clk_i  {rise@0.000ns fall@5.000ns period=10.000ns})
  Destination:            u_core/u_fetch/branch_pc_q_reg[27]/D
                            (rising edge-triggered cell FDCE clocked by clk_i  {rise@0.000ns fall@5.000ns period=10.000ns})
  Path Group:             clk_i
  Path Type:              Setup (Max at Slow Process Corner)
  Requirement:            10.000ns  (clk_i rise@10.000ns - clk_i rise@0.000ns)
  Data Path Delay:        12.416ns  (logic 4.518ns (36.390%)  route 7.898ns (63.610%))
  Logic Levels:           11  (CARRY4=2 LUT5=2 LUT6=7)
  Clock Path Skew:        -0.103ns (DCD - SCD + CPR)
    Destination Clock Delay (DCD):    1.566ns = ( 11.566 - 10.000 ) 
    Source Clock Delay      (SCD):    1.784ns
    Clock Pessimism Removal (CPR):    0.115ns
  Clock Uncertainty:      0.035ns  ((TSJ^2 + TIJ^2)^1/2 + DJ) / 2 + PE
    Total System Jitter     (TSJ):    0.071ns
    Total Input Jitter      (TIJ):    0.000ns
    Discrete Jitter          (DJ):    0.000ns
    Phase Error              (PE):    0.000ns

    Location             Delay type                Incr(ns)  Path(ns)    Netlist Resource(s)
  -------------------------------------------------------------------    -------------------
                         (clock clk_i rise edge)      0.000     0.000 r  
                                                      0.000     0.000 r  clk_i (IN)
                         net (fo=2039, unset)         1.784     1.784    u_tcm/u_ram/clk_i
    RAMB36_X1Y3          RAMB36E1                                     r  u_tcm/u_ram/ram_reg_2_3/CLKARDCLK
  -------------------------------------------------------------------    -------------------
    RAMB36_X1Y3          RAMB36E1 (Prop_ramb36e1_CLKARDCLK_DOADO[1])
                                                      2.454     4.238 r  u_tcm/u_ram/ram_reg_2_3/DOADO[1]
                         net (fo=7, routed)           0.902     5.140    u_core/u_lsu/u_lsu_request/ram_read1_q[12]
    SLICE_X25Y17         LUT6 (Prop_lut6_I5_O)        0.124     5.264 r  u_core/u_lsu/u_lsu_request/result_wb_q[31]_i_11/O
                         net (fo=1, routed)           1.140     6.404    u_core/u_lsu/u_lsu_request/result_wb_q[31]_i_11_n_0
    SLICE_X26Y10         LUT6 (Prop_lut6_I4_O)        0.124     6.528 r  u_core/u_lsu/u_lsu_request/result_wb_q[31]_i_3/O
                         net (fo=36, routed)          0.982     7.510    u_core/u_lsu/u_lsu_request/result_wb_q[31]_i_3_n_0
    SLICE_X26Y10         LUT6 (Prop_lut6_I1_O)        0.124     7.634 r  u_core/u_lsu/u_lsu_request/result_wb_q[17]_i_1/O
                         net (fo=3, routed)           0.565     8.199    u_core/u_issue/u_pipe_ctrl/result_wb_q_reg[31]_1[12]
    SLICE_X21Y10         LUT6 (Prop_lut6_I2_O)        0.124     8.323 r  u_core/u_issue/u_pipe_ctrl/mem_data_wr_q[17]_i_2/O
                         net (fo=13, routed)          1.189     9.512    u_core/u_issue/u_pipe_ctrl/result_q_reg[19][1]
    SLICE_X22Y11         LUT6 (Prop_lut6_I0_O)        0.124     9.636 r  u_core/u_issue/u_pipe_ctrl/exception_e1_q[4]_i_68/O
                         net (fo=1, routed)           0.000     9.636    u_core/u_issue/u_pipe_ctrl/exception_e1_q[4]_i_68_n_0
    SLICE_X22Y11         CARRY4 (Prop_carry4_S[1]_CO[3])
                                                      0.533    10.169 r  u_core/u_issue/u_pipe_ctrl/exception_e1_q_reg[4]_i_43/CO[3]
                         net (fo=1, routed)           0.000    10.169    u_core/u_issue/u_pipe_ctrl/exception_e1_q_reg[4]_i_43_n_0
    SLICE_X22Y12         CARRY4 (Prop_carry4_CI_CO[2])
                                                      0.229    10.398 r  u_core/u_issue/u_pipe_ctrl/exception_e1_q_reg[4]_i_23/CO[2]
                         net (fo=1, routed)           0.943    11.341    u_core/u_decode/u_exec/data1_alias
    SLICE_X24Y15         LUT5 (Prop_lut5_I3_O)        0.310    11.651 r  u_core/u_decode/exception_e1_q[4]_i_7_comp_1/O
                         net (fo=8, routed)           0.649    12.300    u_core/u_decode/exception_e1_q[4]_i_7_n_0
    SLICE_X21Y18         LUT6 (Prop_lut6_I3_O)        0.124    12.424 r  u_core/u_decode/branch_pc_q[31]_i_6_comp_14/O
                         net (fo=55, routed)          0.928    13.352    u_core/u_decode/branch_pc_q[31]_i_6_n_0
    SLICE_X14Y23         LUT6 (Prop_lut6_I2_O)        0.124    13.476 r  u_core/u_decode/branch_pc_q[27]_i_2/O
                         net (fo=1, routed)           0.601    14.076    u_core/u_decode/branch_pc_q[27]_i_2_n_0
    SLICE_X19Y22         LUT5 (Prop_lut5_I2_O)        0.124    14.200 r  u_core/u_decode/branch_pc_q[27]_i_1/O
                         net (fo=1, routed)           0.000    14.200    u_core/u_fetch/D[25]
    SLICE_X19Y22         FDCE                                         r  u_core/u_fetch/branch_pc_q_reg[27]/D
  -------------------------------------------------------------------    -------------------

                         (clock clk_i rise edge)     10.000    10.000 r  
                                                      0.000    10.000 r  clk_i (IN)
                         net (fo=2039, unset)         1.566    11.566    u_core/u_fetch/clk_i
    SLICE_X19Y22         FDCE                                         r  u_core/u_fetch/branch_pc_q_reg[27]/C
                         clock pessimism              0.115    11.681    
                         clock uncertainty           -0.035    11.646    
    SLICE_X19Y22         FDCE (Setup_fdce_C_D)        0.032    11.678    u_core/u_fetch/branch_pc_q_reg[27]
  -------------------------------------------------------------------
                         required time                         11.678    
                         arrival time                         -14.200    
  -------------------------------------------------------------------
                         slack                                 -2.522    

Slack (VIOLATED) :        -2.517ns  (required time - arrival time)
  Source:                 u_tcm/u_ram/ram_reg_2_3/CLKARDCLK
                            (rising edge-triggered cell RAMB36E1 clocked by clk_i  {rise@0.000ns fall@5.000ns period=10.000ns})
  Destination:            u_core/u_fetch/branch_pc_q_reg[26]/D
                            (rising edge-triggered cell FDCE clocked by clk_i  {rise@0.000ns fall@5.000ns period=10.000ns})
  Path Group:             clk_i
  Path Type:              Setup (Max at Slow Process Corner)
  Requirement:            10.000ns  (clk_i rise@10.000ns - clk_i rise@0.000ns)
  Data Path Delay:        12.411ns  (logic 4.518ns (36.403%)  route 7.893ns (63.597%))
  Logic Levels:           11  (CARRY4=2 LUT5=2 LUT6=7)
  Clock Path Skew:        -0.099ns (DCD - SCD + CPR)
    Destination Clock Delay (DCD):    1.570ns = ( 11.570 - 10.000 ) 
    Source Clock Delay      (SCD):    1.784ns
    Clock Pessimism Removal (CPR):    0.115ns
  Clock Uncertainty:      0.035ns  ((TSJ^2 + TIJ^2)^1/2 + DJ) / 2 + PE
    Total System Jitter     (TSJ):    0.071ns
    Total Input Jitter      (TIJ):    0.000ns
    Discrete Jitter          (DJ):    0.000ns
    Phase Error              (PE):    0.000ns

    Location             Delay type                Incr(ns)  Path(ns)    Netlist Resource(s)
  -------------------------------------------------------------------    -------------------
                         (clock clk_i rise edge)      0.000     0.000 r  
                                                      0.000     0.000 r  clk_i (IN)
                         net (fo=2039, unset)         1.784     1.784    u_tcm/u_ram/clk_i
    RAMB36_X1Y3          RAMB36E1                                     r  u_tcm/u_ram/ram_reg_2_3/CLKARDCLK
  -------------------------------------------------------------------    -------------------
    RAMB36_X1Y3          RAMB36E1 (Prop_ramb36e1_CLKARDCLK_DOADO[1])
                                                      2.454     4.238 r  u_tcm/u_ram/ram_reg_2_3/DOADO[1]
                         net (fo=7, routed)           0.902     5.140    u_core/u_lsu/u_lsu_request/ram_read1_q[12]
    SLICE_X25Y17         LUT6 (Prop_lut6_I5_O)        0.124     5.264 r  u_core/u_lsu/u_lsu_request/result_wb_q[31]_i_11/O
                         net (fo=1, routed)           1.140     6.404    u_core/u_lsu/u_lsu_request/result_wb_q[31]_i_11_n_0
    SLICE_X26Y10         LUT6 (Prop_lut6_I4_O)        0.124     6.528 r  u_core/u_lsu/u_lsu_request/result_wb_q[31]_i_3/O
                         net (fo=36, routed)          0.982     7.510    u_core/u_lsu/u_lsu_request/result_wb_q[31]_i_3_n_0
    SLICE_X26Y10         LUT6 (Prop_lut6_I1_O)        0.124     7.634 r  u_core/u_lsu/u_lsu_request/result_wb_q[17]_i_1/O
                         net (fo=3, routed)           0.565     8.199    u_core/u_issue/u_pipe_ctrl/result_wb_q_reg[31]_1[12]
    SLICE_X21Y10         LUT6 (Prop_lut6_I2_O)        0.124     8.323 r  u_core/u_issue/u_pipe_ctrl/mem_data_wr_q[17]_i_2/O
                         net (fo=13, routed)          1.189     9.512    u_core/u_issue/u_pipe_ctrl/result_q_reg[19][1]
    SLICE_X22Y11         LUT6 (Prop_lut6_I0_O)        0.124     9.636 r  u_core/u_issue/u_pipe_ctrl/exception_e1_q[4]_i_68/O
                         net (fo=1, routed)           0.000     9.636    u_core/u_issue/u_pipe_ctrl/exception_e1_q[4]_i_68_n_0
    SLICE_X22Y11         CARRY4 (Prop_carry4_S[1]_CO[3])
                                                      0.533    10.169 r  u_core/u_issue/u_pipe_ctrl/exception_e1_q_reg[4]_i_43/CO[3]
                         net (fo=1, routed)           0.000    10.169    u_core/u_issue/u_pipe_ctrl/exception_e1_q_reg[4]_i_43_n_0
    SLICE_X22Y12         CARRY4 (Prop_carry4_CI_CO[2])
                                                      0.229    10.398 r  u_core/u_issue/u_pipe_ctrl/exception_e1_q_reg[4]_i_23/CO[2]
                         net (fo=1, routed)           0.943    11.341    u_core/u_decode/u_exec/data1_alias
    SLICE_X24Y15         LUT5 (Prop_lut5_I3_O)        0.310    11.651 r  u_core/u_decode/exception_e1_q[4]_i_7_comp_1/O
                         net (fo=8, routed)           0.649    12.300    u_core/u_decode/exception_e1_q[4]_i_7_n_0
    SLICE_X21Y18         LUT6 (Prop_lut6_I3_O)        0.124    12.424 r  u_core/u_decode/branch_pc_q[31]_i_6_comp_14/O
                         net (fo=55, routed)          0.841    13.265    u_core/u_decode/branch_pc_q[31]_i_6_n_0
    SLICE_X13Y20         LUT6 (Prop_lut6_I2_O)        0.124    13.389 r  u_core/u_decode/branch_pc_q[26]_i_2/O
                         net (fo=1, routed)           0.683    14.072    u_core/u_decode/branch_pc_q[26]_i_2_n_0
    SLICE_X13Y18         LUT5 (Prop_lut5_I2_O)        0.124    14.196 r  u_core/u_decode/branch_pc_q[26]_i_1/O
                         net (fo=1, routed)           0.000    14.196    u_core/u_fetch/D[24]
    SLICE_X13Y18         FDCE                                         r  u_core/u_fetch/branch_pc_q_reg[26]/D
  -------------------------------------------------------------------    -------------------

                         (clock clk_i rise edge)     10.000    10.000 r  
                                                      0.000    10.000 r  clk_i (IN)
                         net (fo=2039, unset)         1.570    11.570    u_core/u_fetch/clk_i
    SLICE_X13Y18         FDCE                                         r  u_core/u_fetch/branch_pc_q_reg[26]/C
                         clock pessimism              0.115    11.685    
                         clock uncertainty           -0.035    11.650    
    SLICE_X13Y18         FDCE (Setup_fdce_C_D)        0.029    11.679    u_core/u_fetch/branch_pc_q_reg[26]
  -------------------------------------------------------------------
                         required time                         11.679    
                         arrival time                         -14.196    
  -------------------------------------------------------------------
                         slack                                 -2.517    

Slack (VIOLATED) :        -2.494ns  (required time - arrival time)
  Source:                 u_tcm/u_ram/ram_reg_2_3/CLKARDCLK
                            (rising edge-triggered cell RAMB36E1 clocked by clk_i  {rise@0.000ns fall@5.000ns period=10.000ns})
  Destination:            u_core/u_decode/buffer_q_reg[54]_replica/D
                            (rising edge-triggered cell FDCE clocked by clk_i  {rise@0.000ns fall@5.000ns period=10.000ns})
  Path Group:             clk_i
  Path Type:              Setup (Max at Slow Process Corner)
  Requirement:            10.000ns  (clk_i rise@10.000ns - clk_i rise@0.000ns)
  Data Path Delay:        12.334ns  (logic 4.518ns (36.632%)  route 7.816ns (63.368%))
  Logic Levels:           11  (CARRY4=2 LUT4=1 LUT5=1 LUT6=7)
  Clock Path Skew:        -0.097ns (DCD - SCD + CPR)
    Destination Clock Delay (DCD):    1.572ns = ( 11.572 - 10.000 ) 
    Source Clock Delay      (SCD):    1.784ns
    Clock Pessimism Removal (CPR):    0.115ns
  Clock Uncertainty:      0.035ns  ((TSJ^2 + TIJ^2)^1/2 + DJ) / 2 + PE
    Total System Jitter     (TSJ):    0.071ns
    Total Input Jitter      (TIJ):    0.000ns
    Discrete Jitter          (DJ):    0.000ns
    Phase Error              (PE):    0.000ns

    Location             Delay type                Incr(ns)  Path(ns)    Netlist Resource(s)
  -------------------------------------------------------------------    -------------------
                         (clock clk_i rise edge)      0.000     0.000 r  
                                                      0.000     0.000 r  clk_i (IN)
                         net (fo=2039, unset)         1.784     1.784    u_tcm/u_ram/clk_i
    RAMB36_X1Y3          RAMB36E1                                     r  u_tcm/u_ram/ram_reg_2_3/CLKARDCLK
  -------------------------------------------------------------------    -------------------
    RAMB36_X1Y3          RAMB36E1 (Prop_ramb36e1_CLKARDCLK_DOADO[1])
                                                      2.454     4.238 r  u_tcm/u_ram/ram_reg_2_3/DOADO[1]
                         net (fo=7, routed)           0.902     5.140    u_core/u_lsu/u_lsu_request/ram_read1_q[12]
    SLICE_X25Y17         LUT6 (Prop_lut6_I5_O)        0.124     5.264 r  u_core/u_lsu/u_lsu_request/result_wb_q[31]_i_11/O
                         net (fo=1, routed)           1.140     6.404    u_core/u_lsu/u_lsu_request/result_wb_q[31]_i_11_n_0
    SLICE_X26Y10         LUT6 (Prop_lut6_I4_O)        0.124     6.528 r  u_core/u_lsu/u_lsu_request/result_wb_q[31]_i_3/O
                         net (fo=36, routed)          0.982     7.510    u_core/u_lsu/u_lsu_request/result_wb_q[31]_i_3_n_0
    SLICE_X26Y10         LUT6 (Prop_lut6_I1_O)        0.124     7.634 r  u_core/u_lsu/u_lsu_request/result_wb_q[17]_i_1/O
                         net (fo=3, routed)           0.565     8.199    u_core/u_issue/u_pipe_ctrl/result_wb_q_reg[31]_1[12]
    SLICE_X21Y10         LUT6 (Prop_lut6_I2_O)        0.124     8.323 r  u_core/u_issue/u_pipe_ctrl/mem_data_wr_q[17]_i_2/O
                         net (fo=13, routed)          1.189     9.512    u_core/u_issue/u_pipe_ctrl/result_q_reg[19][1]
    SLICE_X22Y11         LUT6 (Prop_lut6_I0_O)        0.124     9.636 r  u_core/u_issue/u_pipe_ctrl/exception_e1_q[4]_i_68/O
                         net (fo=1, routed)           0.000     9.636    u_core/u_issue/u_pipe_ctrl/exception_e1_q[4]_i_68_n_0
    SLICE_X22Y11         CARRY4 (Prop_carry4_S[1]_CO[3])
                                                      0.533    10.169 r  u_core/u_issue/u_pipe_ctrl/exception_e1_q_reg[4]_i_43/CO[3]
                         net (fo=1, routed)           0.000    10.169    u_core/u_issue/u_pipe_ctrl/exception_e1_q_reg[4]_i_43_n_0
    SLICE_X22Y12         CARRY4 (Prop_carry4_CI_CO[2])
                                                      0.229    10.398 f  u_core/u_issue/u_pipe_ctrl/exception_e1_q_reg[4]_i_23/CO[2]
                         net (fo=1, routed)           0.943    11.341    u_core/u_decode/u_exec/data1_alias
    SLICE_X24Y15         LUT5 (Prop_lut5_I3_O)        0.310    11.651 f  u_core/u_decode/exception_e1_q[4]_i_7_comp_1/O
                         net (fo=8, routed)           0.572    12.223    u_core/u_decode/exception_e1_q[4]_i_7_n_0
    SLICE_X21Y16         LUT6 (Prop_lut6_I5_O)        0.124    12.347 f  u_core/u_decode/branch_q_i_4/O
                         net (fo=3, routed)           0.176    12.523    u_core/u_decode/branch_q_i_4_n_0
    SLICE_X21Y16         LUT6 (Prop_lut6_I3_O)        0.124    12.647 f  u_core/u_decode/branch_q_i_1__0/O
                         net (fo=94, routed)          0.829    13.477    u_core/u_fetch/branch_request_w
    SLICE_X12Y17         LUT4 (Prop_lut4_I3_O)        0.124    13.601 r  u_core/u_fetch/buffer_q[54]_i_1/O
                         net (fo=2, routed)           0.517    14.118    u_core/u_decode/buffer_q_reg[67]_0[52]
    SLICE_X8Y17          FDCE                                         r  u_core/u_decode/buffer_q_reg[54]_replica/D
  -------------------------------------------------------------------    -------------------

                         (clock clk_i rise edge)     10.000    10.000 r  
                                                      0.000    10.000 r  clk_i (IN)
                         net (fo=2039, unset)         1.572    11.572    u_core/u_decode/clk_i
    SLICE_X8Y17          FDCE                                         r  u_core/u_decode/buffer_q_reg[54]_replica/C
                         clock pessimism              0.115    11.687    
                         clock uncertainty           -0.035    11.652    
    SLICE_X8Y17          FDCE (Setup_fdce_C_D)       -0.028    11.624    u_core/u_decode/buffer_q_reg[54]_replica
  -------------------------------------------------------------------
                         required time                         11.624    
                         arrival time                         -14.118    
  -------------------------------------------------------------------
                         slack                                 -2.494    

Slack (VIOLATED) :        -2.494ns  (required time - arrival time)
  Source:                 u_tcm/u_ram/ram_reg_2_3/CLKARDCLK
                            (rising edge-triggered cell RAMB36E1 clocked by clk_i  {rise@0.000ns fall@5.000ns period=10.000ns})
  Destination:            u_core/u_fetch/branch_pc_q_reg[9]/D
                            (rising edge-triggered cell FDCE clocked by clk_i  {rise@0.000ns fall@5.000ns period=10.000ns})
  Path Group:             clk_i
  Path Type:              Setup (Max at Slow Process Corner)
  Requirement:            10.000ns  (clk_i rise@10.000ns - clk_i rise@0.000ns)
  Data Path Delay:        12.434ns  (logic 4.518ns (36.337%)  route 7.916ns (63.663%))
  Logic Levels:           11  (CARRY4=2 LUT5=2 LUT6=7)
  Clock Path Skew:        -0.101ns (DCD - SCD + CPR)
    Destination Clock Delay (DCD):    1.568ns = ( 11.568 - 10.000 ) 
    Source Clock Delay      (SCD):    1.784ns
    Clock Pessimism Removal (CPR):    0.115ns
  Clock Uncertainty:      0.035ns  ((TSJ^2 + TIJ^2)^1/2 + DJ) / 2 + PE
    Total System Jitter     (TSJ):    0.071ns
    Total Input Jitter      (TIJ):    0.000ns
    Discrete Jitter          (DJ):    0.000ns
    Phase Error              (PE):    0.000ns

    Location             Delay type                Incr(ns)  Path(ns)    Netlist Resource(s)
  -------------------------------------------------------------------    -------------------
                         (clock clk_i rise edge)      0.000     0.000 r  
                                                      0.000     0.000 r  clk_i (IN)
                         net (fo=2039, unset)         1.784     1.784    u_tcm/u_ram/clk_i
    RAMB36_X1Y3          RAMB36E1                                     r  u_tcm/u_ram/ram_reg_2_3/CLKARDCLK
  -------------------------------------------------------------------    -------------------
    RAMB36_X1Y3          RAMB36E1 (Prop_ramb36e1_CLKARDCLK_DOADO[1])
                                                      2.454     4.238 r  u_tcm/u_ram/ram_reg_2_3/DOADO[1]
                         net (fo=7, routed)           0.902     5.140    u_core/u_lsu/u_lsu_request/ram_read1_q[12]
    SLICE_X25Y17         LUT6 (Prop_lut6_I5_O)        0.124     5.264 r  u_core/u_lsu/u_lsu_request/result_wb_q[31]_i_11/O
                         net (fo=1, routed)           1.140     6.404    u_core/u_lsu/u_lsu_request/result_wb_q[31]_i_11_n_0
    SLICE_X26Y10         LUT6 (Prop_lut6_I4_O)        0.124     6.528 r  u_core/u_lsu/u_lsu_request/result_wb_q[31]_i_3/O
                         net (fo=36, routed)          0.982     7.510    u_core/u_lsu/u_lsu_request/result_wb_q[31]_i_3_n_0
    SLICE_X26Y10         LUT6 (Prop_lut6_I1_O)        0.124     7.634 r  u_core/u_lsu/u_lsu_request/result_wb_q[17]_i_1/O
                         net (fo=3, routed)           0.565     8.199    u_core/u_issue/u_pipe_ctrl/result_wb_q_reg[31]_1[12]
    SLICE_X21Y10         LUT6 (Prop_lut6_I2_O)        0.124     8.323 r  u_core/u_issue/u_pipe_ctrl/mem_data_wr_q[17]_i_2/O
                         net (fo=13, routed)          1.189     9.512    u_core/u_issue/u_pipe_ctrl/result_q_reg[19][1]
    SLICE_X22Y11         LUT6 (Prop_lut6_I0_O)        0.124     9.636 r  u_core/u_issue/u_pipe_ctrl/exception_e1_q[4]_i_68/O
                         net (fo=1, routed)           0.000     9.636    u_core/u_issue/u_pipe_ctrl/exception_e1_q[4]_i_68_n_0
    SLICE_X22Y11         CARRY4 (Prop_carry4_S[1]_CO[3])
                                                      0.533    10.169 r  u_core/u_issue/u_pipe_ctrl/exception_e1_q_reg[4]_i_43/CO[3]
                         net (fo=1, routed)           0.000    10.169    u_core/u_issue/u_pipe_ctrl/exception_e1_q_reg[4]_i_43_n_0
    SLICE_X22Y12         CARRY4 (Prop_carry4_CI_CO[2])
                                                      0.229    10.398 r  u_core/u_issue/u_pipe_ctrl/exception_e1_q_reg[4]_i_23/CO[2]
                         net (fo=1, routed)           0.943    11.341    u_core/u_decode/u_exec/data1_alias
    SLICE_X24Y15         LUT5 (Prop_lut5_I3_O)        0.310    11.651 r  u_core/u_decode/exception_e1_q[4]_i_7_comp_1/O
                         net (fo=8, routed)           0.649    12.300    u_core/u_decode/exception_e1_q[4]_i_7_n_0
    SLICE_X21Y18         LUT6 (Prop_lut6_I3_O)        0.124    12.424 r  u_core/u_decode/branch_pc_q[31]_i_6_comp_14/O
                         net (fo=55, routed)          0.790    13.214    u_core/u_decode/branch_pc_q[31]_i_6_n_0
    SLICE_X18Y24         LUT6 (Prop_lut6_I2_O)        0.124    13.338 r  u_core/u_decode/branch_pc_q[9]_i_2/O
                         net (fo=1, routed)           0.756    14.094    u_core/u_decode/branch_pc_q[9]_i_2_n_0
    SLICE_X20Y20         LUT5 (Prop_lut5_I2_O)        0.124    14.218 r  u_core/u_decode/branch_pc_q[9]_i_1/O
                         net (fo=1, routed)           0.000    14.218    u_core/u_fetch/D[7]
    SLICE_X20Y20         FDCE                                         r  u_core/u_fetch/branch_pc_q_reg[9]/D
  -------------------------------------------------------------------    -------------------

                         (clock clk_i rise edge)     10.000    10.000 r  
                                                      0.000    10.000 r  clk_i (IN)
                         net (fo=2039, unset)         1.568    11.568    u_core/u_fetch/clk_i
    SLICE_X20Y20         FDCE                                         r  u_core/u_fetch/branch_pc_q_reg[9]/C
                         clock pessimism              0.115    11.683    
                         clock uncertainty           -0.035    11.648    
    SLICE_X20Y20         FDCE (Setup_fdce_C_D)        0.077    11.725    u_core/u_fetch/branch_pc_q_reg[9]
  -------------------------------------------------------------------
                         required time                         11.725    
                         arrival time                         -14.218    
  -------------------------------------------------------------------
                         slack                                 -2.494    

Slack (VIOLATED) :        -2.479ns  (required time - arrival time)
  Source:                 u_tcm/u_ram/ram_reg_2_3/CLKARDCLK
                            (rising edge-triggered cell RAMB36E1 clocked by clk_i  {rise@0.000ns fall@5.000ns period=10.000ns})
  Destination:            u_core/u_decode/buffer_q_reg[62]_replica/D
                            (rising edge-triggered cell FDCE clocked by clk_i  {rise@0.000ns fall@5.000ns period=10.000ns})
  Path Group:             clk_i
  Path Type:              Setup (Max at Slow Process Corner)
  Requirement:            10.000ns  (clk_i rise@10.000ns - clk_i rise@0.000ns)
  Data Path Delay:        12.285ns  (logic 4.518ns (36.777%)  route 7.767ns (63.223%))
  Logic Levels:           11  (CARRY4=2 LUT4=1 LUT5=1 LUT6=7)
  Clock Path Skew:        -0.100ns (DCD - SCD + CPR)
    Destination Clock Delay (DCD):    1.569ns = ( 11.569 - 10.000 ) 
    Source Clock Delay      (SCD):    1.784ns
    Clock Pessimism Removal (CPR):    0.115ns
  Clock Uncertainty:      0.035ns  ((TSJ^2 + TIJ^2)^1/2 + DJ) / 2 + PE
    Total System Jitter     (TSJ):    0.071ns
    Total Input Jitter      (TIJ):    0.000ns
    Discrete Jitter          (DJ):    0.000ns
    Phase Error              (PE):    0.000ns

    Location             Delay type                Incr(ns)  Path(ns)    Netlist Resource(s)
  -------------------------------------------------------------------    -------------------
                         (clock clk_i rise edge)      0.000     0.000 r  
                                                      0.000     0.000 r  clk_i (IN)
                         net (fo=2039, unset)         1.784     1.784    u_tcm/u_ram/clk_i
    RAMB36_X1Y3          RAMB36E1                                     r  u_tcm/u_ram/ram_reg_2_3/CLKARDCLK
  -------------------------------------------------------------------    -------------------
    RAMB36_X1Y3          RAMB36E1 (Prop_ramb36e1_CLKARDCLK_DOADO[1])
                                                      2.454     4.238 r  u_tcm/u_ram/ram_reg_2_3/DOADO[1]
                         net (fo=7, routed)           0.902     5.140    u_core/u_lsu/u_lsu_request/ram_read1_q[12]
    SLICE_X25Y17         LUT6 (Prop_lut6_I5_O)        0.124     5.264 r  u_core/u_lsu/u_lsu_request/result_wb_q[31]_i_11/O
                         net (fo=1, routed)           1.140     6.404    u_core/u_lsu/u_lsu_request/result_wb_q[31]_i_11_n_0
    SLICE_X26Y10         LUT6 (Prop_lut6_I4_O)        0.124     6.528 r  u_core/u_lsu/u_lsu_request/result_wb_q[31]_i_3/O
                         net (fo=36, routed)          0.982     7.510    u_core/u_lsu/u_lsu_request/result_wb_q[31]_i_3_n_0
    SLICE_X26Y10         LUT6 (Prop_lut6_I1_O)        0.124     7.634 r  u_core/u_lsu/u_lsu_request/result_wb_q[17]_i_1/O
                         net (fo=3, routed)           0.565     8.199    u_core/u_issue/u_pipe_ctrl/result_wb_q_reg[31]_1[12]
    SLICE_X21Y10         LUT6 (Prop_lut6_I2_O)        0.124     8.323 r  u_core/u_issue/u_pipe_ctrl/mem_data_wr_q[17]_i_2/O
                         net (fo=13, routed)          1.189     9.512    u_core/u_issue/u_pipe_ctrl/result_q_reg[19][1]
    SLICE_X22Y11         LUT6 (Prop_lut6_I0_O)        0.124     9.636 r  u_core/u_issue/u_pipe_ctrl/exception_e1_q[4]_i_68/O
                         net (fo=1, routed)           0.000     9.636    u_core/u_issue/u_pipe_ctrl/exception_e1_q[4]_i_68_n_0
    SLICE_X22Y11         CARRY4 (Prop_carry4_S[1]_CO[3])
                                                      0.533    10.169 r  u_core/u_issue/u_pipe_ctrl/exception_e1_q_reg[4]_i_43/CO[3]
                         net (fo=1, routed)           0.000    10.169    u_core/u_issue/u_pipe_ctrl/exception_e1_q_reg[4]_i_43_n_0
    SLICE_X22Y12         CARRY4 (Prop_carry4_CI_CO[2])
                                                      0.229    10.398 f  u_core/u_issue/u_pipe_ctrl/exception_e1_q_reg[4]_i_23/CO[2]
                         net (fo=1, routed)           0.943    11.341    u_core/u_decode/u_exec/data1_alias
    SLICE_X24Y15         LUT5 (Prop_lut5_I3_O)        0.310    11.651 f  u_core/u_decode/exception_e1_q[4]_i_7_comp_1/O
                         net (fo=8, routed)           0.572    12.223    u_core/u_decode/exception_e1_q[4]_i_7_n_0
    SLICE_X21Y16         LUT6 (Prop_lut6_I5_O)        0.124    12.347 f  u_core/u_decode/branch_q_i_4/O
                         net (fo=3, routed)           0.176    12.523    u_core/u_decode/branch_q_i_4_n_0
    SLICE_X21Y16         LUT6 (Prop_lut6_I3_O)        0.124    12.647 f  u_core/u_decode/branch_q_i_1__0/O
                         net (fo=94, routed)          0.674    13.321    u_core/u_fetch/branch_request_w
    SLICE_X18Y18         LUT4 (Prop_lut4_I3_O)        0.124    13.445 r  u_core/u_fetch/buffer_q[62]_i_1/O
                         net (fo=3, routed)           0.625    14.069    u_core/u_decode/buffer_q_reg[67]_0[60]
    SLICE_X17Y19         FDCE                                         r  u_core/u_decode/buffer_q_reg[62]_replica/D
  -------------------------------------------------------------------    -------------------

                         (clock clk_i rise edge)     10.000    10.000 r  
                                                      0.000    10.000 r  clk_i (IN)
                         net (fo=2039, unset)         1.569    11.569    u_core/u_decode/clk_i
    SLICE_X17Y19         FDCE                                         r  u_core/u_decode/buffer_q_reg[62]_replica/C
                         clock pessimism              0.115    11.684    
                         clock uncertainty           -0.035    11.649    
    SLICE_X17Y19         FDCE (Setup_fdce_C_D)       -0.058    11.591    u_core/u_decode/buffer_q_reg[62]_replica
  -------------------------------------------------------------------
                         required time                         11.591    
                         arrival time                         -14.069    
  -------------------------------------------------------------------
                         slack                                 -2.479    

Slack (VIOLATED) :        -2.476ns  (required time - arrival time)
  Source:                 u_tcm/u_ram/ram_reg_2_3/CLKARDCLK
                            (rising edge-triggered cell RAMB36E1 clocked by clk_i  {rise@0.000ns fall@5.000ns period=10.000ns})
  Destination:            u_core/u_fetch/branch_pc_q_reg[22]/D
                            (rising edge-triggered cell FDCE clocked by clk_i  {rise@0.000ns fall@5.000ns period=10.000ns})
  Path Group:             clk_i
  Path Type:              Setup (Max at Slow Process Corner)
  Requirement:            10.000ns  (clk_i rise@10.000ns - clk_i rise@0.000ns)
  Data Path Delay:        12.417ns  (logic 4.518ns (36.387%)  route 7.899ns (63.613%))
  Logic Levels:           11  (CARRY4=2 LUT5=2 LUT6=7)
  Clock Path Skew:        -0.104ns (DCD - SCD + CPR)
    Destination Clock Delay (DCD):    1.565ns = ( 11.565 - 10.000 ) 
    Source Clock Delay      (SCD):    1.784ns
    Clock Pessimism Removal (CPR):    0.115ns
  Clock Uncertainty:      0.035ns  ((TSJ^2 + TIJ^2)^1/2 + DJ) / 2 + PE
    Total System Jitter     (TSJ):    0.071ns
    Total Input Jitter      (TIJ):    0.000ns
    Discrete Jitter          (DJ):    0.000ns
    Phase Error              (PE):    0.000ns

    Location             Delay type                Incr(ns)  Path(ns)    Netlist Resource(s)
  -------------------------------------------------------------------    -------------------
                         (clock clk_i rise edge)      0.000     0.000 r  
                                                      0.000     0.000 r  clk_i (IN)
                         net (fo=2039, unset)         1.784     1.784    u_tcm/u_ram/clk_i
    RAMB36_X1Y3          RAMB36E1                                     r  u_tcm/u_ram/ram_reg_2_3/CLKARDCLK
  -------------------------------------------------------------------    -------------------
    RAMB36_X1Y3          RAMB36E1 (Prop_ramb36e1_CLKARDCLK_DOADO[1])
                                                      2.454     4.238 r  u_tcm/u_ram/ram_reg_2_3/DOADO[1]
                         net (fo=7, routed)           0.902     5.140    u_core/u_lsu/u_lsu_request/ram_read1_q[12]
    SLICE_X25Y17         LUT6 (Prop_lut6_I5_O)        0.124     5.264 r  u_core/u_lsu/u_lsu_request/result_wb_q[31]_i_11/O
                         net (fo=1, routed)           1.140     6.404    u_core/u_lsu/u_lsu_request/result_wb_q[31]_i_11_n_0
    SLICE_X26Y10         LUT6 (Prop_lut6_I4_O)        0.124     6.528 r  u_core/u_lsu/u_lsu_request/result_wb_q[31]_i_3/O
                         net (fo=36, routed)          0.982     7.510    u_core/u_lsu/u_lsu_request/result_wb_q[31]_i_3_n_0
    SLICE_X26Y10         LUT6 (Prop_lut6_I1_O)        0.124     7.634 r  u_core/u_lsu/u_lsu_request/result_wb_q[17]_i_1/O
                         net (fo=3, routed)           0.565     8.199    u_core/u_issue/u_pipe_ctrl/result_wb_q_reg[31]_1[12]
    SLICE_X21Y10         LUT6 (Prop_lut6_I2_O)        0.124     8.323 r  u_core/u_issue/u_pipe_ctrl/mem_data_wr_q[17]_i_2/O
                         net (fo=13, routed)          1.189     9.512    u_core/u_issue/u_pipe_ctrl/result_q_reg[19][1]
    SLICE_X22Y11         LUT6 (Prop_lut6_I0_O)        0.124     9.636 r  u_core/u_issue/u_pipe_ctrl/exception_e1_q[4]_i_68/O
                         net (fo=1, routed)           0.000     9.636    u_core/u_issue/u_pipe_ctrl/exception_e1_q[4]_i_68_n_0
    SLICE_X22Y11         CARRY4 (Prop_carry4_S[1]_CO[3])
                                                      0.533    10.169 r  u_core/u_issue/u_pipe_ctrl/exception_e1_q_reg[4]_i_43/CO[3]
                         net (fo=1, routed)           0.000    10.169    u_core/u_issue/u_pipe_ctrl/exception_e1_q_reg[4]_i_43_n_0
    SLICE_X22Y12         CARRY4 (Prop_carry4_CI_CO[2])
                                                      0.229    10.398 r  u_core/u_issue/u_pipe_ctrl/exception_e1_q_reg[4]_i_23/CO[2]
                         net (fo=1, routed)           0.943    11.341    u_core/u_decode/u_exec/data1_alias
    SLICE_X24Y15         LUT5 (Prop_lut5_I3_O)        0.310    11.651 r  u_core/u_decode/exception_e1_q[4]_i_7_comp_1/O
                         net (fo=8, routed)           0.649    12.300    u_core/u_decode/exception_e1_q[4]_i_7_n_0
    SLICE_X21Y18         LUT6 (Prop_lut6_I3_O)        0.124    12.424 r  u_core/u_decode/branch_pc_q[31]_i_6_comp_14/O
                         net (fo=55, routed)          0.796    13.220    u_core/u_decode/branch_pc_q[31]_i_6_n_0
    SLICE_X18Y24         LUT6 (Prop_lut6_I3_O)        0.124    13.344 r  u_core/u_decode/branch_pc_q[22]_i_3/O
                         net (fo=1, routed)           0.733    14.077    u_core/u_decode/branch_pc_q[22]_i_3_n_0
    SLICE_X18Y23         LUT5 (Prop_lut5_I3_O)        0.124    14.201 r  u_core/u_decode/branch_pc_q[22]_i_1/O
                         net (fo=1, routed)           0.000    14.201    u_core/u_fetch/D[20]
    SLICE_X18Y23         FDCE                                         r  u_core/u_fetch/branch_pc_q_reg[22]/D
  -------------------------------------------------------------------    -------------------

                         (clock clk_i rise edge)     10.000    10.000 r  
                                                      0.000    10.000 r  clk_i (IN)
                         net (fo=2039, unset)         1.565    11.565    u_core/u_fetch/clk_i
    SLICE_X18Y23         FDCE                                         r  u_core/u_fetch/branch_pc_q_reg[22]/C
                         clock pessimism              0.115    11.680    
                         clock uncertainty           -0.035    11.645    
    SLICE_X18Y23         FDCE (Setup_fdce_C_D)        0.081    11.726    u_core/u_fetch/branch_pc_q_reg[22]
  -------------------------------------------------------------------
                         required time                         11.726    
                         arrival time                         -14.201    
  -------------------------------------------------------------------
                         slack                                 -2.476    

Slack (VIOLATED) :        -2.469ns  (required time - arrival time)
  Source:                 u_tcm/u_ram/ram_reg_2_3/CLKARDCLK
                            (rising edge-triggered cell RAMB36E1 clocked by clk_i  {rise@0.000ns fall@5.000ns period=10.000ns})
  Destination:            u_core/u_decode/buffer_q_reg[56]/D
                            (rising edge-triggered cell FDCE clocked by clk_i  {rise@0.000ns fall@5.000ns period=10.000ns})
  Path Group:             clk_i
  Path Type:              Setup (Max at Slow Process Corner)
  Requirement:            10.000ns  (clk_i rise@10.000ns - clk_i rise@0.000ns)
  Data Path Delay:        12.290ns  (logic 4.518ns (36.761%)  route 7.772ns (63.239%))
  Logic Levels:           11  (CARRY4=2 LUT4=1 LUT5=1 LUT6=7)
  Clock Path Skew:        -0.100ns (DCD - SCD + CPR)
    Destination Clock Delay (DCD):    1.569ns = ( 11.569 - 10.000 ) 
    Source Clock Delay      (SCD):    1.784ns
    Clock Pessimism Removal (CPR):    0.115ns
  Clock Uncertainty:      0.035ns  ((TSJ^2 + TIJ^2)^1/2 + DJ) / 2 + PE
    Total System Jitter     (TSJ):    0.071ns
    Total Input Jitter      (TIJ):    0.000ns
    Discrete Jitter          (DJ):    0.000ns
    Phase Error              (PE):    0.000ns

    Location             Delay type                Incr(ns)  Path(ns)    Netlist Resource(s)
  -------------------------------------------------------------------    -------------------
                         (clock clk_i rise edge)      0.000     0.000 r  
                                                      0.000     0.000 r  clk_i (IN)
                         net (fo=2039, unset)         1.784     1.784    u_tcm/u_ram/clk_i
    RAMB36_X1Y3          RAMB36E1                                     r  u_tcm/u_ram/ram_reg_2_3/CLKARDCLK
  -------------------------------------------------------------------    -------------------
    RAMB36_X1Y3          RAMB36E1 (Prop_ramb36e1_CLKARDCLK_DOADO[1])
                                                      2.454     4.238 r  u_tcm/u_ram/ram_reg_2_3/DOADO[1]
                         net (fo=7, routed)           0.902     5.140    u_core/u_lsu/u_lsu_request/ram_read1_q[12]
    SLICE_X25Y17         LUT6 (Prop_lut6_I5_O)        0.124     5.264 r  u_core/u_lsu/u_lsu_request/result_wb_q[31]_i_11/O
                         net (fo=1, routed)           1.140     6.404    u_core/u_lsu/u_lsu_request/result_wb_q[31]_i_11_n_0
    SLICE_X26Y10         LUT6 (Prop_lut6_I4_O)        0.124     6.528 r  u_core/u_lsu/u_lsu_request/result_wb_q[31]_i_3/O
                         net (fo=36, routed)          0.982     7.510    u_core/u_lsu/u_lsu_request/result_wb_q[31]_i_3_n_0
    SLICE_X26Y10         LUT6 (Prop_lut6_I1_O)        0.124     7.634 r  u_core/u_lsu/u_lsu_request/result_wb_q[17]_i_1/O
                         net (fo=3, routed)           0.565     8.199    u_core/u_issue/u_pipe_ctrl/result_wb_q_reg[31]_1[12]
    SLICE_X21Y10         LUT6 (Prop_lut6_I2_O)        0.124     8.323 r  u_core/u_issue/u_pipe_ctrl/mem_data_wr_q[17]_i_2/O
                         net (fo=13, routed)          1.189     9.512    u_core/u_issue/u_pipe_ctrl/result_q_reg[19][1]
    SLICE_X22Y11         LUT6 (Prop_lut6_I0_O)        0.124     9.636 r  u_core/u_issue/u_pipe_ctrl/exception_e1_q[4]_i_68/O
                         net (fo=1, routed)           0.000     9.636    u_core/u_issue/u_pipe_ctrl/exception_e1_q[4]_i_68_n_0
    SLICE_X22Y11         CARRY4 (Prop_carry4_S[1]_CO[3])
                                                      0.533    10.169 r  u_core/u_issue/u_pipe_ctrl/exception_e1_q_reg[4]_i_43/CO[3]
                         net (fo=1, routed)           0.000    10.169    u_core/u_issue/u_pipe_ctrl/exception_e1_q_reg[4]_i_43_n_0
    SLICE_X22Y12         CARRY4 (Prop_carry4_CI_CO[2])
                                                      0.229    10.398 f  u_core/u_issue/u_pipe_ctrl/exception_e1_q_reg[4]_i_23/CO[2]
                         net (fo=1, routed)           0.943    11.341    u_core/u_decode/u_exec/data1_alias
    SLICE_X24Y15         LUT5 (Prop_lut5_I3_O)        0.310    11.651 f  u_core/u_decode/exception_e1_q[4]_i_7_comp_1/O
                         net (fo=8, routed)           0.572    12.223    u_core/u_decode/exception_e1_q[4]_i_7_n_0
    SLICE_X21Y16         LUT6 (Prop_lut6_I5_O)        0.124    12.347 f  u_core/u_decode/branch_q_i_4/O
                         net (fo=3, routed)           0.176    12.523    u_core/u_decode/branch_q_i_4_n_0
    SLICE_X21Y16         LUT6 (Prop_lut6_I3_O)        0.124    12.647 f  u_core/u_decode/branch_q_i_1__0/O
                         net (fo=94, routed)          0.823    13.470    u_core/u_fetch/branch_request_w
    SLICE_X13Y22         LUT4 (Prop_lut4_I3_O)        0.124    13.594 r  u_core/u_fetch/buffer_q[56]_i_1/O
                         net (fo=1, routed)           0.481    14.075    u_core/u_decode/buffer_q_reg[67]_0[54]
    SLICE_X13Y19         FDCE                                         r  u_core/u_decode/buffer_q_reg[56]/D
  -------------------------------------------------------------------    -------------------

                         (clock clk_i rise edge)     10.000    10.000 r  
                                                      0.000    10.000 r  clk_i (IN)
                         net (fo=2039, unset)         1.569    11.569    u_core/u_decode/clk_i
    SLICE_X13Y19         FDCE                                         r  u_core/u_decode/buffer_q_reg[56]/C
                         clock pessimism              0.115    11.684    
                         clock uncertainty           -0.035    11.649    
    SLICE_X13Y19         FDCE (Setup_fdce_C_D)       -0.043    11.606    u_core/u_decode/buffer_q_reg[56]
  -------------------------------------------------------------------
                         required time                         11.606    
                         arrival time                         -14.075    
  -------------------------------------------------------------------
                         slack                                 -2.469    

Slack (VIOLATED) :        -2.464ns  (required time - arrival time)
  Source:                 u_tcm/u_ram/ram_reg_2_3/CLKARDCLK
                            (rising edge-triggered cell RAMB36E1 clocked by clk_i  {rise@0.000ns fall@5.000ns period=10.000ns})
  Destination:            u_core/u_fetch/branch_pc_q_reg[15]/D
                            (rising edge-triggered cell FDCE clocked by clk_i  {rise@0.000ns fall@5.000ns period=10.000ns})
  Path Group:             clk_i
  Path Type:              Setup (Max at Slow Process Corner)
  Requirement:            10.000ns  (clk_i rise@10.000ns - clk_i rise@0.000ns)
  Data Path Delay:        12.355ns  (logic 4.518ns (36.567%)  route 7.837ns (63.433%))
  Logic Levels:           11  (CARRY4=2 LUT5=2 LUT6=7)
  Clock Path Skew:        -0.104ns (DCD - SCD + CPR)
    Destination Clock Delay (DCD):    1.565ns = ( 11.565 - 10.000 ) 
    Source Clock Delay      (SCD):    1.784ns
    Clock Pessimism Removal (CPR):    0.115ns
  Clock Uncertainty:      0.035ns  ((TSJ^2 + TIJ^2)^1/2 + DJ) / 2 + PE
    Total System Jitter     (TSJ):    0.071ns
    Total Input Jitter      (TIJ):    0.000ns
    Discrete Jitter          (DJ):    0.000ns
    Phase Error              (PE):    0.000ns

    Location             Delay type                Incr(ns)  Path(ns)    Netlist Resource(s)
  -------------------------------------------------------------------    -------------------
                         (clock clk_i rise edge)      0.000     0.000 r  
                                                      0.000     0.000 r  clk_i (IN)
                         net (fo=2039, unset)         1.784     1.784    u_tcm/u_ram/clk_i
    RAMB36_X1Y3          RAMB36E1                                     r  u_tcm/u_ram/ram_reg_2_3/CLKARDCLK
  -------------------------------------------------------------------    -------------------
    RAMB36_X1Y3          RAMB36E1 (Prop_ramb36e1_CLKARDCLK_DOADO[1])
                                                      2.454     4.238 r  u_tcm/u_ram/ram_reg_2_3/DOADO[1]
                         net (fo=7, routed)           0.902     5.140    u_core/u_lsu/u_lsu_request/ram_read1_q[12]
    SLICE_X25Y17         LUT6 (Prop_lut6_I5_O)        0.124     5.264 r  u_core/u_lsu/u_lsu_request/result_wb_q[31]_i_11/O
                         net (fo=1, routed)           1.140     6.404    u_core/u_lsu/u_lsu_request/result_wb_q[31]_i_11_n_0
    SLICE_X26Y10         LUT6 (Prop_lut6_I4_O)        0.124     6.528 r  u_core/u_lsu/u_lsu_request/result_wb_q[31]_i_3/O
                         net (fo=36, routed)          0.982     7.510    u_core/u_lsu/u_lsu_request/result_wb_q[31]_i_3_n_0
    SLICE_X26Y10         LUT6 (Prop_lut6_I1_O)        0.124     7.634 r  u_core/u_lsu/u_lsu_request/result_wb_q[17]_i_1/O
                         net (fo=3, routed)           0.565     8.199    u_core/u_issue/u_pipe_ctrl/result_wb_q_reg[31]_1[12]
    SLICE_X21Y10         LUT6 (Prop_lut6_I2_O)        0.124     8.323 r  u_core/u_issue/u_pipe_ctrl/mem_data_wr_q[17]_i_2/O
                         net (fo=13, routed)          1.189     9.512    u_core/u_issue/u_pipe_ctrl/result_q_reg[19][1]
    SLICE_X22Y11         LUT6 (Prop_lut6_I0_O)        0.124     9.636 r  u_core/u_issue/u_pipe_ctrl/exception_e1_q[4]_i_68/O
                         net (fo=1, routed)           0.000     9.636    u_core/u_issue/u_pipe_ctrl/exception_e1_q[4]_i_68_n_0
    SLICE_X22Y11         CARRY4 (Prop_carry4_S[1]_CO[3])
                                                      0.533    10.169 r  u_core/u_issue/u_pipe_ctrl/exception_e1_q_reg[4]_i_43/CO[3]
                         net (fo=1, routed)           0.000    10.169    u_core/u_issue/u_pipe_ctrl/exception_e1_q_reg[4]_i_43_n_0
    SLICE_X22Y12         CARRY4 (Prop_carry4_CI_CO[2])
                                                      0.229    10.398 r  u_core/u_issue/u_pipe_ctrl/exception_e1_q_reg[4]_i_23/CO[2]
                         net (fo=1, routed)           0.943    11.341    u_core/u_decode/u_exec/data1_alias
    SLICE_X24Y15         LUT5 (Prop_lut5_I3_O)        0.310    11.651 r  u_core/u_decode/exception_e1_q[4]_i_7_comp_1/O
                         net (fo=8, routed)           0.649    12.300    u_core/u_decode/exception_e1_q[4]_i_7_n_0
    SLICE_X21Y18         LUT6 (Prop_lut6_I3_O)        0.124    12.424 r  u_core/u_decode/branch_pc_q[31]_i_6_comp_14/O
                         net (fo=55, routed)          0.827    13.251    u_core/u_decode/branch_pc_q[31]_i_6_n_0
    SLICE_X19Y24         LUT6 (Prop_lut6_I3_O)        0.124    13.375 r  u_core/u_decode/branch_pc_q[15]_i_3/O
                         net (fo=1, routed)           0.641    14.016    u_core/u_decode/branch_pc_q[15]_i_3_n_0
    SLICE_X19Y23         LUT5 (Prop_lut5_I3_O)        0.124    14.140 r  u_core/u_decode/branch_pc_q[15]_i_1/O
                         net (fo=1, routed)           0.000    14.140    u_core/u_fetch/D[13]
    SLICE_X19Y23         FDCE                                         r  u_core/u_fetch/branch_pc_q_reg[15]/D
  -------------------------------------------------------------------    -------------------

                         (clock clk_i rise edge)     10.000    10.000 r  
                                                      0.000    10.000 r  clk_i (IN)
                         net (fo=2039, unset)         1.565    11.565    u_core/u_fetch/clk_i
    SLICE_X19Y23         FDCE                                         r  u_core/u_fetch/branch_pc_q_reg[15]/C
                         clock pessimism              0.115    11.680    
                         clock uncertainty           -0.035    11.645    
    SLICE_X19Y23         FDCE (Setup_fdce_C_D)        0.031    11.676    u_core/u_fetch/branch_pc_q_reg[15]
  -------------------------------------------------------------------
                         required time                         11.676    
                         arrival time                         -14.140    
  -------------------------------------------------------------------
                         slack                                 -2.464    

Slack (VIOLATED) :        -2.457ns  (required time - arrival time)
  Source:                 u_tcm/u_ram/ram_reg_2_3/CLKARDCLK
                            (rising edge-triggered cell RAMB36E1 clocked by clk_i  {rise@0.000ns fall@5.000ns period=10.000ns})
  Destination:            u_core/u_fetch/branch_pc_q_reg[31]/D
                            (rising edge-triggered cell FDCE clocked by clk_i  {rise@0.000ns fall@5.000ns period=10.000ns})
  Path Group:             clk_i
  Path Type:              Setup (Max at Slow Process Corner)
  Requirement:            10.000ns  (clk_i rise@10.000ns - clk_i rise@0.000ns)
  Data Path Delay:        12.402ns  (logic 4.518ns (36.428%)  route 7.884ns (63.572%))
  Logic Levels:           11  (CARRY4=2 LUT5=2 LUT6=7)
  Clock Path Skew:        -0.100ns (DCD - SCD + CPR)
    Destination Clock Delay (DCD):    1.569ns = ( 11.569 - 10.000 ) 
    Source Clock Delay      (SCD):    1.784ns
    Clock Pessimism Removal (CPR):    0.115ns
  Clock Uncertainty:      0.035ns  ((TSJ^2 + TIJ^2)^1/2 + DJ) / 2 + PE
    Total System Jitter     (TSJ):    0.071ns
    Total Input Jitter      (TIJ):    0.000ns
    Discrete Jitter          (DJ):    0.000ns
    Phase Error              (PE):    0.000ns

    Location             Delay type                Incr(ns)  Path(ns)    Netlist Resource(s)
  -------------------------------------------------------------------    -------------------
                         (clock clk_i rise edge)      0.000     0.000 r  
                                                      0.000     0.000 r  clk_i (IN)
                         net (fo=2039, unset)         1.784     1.784    u_tcm/u_ram/clk_i
    RAMB36_X1Y3          RAMB36E1                                     r  u_tcm/u_ram/ram_reg_2_3/CLKARDCLK
  -------------------------------------------------------------------    -------------------
    RAMB36_X1Y3          RAMB36E1 (Prop_ramb36e1_CLKARDCLK_DOADO[1])
                                                      2.454     4.238 r  u_tcm/u_ram/ram_reg_2_3/DOADO[1]
                         net (fo=7, routed)           0.902     5.140    u_core/u_lsu/u_lsu_request/ram_read1_q[12]
    SLICE_X25Y17         LUT6 (Prop_lut6_I5_O)        0.124     5.264 r  u_core/u_lsu/u_lsu_request/result_wb_q[31]_i_11/O
                         net (fo=1, routed)           1.140     6.404    u_core/u_lsu/u_lsu_request/result_wb_q[31]_i_11_n_0
    SLICE_X26Y10         LUT6 (Prop_lut6_I4_O)        0.124     6.528 r  u_core/u_lsu/u_lsu_request/result_wb_q[31]_i_3/O
                         net (fo=36, routed)          0.982     7.510    u_core/u_lsu/u_lsu_request/result_wb_q[31]_i_3_n_0
    SLICE_X26Y10         LUT6 (Prop_lut6_I1_O)        0.124     7.634 r  u_core/u_lsu/u_lsu_request/result_wb_q[17]_i_1/O
                         net (fo=3, routed)           0.565     8.199    u_core/u_issue/u_pipe_ctrl/result_wb_q_reg[31]_1[12]
    SLICE_X21Y10         LUT6 (Prop_lut6_I2_O)        0.124     8.323 r  u_core/u_issue/u_pipe_ctrl/mem_data_wr_q[17]_i_2/O
                         net (fo=13, routed)          1.189     9.512    u_core/u_issue/u_pipe_ctrl/result_q_reg[19][1]
    SLICE_X22Y11         LUT6 (Prop_lut6_I0_O)        0.124     9.636 r  u_core/u_issue/u_pipe_ctrl/exception_e1_q[4]_i_68/O
                         net (fo=1, routed)           0.000     9.636    u_core/u_issue/u_pipe_ctrl/exception_e1_q[4]_i_68_n_0
    SLICE_X22Y11         CARRY4 (Prop_carry4_S[1]_CO[3])
                                                      0.533    10.169 r  u_core/u_issue/u_pipe_ctrl/exception_e1_q_reg[4]_i_43/CO[3]
                         net (fo=1, routed)           0.000    10.169    u_core/u_issue/u_pipe_ctrl/exception_e1_q_reg[4]_i_43_n_0
    SLICE_X22Y12         CARRY4 (Prop_carry4_CI_CO[2])
                                                      0.229    10.398 r  u_core/u_issue/u_pipe_ctrl/exception_e1_q_reg[4]_i_23/CO[2]
                         net (fo=1, routed)           0.943    11.341    u_core/u_decode/u_exec/data1_alias
    SLICE_X24Y15         LUT5 (Prop_lut5_I3_O)        0.310    11.651 r  u_core/u_decode/exception_e1_q[4]_i_7_comp_1/O
                         net (fo=8, routed)           0.649    12.300    u_core/u_decode/exception_e1_q[4]_i_7_n_0
    SLICE_X21Y18         LUT6 (Prop_lut6_I3_O)        0.124    12.424 r  u_core/u_decode/branch_pc_q[31]_i_6_comp_14/O
                         net (fo=55, routed)          0.757    13.181    u_core/u_decode/branch_pc_q[31]_i_6_n_0
    SLICE_X13Y20         LUT6 (Prop_lut6_I2_O)        0.124    13.305 r  u_core/u_decode/branch_pc_q[31]_i_3/O
                         net (fo=1, routed)           0.758    14.063    u_core/u_decode/branch_pc_q[31]_i_3_n_0
    SLICE_X12Y19         LUT5 (Prop_lut5_I2_O)        0.124    14.187 r  u_core/u_decode/branch_pc_q[31]_i_2/O
                         net (fo=1, routed)           0.000    14.187    u_core/u_fetch/D[29]
    SLICE_X12Y19         FDCE                                         r  u_core/u_fetch/branch_pc_q_reg[31]/D
  -------------------------------------------------------------------    -------------------

                         (clock clk_i rise edge)     10.000    10.000 r  
                                                      0.000    10.000 r  clk_i (IN)
                         net (fo=2039, unset)         1.569    11.569    u_core/u_fetch/clk_i
    SLICE_X12Y19         FDCE                                         r  u_core/u_fetch/branch_pc_q_reg[31]/C
                         clock pessimism              0.115    11.684    
                         clock uncertainty           -0.035    11.649    
    SLICE_X12Y19         FDCE (Setup_fdce_C_D)        0.081    11.730    u_core/u_fetch/branch_pc_q_reg[31]
  -------------------------------------------------------------------
                         required time                         11.730    
                         arrival time                         -14.187    
  -------------------------------------------------------------------
                         slack                                 -2.457    

Slack (VIOLATED) :        -2.456ns  (required time - arrival time)
  Source:                 u_tcm/u_ram/ram_reg_2_3/CLKARDCLK
                            (rising edge-triggered cell RAMB36E1 clocked by clk_i  {rise@0.000ns fall@5.000ns period=10.000ns})
  Destination:            u_core/u_decode/buffer_q_reg[38]_replica/D
                            (rising edge-triggered cell FDCE clocked by clk_i  {rise@0.000ns fall@5.000ns period=10.000ns})
  Path Group:             clk_i
  Path Type:              Setup (Max at Slow Process Corner)
  Requirement:            10.000ns  (clk_i rise@10.000ns - clk_i rise@0.000ns)
  Data Path Delay:        12.307ns  (logic 4.518ns (36.711%)  route 7.789ns (63.289%))
  Logic Levels:           11  (CARRY4=2 LUT4=1 LUT5=1 LUT6=7)
  Clock Path Skew:        -0.097ns (DCD - SCD + CPR)
    Destination Clock Delay (DCD):    1.572ns = ( 11.572 - 10.000 ) 
    Source Clock Delay      (SCD):    1.784ns
    Clock Pessimism Removal (CPR):    0.115ns
  Clock Uncertainty:      0.035ns  ((TSJ^2 + TIJ^2)^1/2 + DJ) / 2 + PE
    Total System Jitter     (TSJ):    0.071ns
    Total Input Jitter      (TIJ):    0.000ns
    Discrete Jitter          (DJ):    0.000ns
    Phase Error              (PE):    0.000ns

    Location             Delay type                Incr(ns)  Path(ns)    Netlist Resource(s)
  -------------------------------------------------------------------    -------------------
                         (clock clk_i rise edge)      0.000     0.000 r  
                                                      0.000     0.000 r  clk_i (IN)
                         net (fo=2039, unset)         1.784     1.784    u_tcm/u_ram/clk_i
    RAMB36_X1Y3          RAMB36E1                                     r  u_tcm/u_ram/ram_reg_2_3/CLKARDCLK
  -------------------------------------------------------------------    -------------------
    RAMB36_X1Y3          RAMB36E1 (Prop_ramb36e1_CLKARDCLK_DOADO[1])
                                                      2.454     4.238 r  u_tcm/u_ram/ram_reg_2_3/DOADO[1]
                         net (fo=7, routed)           0.902     5.140    u_core/u_lsu/u_lsu_request/ram_read1_q[12]
    SLICE_X25Y17         LUT6 (Prop_lut6_I5_O)        0.124     5.264 r  u_core/u_lsu/u_lsu_request/result_wb_q[31]_i_11/O
                         net (fo=1, routed)           1.140     6.404    u_core/u_lsu/u_lsu_request/result_wb_q[31]_i_11_n_0
    SLICE_X26Y10         LUT6 (Prop_lut6_I4_O)        0.124     6.528 r  u_core/u_lsu/u_lsu_request/result_wb_q[31]_i_3/O
                         net (fo=36, routed)          0.982     7.510    u_core/u_lsu/u_lsu_request/result_wb_q[31]_i_3_n_0
    SLICE_X26Y10         LUT6 (Prop_lut6_I1_O)        0.124     7.634 r  u_core/u_lsu/u_lsu_request/result_wb_q[17]_i_1/O
                         net (fo=3, routed)           0.565     8.199    u_core/u_issue/u_pipe_ctrl/result_wb_q_reg[31]_1[12]
    SLICE_X21Y10         LUT6 (Prop_lut6_I2_O)        0.124     8.323 r  u_core/u_issue/u_pipe_ctrl/mem_data_wr_q[17]_i_2/O
                         net (fo=13, routed)          1.189     9.512    u_core/u_issue/u_pipe_ctrl/result_q_reg[19][1]
    SLICE_X22Y11         LUT6 (Prop_lut6_I0_O)        0.124     9.636 r  u_core/u_issue/u_pipe_ctrl/exception_e1_q[4]_i_68/O
                         net (fo=1, routed)           0.000     9.636    u_core/u_issue/u_pipe_ctrl/exception_e1_q[4]_i_68_n_0
    SLICE_X22Y11         CARRY4 (Prop_carry4_S[1]_CO[3])
                                                      0.533    10.169 r  u_core/u_issue/u_pipe_ctrl/exception_e1_q_reg[4]_i_43/CO[3]
                         net (fo=1, routed)           0.000    10.169    u_core/u_issue/u_pipe_ctrl/exception_e1_q_reg[4]_i_43_n_0
    SLICE_X22Y12         CARRY4 (Prop_carry4_CI_CO[2])
                                                      0.229    10.398 f  u_core/u_issue/u_pipe_ctrl/exception_e1_q_reg[4]_i_23/CO[2]
                         net (fo=1, routed)           0.943    11.341    u_core/u_decode/u_exec/data1_alias
    SLICE_X24Y15         LUT5 (Prop_lut5_I3_O)        0.310    11.651 f  u_core/u_decode/exception_e1_q[4]_i_7_comp_1/O
                         net (fo=8, routed)           0.572    12.223    u_core/u_decode/exception_e1_q[4]_i_7_n_0
    SLICE_X21Y16         LUT6 (Prop_lut6_I5_O)        0.124    12.347 f  u_core/u_decode/branch_q_i_4/O
                         net (fo=3, routed)           0.176    12.523    u_core/u_decode/branch_q_i_4_n_0
    SLICE_X21Y16         LUT6 (Prop_lut6_I3_O)        0.124    12.647 f  u_core/u_decode/branch_q_i_1__0/O
                         net (fo=94, routed)          0.785    13.432    u_core/u_fetch/branch_request_w
    SLICE_X16Y14         LUT4 (Prop_lut4_I3_O)        0.124    13.556 r  u_core/u_fetch/buffer_q[38]_i_1/O
                         net (fo=3, routed)           0.535    14.091    u_core/u_decode/buffer_q_reg[67]_0[36]
    SLICE_X12Y17         FDCE                                         r  u_core/u_decode/buffer_q_reg[38]_replica/D
  -------------------------------------------------------------------    -------------------

                         (clock clk_i rise edge)     10.000    10.000 r  
                                                      0.000    10.000 r  clk_i (IN)
                         net (fo=2039, unset)         1.572    11.572    u_core/u_decode/clk_i
    SLICE_X12Y17         FDCE                                         r  u_core/u_decode/buffer_q_reg[38]_replica/C
                         clock pessimism              0.115    11.687    
                         clock uncertainty           -0.035    11.652    
    SLICE_X12Y17         FDCE (Setup_fdce_C_D)       -0.016    11.636    u_core/u_decode/buffer_q_reg[38]_replica
  -------------------------------------------------------------------
                         required time                         11.636    
                         arrival time                         -14.091    
  -------------------------------------------------------------------
                         slack                                 -2.456    

Slack (VIOLATED) :        -2.451ns  (required time - arrival time)
  Source:                 u_tcm/u_ram/ram_reg_2_3/CLKARDCLK
                            (rising edge-triggered cell RAMB36E1 clocked by clk_i  {rise@0.000ns fall@5.000ns period=10.000ns})
  Destination:            u_core/u_fetch/branch_pc_q_reg[2]/D
                            (rising edge-triggered cell FDCE clocked by clk_i  {rise@0.000ns fall@5.000ns period=10.000ns})
  Path Group:             clk_i
  Path Type:              Setup (Max at Slow Process Corner)
  Requirement:            10.000ns  (clk_i rise@10.000ns - clk_i rise@0.000ns)
  Data Path Delay:        12.392ns  (logic 4.518ns (36.459%)  route 7.874ns (63.541%))
  Logic Levels:           11  (CARRY4=2 LUT5=2 LUT6=7)
  Clock Path Skew:        -0.100ns (DCD - SCD + CPR)
    Destination Clock Delay (DCD):    1.569ns = ( 11.569 - 10.000 ) 
    Source Clock Delay      (SCD):    1.784ns
    Clock Pessimism Removal (CPR):    0.115ns
  Clock Uncertainty:      0.035ns  ((TSJ^2 + TIJ^2)^1/2 + DJ) / 2 + PE
    Total System Jitter     (TSJ):    0.071ns
    Total Input Jitter      (TIJ):    0.000ns
    Discrete Jitter          (DJ):    0.000ns
    Phase Error              (PE):    0.000ns

    Location             Delay type                Incr(ns)  Path(ns)    Netlist Resource(s)
  -------------------------------------------------------------------    -------------------
                         (clock clk_i rise edge)      0.000     0.000 r  
                                                      0.000     0.000 r  clk_i (IN)
                         net (fo=2039, unset)         1.784     1.784    u_tcm/u_ram/clk_i
    RAMB36_X1Y3          RAMB36E1                                     r  u_tcm/u_ram/ram_reg_2_3/CLKARDCLK
  -------------------------------------------------------------------    -------------------
    RAMB36_X1Y3          RAMB36E1 (Prop_ramb36e1_CLKARDCLK_DOADO[1])
                                                      2.454     4.238 r  u_tcm/u_ram/ram_reg_2_3/DOADO[1]
                         net (fo=7, routed)           0.902     5.140    u_core/u_lsu/u_lsu_request/ram_read1_q[12]
    SLICE_X25Y17         LUT6 (Prop_lut6_I5_O)        0.124     5.264 r  u_core/u_lsu/u_lsu_request/result_wb_q[31]_i_11/O
                         net (fo=1, routed)           1.140     6.404    u_core/u_lsu/u_lsu_request/result_wb_q[31]_i_11_n_0
    SLICE_X26Y10         LUT6 (Prop_lut6_I4_O)        0.124     6.528 r  u_core/u_lsu/u_lsu_request/result_wb_q[31]_i_3/O
                         net (fo=36, routed)          0.982     7.510    u_core/u_lsu/u_lsu_request/result_wb_q[31]_i_3_n_0
    SLICE_X26Y10         LUT6 (Prop_lut6_I1_O)        0.124     7.634 r  u_core/u_lsu/u_lsu_request/result_wb_q[17]_i_1/O
                         net (fo=3, routed)           0.565     8.199    u_core/u_issue/u_pipe_ctrl/result_wb_q_reg[31]_1[12]
    SLICE_X21Y10         LUT6 (Prop_lut6_I2_O)        0.124     8.323 r  u_core/u_issue/u_pipe_ctrl/mem_data_wr_q[17]_i_2/O
                         net (fo=13, routed)          1.189     9.512    u_core/u_issue/u_pipe_ctrl/result_q_reg[19][1]
    SLICE_X22Y11         LUT6 (Prop_lut6_I0_O)        0.124     9.636 r  u_core/u_issue/u_pipe_ctrl/exception_e1_q[4]_i_68/O
                         net (fo=1, routed)           0.000     9.636    u_core/u_issue/u_pipe_ctrl/exception_e1_q[4]_i_68_n_0
    SLICE_X22Y11         CARRY4 (Prop_carry4_S[1]_CO[3])
                                                      0.533    10.169 r  u_core/u_issue/u_pipe_ctrl/exception_e1_q_reg[4]_i_43/CO[3]
                         net (fo=1, routed)           0.000    10.169    u_core/u_issue/u_pipe_ctrl/exception_e1_q_reg[4]_i_43_n_0
    SLICE_X22Y12         CARRY4 (Prop_carry4_CI_CO[2])
                                                      0.229    10.398 r  u_core/u_issue/u_pipe_ctrl/exception_e1_q_reg[4]_i_23/CO[2]
                         net (fo=1, routed)           0.943    11.341    u_core/u_decode/u_exec/data1_alias
    SLICE_X24Y15         LUT5 (Prop_lut5_I3_O)        0.310    11.651 r  u_core/u_decode/exception_e1_q[4]_i_7_comp_1/O
                         net (fo=8, routed)           0.649    12.300    u_core/u_decode/exception_e1_q[4]_i_7_n_0
    SLICE_X21Y18         LUT6 (Prop_lut6_I3_O)        0.124    12.424 r  u_core/u_decode/branch_pc_q[31]_i_6_comp_14/O
                         net (fo=55, routed)          0.924    13.348    u_core/u_decode/branch_pc_q[31]_i_6_n_0
    SLICE_X11Y20         LUT6 (Prop_lut6_I3_O)        0.124    13.472 r  u_core/u_decode/branch_pc_q[2]_i_3/O
                         net (fo=1, routed)           0.580    14.052    u_core/u_decode/branch_pc_q[2]_i_3_n_0
    SLICE_X12Y19         LUT5 (Prop_lut5_I3_O)        0.124    14.176 r  u_core/u_decode/branch_pc_q[2]_i_1/O
                         net (fo=1, routed)           0.000    14.176    u_core/u_fetch/D[0]
    SLICE_X12Y19         FDCE                                         r  u_core/u_fetch/branch_pc_q_reg[2]/D
  -------------------------------------------------------------------    -------------------

                         (clock clk_i rise edge)     10.000    10.000 r  
                                                      0.000    10.000 r  clk_i (IN)
                         net (fo=2039, unset)         1.569    11.569    u_core/u_fetch/clk_i
    SLICE_X12Y19         FDCE                                         r  u_core/u_fetch/branch_pc_q_reg[2]/C
                         clock pessimism              0.115    11.684    
                         clock uncertainty           -0.035    11.649    
    SLICE_X12Y19         FDCE (Setup_fdce_C_D)        0.077    11.726    u_core/u_fetch/branch_pc_q_reg[2]
  -------------------------------------------------------------------
                         required time                         11.726    
                         arrival time                         -14.176    
  -------------------------------------------------------------------
                         slack                                 -2.451    

Slack (VIOLATED) :        -2.451ns  (required time - arrival time)
  Source:                 u_tcm/u_ram/ram_reg_2_3/CLKARDCLK
                            (rising edge-triggered cell RAMB36E1 clocked by clk_i  {rise@0.000ns fall@5.000ns period=10.000ns})
  Destination:            u_core/u_fetch/branch_pc_q_reg[20]/D
                            (rising edge-triggered cell FDCE clocked by clk_i  {rise@0.000ns fall@5.000ns period=10.000ns})
  Path Group:             clk_i
  Path Type:              Setup (Max at Slow Process Corner)
  Requirement:            10.000ns  (clk_i rise@10.000ns - clk_i rise@0.000ns)
  Data Path Delay:        12.343ns  (logic 4.518ns (36.604%)  route 7.825ns (63.395%))
  Logic Levels:           11  (CARRY4=2 LUT5=2 LUT6=7)
  Clock Path Skew:        -0.103ns (DCD - SCD + CPR)
    Destination Clock Delay (DCD):    1.566ns = ( 11.566 - 10.000 ) 
    Source Clock Delay      (SCD):    1.784ns
    Clock Pessimism Removal (CPR):    0.115ns
  Clock Uncertainty:      0.035ns  ((TSJ^2 + TIJ^2)^1/2 + DJ) / 2 + PE
    Total System Jitter     (TSJ):    0.071ns
    Total Input Jitter      (TIJ):    0.000ns
    Discrete Jitter          (DJ):    0.000ns
    Phase Error              (PE):    0.000ns

    Location             Delay type                Incr(ns)  Path(ns)    Netlist Resource(s)
  -------------------------------------------------------------------    -------------------
                         (clock clk_i rise edge)      0.000     0.000 r  
                                                      0.000     0.000 r  clk_i (IN)
                         net (fo=2039, unset)         1.784     1.784    u_tcm/u_ram/clk_i
    RAMB36_X1Y3          RAMB36E1                                     r  u_tcm/u_ram/ram_reg_2_3/CLKARDCLK
  -------------------------------------------------------------------    -------------------
    RAMB36_X1Y3          RAMB36E1 (Prop_ramb36e1_CLKARDCLK_DOADO[1])
                                                      2.454     4.238 r  u_tcm/u_ram/ram_reg_2_3/DOADO[1]
                         net (fo=7, routed)           0.902     5.140    u_core/u_lsu/u_lsu_request/ram_read1_q[12]
    SLICE_X25Y17         LUT6 (Prop_lut6_I5_O)        0.124     5.264 r  u_core/u_lsu/u_lsu_request/result_wb_q[31]_i_11/O
                         net (fo=1, routed)           1.140     6.404    u_core/u_lsu/u_lsu_request/result_wb_q[31]_i_11_n_0
    SLICE_X26Y10         LUT6 (Prop_lut6_I4_O)        0.124     6.528 r  u_core/u_lsu/u_lsu_request/result_wb_q[31]_i_3/O
                         net (fo=36, routed)          0.982     7.510    u_core/u_lsu/u_lsu_request/result_wb_q[31]_i_3_n_0
    SLICE_X26Y10         LUT6 (Prop_lut6_I1_O)        0.124     7.634 r  u_core/u_lsu/u_lsu_request/result_wb_q[17]_i_1/O
                         net (fo=3, routed)           0.565     8.199    u_core/u_issue/u_pipe_ctrl/result_wb_q_reg[31]_1[12]
    SLICE_X21Y10         LUT6 (Prop_lut6_I2_O)        0.124     8.323 r  u_core/u_issue/u_pipe_ctrl/mem_data_wr_q[17]_i_2/O
                         net (fo=13, routed)          1.189     9.512    u_core/u_issue/u_pipe_ctrl/result_q_reg[19][1]
    SLICE_X22Y11         LUT6 (Prop_lut6_I0_O)        0.124     9.636 r  u_core/u_issue/u_pipe_ctrl/exception_e1_q[4]_i_68/O
                         net (fo=1, routed)           0.000     9.636    u_core/u_issue/u_pipe_ctrl/exception_e1_q[4]_i_68_n_0
    SLICE_X22Y11         CARRY4 (Prop_carry4_S[1]_CO[3])
                                                      0.533    10.169 r  u_core/u_issue/u_pipe_ctrl/exception_e1_q_reg[4]_i_43/CO[3]
                         net (fo=1, routed)           0.000    10.169    u_core/u_issue/u_pipe_ctrl/exception_e1_q_reg[4]_i_43_n_0
    SLICE_X22Y12         CARRY4 (Prop_carry4_CI_CO[2])
                                                      0.229    10.398 r  u_core/u_issue/u_pipe_ctrl/exception_e1_q_reg[4]_i_23/CO[2]
                         net (fo=1, routed)           0.943    11.341    u_core/u_decode/u_exec/data1_alias
    SLICE_X24Y15         LUT5 (Prop_lut5_I3_O)        0.310    11.651 r  u_core/u_decode/exception_e1_q[4]_i_7_comp_1/O
                         net (fo=8, routed)           0.649    12.300    u_core/u_decode/exception_e1_q[4]_i_7_n_0
    SLICE_X21Y18         LUT6 (Prop_lut6_I3_O)        0.124    12.424 r  u_core/u_decode/branch_pc_q[31]_i_6_comp_14/O
                         net (fo=55, routed)          0.847    13.270    u_core/u_decode/branch_pc_q[31]_i_6_n_0
    SLICE_X18Y25         LUT6 (Prop_lut6_I2_O)        0.124    13.394 r  u_core/u_decode/branch_pc_q[20]_i_2/O
                         net (fo=1, routed)           0.609    14.003    u_core/u_decode/branch_pc_q[20]_i_2_n_0
    SLICE_X19Y22         LUT5 (Prop_lut5_I2_O)        0.124    14.127 r  u_core/u_decode/branch_pc_q[20]_i_1/O
                         net (fo=1, routed)           0.000    14.127    u_core/u_fetch/D[18]
    SLICE_X19Y22         FDCE                                         r  u_core/u_fetch/branch_pc_q_reg[20]/D
  -------------------------------------------------------------------    -------------------

                         (clock clk_i rise edge)     10.000    10.000 r  
                                                      0.000    10.000 r  clk_i (IN)
                         net (fo=2039, unset)         1.566    11.566    u_core/u_fetch/clk_i
    SLICE_X19Y22         FDCE                                         r  u_core/u_fetch/branch_pc_q_reg[20]/C
                         clock pessimism              0.115    11.681    
                         clock uncertainty           -0.035    11.646    
    SLICE_X19Y22         FDCE (Setup_fdce_C_D)        0.031    11.677    u_core/u_fetch/branch_pc_q_reg[20]
  -------------------------------------------------------------------
                         required time                         11.677    
                         arrival time                         -14.127    
  -------------------------------------------------------------------
                         slack                                 -2.451    

Slack (VIOLATED) :        -2.443ns  (required time - arrival time)
  Source:                 u_tcm/u_ram/ram_reg_2_3/CLKARDCLK
                            (rising edge-triggered cell RAMB36E1 clocked by clk_i  {rise@0.000ns fall@5.000ns period=10.000ns})
  Destination:            u_core/u_decode/buffer_q_reg[53]/D
                            (rising edge-triggered cell FDCE clocked by clk_i  {rise@0.000ns fall@5.000ns period=10.000ns})
  Path Group:             clk_i
  Path Type:              Setup (Max at Slow Process Corner)
  Requirement:            10.000ns  (clk_i rise@10.000ns - clk_i rise@0.000ns)
  Data Path Delay:        12.293ns  (logic 4.518ns (36.753%)  route 7.775ns (63.247%))
  Logic Levels:           11  (CARRY4=2 LUT4=1 LUT5=1 LUT6=7)
  Clock Path Skew:        -0.101ns (DCD - SCD + CPR)
    Destination Clock Delay (DCD):    1.568ns = ( 11.568 - 10.000 ) 
    Source Clock Delay      (SCD):    1.784ns
    Clock Pessimism Removal (CPR):    0.115ns
  Clock Uncertainty:      0.035ns  ((TSJ^2 + TIJ^2)^1/2 + DJ) / 2 + PE
    Total System Jitter     (TSJ):    0.071ns
    Total Input Jitter      (TIJ):    0.000ns
    Discrete Jitter          (DJ):    0.000ns
    Phase Error              (PE):    0.000ns

    Location             Delay type                Incr(ns)  Path(ns)    Netlist Resource(s)
  -------------------------------------------------------------------    -------------------
                         (clock clk_i rise edge)      0.000     0.000 r  
                                                      0.000     0.000 r  clk_i (IN)
                         net (fo=2039, unset)         1.784     1.784    u_tcm/u_ram/clk_i
    RAMB36_X1Y3          RAMB36E1                                     r  u_tcm/u_ram/ram_reg_2_3/CLKARDCLK
  -------------------------------------------------------------------    -------------------
    RAMB36_X1Y3          RAMB36E1 (Prop_ramb36e1_CLKARDCLK_DOADO[1])
                                                      2.454     4.238 r  u_tcm/u_ram/ram_reg_2_3/DOADO[1]
                         net (fo=7, routed)           0.902     5.140    u_core/u_lsu/u_lsu_request/ram_read1_q[12]
    SLICE_X25Y17         LUT6 (Prop_lut6_I5_O)        0.124     5.264 r  u_core/u_lsu/u_lsu_request/result_wb_q[31]_i_11/O
                         net (fo=1, routed)           1.140     6.404    u_core/u_lsu/u_lsu_request/result_wb_q[31]_i_11_n_0
    SLICE_X26Y10         LUT6 (Prop_lut6_I4_O)        0.124     6.528 r  u_core/u_lsu/u_lsu_request/result_wb_q[31]_i_3/O
                         net (fo=36, routed)          0.982     7.510    u_core/u_lsu/u_lsu_request/result_wb_q[31]_i_3_n_0
    SLICE_X26Y10         LUT6 (Prop_lut6_I1_O)        0.124     7.634 r  u_core/u_lsu/u_lsu_request/result_wb_q[17]_i_1/O
                         net (fo=3, routed)           0.565     8.199    u_core/u_issue/u_pipe_ctrl/result_wb_q_reg[31]_1[12]
    SLICE_X21Y10         LUT6 (Prop_lut6_I2_O)        0.124     8.323 r  u_core/u_issue/u_pipe_ctrl/mem_data_wr_q[17]_i_2/O
                         net (fo=13, routed)          1.189     9.512    u_core/u_issue/u_pipe_ctrl/result_q_reg[19][1]
    SLICE_X22Y11         LUT6 (Prop_lut6_I0_O)        0.124     9.636 r  u_core/u_issue/u_pipe_ctrl/exception_e1_q[4]_i_68/O
                         net (fo=1, routed)           0.000     9.636    u_core/u_issue/u_pipe_ctrl/exception_e1_q[4]_i_68_n_0
    SLICE_X22Y11         CARRY4 (Prop_carry4_S[1]_CO[3])
                                                      0.533    10.169 r  u_core/u_issue/u_pipe_ctrl/exception_e1_q_reg[4]_i_43/CO[3]
                         net (fo=1, routed)           0.000    10.169    u_core/u_issue/u_pipe_ctrl/exception_e1_q_reg[4]_i_43_n_0
    SLICE_X22Y12         CARRY4 (Prop_carry4_CI_CO[2])
                                                      0.229    10.398 f  u_core/u_issue/u_pipe_ctrl/exception_e1_q_reg[4]_i_23/CO[2]
                         net (fo=1, routed)           0.943    11.341    u_core/u_decode/u_exec/data1_alias
    SLICE_X24Y15         LUT5 (Prop_lut5_I3_O)        0.310    11.651 f  u_core/u_decode/exception_e1_q[4]_i_7_comp_1/O
                         net (fo=8, routed)           0.572    12.223    u_core/u_decode/exception_e1_q[4]_i_7_n_0
    SLICE_X21Y16         LUT6 (Prop_lut6_I5_O)        0.124    12.347 f  u_core/u_decode/branch_q_i_4/O
                         net (fo=3, routed)           0.176    12.523    u_core/u_decode/branch_q_i_4_n_0
    SLICE_X21Y16         LUT6 (Prop_lut6_I3_O)        0.124    12.647 f  u_core/u_decode/branch_q_i_1__0/O
                         net (fo=94, routed)          0.975    13.622    u_core/u_fetch/branch_request_w
    SLICE_X14Y23         LUT4 (Prop_lut4_I3_O)        0.124    13.746 r  u_core/u_fetch/buffer_q[53]_i_1/O
                         net (fo=1, routed)           0.331    14.077    u_core/u_decode/buffer_q_reg[67]_0[51]
    SLICE_X14Y21         FDCE                                         r  u_core/u_decode/buffer_q_reg[53]/D
  -------------------------------------------------------------------    -------------------

                         (clock clk_i rise edge)     10.000    10.000 r  
                                                      0.000    10.000 r  clk_i (IN)
                         net (fo=2039, unset)         1.568    11.568    u_core/u_decode/clk_i
    SLICE_X14Y21         FDCE                                         r  u_core/u_decode/buffer_q_reg[53]/C
                         clock pessimism              0.115    11.683    
                         clock uncertainty           -0.035    11.648    
    SLICE_X14Y21         FDCE (Setup_fdce_C_D)       -0.013    11.635    u_core/u_decode/buffer_q_reg[53]
  -------------------------------------------------------------------
                         required time                         11.635    
                         arrival time                         -14.077    
  -------------------------------------------------------------------
                         slack                                 -2.443    

Slack (VIOLATED) :        -2.439ns  (required time - arrival time)
  Source:                 u_tcm/u_ram/ram_reg_2_3/CLKARDCLK
                            (rising edge-triggered cell RAMB36E1 clocked by clk_i  {rise@0.000ns fall@5.000ns period=10.000ns})
  Destination:            u_core/u_fetch/branch_pc_q_reg[5]/D
                            (rising edge-triggered cell FDCE clocked by clk_i  {rise@0.000ns fall@5.000ns period=10.000ns})
  Path Group:             clk_i
  Path Type:              Setup (Max at Slow Process Corner)
  Requirement:            10.000ns  (clk_i rise@10.000ns - clk_i rise@0.000ns)
  Data Path Delay:        12.384ns  (logic 4.518ns (36.483%)  route 7.866ns (63.517%))
  Logic Levels:           11  (CARRY4=2 LUT5=2 LUT6=7)
  Clock Path Skew:        -0.096ns (DCD - SCD + CPR)
    Destination Clock Delay (DCD):    1.573ns = ( 11.573 - 10.000 ) 
    Source Clock Delay      (SCD):    1.784ns
    Clock Pessimism Removal (CPR):    0.115ns
  Clock Uncertainty:      0.035ns  ((TSJ^2 + TIJ^2)^1/2 + DJ) / 2 + PE
    Total System Jitter     (TSJ):    0.071ns
    Total Input Jitter      (TIJ):    0.000ns
    Discrete Jitter          (DJ):    0.000ns
    Phase Error              (PE):    0.000ns

    Location             Delay type                Incr(ns)  Path(ns)    Netlist Resource(s)
  -------------------------------------------------------------------    -------------------
                         (clock clk_i rise edge)      0.000     0.000 r  
                                                      0.000     0.000 r  clk_i (IN)
                         net (fo=2039, unset)         1.784     1.784    u_tcm/u_ram/clk_i
    RAMB36_X1Y3          RAMB36E1                                     r  u_tcm/u_ram/ram_reg_2_3/CLKARDCLK
  -------------------------------------------------------------------    -------------------
    RAMB36_X1Y3          RAMB36E1 (Prop_ramb36e1_CLKARDCLK_DOADO[1])
                                                      2.454     4.238 r  u_tcm/u_ram/ram_reg_2_3/DOADO[1]
                         net (fo=7, routed)           0.902     5.140    u_core/u_lsu/u_lsu_request/ram_read1_q[12]
    SLICE_X25Y17         LUT6 (Prop_lut6_I5_O)        0.124     5.264 r  u_core/u_lsu/u_lsu_request/result_wb_q[31]_i_11/O
                         net (fo=1, routed)           1.140     6.404    u_core/u_lsu/u_lsu_request/result_wb_q[31]_i_11_n_0
    SLICE_X26Y10         LUT6 (Prop_lut6_I4_O)        0.124     6.528 r  u_core/u_lsu/u_lsu_request/result_wb_q[31]_i_3/O
                         net (fo=36, routed)          0.982     7.510    u_core/u_lsu/u_lsu_request/result_wb_q[31]_i_3_n_0
    SLICE_X26Y10         LUT6 (Prop_lut6_I1_O)        0.124     7.634 r  u_core/u_lsu/u_lsu_request/result_wb_q[17]_i_1/O
                         net (fo=3, routed)           0.565     8.199    u_core/u_issue/u_pipe_ctrl/result_wb_q_reg[31]_1[12]
    SLICE_X21Y10         LUT6 (Prop_lut6_I2_O)        0.124     8.323 r  u_core/u_issue/u_pipe_ctrl/mem_data_wr_q[17]_i_2/O
                         net (fo=13, routed)          1.189     9.512    u_core/u_issue/u_pipe_ctrl/result_q_reg[19][1]
    SLICE_X22Y11         LUT6 (Prop_lut6_I0_O)        0.124     9.636 r  u_core/u_issue/u_pipe_ctrl/exception_e1_q[4]_i_68/O
                         net (fo=1, routed)           0.000     9.636    u_core/u_issue/u_pipe_ctrl/exception_e1_q[4]_i_68_n_0
    SLICE_X22Y11         CARRY4 (Prop_carry4_S[1]_CO[3])
                                                      0.533    10.169 r  u_core/u_issue/u_pipe_ctrl/exception_e1_q_reg[4]_i_43/CO[3]
                         net (fo=1, routed)           0.000    10.169    u_core/u_issue/u_pipe_ctrl/exception_e1_q_reg[4]_i_43_n_0
    SLICE_X22Y12         CARRY4 (Prop_carry4_CI_CO[2])
                                                      0.229    10.398 r  u_core/u_issue/u_pipe_ctrl/exception_e1_q_reg[4]_i_23/CO[2]
                         net (fo=1, routed)           0.943    11.341    u_core/u_decode/u_exec/data1_alias
    SLICE_X24Y15         LUT5 (Prop_lut5_I3_O)        0.310    11.651 r  u_core/u_decode/exception_e1_q[4]_i_7_comp_1/O
                         net (fo=8, routed)           0.649    12.300    u_core/u_decode/exception_e1_q[4]_i_7_n_0
    SLICE_X21Y18         LUT6 (Prop_lut6_I3_O)        0.124    12.424 r  u_core/u_decode/branch_pc_q[31]_i_6_comp_14/O
                         net (fo=55, routed)          0.717    13.140    u_core/u_decode/branch_pc_q[31]_i_6_n_0
    SLICE_X20Y21         LUT6 (Prop_lut6_I3_O)        0.124    13.264 r  u_core/u_decode/branch_pc_q[5]_i_3/O
                         net (fo=1, routed)           0.780    14.044    u_core/u_decode/branch_pc_q[5]_i_3_n_0
    SLICE_X16Y16         LUT5 (Prop_lut5_I3_O)        0.124    14.168 r  u_core/u_decode/branch_pc_q[5]_i_1/O
                         net (fo=1, routed)           0.000    14.168    u_core/u_fetch/D[3]
    SLICE_X16Y16         FDCE                                         r  u_core/u_fetch/branch_pc_q_reg[5]/D
  -------------------------------------------------------------------    -------------------

                         (clock clk_i rise edge)     10.000    10.000 r  
                                                      0.000    10.000 r  clk_i (IN)
                         net (fo=2039, unset)         1.573    11.573    u_core/u_fetch/clk_i
    SLICE_X16Y16         FDCE                                         r  u_core/u_fetch/branch_pc_q_reg[5]/C
                         clock pessimism              0.115    11.688    
                         clock uncertainty           -0.035    11.653    
    SLICE_X16Y16         FDCE (Setup_fdce_C_D)        0.077    11.730    u_core/u_fetch/branch_pc_q_reg[5]
  -------------------------------------------------------------------
                         required time                         11.730    
                         arrival time                         -14.168    
  -------------------------------------------------------------------
                         slack                                 -2.439    

Slack (VIOLATED) :        -2.430ns  (required time - arrival time)
  Source:                 u_tcm/u_ram/ram_reg_2_3/CLKARDCLK
                            (rising edge-triggered cell RAMB36E1 clocked by clk_i  {rise@0.000ns fall@5.000ns period=10.000ns})
  Destination:            u_core/u_fetch/branch_pc_q_reg[3]/D
                            (rising edge-triggered cell FDCE clocked by clk_i  {rise@0.000ns fall@5.000ns period=10.000ns})
  Path Group:             clk_i
  Path Type:              Setup (Max at Slow Process Corner)
  Requirement:            10.000ns  (clk_i rise@10.000ns - clk_i rise@0.000ns)
  Data Path Delay:        12.326ns  (logic 4.518ns (36.653%)  route 7.808ns (63.347%))
  Logic Levels:           11  (CARRY4=2 LUT5=2 LUT6=7)
  Clock Path Skew:        -0.099ns (DCD - SCD + CPR)
    Destination Clock Delay (DCD):    1.570ns = ( 11.570 - 10.000 ) 
    Source Clock Delay      (SCD):    1.784ns
    Clock Pessimism Removal (CPR):    0.115ns
  Clock Uncertainty:      0.035ns  ((TSJ^2 + TIJ^2)^1/2 + DJ) / 2 + PE
    Total System Jitter     (TSJ):    0.071ns
    Total Input Jitter      (TIJ):    0.000ns
    Discrete Jitter          (DJ):    0.000ns
    Phase Error              (PE):    0.000ns

    Location             Delay type                Incr(ns)  Path(ns)    Netlist Resource(s)
  -------------------------------------------------------------------    -------------------
                         (clock clk_i rise edge)      0.000     0.000 r  
                                                      0.000     0.000 r  clk_i (IN)
                         net (fo=2039, unset)         1.784     1.784    u_tcm/u_ram/clk_i
    RAMB36_X1Y3          RAMB36E1                                     r  u_tcm/u_ram/ram_reg_2_3/CLKARDCLK
  -------------------------------------------------------------------    -------------------
    RAMB36_X1Y3          RAMB36E1 (Prop_ramb36e1_CLKARDCLK_DOADO[1])
                                                      2.454     4.238 r  u_tcm/u_ram/ram_reg_2_3/DOADO[1]
                         net (fo=7, routed)           0.902     5.140    u_core/u_lsu/u_lsu_request/ram_read1_q[12]
    SLICE_X25Y17         LUT6 (Prop_lut6_I5_O)        0.124     5.264 r  u_core/u_lsu/u_lsu_request/result_wb_q[31]_i_11/O
                         net (fo=1, routed)           1.140     6.404    u_core/u_lsu/u_lsu_request/result_wb_q[31]_i_11_n_0
    SLICE_X26Y10         LUT6 (Prop_lut6_I4_O)        0.124     6.528 r  u_core/u_lsu/u_lsu_request/result_wb_q[31]_i_3/O
                         net (fo=36, routed)          0.982     7.510    u_core/u_lsu/u_lsu_request/result_wb_q[31]_i_3_n_0
    SLICE_X26Y10         LUT6 (Prop_lut6_I1_O)        0.124     7.634 r  u_core/u_lsu/u_lsu_request/result_wb_q[17]_i_1/O
                         net (fo=3, routed)           0.565     8.199    u_core/u_issue/u_pipe_ctrl/result_wb_q_reg[31]_1[12]
    SLICE_X21Y10         LUT6 (Prop_lut6_I2_O)        0.124     8.323 r  u_core/u_issue/u_pipe_ctrl/mem_data_wr_q[17]_i_2/O
                         net (fo=13, routed)          1.189     9.512    u_core/u_issue/u_pipe_ctrl/result_q_reg[19][1]
    SLICE_X22Y11         LUT6 (Prop_lut6_I0_O)        0.124     9.636 r  u_core/u_issue/u_pipe_ctrl/exception_e1_q[4]_i_68/O
                         net (fo=1, routed)           0.000     9.636    u_core/u_issue/u_pipe_ctrl/exception_e1_q[4]_i_68_n_0
    SLICE_X22Y11         CARRY4 (Prop_carry4_S[1]_CO[3])
                                                      0.533    10.169 r  u_core/u_issue/u_pipe_ctrl/exception_e1_q_reg[4]_i_43/CO[3]
                         net (fo=1, routed)           0.000    10.169    u_core/u_issue/u_pipe_ctrl/exception_e1_q_reg[4]_i_43_n_0
    SLICE_X22Y12         CARRY4 (Prop_carry4_CI_CO[2])
                                                      0.229    10.398 r  u_core/u_issue/u_pipe_ctrl/exception_e1_q_reg[4]_i_23/CO[2]
                         net (fo=1, routed)           0.943    11.341    u_core/u_decode/u_exec/data1_alias
    SLICE_X24Y15         LUT5 (Prop_lut5_I3_O)        0.310    11.651 r  u_core/u_decode/exception_e1_q[4]_i_7_comp_1/O
                         net (fo=8, routed)           0.649    12.300    u_core/u_decode/exception_e1_q[4]_i_7_n_0
    SLICE_X21Y18         LUT6 (Prop_lut6_I3_O)        0.124    12.424 r  u_core/u_decode/branch_pc_q[31]_i_6_comp_14/O
                         net (fo=55, routed)          0.885    13.309    u_core/u_decode/branch_pc_q[31]_i_6_n_0
    SLICE_X13Y20         LUT6 (Prop_lut6_I2_O)        0.124    13.433 r  u_core/u_decode/branch_pc_q[3]_i_2/O
                         net (fo=1, routed)           0.554    13.987    u_core/u_decode/branch_pc_q[3]_i_2_n_0
    SLICE_X13Y18         LUT5 (Prop_lut5_I2_O)        0.124    14.111 r  u_core/u_decode/branch_pc_q[3]_i_1/O
                         net (fo=1, routed)           0.000    14.111    u_core/u_fetch/D[1]
    SLICE_X13Y18         FDCE                                         r  u_core/u_fetch/branch_pc_q_reg[3]/D
  -------------------------------------------------------------------    -------------------

                         (clock clk_i rise edge)     10.000    10.000 r  
                                                      0.000    10.000 r  clk_i (IN)
                         net (fo=2039, unset)         1.570    11.570    u_core/u_fetch/clk_i
    SLICE_X13Y18         FDCE                                         r  u_core/u_fetch/branch_pc_q_reg[3]/C
                         clock pessimism              0.115    11.685    
                         clock uncertainty           -0.035    11.650    
    SLICE_X13Y18         FDCE (Setup_fdce_C_D)        0.031    11.681    u_core/u_fetch/branch_pc_q_reg[3]
  -------------------------------------------------------------------
                         required time                         11.681    
                         arrival time                         -14.111    
  -------------------------------------------------------------------
                         slack                                 -2.430    

Slack (VIOLATED) :        -2.425ns  (required time - arrival time)
  Source:                 u_tcm/u_ram/ram_reg_2_3/CLKARDCLK
                            (rising edge-triggered cell RAMB36E1 clocked by clk_i  {rise@0.000ns fall@5.000ns period=10.000ns})
  Destination:            u_core/u_decode/buffer_q_reg[45]_replica_1/D
                            (rising edge-triggered cell FDCE clocked by clk_i  {rise@0.000ns fall@5.000ns period=10.000ns})
  Path Group:             clk_i
  Path Type:              Setup (Max at Slow Process Corner)
  Requirement:            10.000ns  (clk_i rise@10.000ns - clk_i rise@0.000ns)
  Data Path Delay:        12.219ns  (logic 4.518ns (36.974%)  route 7.701ns (63.026%))
  Logic Levels:           11  (CARRY4=2 LUT4=1 LUT5=1 LUT6=7)
  Clock Path Skew:        -0.103ns (DCD - SCD + CPR)
    Destination Clock Delay (DCD):    1.566ns = ( 11.566 - 10.000 ) 
    Source Clock Delay      (SCD):    1.784ns
    Clock Pessimism Removal (CPR):    0.115ns
  Clock Uncertainty:      0.035ns  ((TSJ^2 + TIJ^2)^1/2 + DJ) / 2 + PE
    Total System Jitter     (TSJ):    0.071ns
    Total Input Jitter      (TIJ):    0.000ns
    Discrete Jitter          (DJ):    0.000ns
    Phase Error              (PE):    0.000ns

    Location             Delay type                Incr(ns)  Path(ns)    Netlist Resource(s)
  -------------------------------------------------------------------    -------------------
                         (clock clk_i rise edge)      0.000     0.000 r  
                                                      0.000     0.000 r  clk_i (IN)
                         net (fo=2039, unset)         1.784     1.784    u_tcm/u_ram/clk_i
    RAMB36_X1Y3          RAMB36E1                                     r  u_tcm/u_ram/ram_reg_2_3/CLKARDCLK
  -------------------------------------------------------------------    -------------------
    RAMB36_X1Y3          RAMB36E1 (Prop_ramb36e1_CLKARDCLK_DOADO[1])
                                                      2.454     4.238 r  u_tcm/u_ram/ram_reg_2_3/DOADO[1]
                         net (fo=7, routed)           0.902     5.140    u_core/u_lsu/u_lsu_request/ram_read1_q[12]
    SLICE_X25Y17         LUT6 (Prop_lut6_I5_O)        0.124     5.264 r  u_core/u_lsu/u_lsu_request/result_wb_q[31]_i_11/O
                         net (fo=1, routed)           1.140     6.404    u_core/u_lsu/u_lsu_request/result_wb_q[31]_i_11_n_0
    SLICE_X26Y10         LUT6 (Prop_lut6_I4_O)        0.124     6.528 r  u_core/u_lsu/u_lsu_request/result_wb_q[31]_i_3/O
                         net (fo=36, routed)          0.982     7.510    u_core/u_lsu/u_lsu_request/result_wb_q[31]_i_3_n_0
    SLICE_X26Y10         LUT6 (Prop_lut6_I1_O)        0.124     7.634 r  u_core/u_lsu/u_lsu_request/result_wb_q[17]_i_1/O
                         net (fo=3, routed)           0.565     8.199    u_core/u_issue/u_pipe_ctrl/result_wb_q_reg[31]_1[12]
    SLICE_X21Y10         LUT6 (Prop_lut6_I2_O)        0.124     8.323 r  u_core/u_issue/u_pipe_ctrl/mem_data_wr_q[17]_i_2/O
                         net (fo=13, routed)          1.189     9.512    u_core/u_issue/u_pipe_ctrl/result_q_reg[19][1]
    SLICE_X22Y11         LUT6 (Prop_lut6_I0_O)        0.124     9.636 r  u_core/u_issue/u_pipe_ctrl/exception_e1_q[4]_i_68/O
                         net (fo=1, routed)           0.000     9.636    u_core/u_issue/u_pipe_ctrl/exception_e1_q[4]_i_68_n_0
    SLICE_X22Y11         CARRY4 (Prop_carry4_S[1]_CO[3])
                                                      0.533    10.169 r  u_core/u_issue/u_pipe_ctrl/exception_e1_q_reg[4]_i_43/CO[3]
                         net (fo=1, routed)           0.000    10.169    u_core/u_issue/u_pipe_ctrl/exception_e1_q_reg[4]_i_43_n_0
    SLICE_X22Y12         CARRY4 (Prop_carry4_CI_CO[2])
                                                      0.229    10.398 f  u_core/u_issue/u_pipe_ctrl/exception_e1_q_reg[4]_i_23/CO[2]
                         net (fo=1, routed)           0.943    11.341    u_core/u_decode/u_exec/data1_alias
    SLICE_X24Y15         LUT5 (Prop_lut5_I3_O)        0.310    11.651 f  u_core/u_decode/exception_e1_q[4]_i_7_comp_1/O
                         net (fo=8, routed)           0.572    12.223    u_core/u_decode/exception_e1_q[4]_i_7_n_0
    SLICE_X21Y16         LUT6 (Prop_lut6_I5_O)        0.124    12.347 f  u_core/u_decode/branch_q_i_4/O
                         net (fo=3, routed)           0.176    12.523    u_core/u_decode/branch_q_i_4_n_0
    SLICE_X21Y16         LUT6 (Prop_lut6_I3_O)        0.124    12.647 f  u_core/u_decode/branch_q_i_1__0/O
                         net (fo=94, routed)          0.695    13.342    u_core/u_fetch/branch_request_w
    SLICE_X16Y17         LUT4 (Prop_lut4_I3_O)        0.124    13.466 r  u_core/u_fetch/buffer_q[45]_i_1/O
                         net (fo=3, routed)           0.538    14.004    u_core/u_decode/buffer_q_reg[67]_0[43]
    SLICE_X15Y22         FDCE                                         r  u_core/u_decode/buffer_q_reg[45]_replica_1/D
  -------------------------------------------------------------------    -------------------

                         (clock clk_i rise edge)     10.000    10.000 r  
                                                      0.000    10.000 r  clk_i (IN)
                         net (fo=2039, unset)         1.566    11.566    u_core/u_decode/clk_i
    SLICE_X15Y22         FDCE                                         r  u_core/u_decode/buffer_q_reg[45]_replica_1/C
                         clock pessimism              0.115    11.681    
                         clock uncertainty           -0.035    11.646    
    SLICE_X15Y22         FDCE (Setup_fdce_C_D)       -0.067    11.579    u_core/u_decode/buffer_q_reg[45]_replica_1
  -------------------------------------------------------------------
                         required time                         11.579    
                         arrival time                         -14.004    
  -------------------------------------------------------------------
                         slack                                 -2.425    

Slack (VIOLATED) :        -2.423ns  (required time - arrival time)
  Source:                 u_tcm/u_ram/ram_reg_2_3/CLKARDCLK
                            (rising edge-triggered cell RAMB36E1 clocked by clk_i  {rise@0.000ns fall@5.000ns period=10.000ns})
  Destination:            u_core/u_fetch/branch_pc_q_reg[23]/D
                            (rising edge-triggered cell FDCE clocked by clk_i  {rise@0.000ns fall@5.000ns period=10.000ns})
  Path Group:             clk_i
  Path Type:              Setup (Max at Slow Process Corner)
  Requirement:            10.000ns  (clk_i rise@10.000ns - clk_i rise@0.000ns)
  Data Path Delay:        12.312ns  (logic 4.518ns (36.697%)  route 7.794ns (63.303%))
  Logic Levels:           11  (CARRY4=2 LUT5=2 LUT6=7)
  Clock Path Skew:        -0.104ns (DCD - SCD + CPR)
    Destination Clock Delay (DCD):    1.565ns = ( 11.565 - 10.000 ) 
    Source Clock Delay      (SCD):    1.784ns
    Clock Pessimism Removal (CPR):    0.115ns
  Clock Uncertainty:      0.035ns  ((TSJ^2 + TIJ^2)^1/2 + DJ) / 2 + PE
    Total System Jitter     (TSJ):    0.071ns
    Total Input Jitter      (TIJ):    0.000ns
    Discrete Jitter          (DJ):    0.000ns
    Phase Error              (PE):    0.000ns

    Location             Delay type                Incr(ns)  Path(ns)    Netlist Resource(s)
  -------------------------------------------------------------------    -------------------
                         (clock clk_i rise edge)      0.000     0.000 r  
                                                      0.000     0.000 r  clk_i (IN)
                         net (fo=2039, unset)         1.784     1.784    u_tcm/u_ram/clk_i
    RAMB36_X1Y3          RAMB36E1                                     r  u_tcm/u_ram/ram_reg_2_3/CLKARDCLK
  -------------------------------------------------------------------    -------------------
    RAMB36_X1Y3          RAMB36E1 (Prop_ramb36e1_CLKARDCLK_DOADO[1])
                                                      2.454     4.238 r  u_tcm/u_ram/ram_reg_2_3/DOADO[1]
                         net (fo=7, routed)           0.902     5.140    u_core/u_lsu/u_lsu_request/ram_read1_q[12]
    SLICE_X25Y17         LUT6 (Prop_lut6_I5_O)        0.124     5.264 r  u_core/u_lsu/u_lsu_request/result_wb_q[31]_i_11/O
                         net (fo=1, routed)           1.140     6.404    u_core/u_lsu/u_lsu_request/result_wb_q[31]_i_11_n_0
    SLICE_X26Y10         LUT6 (Prop_lut6_I4_O)        0.124     6.528 r  u_core/u_lsu/u_lsu_request/result_wb_q[31]_i_3/O
                         net (fo=36, routed)          0.982     7.510    u_core/u_lsu/u_lsu_request/result_wb_q[31]_i_3_n_0
    SLICE_X26Y10         LUT6 (Prop_lut6_I1_O)        0.124     7.634 r  u_core/u_lsu/u_lsu_request/result_wb_q[17]_i_1/O
                         net (fo=3, routed)           0.565     8.199    u_core/u_issue/u_pipe_ctrl/result_wb_q_reg[31]_1[12]
    SLICE_X21Y10         LUT6 (Prop_lut6_I2_O)        0.124     8.323 r  u_core/u_issue/u_pipe_ctrl/mem_data_wr_q[17]_i_2/O
                         net (fo=13, routed)          1.189     9.512    u_core/u_issue/u_pipe_ctrl/result_q_reg[19][1]
    SLICE_X22Y11         LUT6 (Prop_lut6_I0_O)        0.124     9.636 r  u_core/u_issue/u_pipe_ctrl/exception_e1_q[4]_i_68/O
                         net (fo=1, routed)           0.000     9.636    u_core/u_issue/u_pipe_ctrl/exception_e1_q[4]_i_68_n_0
    SLICE_X22Y11         CARRY4 (Prop_carry4_S[1]_CO[3])
                                                      0.533    10.169 r  u_core/u_issue/u_pipe_ctrl/exception_e1_q_reg[4]_i_43/CO[3]
                         net (fo=1, routed)           0.000    10.169    u_core/u_issue/u_pipe_ctrl/exception_e1_q_reg[4]_i_43_n_0
    SLICE_X22Y12         CARRY4 (Prop_carry4_CI_CO[2])
                                                      0.229    10.398 r  u_core/u_issue/u_pipe_ctrl/exception_e1_q_reg[4]_i_23/CO[2]
                         net (fo=1, routed)           0.943    11.341    u_core/u_decode/u_exec/data1_alias
    SLICE_X24Y15         LUT5 (Prop_lut5_I3_O)        0.310    11.651 r  u_core/u_decode/exception_e1_q[4]_i_7_comp_1/O
                         net (fo=8, routed)           0.649    12.300    u_core/u_decode/exception_e1_q[4]_i_7_n_0
    SLICE_X21Y18         LUT6 (Prop_lut6_I3_O)        0.124    12.424 r  u_core/u_decode/branch_pc_q[31]_i_6_comp_14/O
                         net (fo=55, routed)          0.872    13.296    u_core/u_decode/branch_pc_q[31]_i_6_n_0
    SLICE_X14Y22         LUT6 (Prop_lut6_I2_O)        0.124    13.420 r  u_core/u_decode/branch_pc_q[23]_i_2/O
                         net (fo=1, routed)           0.553    13.972    u_core/u_decode/branch_pc_q[23]_i_2_n_0
    SLICE_X19Y23         LUT5 (Prop_lut5_I2_O)        0.124    14.096 r  u_core/u_decode/branch_pc_q[23]_i_1/O
                         net (fo=1, routed)           0.000    14.096    u_core/u_fetch/D[21]
    SLICE_X19Y23         FDCE                                         r  u_core/u_fetch/branch_pc_q_reg[23]/D
  -------------------------------------------------------------------    -------------------

                         (clock clk_i rise edge)     10.000    10.000 r  
                                                      0.000    10.000 r  clk_i (IN)
                         net (fo=2039, unset)         1.565    11.565    u_core/u_fetch/clk_i
    SLICE_X19Y23         FDCE                                         r  u_core/u_fetch/branch_pc_q_reg[23]/C
                         clock pessimism              0.115    11.680    
                         clock uncertainty           -0.035    11.645    
    SLICE_X19Y23         FDCE (Setup_fdce_C_D)        0.029    11.674    u_core/u_fetch/branch_pc_q_reg[23]
  -------------------------------------------------------------------
                         required time                         11.674    
                         arrival time                         -14.096    
  -------------------------------------------------------------------
                         slack                                 -2.423    

Slack (VIOLATED) :        -2.422ns  (required time - arrival time)
  Source:                 u_tcm/u_ram/ram_reg_2_3/CLKARDCLK
                            (rising edge-triggered cell RAMB36E1 clocked by clk_i  {rise@0.000ns fall@5.000ns period=10.000ns})
  Destination:            u_core/u_fetch/branch_pc_q_reg[4]/D
                            (rising edge-triggered cell FDCE clocked by clk_i  {rise@0.000ns fall@5.000ns period=10.000ns})
  Path Group:             clk_i
  Path Type:              Setup (Max at Slow Process Corner)
  Requirement:            10.000ns  (clk_i rise@10.000ns - clk_i rise@0.000ns)
  Data Path Delay:        12.371ns  (logic 4.518ns (36.521%)  route 7.853ns (63.479%))
  Logic Levels:           11  (CARRY4=2 LUT5=2 LUT6=7)
  Clock Path Skew:        -0.096ns (DCD - SCD + CPR)
    Destination Clock Delay (DCD):    1.573ns = ( 11.573 - 10.000 ) 
    Source Clock Delay      (SCD):    1.784ns
    Clock Pessimism Removal (CPR):    0.115ns
  Clock Uncertainty:      0.035ns  ((TSJ^2 + TIJ^2)^1/2 + DJ) / 2 + PE
    Total System Jitter     (TSJ):    0.071ns
    Total Input Jitter      (TIJ):    0.000ns
    Discrete Jitter          (DJ):    0.000ns
    Phase Error              (PE):    0.000ns

    Location             Delay type                Incr(ns)  Path(ns)    Netlist Resource(s)
  -------------------------------------------------------------------    -------------------
                         (clock clk_i rise edge)      0.000     0.000 r  
                                                      0.000     0.000 r  clk_i (IN)
                         net (fo=2039, unset)         1.784     1.784    u_tcm/u_ram/clk_i
    RAMB36_X1Y3          RAMB36E1                                     r  u_tcm/u_ram/ram_reg_2_3/CLKARDCLK
  -------------------------------------------------------------------    -------------------
    RAMB36_X1Y3          RAMB36E1 (Prop_ramb36e1_CLKARDCLK_DOADO[1])
                                                      2.454     4.238 r  u_tcm/u_ram/ram_reg_2_3/DOADO[1]
                         net (fo=7, routed)           0.902     5.140    u_core/u_lsu/u_lsu_request/ram_read1_q[12]
    SLICE_X25Y17         LUT6 (Prop_lut6_I5_O)        0.124     5.264 r  u_core/u_lsu/u_lsu_request/result_wb_q[31]_i_11/O
                         net (fo=1, routed)           1.140     6.404    u_core/u_lsu/u_lsu_request/result_wb_q[31]_i_11_n_0
    SLICE_X26Y10         LUT6 (Prop_lut6_I4_O)        0.124     6.528 r  u_core/u_lsu/u_lsu_request/result_wb_q[31]_i_3/O
                         net (fo=36, routed)          0.982     7.510    u_core/u_lsu/u_lsu_request/result_wb_q[31]_i_3_n_0
    SLICE_X26Y10         LUT6 (Prop_lut6_I1_O)        0.124     7.634 r  u_core/u_lsu/u_lsu_request/result_wb_q[17]_i_1/O
                         net (fo=3, routed)           0.565     8.199    u_core/u_issue/u_pipe_ctrl/result_wb_q_reg[31]_1[12]
    SLICE_X21Y10         LUT6 (Prop_lut6_I2_O)        0.124     8.323 r  u_core/u_issue/u_pipe_ctrl/mem_data_wr_q[17]_i_2/O
                         net (fo=13, routed)          1.189     9.512    u_core/u_issue/u_pipe_ctrl/result_q_reg[19][1]
    SLICE_X22Y11         LUT6 (Prop_lut6_I0_O)        0.124     9.636 r  u_core/u_issue/u_pipe_ctrl/exception_e1_q[4]_i_68/O
                         net (fo=1, routed)           0.000     9.636    u_core/u_issue/u_pipe_ctrl/exception_e1_q[4]_i_68_n_0
    SLICE_X22Y11         CARRY4 (Prop_carry4_S[1]_CO[3])
                                                      0.533    10.169 r  u_core/u_issue/u_pipe_ctrl/exception_e1_q_reg[4]_i_43/CO[3]
                         net (fo=1, routed)           0.000    10.169    u_core/u_issue/u_pipe_ctrl/exception_e1_q_reg[4]_i_43_n_0
    SLICE_X22Y12         CARRY4 (Prop_carry4_CI_CO[2])
                                                      0.229    10.398 r  u_core/u_issue/u_pipe_ctrl/exception_e1_q_reg[4]_i_23/CO[2]
                         net (fo=1, routed)           0.943    11.341    u_core/u_decode/u_exec/data1_alias
    SLICE_X24Y15         LUT5 (Prop_lut5_I3_O)        0.310    11.651 r  u_core/u_decode/exception_e1_q[4]_i_7_comp_1/O
                         net (fo=8, routed)           0.649    12.300    u_core/u_decode/exception_e1_q[4]_i_7_n_0
    SLICE_X21Y18         LUT6 (Prop_lut6_I3_O)        0.124    12.424 r  u_core/u_decode/branch_pc_q[31]_i_6_comp_14/O
                         net (fo=55, routed)          0.774    13.197    u_core/u_decode/branch_pc_q[31]_i_6_n_0
    SLICE_X16Y12         LUT6 (Prop_lut6_I3_O)        0.124    13.321 r  u_core/u_decode/branch_pc_q[4]_i_3/O
                         net (fo=1, routed)           0.710    14.031    u_core/u_decode/branch_pc_q[4]_i_3_n_0
    SLICE_X16Y16         LUT5 (Prop_lut5_I3_O)        0.124    14.155 r  u_core/u_decode/branch_pc_q[4]_i_1/O
                         net (fo=1, routed)           0.000    14.155    u_core/u_fetch/D[2]
    SLICE_X16Y16         FDCE                                         r  u_core/u_fetch/branch_pc_q_reg[4]/D
  -------------------------------------------------------------------    -------------------

                         (clock clk_i rise edge)     10.000    10.000 r  
                                                      0.000    10.000 r  clk_i (IN)
                         net (fo=2039, unset)         1.573    11.573    u_core/u_fetch/clk_i
    SLICE_X16Y16         FDCE                                         r  u_core/u_fetch/branch_pc_q_reg[4]/C
                         clock pessimism              0.115    11.688    
                         clock uncertainty           -0.035    11.653    
    SLICE_X16Y16         FDCE (Setup_fdce_C_D)        0.081    11.734    u_core/u_fetch/branch_pc_q_reg[4]
  -------------------------------------------------------------------
                         required time                         11.734    
                         arrival time                         -14.155    
  -------------------------------------------------------------------
                         slack                                 -2.422    

Slack (VIOLATED) :        -2.419ns  (required time - arrival time)
  Source:                 u_tcm/u_ram/ram_reg_2_3/CLKARDCLK
                            (rising edge-triggered cell RAMB36E1 clocked by clk_i  {rise@0.000ns fall@5.000ns period=10.000ns})
  Destination:            u_core/u_fetch/branch_pc_q_reg[19]/CE
                            (rising edge-triggered cell FDCE clocked by clk_i  {rise@0.000ns fall@5.000ns period=10.000ns})
  Path Group:             clk_i
  Path Type:              Setup (Max at Slow Process Corner)
  Requirement:            10.000ns  (clk_i rise@10.000ns - clk_i rise@0.000ns)
  Data Path Delay:        12.074ns  (logic 4.394ns (36.391%)  route 7.680ns (63.609%))
  Logic Levels:           10  (CARRY4=2 LUT5=1 LUT6=7)
  Clock Path Skew:        -0.104ns (DCD - SCD + CPR)
    Destination Clock Delay (DCD):    1.565ns = ( 11.565 - 10.000 ) 
    Source Clock Delay      (SCD):    1.784ns
    Clock Pessimism Removal (CPR):    0.115ns
  Clock Uncertainty:      0.035ns  ((TSJ^2 + TIJ^2)^1/2 + DJ) / 2 + PE
    Total System Jitter     (TSJ):    0.071ns
    Total Input Jitter      (TIJ):    0.000ns
    Discrete Jitter          (DJ):    0.000ns
    Phase Error              (PE):    0.000ns

    Location             Delay type                Incr(ns)  Path(ns)    Netlist Resource(s)
  -------------------------------------------------------------------    -------------------
                         (clock clk_i rise edge)      0.000     0.000 r  
                                                      0.000     0.000 r  clk_i (IN)
                         net (fo=2039, unset)         1.784     1.784    u_tcm/u_ram/clk_i
    RAMB36_X1Y3          RAMB36E1                                     r  u_tcm/u_ram/ram_reg_2_3/CLKARDCLK
  -------------------------------------------------------------------    -------------------
    RAMB36_X1Y3          RAMB36E1 (Prop_ramb36e1_CLKARDCLK_DOADO[1])
                                                      2.454     4.238 r  u_tcm/u_ram/ram_reg_2_3/DOADO[1]
                         net (fo=7, routed)           0.902     5.140    u_core/u_lsu/u_lsu_request/ram_read1_q[12]
    SLICE_X25Y17         LUT6 (Prop_lut6_I5_O)        0.124     5.264 r  u_core/u_lsu/u_lsu_request/result_wb_q[31]_i_11/O
                         net (fo=1, routed)           1.140     6.404    u_core/u_lsu/u_lsu_request/result_wb_q[31]_i_11_n_0
    SLICE_X26Y10         LUT6 (Prop_lut6_I4_O)        0.124     6.528 r  u_core/u_lsu/u_lsu_request/result_wb_q[31]_i_3/O
                         net (fo=36, routed)          0.982     7.510    u_core/u_lsu/u_lsu_request/result_wb_q[31]_i_3_n_0
    SLICE_X26Y10         LUT6 (Prop_lut6_I1_O)        0.124     7.634 r  u_core/u_lsu/u_lsu_request/result_wb_q[17]_i_1/O
                         net (fo=3, routed)           0.565     8.199    u_core/u_issue/u_pipe_ctrl/result_wb_q_reg[31]_1[12]
    SLICE_X21Y10         LUT6 (Prop_lut6_I2_O)        0.124     8.323 r  u_core/u_issue/u_pipe_ctrl/mem_data_wr_q[17]_i_2/O
                         net (fo=13, routed)          1.189     9.512    u_core/u_issue/u_pipe_ctrl/result_q_reg[19][1]
    SLICE_X22Y11         LUT6 (Prop_lut6_I0_O)        0.124     9.636 r  u_core/u_issue/u_pipe_ctrl/exception_e1_q[4]_i_68/O
                         net (fo=1, routed)           0.000     9.636    u_core/u_issue/u_pipe_ctrl/exception_e1_q[4]_i_68_n_0
    SLICE_X22Y11         CARRY4 (Prop_carry4_S[1]_CO[3])
                                                      0.533    10.169 r  u_core/u_issue/u_pipe_ctrl/exception_e1_q_reg[4]_i_43/CO[3]
                         net (fo=1, routed)           0.000    10.169    u_core/u_issue/u_pipe_ctrl/exception_e1_q_reg[4]_i_43_n_0
    SLICE_X22Y12         CARRY4 (Prop_carry4_CI_CO[2])
                                                      0.229    10.398 r  u_core/u_issue/u_pipe_ctrl/exception_e1_q_reg[4]_i_23/CO[2]
                         net (fo=1, routed)           0.943    11.341    u_core/u_decode/u_exec/data1_alias
    SLICE_X24Y15         LUT5 (Prop_lut5_I3_O)        0.310    11.651 r  u_core/u_decode/exception_e1_q[4]_i_7_comp_1/O
                         net (fo=8, routed)           0.572    12.223    u_core/u_decode/exception_e1_q[4]_i_7_n_0
    SLICE_X21Y16         LUT6 (Prop_lut6_I5_O)        0.124    12.347 r  u_core/u_decode/branch_q_i_4/O
                         net (fo=3, routed)           0.600    12.948    u_core/u_fetch/branch_q_i_4_n_0_alias
    SLICE_X18Y16         LUT6 (Prop_lut6_I4_O)        0.124    13.072 r  u_core/u_fetch/branch_pc_q[31]_i_1_comp/O
                         net (fo=31, routed)          0.787    13.859    u_core/u_fetch/branch_pc_q[31]_i_1_n_0
    SLICE_X19Y26         FDCE                                         r  u_core/u_fetch/branch_pc_q_reg[19]/CE
  -------------------------------------------------------------------    -------------------

                         (clock clk_i rise edge)     10.000    10.000 r  
                                                      0.000    10.000 r  clk_i (IN)
                         net (fo=2039, unset)         1.565    11.565    u_core/u_fetch/clk_i
    SLICE_X19Y26         FDCE                                         r  u_core/u_fetch/branch_pc_q_reg[19]/C
                         clock pessimism              0.115    11.680    
                         clock uncertainty           -0.035    11.645    
    SLICE_X19Y26         FDCE (Setup_fdce_C_CE)      -0.205    11.440    u_core/u_fetch/branch_pc_q_reg[19]
  -------------------------------------------------------------------
                         required time                         11.440    
                         arrival time                         -13.859    
  -------------------------------------------------------------------
                         slack                                 -2.419    





Min Delay Paths
--------------------------------------------------------------------------------------
Slack (MET) :             0.088ns  (arrival time - required time)
  Source:                 u_core/u_fetch/pc_f_q_reg[6]/C
                            (rising edge-triggered cell FDCE clocked by clk_i  {rise@0.000ns fall@5.000ns period=10.000ns})
  Destination:            u_tcm/u_ram/ram_reg_2_1/ADDRBWRADDR[5]
                            (rising edge-triggered cell RAMB36E1 clocked by clk_i  {rise@0.000ns fall@5.000ns period=10.000ns})
  Path Group:             clk_i
  Path Type:              Hold (Min at Fast Process Corner)
  Requirement:            0.000ns  (clk_i rise@0.000ns - clk_i rise@0.000ns)
  Data Path Delay:        0.349ns  (logic 0.164ns (46.964%)  route 0.185ns (53.036%))
  Logic Levels:           0  
  Clock Path Skew:        0.078ns (DCD - SCD - CPR)
    Destination Clock Delay (DCD):    0.895ns
    Source Clock Delay      (SCD):    0.583ns
    Clock Pessimism Removal (CPR):    0.234ns

    Location             Delay type                Incr(ns)  Path(ns)    Netlist Resource(s)
  -------------------------------------------------------------------    -------------------
                         (clock clk_i rise edge)      0.000     0.000 r  
                                                      0.000     0.000 r  clk_i (IN)
                         net (fo=2039, unset)         0.583     0.583    u_core/u_fetch/clk_i
    SLICE_X10Y23         FDCE                                         r  u_core/u_fetch/pc_f_q_reg[6]/C
  -------------------------------------------------------------------    -------------------
    SLICE_X10Y23         FDCE (Prop_fdce_C_Q)         0.164     0.747 r  u_core/u_fetch/pc_f_q_reg[6]/Q
                         net (fo=18, routed)          0.185     0.932    u_tcm/u_ram/icache_pc_o[4]
    RAMB36_X0Y4          RAMB36E1                                     r  u_tcm/u_ram/ram_reg_2_1/ADDRBWRADDR[5]
  -------------------------------------------------------------------    -------------------

                         (clock clk_i rise edge)      0.000     0.000 r  
                                                      0.000     0.000 r  clk_i (IN)
                         net (fo=2039, unset)         0.895     0.895    u_tcm/u_ram/clk_i
    RAMB36_X0Y4          RAMB36E1                                     r  u_tcm/u_ram/ram_reg_2_1/CLKBWRCLK
                         clock pessimism             -0.234     0.661    
    RAMB36_X0Y4          RAMB36E1 (Hold_ramb36e1_CLKBWRCLK_ADDRBWRADDR[5])
                                                      0.183     0.844    u_tcm/u_ram/ram_reg_2_1
  -------------------------------------------------------------------
                         required time                         -0.844    
                         arrival time                           0.932    
  -------------------------------------------------------------------
                         slack                                  0.088    

Slack (MET) :             0.105ns  (arrival time - required time)
  Source:                 u_core/u_fetch/pc_f_q_reg[26]/C
                            (rising edge-triggered cell FDCE clocked by clk_i  {rise@0.000ns fall@5.000ns period=10.000ns})
  Destination:            u_core/u_fetch/pc_d_q_reg[26]/D
                            (rising edge-triggered cell FDCE clocked by clk_i  {rise@0.000ns fall@5.000ns period=10.000ns})
  Path Group:             clk_i
  Path Type:              Hold (Min at Fast Process Corner)
  Requirement:            0.000ns  (clk_i rise@0.000ns - clk_i rise@0.000ns)
  Data Path Delay:        0.195ns  (logic 0.141ns (72.269%)  route 0.054ns (27.731%))
  Logic Levels:           0  
  Clock Path Skew:        0.014ns (DCD - SCD - CPR)
    Destination Clock Delay (DCD):    0.850ns
    Source Clock Delay      (SCD):    0.583ns
    Clock Pessimism Removal (CPR):    0.253ns

    Location             Delay type                Incr(ns)  Path(ns)    Netlist Resource(s)
  -------------------------------------------------------------------    -------------------
                         (clock clk_i rise edge)      0.000     0.000 r  
                                                      0.000     0.000 r  clk_i (IN)
                         net (fo=2039, unset)         0.583     0.583    u_core/u_fetch/clk_i
    SLICE_X13Y26         FDCE                                         r  u_core/u_fetch/pc_f_q_reg[26]/C
  -------------------------------------------------------------------    -------------------
    SLICE_X13Y26         FDCE (Prop_fdce_C_Q)         0.141     0.724 r  u_core/u_fetch/pc_f_q_reg[26]/Q
                         net (fo=2, routed)           0.054     0.778    u_core/u_fetch/pc_f_q_reg_n_0_[26]
    SLICE_X12Y26         FDCE                                         r  u_core/u_fetch/pc_d_q_reg[26]/D
  -------------------------------------------------------------------    -------------------

                         (clock clk_i rise edge)      0.000     0.000 r  
                                                      0.000     0.000 r  clk_i (IN)
                         net (fo=2039, unset)         0.850     0.850    u_core/u_fetch/clk_i
    SLICE_X12Y26         FDCE                                         r  u_core/u_fetch/pc_d_q_reg[26]/C
                         clock pessimism             -0.253     0.597    
    SLICE_X12Y26         FDCE (Hold_fdce_C_D)         0.076     0.673    u_core/u_fetch/pc_d_q_reg[26]
  -------------------------------------------------------------------
                         required time                         -0.673    
                         arrival time                           0.778    
  -------------------------------------------------------------------
                         slack                                  0.105    

Slack (MET) :             0.160ns  (arrival time - required time)
  Source:                 u_core/u_csr/u_csrfile/csr_mtvec_q_reg[22]/C
                            (rising edge-triggered cell FDCE clocked by clk_i  {rise@0.000ns fall@5.000ns period=10.000ns})
  Destination:            u_core/u_csr/branch_target_q_reg[22]/D
                            (rising edge-triggered cell FDCE clocked by clk_i  {rise@0.000ns fall@5.000ns period=10.000ns})
  Path Group:             clk_i
  Path Type:              Hold (Min at Fast Process Corner)
  Requirement:            0.000ns  (clk_i rise@0.000ns - clk_i rise@0.000ns)
  Data Path Delay:        0.311ns  (logic 0.186ns (59.712%)  route 0.125ns (40.288%))
  Logic Levels:           1  (LUT6=1)
  Clock Path Skew:        0.030ns (DCD - SCD - CPR)
    Destination Clock Delay (DCD):    0.817ns
    Source Clock Delay      (SCD):    0.553ns
    Clock Pessimism Removal (CPR):    0.234ns

    Location             Delay type                Incr(ns)  Path(ns)    Netlist Resource(s)
  -------------------------------------------------------------------    -------------------
                         (clock clk_i rise edge)      0.000     0.000 r  
                                                      0.000     0.000 r  clk_i (IN)
                         net (fo=2039, unset)         0.553     0.553    u_core/u_csr/u_csrfile/clk_i
    SLICE_X35Y28         FDCE                                         r  u_core/u_csr/u_csrfile/csr_mtvec_q_reg[22]/C
  -------------------------------------------------------------------    -------------------
    SLICE_X35Y28         FDCE (Prop_fdce_C_Q)         0.141     0.694 r  u_core/u_csr/u_csrfile/csr_mtvec_q_reg[22]/Q
                         net (fo=2, routed)           0.125     0.819    u_core/u_issue/u_pipe_ctrl/branch_target_q_reg[31]_0[20]
    SLICE_X32Y27         LUT6 (Prop_lut6_I3_O)        0.045     0.864 r  u_core/u_issue/u_pipe_ctrl/branch_target_q[22]_i_1/O
                         net (fo=1, routed)           0.000     0.864    u_core/u_csr/branch_target_q_reg[31]_2[20]
    SLICE_X32Y27         FDCE                                         r  u_core/u_csr/branch_target_q_reg[22]/D
  -------------------------------------------------------------------    -------------------

                         (clock clk_i rise edge)      0.000     0.000 r  
                                                      0.000     0.000 r  clk_i (IN)
                         net (fo=2039, unset)         0.817     0.817    u_core/u_csr/clk_i
    SLICE_X32Y27         FDCE                                         r  u_core/u_csr/branch_target_q_reg[22]/C
                         clock pessimism             -0.234     0.583    
    SLICE_X32Y27         FDCE (Hold_fdce_C_D)         0.121     0.704    u_core/u_csr/branch_target_q_reg[22]
  -------------------------------------------------------------------
                         required time                         -0.704    
                         arrival time                           0.864    
  -------------------------------------------------------------------
                         slack                                  0.160    

Slack (MET) :             0.161ns  (arrival time - required time)
  Source:                 u_core/u_issue/u_pipe_ctrl/opcode_e2_q_reg[29]/C
                            (rising edge-triggered cell FDCE clocked by clk_i  {rise@0.000ns fall@5.000ns period=10.000ns})
  Destination:            u_core/u_issue/u_pipe_ctrl/opcode_wb_q_reg[29]/D
                            (rising edge-triggered cell FDCE clocked by clk_i  {rise@0.000ns fall@5.000ns period=10.000ns})
  Path Group:             clk_i
  Path Type:              Hold (Min at Fast Process Corner)
  Requirement:            0.000ns  (clk_i rise@0.000ns - clk_i rise@0.000ns)
  Data Path Delay:        0.249ns  (logic 0.141ns (56.587%)  route 0.108ns (43.413%))
  Logic Levels:           0  
  Clock Path Skew:        0.012ns (DCD - SCD - CPR)
    Destination Clock Delay (DCD):    0.815ns
    Source Clock Delay      (SCD):    0.551ns
    Clock Pessimism Removal (CPR):    0.252ns

    Location             Delay type                Incr(ns)  Path(ns)    Netlist Resource(s)
  -------------------------------------------------------------------    -------------------
                         (clock clk_i rise edge)      0.000     0.000 r  
                                                      0.000     0.000 r  clk_i (IN)
                         net (fo=2039, unset)         0.551     0.551    u_core/u_issue/u_pipe_ctrl/clk_i
    SLICE_X37Y21         FDCE                                         r  u_core/u_issue/u_pipe_ctrl/opcode_e2_q_reg[29]/C
  -------------------------------------------------------------------    -------------------
    SLICE_X37Y21         FDCE (Prop_fdce_C_Q)         0.141     0.692 r  u_core/u_issue/u_pipe_ctrl/opcode_e2_q_reg[29]/Q
                         net (fo=1, routed)           0.108     0.800    u_core/u_issue/u_pipe_ctrl/opcode_e2_q_reg_n_0_[29]
    SLICE_X36Y22         FDCE                                         r  u_core/u_issue/u_pipe_ctrl/opcode_wb_q_reg[29]/D
  -------------------------------------------------------------------    -------------------

                         (clock clk_i rise edge)      0.000     0.000 r  
                                                      0.000     0.000 r  clk_i (IN)
                         net (fo=2039, unset)         0.815     0.815    u_core/u_issue/u_pipe_ctrl/clk_i
    SLICE_X36Y22         FDCE                                         r  u_core/u_issue/u_pipe_ctrl/opcode_wb_q_reg[29]/C
                         clock pessimism             -0.252     0.563    
    SLICE_X36Y22         FDCE (Hold_fdce_C_D)         0.076     0.639    u_core/u_issue/u_pipe_ctrl/opcode_wb_q_reg[29]
  -------------------------------------------------------------------
                         required time                         -0.639    
                         arrival time                           0.800    
  -------------------------------------------------------------------
                         slack                                  0.161    

Slack (MET) :             0.165ns  (arrival time - required time)
  Source:                 u_core/u_fetch/pc_f_q_reg[27]/C
                            (rising edge-triggered cell FDCE clocked by clk_i  {rise@0.000ns fall@5.000ns period=10.000ns})
  Destination:            u_core/u_fetch/pc_d_q_reg[27]/D
                            (rising edge-triggered cell FDCE clocked by clk_i  {rise@0.000ns fall@5.000ns period=10.000ns})
  Path Group:             clk_i
  Path Type:              Hold (Min at Fast Process Corner)
  Requirement:            0.000ns  (clk_i rise@0.000ns - clk_i rise@0.000ns)
  Data Path Delay:        0.255ns  (logic 0.141ns (55.212%)  route 0.114ns (44.788%))
  Logic Levels:           0  
  Clock Path Skew:        0.014ns (DCD - SCD - CPR)
    Destination Clock Delay (DCD):    0.850ns
    Source Clock Delay      (SCD):    0.583ns
    Clock Pessimism Removal (CPR):    0.253ns

    Location             Delay type                Incr(ns)  Path(ns)    Netlist Resource(s)
  -------------------------------------------------------------------    -------------------
                         (clock clk_i rise edge)      0.000     0.000 r  
                                                      0.000     0.000 r  clk_i (IN)
                         net (fo=2039, unset)         0.583     0.583    u_core/u_fetch/clk_i
    SLICE_X13Y26         FDCE                                         r  u_core/u_fetch/pc_f_q_reg[27]/C
  -------------------------------------------------------------------    -------------------
    SLICE_X13Y26         FDCE (Prop_fdce_C_Q)         0.141     0.724 r  u_core/u_fetch/pc_f_q_reg[27]/Q
                         net (fo=2, routed)           0.114     0.838    u_core/u_fetch/pc_f_q_reg_n_0_[27]
    SLICE_X12Y26         FDCE                                         r  u_core/u_fetch/pc_d_q_reg[27]/D
  -------------------------------------------------------------------    -------------------

                         (clock clk_i rise edge)      0.000     0.000 r  
                                                      0.000     0.000 r  clk_i (IN)
                         net (fo=2039, unset)         0.850     0.850    u_core/u_fetch/clk_i
    SLICE_X12Y26         FDCE                                         r  u_core/u_fetch/pc_d_q_reg[27]/C
                         clock pessimism             -0.253     0.597    
    SLICE_X12Y26         FDCE (Hold_fdce_C_D)         0.076     0.673    u_core/u_fetch/pc_d_q_reg[27]
  -------------------------------------------------------------------
                         required time                         -0.673    
                         arrival time                           0.838    
  -------------------------------------------------------------------
                         slack                                  0.165    

Slack (MET) :             0.168ns  (arrival time - required time)
  Source:                 u_core/u_fetch/pc_f_q_reg[15]/C
                            (rising edge-triggered cell FDCE clocked by clk_i  {rise@0.000ns fall@5.000ns period=10.000ns})
  Destination:            u_tcm/u_ram/ram_reg_2_1/ADDRBWRADDR[14]
                            (rising edge-triggered cell RAMB36E1 clocked by clk_i  {rise@0.000ns fall@5.000ns period=10.000ns})
  Path Group:             clk_i
  Path Type:              Hold (Min at Fast Process Corner)
  Requirement:            0.000ns  (clk_i rise@0.000ns - clk_i rise@0.000ns)
  Data Path Delay:        0.429ns  (logic 0.141ns (32.836%)  route 0.288ns (67.164%))
  Logic Levels:           0  
  Clock Path Skew:        0.078ns (DCD - SCD - CPR)
    Destination Clock Delay (DCD):    0.895ns
    Source Clock Delay      (SCD):    0.583ns
    Clock Pessimism Removal (CPR):    0.234ns

    Location             Delay type                Incr(ns)  Path(ns)    Netlist Resource(s)
  -------------------------------------------------------------------    -------------------
                         (clock clk_i rise edge)      0.000     0.000 r  
                                                      0.000     0.000 r  clk_i (IN)
                         net (fo=2039, unset)         0.583     0.583    u_core/u_fetch/clk_i
    SLICE_X13Y23         FDCE                                         r  u_core/u_fetch/pc_f_q_reg[15]/C
  -------------------------------------------------------------------    -------------------
    SLICE_X13Y23         FDCE (Prop_fdce_C_Q)         0.141     0.724 r  u_core/u_fetch/pc_f_q_reg[15]/Q
                         net (fo=18, routed)          0.288     1.012    u_tcm/u_ram/icache_pc_o[13]
    RAMB36_X0Y4          RAMB36E1                                     r  u_tcm/u_ram/ram_reg_2_1/ADDRBWRADDR[14]
  -------------------------------------------------------------------    -------------------

                         (clock clk_i rise edge)      0.000     0.000 r  
                                                      0.000     0.000 r  clk_i (IN)
                         net (fo=2039, unset)         0.895     0.895    u_tcm/u_ram/clk_i
    RAMB36_X0Y4          RAMB36E1                                     r  u_tcm/u_ram/ram_reg_2_1/CLKBWRCLK
                         clock pessimism             -0.234     0.661    
    RAMB36_X0Y4          RAMB36E1 (Hold_ramb36e1_CLKBWRCLK_ADDRBWRADDR[14])
                                                      0.183     0.844    u_tcm/u_ram/ram_reg_2_1
  -------------------------------------------------------------------
                         required time                         -0.844    
                         arrival time                           1.012    
  -------------------------------------------------------------------
                         slack                                  0.168    

Slack (MET) :             0.168ns  (arrival time - required time)
  Source:                 u_core/u_issue/u_pipe_ctrl/pc_e2_q_reg[22]/C
                            (rising edge-triggered cell FDCE clocked by clk_i  {rise@0.000ns fall@5.000ns period=10.000ns})
  Destination:            u_core/u_issue/u_pipe_ctrl/pc_wb_q_reg[22]/D
                            (rising edge-triggered cell FDCE clocked by clk_i  {rise@0.000ns fall@5.000ns period=10.000ns})
  Path Group:             clk_i
  Path Type:              Hold (Min at Fast Process Corner)
  Requirement:            0.000ns  (clk_i rise@0.000ns - clk_i rise@0.000ns)
  Data Path Delay:        0.243ns  (logic 0.141ns (58.024%)  route 0.102ns (41.976%))
  Logic Levels:           0  
  Clock Path Skew:        0.012ns (DCD - SCD - CPR)
    Destination Clock Delay (DCD):    0.845ns
    Source Clock Delay      (SCD):    0.580ns
    Clock Pessimism Removal (CPR):    0.253ns

    Location             Delay type                Incr(ns)  Path(ns)    Netlist Resource(s)
  -------------------------------------------------------------------    -------------------
                         (clock clk_i rise edge)      0.000     0.000 r  
                                                      0.000     0.000 r  clk_i (IN)
                         net (fo=2039, unset)         0.580     0.580    u_core/u_issue/u_pipe_ctrl/clk_i
    SLICE_X25Y27         FDCE                                         r  u_core/u_issue/u_pipe_ctrl/pc_e2_q_reg[22]/C
  -------------------------------------------------------------------    -------------------
    SLICE_X25Y27         FDCE (Prop_fdce_C_Q)         0.141     0.721 r  u_core/u_issue/u_pipe_ctrl/pc_e2_q_reg[22]/Q
                         net (fo=1, routed)           0.102     0.823    u_core/u_issue/u_pipe_ctrl/pc_e2_q[22]
    SLICE_X26Y27         FDCE                                         r  u_core/u_issue/u_pipe_ctrl/pc_wb_q_reg[22]/D
  -------------------------------------------------------------------    -------------------

                         (clock clk_i rise edge)      0.000     0.000 r  
                                                      0.000     0.000 r  clk_i (IN)
                         net (fo=2039, unset)         0.845     0.845    u_core/u_issue/u_pipe_ctrl/clk_i
    SLICE_X26Y27         FDCE                                         r  u_core/u_issue/u_pipe_ctrl/pc_wb_q_reg[22]/C
                         clock pessimism             -0.253     0.592    
    SLICE_X26Y27         FDCE (Hold_fdce_C_D)         0.063     0.655    u_core/u_issue/u_pipe_ctrl/pc_wb_q_reg[22]
  -------------------------------------------------------------------
                         required time                         -0.655    
                         arrival time                           0.823    
  -------------------------------------------------------------------
                         slack                                  0.168    

Slack (MET) :             0.170ns  (arrival time - required time)
  Source:                 u_core/u_fetch/pc_f_q_reg[15]/C
                            (rising edge-triggered cell FDCE clocked by clk_i  {rise@0.000ns fall@5.000ns period=10.000ns})
  Destination:            u_core/u_fetch/pc_d_q_reg[15]/D
                            (rising edge-triggered cell FDCE clocked by clk_i  {rise@0.000ns fall@5.000ns period=10.000ns})
  Path Group:             clk_i
  Path Type:              Hold (Min at Fast Process Corner)
  Requirement:            0.000ns  (clk_i rise@0.000ns - clk_i rise@0.000ns)
  Data Path Delay:        0.269ns  (logic 0.141ns (52.440%)  route 0.128ns (47.560%))
  Logic Levels:           0  
  Clock Path Skew:        0.014ns (DCD - SCD - CPR)
    Destination Clock Delay (DCD):    0.850ns
    Source Clock Delay      (SCD):    0.583ns
    Clock Pessimism Removal (CPR):    0.253ns

    Location             Delay type                Incr(ns)  Path(ns)    Netlist Resource(s)
  -------------------------------------------------------------------    -------------------
                         (clock clk_i rise edge)      0.000     0.000 r  
                                                      0.000     0.000 r  clk_i (IN)
                         net (fo=2039, unset)         0.583     0.583    u_core/u_fetch/clk_i
    SLICE_X13Y23         FDCE                                         r  u_core/u_fetch/pc_f_q_reg[15]/C
  -------------------------------------------------------------------    -------------------
    SLICE_X13Y23         FDCE (Prop_fdce_C_Q)         0.141     0.724 r  u_core/u_fetch/pc_f_q_reg[15]/Q
                         net (fo=18, routed)          0.128     0.852    u_core/u_fetch/icache_pc_o[13]
    SLICE_X12Y23         FDCE                                         r  u_core/u_fetch/pc_d_q_reg[15]/D
  -------------------------------------------------------------------    -------------------

                         (clock clk_i rise edge)      0.000     0.000 r  
                                                      0.000     0.000 r  clk_i (IN)
                         net (fo=2039, unset)         0.850     0.850    u_core/u_fetch/clk_i
    SLICE_X12Y23         FDCE                                         r  u_core/u_fetch/pc_d_q_reg[15]/C
                         clock pessimism             -0.253     0.597    
    SLICE_X12Y23         FDCE (Hold_fdce_C_D)         0.085     0.682    u_core/u_fetch/pc_d_q_reg[15]
  -------------------------------------------------------------------
                         required time                         -0.682    
                         arrival time                           0.852    
  -------------------------------------------------------------------
                         slack                                  0.170    

Slack (MET) :             0.170ns  (arrival time - required time)
  Source:                 u_core/u_issue/u_pipe_ctrl/csr_wdata_e2_q_reg[25]/C
                            (rising edge-triggered cell FDCE clocked by clk_i  {rise@0.000ns fall@5.000ns period=10.000ns})
  Destination:            u_core/u_issue/u_pipe_ctrl/csr_wdata_wb_q_reg[25]/D
                            (rising edge-triggered cell FDCE clocked by clk_i  {rise@0.000ns fall@5.000ns period=10.000ns})
  Path Group:             clk_i
  Path Type:              Hold (Min at Fast Process Corner)
  Requirement:            0.000ns  (clk_i rise@0.000ns - clk_i rise@0.000ns)
  Data Path Delay:        0.253ns  (logic 0.141ns (55.730%)  route 0.112ns (44.270%))
  Logic Levels:           0  
  Clock Path Skew:        0.013ns (DCD - SCD - CPR)
    Destination Clock Delay (DCD):    0.846ns
    Source Clock Delay      (SCD):    0.580ns
    Clock Pessimism Removal (CPR):    0.253ns

    Location             Delay type                Incr(ns)  Path(ns)    Netlist Resource(s)
  -------------------------------------------------------------------    -------------------
                         (clock clk_i rise edge)      0.000     0.000 r  
                                                      0.000     0.000 r  clk_i (IN)
                         net (fo=2039, unset)         0.580     0.580    u_core/u_issue/u_pipe_ctrl/clk_i
    SLICE_X25Y27         FDCE                                         r  u_core/u_issue/u_pipe_ctrl/csr_wdata_e2_q_reg[25]/C
  -------------------------------------------------------------------    -------------------
    SLICE_X25Y27         FDCE (Prop_fdce_C_Q)         0.141     0.721 r  u_core/u_issue/u_pipe_ctrl/csr_wdata_e2_q_reg[25]/Q
                         net (fo=1, routed)           0.112     0.833    u_core/u_issue/u_pipe_ctrl/csr_wdata_e2_q[25]
    SLICE_X25Y28         FDCE                                         r  u_core/u_issue/u_pipe_ctrl/csr_wdata_wb_q_reg[25]/D
  -------------------------------------------------------------------    -------------------

                         (clock clk_i rise edge)      0.000     0.000 r  
                                                      0.000     0.000 r  clk_i (IN)
                         net (fo=2039, unset)         0.846     0.846    u_core/u_issue/u_pipe_ctrl/clk_i
    SLICE_X25Y28         FDCE                                         r  u_core/u_issue/u_pipe_ctrl/csr_wdata_wb_q_reg[25]/C
                         clock pessimism             -0.253     0.593    
    SLICE_X25Y28         FDCE (Hold_fdce_C_D)         0.070     0.663    u_core/u_issue/u_pipe_ctrl/csr_wdata_wb_q_reg[25]
  -------------------------------------------------------------------
                         required time                         -0.663    
                         arrival time                           0.833    
  -------------------------------------------------------------------
                         slack                                  0.170    

Slack (MET) :             0.170ns  (arrival time - required time)
  Source:                 u_core/u_csr/u_csrfile/csr_mepc_q_reg[29]/C
                            (rising edge-triggered cell FDCE clocked by clk_i  {rise@0.000ns fall@5.000ns period=10.000ns})
  Destination:            u_core/u_csr/branch_target_q_reg[29]/D
                            (rising edge-triggered cell FDCE clocked by clk_i  {rise@0.000ns fall@5.000ns period=10.000ns})
  Path Group:             clk_i
  Path Type:              Hold (Min at Fast Process Corner)
  Requirement:            0.000ns  (clk_i rise@0.000ns - clk_i rise@0.000ns)
  Data Path Delay:        0.304ns  (logic 0.186ns (61.174%)  route 0.118ns (38.826%))
  Logic Levels:           1  (LUT6=1)
  Clock Path Skew:        0.013ns (DCD - SCD - CPR)
    Destination Clock Delay (DCD):    0.848ns
    Source Clock Delay      (SCD):    0.582ns
    Clock Pessimism Removal (CPR):    0.253ns

    Location             Delay type                Incr(ns)  Path(ns)    Netlist Resource(s)
  -------------------------------------------------------------------    -------------------
                         (clock clk_i rise edge)      0.000     0.000 r  
                                                      0.000     0.000 r  clk_i (IN)
                         net (fo=2039, unset)         0.582     0.582    u_core/u_csr/u_csrfile/clk_i
    SLICE_X31Y31         FDCE                                         r  u_core/u_csr/u_csrfile/csr_mepc_q_reg[29]/C
  -------------------------------------------------------------------    -------------------
    SLICE_X31Y31         FDCE (Prop_fdce_C_Q)         0.141     0.723 r  u_core/u_csr/u_csrfile/csr_mepc_q_reg[29]/Q
                         net (fo=2, routed)           0.118     0.841    u_core/u_issue/u_pipe_ctrl/branch_target_q_reg[31][27]
    SLICE_X30Y30         LUT6 (Prop_lut6_I4_O)        0.045     0.886 r  u_core/u_issue/u_pipe_ctrl/branch_target_q[29]_i_1/O
                         net (fo=1, routed)           0.000     0.886    u_core/u_csr/branch_target_q_reg[31]_2[27]
    SLICE_X30Y30         FDCE                                         r  u_core/u_csr/branch_target_q_reg[29]/D
  -------------------------------------------------------------------    -------------------

                         (clock clk_i rise edge)      0.000     0.000 r  
                                                      0.000     0.000 r  clk_i (IN)
                         net (fo=2039, unset)         0.848     0.848    u_core/u_csr/clk_i
    SLICE_X30Y30         FDCE                                         r  u_core/u_csr/branch_target_q_reg[29]/C
                         clock pessimism             -0.253     0.595    
    SLICE_X30Y30         FDCE (Hold_fdce_C_D)         0.121     0.716    u_core/u_csr/branch_target_q_reg[29]
  -------------------------------------------------------------------
                         required time                         -0.716    
                         arrival time                           0.886    
  -------------------------------------------------------------------
                         slack                                  0.170    

Slack (MET) :             0.172ns  (arrival time - required time)
  Source:                 u_core/u_issue/u_pipe_ctrl/opcode_e2_q_reg[27]/C
                            (rising edge-triggered cell FDCE clocked by clk_i  {rise@0.000ns fall@5.000ns period=10.000ns})
  Destination:            u_core/u_issue/u_pipe_ctrl/opcode_wb_q_reg[27]/D
                            (rising edge-triggered cell FDCE clocked by clk_i  {rise@0.000ns fall@5.000ns period=10.000ns})
  Path Group:             clk_i
  Path Type:              Hold (Min at Fast Process Corner)
  Requirement:            0.000ns  (clk_i rise@0.000ns - clk_i rise@0.000ns)
  Data Path Delay:        0.255ns  (logic 0.141ns (55.385%)  route 0.114ns (44.615%))
  Logic Levels:           0  
  Clock Path Skew:        0.013ns (DCD - SCD - CPR)
    Destination Clock Delay (DCD):    0.816ns
    Source Clock Delay      (SCD):    0.551ns
    Clock Pessimism Removal (CPR):    0.252ns

    Location             Delay type                Incr(ns)  Path(ns)    Netlist Resource(s)
  -------------------------------------------------------------------    -------------------
                         (clock clk_i rise edge)      0.000     0.000 r  
                                                      0.000     0.000 r  clk_i (IN)
                         net (fo=2039, unset)         0.551     0.551    u_core/u_issue/u_pipe_ctrl/clk_i
    SLICE_X44Y21         FDCE                                         r  u_core/u_issue/u_pipe_ctrl/opcode_e2_q_reg[27]/C
  -------------------------------------------------------------------    -------------------
    SLICE_X44Y21         FDCE (Prop_fdce_C_Q)         0.141     0.692 r  u_core/u_issue/u_pipe_ctrl/opcode_e2_q_reg[27]/Q
                         net (fo=1, routed)           0.114     0.806    u_core/u_issue/u_pipe_ctrl/opcode_e2_q_reg_n_0_[27]
    SLICE_X44Y21         FDCE                                         r  u_core/u_issue/u_pipe_ctrl/opcode_wb_q_reg[27]/D
  -------------------------------------------------------------------    -------------------

                         (clock clk_i rise edge)      0.000     0.000 r  
                                                      0.000     0.000 r  clk_i (IN)
                         net (fo=2039, unset)         0.816     0.816    u_core/u_issue/u_pipe_ctrl/clk_i
    SLICE_X44Y21         FDCE                                         r  u_core/u_issue/u_pipe_ctrl/opcode_wb_q_reg[27]/C
                         clock pessimism             -0.252     0.564    
    SLICE_X44Y21         FDCE (Hold_fdce_C_D)         0.070     0.634    u_core/u_issue/u_pipe_ctrl/opcode_wb_q_reg[27]
  -------------------------------------------------------------------
                         required time                         -0.634    
                         arrival time                           0.806    
  -------------------------------------------------------------------
                         slack                                  0.172    

Slack (MET) :             0.173ns  (arrival time - required time)
  Source:                 u_core/u_issue/u_pipe_ctrl/pc_e2_q_reg[12]/C
                            (rising edge-triggered cell FDCE clocked by clk_i  {rise@0.000ns fall@5.000ns period=10.000ns})
  Destination:            u_core/u_issue/u_pipe_ctrl/pc_wb_q_reg[12]/D
                            (rising edge-triggered cell FDCE clocked by clk_i  {rise@0.000ns fall@5.000ns period=10.000ns})
  Path Group:             clk_i
  Path Type:              Hold (Min at Fast Process Corner)
  Requirement:            0.000ns  (clk_i rise@0.000ns - clk_i rise@0.000ns)
  Data Path Delay:        0.257ns  (logic 0.141ns (54.828%)  route 0.116ns (45.172%))
  Logic Levels:           0  
  Clock Path Skew:        0.014ns (DCD - SCD - CPR)
    Destination Clock Delay (DCD):    0.815ns
    Source Clock Delay      (SCD):    0.551ns
    Clock Pessimism Removal (CPR):    0.250ns

    Location             Delay type                Incr(ns)  Path(ns)    Netlist Resource(s)
  -------------------------------------------------------------------    -------------------
                         (clock clk_i rise edge)      0.000     0.000 r  
                                                      0.000     0.000 r  clk_i (IN)
                         net (fo=2039, unset)         0.551     0.551    u_core/u_issue/u_pipe_ctrl/clk_i
    SLICE_X35Y23         FDCE                                         r  u_core/u_issue/u_pipe_ctrl/pc_e2_q_reg[12]/C
  -------------------------------------------------------------------    -------------------
    SLICE_X35Y23         FDCE (Prop_fdce_C_Q)         0.141     0.692 r  u_core/u_issue/u_pipe_ctrl/pc_e2_q_reg[12]/Q
                         net (fo=1, routed)           0.116     0.808    u_core/u_issue/u_pipe_ctrl/pc_e2_q[12]
    SLICE_X35Y23         FDCE                                         r  u_core/u_issue/u_pipe_ctrl/pc_wb_q_reg[12]/D
  -------------------------------------------------------------------    -------------------

                         (clock clk_i rise edge)      0.000     0.000 r  
                                                      0.000     0.000 r  clk_i (IN)
                         net (fo=2039, unset)         0.815     0.815    u_core/u_issue/u_pipe_ctrl/clk_i
    SLICE_X35Y23         FDCE                                         r  u_core/u_issue/u_pipe_ctrl/pc_wb_q_reg[12]/C
                         clock pessimism             -0.250     0.565    
    SLICE_X35Y23         FDCE (Hold_fdce_C_D)         0.070     0.635    u_core/u_issue/u_pipe_ctrl/pc_wb_q_reg[12]
  -------------------------------------------------------------------
                         required time                         -0.635    
                         arrival time                           0.808    
  -------------------------------------------------------------------
                         slack                                  0.173    

Slack (MET) :             0.173ns  (arrival time - required time)
  Source:                 u_core/u_issue/u_pipe_ctrl/csr_wdata_wb_q_reg[4]/C
                            (rising edge-triggered cell FDCE clocked by clk_i  {rise@0.000ns fall@5.000ns period=10.000ns})
  Destination:            u_core/u_csr/u_csrfile/csr_mtvec_q_reg[4]/D
                            (rising edge-triggered cell FDCE clocked by clk_i  {rise@0.000ns fall@5.000ns period=10.000ns})
  Path Group:             clk_i
  Path Type:              Hold (Min at Fast Process Corner)
  Requirement:            0.000ns  (clk_i rise@0.000ns - clk_i rise@0.000ns)
  Data Path Delay:        0.202ns  (logic 0.128ns (63.220%)  route 0.074ns (36.780%))
  Logic Levels:           0  
  Clock Path Skew:        0.012ns (DCD - SCD - CPR)
    Destination Clock Delay (DCD):    0.815ns
    Source Clock Delay      (SCD):    0.551ns
    Clock Pessimism Removal (CPR):    0.252ns

    Location             Delay type                Incr(ns)  Path(ns)    Netlist Resource(s)
  -------------------------------------------------------------------    -------------------
                         (clock clk_i rise edge)      0.000     0.000 r  
                                                      0.000     0.000 r  clk_i (IN)
                         net (fo=2039, unset)         0.551     0.551    u_core/u_issue/u_pipe_ctrl/clk_i
    SLICE_X40Y22         FDCE                                         r  u_core/u_issue/u_pipe_ctrl/csr_wdata_wb_q_reg[4]/C
  -------------------------------------------------------------------    -------------------
    SLICE_X40Y22         FDCE (Prop_fdce_C_Q)         0.128     0.679 r  u_core/u_issue/u_pipe_ctrl/csr_wdata_wb_q_reg[4]/Q
                         net (fo=6, routed)           0.074     0.753    u_core/u_csr/u_csrfile/Q[4]
    SLICE_X41Y22         FDCE                                         r  u_core/u_csr/u_csrfile/csr_mtvec_q_reg[4]/D
  -------------------------------------------------------------------    -------------------

                         (clock clk_i rise edge)      0.000     0.000 r  
                                                      0.000     0.000 r  clk_i (IN)
                         net (fo=2039, unset)         0.815     0.815    u_core/u_csr/u_csrfile/clk_i
    SLICE_X41Y22         FDCE                                         r  u_core/u_csr/u_csrfile/csr_mtvec_q_reg[4]/C
                         clock pessimism             -0.252     0.563    
    SLICE_X41Y22         FDCE (Hold_fdce_C_D)         0.017     0.580    u_core/u_csr/u_csrfile/csr_mtvec_q_reg[4]
  -------------------------------------------------------------------
                         required time                         -0.580    
                         arrival time                           0.753    
  -------------------------------------------------------------------
                         slack                                  0.173    

Slack (MET) :             0.174ns  (arrival time - required time)
  Source:                 u_core/u_csr/u_csrfile/csr_mepc_q_reg[27]/C
                            (rising edge-triggered cell FDCE clocked by clk_i  {rise@0.000ns fall@5.000ns period=10.000ns})
  Destination:            u_core/u_csr/branch_target_q_reg[27]/D
                            (rising edge-triggered cell FDCE clocked by clk_i  {rise@0.000ns fall@5.000ns period=10.000ns})
  Path Group:             clk_i
  Path Type:              Hold (Min at Fast Process Corner)
  Requirement:            0.000ns  (clk_i rise@0.000ns - clk_i rise@0.000ns)
  Data Path Delay:        0.308ns  (logic 0.186ns (60.329%)  route 0.122ns (39.671%))
  Logic Levels:           1  (LUT6=1)
  Clock Path Skew:        0.013ns (DCD - SCD - CPR)
    Destination Clock Delay (DCD):    0.848ns
    Source Clock Delay      (SCD):    0.582ns
    Clock Pessimism Removal (CPR):    0.253ns

    Location             Delay type                Incr(ns)  Path(ns)    Netlist Resource(s)
  -------------------------------------------------------------------    -------------------
                         (clock clk_i rise edge)      0.000     0.000 r  
                                                      0.000     0.000 r  clk_i (IN)
                         net (fo=2039, unset)         0.582     0.582    u_core/u_csr/u_csrfile/clk_i
    SLICE_X31Y31         FDCE                                         r  u_core/u_csr/u_csrfile/csr_mepc_q_reg[27]/C
  -------------------------------------------------------------------    -------------------
    SLICE_X31Y31         FDCE (Prop_fdce_C_Q)         0.141     0.723 r  u_core/u_csr/u_csrfile/csr_mepc_q_reg[27]/Q
                         net (fo=2, routed)           0.122     0.845    u_core/u_issue/u_pipe_ctrl/branch_target_q_reg[31][25]
    SLICE_X30Y30         LUT6 (Prop_lut6_I4_O)        0.045     0.890 r  u_core/u_issue/u_pipe_ctrl/branch_target_q[27]_i_1/O
                         net (fo=1, routed)           0.000     0.890    u_core/u_csr/branch_target_q_reg[31]_2[25]
    SLICE_X30Y30         FDCE                                         r  u_core/u_csr/branch_target_q_reg[27]/D
  -------------------------------------------------------------------    -------------------

                         (clock clk_i rise edge)      0.000     0.000 r  
                                                      0.000     0.000 r  clk_i (IN)
                         net (fo=2039, unset)         0.848     0.848    u_core/u_csr/clk_i
    SLICE_X30Y30         FDCE                                         r  u_core/u_csr/branch_target_q_reg[27]/C
                         clock pessimism             -0.253     0.595    
    SLICE_X30Y30         FDCE (Hold_fdce_C_D)         0.121     0.716    u_core/u_csr/branch_target_q_reg[27]
  -------------------------------------------------------------------
                         required time                         -0.716    
                         arrival time                           0.890    
  -------------------------------------------------------------------
                         slack                                  0.174    

Slack (MET) :             0.176ns  (arrival time - required time)
  Source:                 u_core/u_issue/u_pipe_ctrl/pc_e2_q_reg[14]/C
                            (rising edge-triggered cell FDCE clocked by clk_i  {rise@0.000ns fall@5.000ns period=10.000ns})
  Destination:            u_core/u_issue/u_pipe_ctrl/pc_wb_q_reg[14]/D
                            (rising edge-triggered cell FDCE clocked by clk_i  {rise@0.000ns fall@5.000ns period=10.000ns})
  Path Group:             clk_i
  Path Type:              Hold (Min at Fast Process Corner)
  Requirement:            0.000ns  (clk_i rise@0.000ns - clk_i rise@0.000ns)
  Data Path Delay:        0.246ns  (logic 0.164ns (66.639%)  route 0.082ns (33.361%))
  Logic Levels:           0  
  Clock Path Skew:        0.013ns (DCD - SCD - CPR)
    Destination Clock Delay (DCD):    0.842ns
    Source Clock Delay      (SCD):    0.576ns
    Clock Pessimism Removal (CPR):    0.253ns

    Location             Delay type                Incr(ns)  Path(ns)    Netlist Resource(s)
  -------------------------------------------------------------------    -------------------
                         (clock clk_i rise edge)      0.000     0.000 r  
                                                      0.000     0.000 r  clk_i (IN)
                         net (fo=2039, unset)         0.576     0.576    u_core/u_issue/u_pipe_ctrl/clk_i
    SLICE_X30Y25         FDCE                                         r  u_core/u_issue/u_pipe_ctrl/pc_e2_q_reg[14]/C
  -------------------------------------------------------------------    -------------------
    SLICE_X30Y25         FDCE (Prop_fdce_C_Q)         0.164     0.740 r  u_core/u_issue/u_pipe_ctrl/pc_e2_q_reg[14]/Q
                         net (fo=1, routed)           0.082     0.822    u_core/u_issue/u_pipe_ctrl/pc_e2_q[14]
    SLICE_X31Y25         FDCE                                         r  u_core/u_issue/u_pipe_ctrl/pc_wb_q_reg[14]/D
  -------------------------------------------------------------------    -------------------

                         (clock clk_i rise edge)      0.000     0.000 r  
                                                      0.000     0.000 r  clk_i (IN)
                         net (fo=2039, unset)         0.842     0.842    u_core/u_issue/u_pipe_ctrl/clk_i
    SLICE_X31Y25         FDCE                                         r  u_core/u_issue/u_pipe_ctrl/pc_wb_q_reg[14]/C
                         clock pessimism             -0.253     0.589    
    SLICE_X31Y25         FDCE (Hold_fdce_C_D)         0.057     0.646    u_core/u_issue/u_pipe_ctrl/pc_wb_q_reg[14]
  -------------------------------------------------------------------
                         required time                         -0.646    
                         arrival time                           0.822    
  -------------------------------------------------------------------
                         slack                                  0.176    

Slack (MET) :             0.177ns  (arrival time - required time)
  Source:                 u_core/u_issue/u_pipe_ctrl/csr_wdata_e2_q_reg[9]/C
                            (rising edge-triggered cell FDCE clocked by clk_i  {rise@0.000ns fall@5.000ns period=10.000ns})
  Destination:            u_core/u_issue/u_pipe_ctrl/csr_wdata_wb_q_reg[9]/D
                            (rising edge-triggered cell FDCE clocked by clk_i  {rise@0.000ns fall@5.000ns period=10.000ns})
  Path Group:             clk_i
  Path Type:              Hold (Min at Fast Process Corner)
  Requirement:            0.000ns  (clk_i rise@0.000ns - clk_i rise@0.000ns)
  Data Path Delay:        0.207ns  (logic 0.148ns (71.500%)  route 0.059ns (28.500%))
  Logic Levels:           0  
  Clock Path Skew:        0.013ns (DCD - SCD - CPR)
    Destination Clock Delay (DCD):    0.816ns
    Source Clock Delay      (SCD):    0.551ns
    Clock Pessimism Removal (CPR):    0.252ns

    Location             Delay type                Incr(ns)  Path(ns)    Netlist Resource(s)
  -------------------------------------------------------------------    -------------------
                         (clock clk_i rise edge)      0.000     0.000 r  
                                                      0.000     0.000 r  clk_i (IN)
                         net (fo=2039, unset)         0.551     0.551    u_core/u_issue/u_pipe_ctrl/clk_i
    SLICE_X38Y21         FDCE                                         r  u_core/u_issue/u_pipe_ctrl/csr_wdata_e2_q_reg[9]/C
  -------------------------------------------------------------------    -------------------
    SLICE_X38Y21         FDCE (Prop_fdce_C_Q)         0.148     0.699 r  u_core/u_issue/u_pipe_ctrl/csr_wdata_e2_q_reg[9]/Q
                         net (fo=1, routed)           0.059     0.758    u_core/u_issue/u_pipe_ctrl/csr_wdata_e2_q[9]
    SLICE_X39Y21         FDCE                                         r  u_core/u_issue/u_pipe_ctrl/csr_wdata_wb_q_reg[9]/D
  -------------------------------------------------------------------    -------------------

                         (clock clk_i rise edge)      0.000     0.000 r  
                                                      0.000     0.000 r  clk_i (IN)
                         net (fo=2039, unset)         0.816     0.816    u_core/u_issue/u_pipe_ctrl/clk_i
    SLICE_X39Y21         FDCE                                         r  u_core/u_issue/u_pipe_ctrl/csr_wdata_wb_q_reg[9]/C
                         clock pessimism             -0.252     0.564    
    SLICE_X39Y21         FDCE (Hold_fdce_C_D)         0.017     0.581    u_core/u_issue/u_pipe_ctrl/csr_wdata_wb_q_reg[9]
  -------------------------------------------------------------------
                         required time                         -0.581    
                         arrival time                           0.758    
  -------------------------------------------------------------------
                         slack                                  0.177    

Slack (MET) :             0.177ns  (arrival time - required time)
  Source:                 u_core/u_issue/u_pipe_ctrl/csr_wdata_wb_q_reg[2]/C
                            (rising edge-triggered cell FDCE clocked by clk_i  {rise@0.000ns fall@5.000ns period=10.000ns})
  Destination:            u_core/u_csr/u_csrfile/csr_mepc_q_reg[2]/D
                            (rising edge-triggered cell FDCE clocked by clk_i  {rise@0.000ns fall@5.000ns period=10.000ns})
  Path Group:             clk_i
  Path Type:              Hold (Min at Fast Process Corner)
  Requirement:            0.000ns  (clk_i rise@0.000ns - clk_i rise@0.000ns)
  Data Path Delay:        0.327ns  (logic 0.186ns (56.860%)  route 0.141ns (43.140%))
  Logic Levels:           1  (LUT4=1)
  Clock Path Skew:        0.030ns (DCD - SCD - CPR)
    Destination Clock Delay (DCD):    0.815ns
    Source Clock Delay      (SCD):    0.551ns
    Clock Pessimism Removal (CPR):    0.234ns

    Location             Delay type                Incr(ns)  Path(ns)    Netlist Resource(s)
  -------------------------------------------------------------------    -------------------
                         (clock clk_i rise edge)      0.000     0.000 r  
                                                      0.000     0.000 r  clk_i (IN)
                         net (fo=2039, unset)         0.551     0.551    u_core/u_issue/u_pipe_ctrl/clk_i
    SLICE_X40Y22         FDCE                                         r  u_core/u_issue/u_pipe_ctrl/csr_wdata_wb_q_reg[2]/C
  -------------------------------------------------------------------    -------------------
    SLICE_X40Y22         FDCE (Prop_fdce_C_Q)         0.141     0.692 r  u_core/u_issue/u_pipe_ctrl/csr_wdata_wb_q_reg[2]/Q
                         net (fo=7, routed)           0.141     0.833    u_core/u_issue/u_pipe_ctrl/csr_wdata_wb_q_reg[31]_0[2]
    SLICE_X38Y22         LUT4 (Prop_lut4_I3_O)        0.045     0.878 r  u_core/u_issue/u_pipe_ctrl/csr_mepc_q[2]_i_1/O
                         net (fo=1, routed)           0.000     0.878    u_core/u_csr/u_csrfile/csr_mepc_q_reg[31]_1[2]
    SLICE_X38Y22         FDCE                                         r  u_core/u_csr/u_csrfile/csr_mepc_q_reg[2]/D
  -------------------------------------------------------------------    -------------------

                         (clock clk_i rise edge)      0.000     0.000 r  
                                                      0.000     0.000 r  clk_i (IN)
                         net (fo=2039, unset)         0.815     0.815    u_core/u_csr/u_csrfile/clk_i
    SLICE_X38Y22         FDCE                                         r  u_core/u_csr/u_csrfile/csr_mepc_q_reg[2]/C
                         clock pessimism             -0.234     0.581    
    SLICE_X38Y22         FDCE (Hold_fdce_C_D)         0.120     0.701    u_core/u_csr/u_csrfile/csr_mepc_q_reg[2]
  -------------------------------------------------------------------
                         required time                         -0.701    
                         arrival time                           0.878    
  -------------------------------------------------------------------
                         slack                                  0.177    

Slack (MET) :             0.177ns  (arrival time - required time)
  Source:                 u_core/u_issue/u_pipe_ctrl/pc_e2_q_reg[10]/C
                            (rising edge-triggered cell FDCE clocked by clk_i  {rise@0.000ns fall@5.000ns period=10.000ns})
  Destination:            u_core/u_issue/u_pipe_ctrl/pc_wb_q_reg[10]/D
                            (rising edge-triggered cell FDCE clocked by clk_i  {rise@0.000ns fall@5.000ns period=10.000ns})
  Path Group:             clk_i
  Path Type:              Hold (Min at Fast Process Corner)
  Requirement:            0.000ns  (clk_i rise@0.000ns - clk_i rise@0.000ns)
  Data Path Delay:        0.257ns  (logic 0.141ns (54.828%)  route 0.116ns (45.172%))
  Logic Levels:           0  
  Clock Path Skew:        0.014ns (DCD - SCD - CPR)
    Destination Clock Delay (DCD):    0.815ns
    Source Clock Delay      (SCD):    0.551ns
    Clock Pessimism Removal (CPR):    0.250ns

    Location             Delay type                Incr(ns)  Path(ns)    Netlist Resource(s)
  -------------------------------------------------------------------    -------------------
                         (clock clk_i rise edge)      0.000     0.000 r  
                                                      0.000     0.000 r  clk_i (IN)
                         net (fo=2039, unset)         0.551     0.551    u_core/u_issue/u_pipe_ctrl/clk_i
    SLICE_X33Y23         FDCE                                         r  u_core/u_issue/u_pipe_ctrl/pc_e2_q_reg[10]/C
  -------------------------------------------------------------------    -------------------
    SLICE_X33Y23         FDCE (Prop_fdce_C_Q)         0.141     0.692 r  u_core/u_issue/u_pipe_ctrl/pc_e2_q_reg[10]/Q
                         net (fo=1, routed)           0.116     0.808    u_core/u_issue/u_pipe_ctrl/pc_e2_q[10]
    SLICE_X33Y23         FDCE                                         r  u_core/u_issue/u_pipe_ctrl/pc_wb_q_reg[10]/D
  -------------------------------------------------------------------    -------------------

                         (clock clk_i rise edge)      0.000     0.000 r  
                                                      0.000     0.000 r  clk_i (IN)
                         net (fo=2039, unset)         0.815     0.815    u_core/u_issue/u_pipe_ctrl/clk_i
    SLICE_X33Y23         FDCE                                         r  u_core/u_issue/u_pipe_ctrl/pc_wb_q_reg[10]/C
                         clock pessimism             -0.250     0.565    
    SLICE_X33Y23         FDCE (Hold_fdce_C_D)         0.066     0.631    u_core/u_issue/u_pipe_ctrl/pc_wb_q_reg[10]
  -------------------------------------------------------------------
                         required time                         -0.631    
                         arrival time                           0.808    
  -------------------------------------------------------------------
                         slack                                  0.177    

Slack (MET) :             0.178ns  (arrival time - required time)
  Source:                 u_core/u_issue/u_pipe_ctrl/pc_e2_q_reg[30]/C
                            (rising edge-triggered cell FDCE clocked by clk_i  {rise@0.000ns fall@5.000ns period=10.000ns})
  Destination:            u_core/u_issue/u_pipe_ctrl/pc_wb_q_reg[30]/D
                            (rising edge-triggered cell FDCE clocked by clk_i  {rise@0.000ns fall@5.000ns period=10.000ns})
  Path Group:             clk_i
  Path Type:              Hold (Min at Fast Process Corner)
  Requirement:            0.000ns  (clk_i rise@0.000ns - clk_i rise@0.000ns)
  Data Path Delay:        0.257ns  (logic 0.141ns (54.828%)  route 0.116ns (45.172%))
  Logic Levels:           0  
  Clock Path Skew:        0.013ns (DCD - SCD - CPR)
    Destination Clock Delay (DCD):    0.845ns
    Source Clock Delay      (SCD):    0.579ns
    Clock Pessimism Removal (CPR):    0.253ns

    Location             Delay type                Incr(ns)  Path(ns)    Netlist Resource(s)
  -------------------------------------------------------------------    -------------------
                         (clock clk_i rise edge)      0.000     0.000 r  
                                                      0.000     0.000 r  clk_i (IN)
                         net (fo=2039, unset)         0.579     0.579    u_core/u_issue/u_pipe_ctrl/clk_i
    SLICE_X29Y27         FDCE                                         r  u_core/u_issue/u_pipe_ctrl/pc_e2_q_reg[30]/C
  -------------------------------------------------------------------    -------------------
    SLICE_X29Y27         FDCE (Prop_fdce_C_Q)         0.141     0.720 r  u_core/u_issue/u_pipe_ctrl/pc_e2_q_reg[30]/Q
                         net (fo=1, routed)           0.116     0.836    u_core/u_issue/u_pipe_ctrl/pc_e2_q[30]
    SLICE_X29Y27         FDCE                                         r  u_core/u_issue/u_pipe_ctrl/pc_wb_q_reg[30]/D
  -------------------------------------------------------------------    -------------------

                         (clock clk_i rise edge)      0.000     0.000 r  
                                                      0.000     0.000 r  clk_i (IN)
                         net (fo=2039, unset)         0.845     0.845    u_core/u_issue/u_pipe_ctrl/clk_i
    SLICE_X29Y27         FDCE                                         r  u_core/u_issue/u_pipe_ctrl/pc_wb_q_reg[30]/C
                         clock pessimism             -0.253     0.592    
    SLICE_X29Y27         FDCE (Hold_fdce_C_D)         0.066     0.658    u_core/u_issue/u_pipe_ctrl/pc_wb_q_reg[30]
  -------------------------------------------------------------------
                         required time                         -0.658    
                         arrival time                           0.836    
  -------------------------------------------------------------------
                         slack                                  0.178    

Slack (MET) :             0.178ns  (arrival time - required time)
  Source:                 u_core/u_issue/u_pipe_ctrl/csr_wdata_e2_q_reg[27]/C
                            (rising edge-triggered cell FDCE clocked by clk_i  {rise@0.000ns fall@5.000ns period=10.000ns})
  Destination:            u_core/u_issue/u_pipe_ctrl/csr_wdata_wb_q_reg[27]/D
                            (rising edge-triggered cell FDCE clocked by clk_i  {rise@0.000ns fall@5.000ns period=10.000ns})
  Path Group:             clk_i
  Path Type:              Hold (Min at Fast Process Corner)
  Requirement:            0.000ns  (clk_i rise@0.000ns - clk_i rise@0.000ns)
  Data Path Delay:        0.262ns  (logic 0.141ns (53.727%)  route 0.121ns (46.273%))
  Logic Levels:           0  
  Clock Path Skew:        0.014ns (DCD - SCD - CPR)
    Destination Clock Delay (DCD):    0.845ns
    Source Clock Delay      (SCD):    0.578ns
    Clock Pessimism Removal (CPR):    0.253ns

    Location             Delay type                Incr(ns)  Path(ns)    Netlist Resource(s)
  -------------------------------------------------------------------    -------------------
                         (clock clk_i rise edge)      0.000     0.000 r  
                                                      0.000     0.000 r  clk_i (IN)
                         net (fo=2039, unset)         0.578     0.578    u_core/u_issue/u_pipe_ctrl/clk_i
    SLICE_X24Y26         FDCE                                         r  u_core/u_issue/u_pipe_ctrl/csr_wdata_e2_q_reg[27]/C
  -------------------------------------------------------------------    -------------------
    SLICE_X24Y26         FDCE (Prop_fdce_C_Q)         0.141     0.719 r  u_core/u_issue/u_pipe_ctrl/csr_wdata_e2_q_reg[27]/Q
                         net (fo=1, routed)           0.121     0.840    u_core/u_issue/u_pipe_ctrl/csr_wdata_e2_q[27]
    SLICE_X24Y27         FDCE                                         r  u_core/u_issue/u_pipe_ctrl/csr_wdata_wb_q_reg[27]/D
  -------------------------------------------------------------------    -------------------

                         (clock clk_i rise edge)      0.000     0.000 r  
                                                      0.000     0.000 r  clk_i (IN)
                         net (fo=2039, unset)         0.845     0.845    u_core/u_issue/u_pipe_ctrl/clk_i
    SLICE_X24Y27         FDCE                                         r  u_core/u_issue/u_pipe_ctrl/csr_wdata_wb_q_reg[27]/C
                         clock pessimism             -0.253     0.592    
    SLICE_X24Y27         FDCE (Hold_fdce_C_D)         0.070     0.662    u_core/u_issue/u_pipe_ctrl/csr_wdata_wb_q_reg[27]
  -------------------------------------------------------------------
                         required time                         -0.662    
                         arrival time                           0.840    
  -------------------------------------------------------------------
                         slack                                  0.178    





Pulse Width Checks
--------------------------------------------------------------------------------------
Clock Name:         clk_i
Waveform(ns):       { 0.000 5.000 }
Period(ns):         10.000
Sources:            { clk_i }

Check Type        Corner  Lib Pin             Reference Pin  Required(ns)  Actual(ns)  Slack(ns)  Location      Pin
Min Period        n/a     RAMB36E1/CLKARDCLK  n/a            2.944         10.000      7.056      RAMB36_X2Y2   u_tcm/u_ram/ram_reg_0_0/CLKARDCLK
Min Period        n/a     RAMB36E1/CLKBWRCLK  n/a            2.944         10.000      7.056      RAMB36_X2Y2   u_tcm/u_ram/ram_reg_0_0/CLKBWRCLK
Min Period        n/a     RAMB36E1/CLKARDCLK  n/a            2.944         10.000      7.056      RAMB36_X1Y4   u_tcm/u_ram/ram_reg_0_1/CLKARDCLK
Min Period        n/a     RAMB36E1/CLKBWRCLK  n/a            2.944         10.000      7.056      RAMB36_X1Y4   u_tcm/u_ram/ram_reg_0_1/CLKBWRCLK
Min Period        n/a     RAMB36E1/CLKARDCLK  n/a            2.944         10.000      7.056      RAMB36_X2Y3   u_tcm/u_ram/ram_reg_0_2/CLKARDCLK
Min Period        n/a     RAMB36E1/CLKBWRCLK  n/a            2.944         10.000      7.056      RAMB36_X2Y3   u_tcm/u_ram/ram_reg_0_2/CLKBWRCLK
Min Period        n/a     RAMB36E1/CLKARDCLK  n/a            2.944         10.000      7.056      RAMB36_X1Y2   u_tcm/u_ram/ram_reg_0_3/CLKARDCLK
Min Period        n/a     RAMB36E1/CLKBWRCLK  n/a            2.944         10.000      7.056      RAMB36_X1Y2   u_tcm/u_ram/ram_reg_0_3/CLKBWRCLK
Min Period        n/a     RAMB36E1/CLKARDCLK  n/a            2.944         10.000      7.056      RAMB36_X3Y2   u_tcm/u_ram/ram_reg_1_0/CLKARDCLK
Min Period        n/a     RAMB36E1/CLKBWRCLK  n/a            2.944         10.000      7.056      RAMB36_X3Y2   u_tcm/u_ram/ram_reg_1_0/CLKBWRCLK
Min Period        n/a     RAMB36E1/CLKARDCLK  n/a            2.944         10.000      7.056      RAMB36_X0Y2   u_tcm/u_ram/ram_reg_1_1/CLKARDCLK
Min Period        n/a     RAMB36E1/CLKBWRCLK  n/a            2.944         10.000      7.056      RAMB36_X0Y2   u_tcm/u_ram/ram_reg_1_1/CLKBWRCLK
Min Period        n/a     RAMB36E1/CLKARDCLK  n/a            2.944         10.000      7.056      RAMB36_X0Y3   u_tcm/u_ram/ram_reg_1_2/CLKARDCLK
Min Period        n/a     RAMB36E1/CLKBWRCLK  n/a            2.944         10.000      7.056      RAMB36_X0Y3   u_tcm/u_ram/ram_reg_1_2/CLKBWRCLK
Min Period        n/a     RAMB36E1/CLKARDCLK  n/a            2.944         10.000      7.056      RAMB36_X1Y0   u_tcm/u_ram/ram_reg_1_3/CLKARDCLK
Min Period        n/a     RAMB36E1/CLKBWRCLK  n/a            2.944         10.000      7.056      RAMB36_X1Y0   u_tcm/u_ram/ram_reg_1_3/CLKBWRCLK
Min Period        n/a     RAMB36E1/CLKARDCLK  n/a            2.944         10.000      7.056      RAMB36_X2Y1   u_tcm/u_ram/ram_reg_2_0/CLKARDCLK
Min Period        n/a     RAMB36E1/CLKBWRCLK  n/a            2.944         10.000      7.056      RAMB36_X2Y1   u_tcm/u_ram/ram_reg_2_0/CLKBWRCLK
Min Period        n/a     RAMB36E1/CLKARDCLK  n/a            2.944         10.000      7.056      RAMB36_X0Y4   u_tcm/u_ram/ram_reg_2_1/CLKARDCLK
Min Period        n/a     RAMB36E1/CLKBWRCLK  n/a            2.944         10.000      7.056      RAMB36_X0Y4   u_tcm/u_ram/ram_reg_2_1/CLKBWRCLK
Low Pulse Width   Slow    RAMD32/CLK          n/a            1.250         5.000       3.750      SLICE_X10Y18  u_core/u_issue/u_regfile/REGFILE_XILINX_SINGLE.u_reg/reg_loop1[0].reg_bit1a/DP/CLK
Low Pulse Width   Fast    RAMD32/CLK          n/a            1.250         5.000       3.750      SLICE_X10Y18  u_core/u_issue/u_regfile/REGFILE_XILINX_SINGLE.u_reg/reg_loop1[0].reg_bit1a/DP/CLK
Low Pulse Width   Slow    RAMD32/CLK          n/a            1.250         5.000       3.750      SLICE_X10Y18  u_core/u_issue/u_regfile/REGFILE_XILINX_SINGLE.u_reg/reg_loop1[0].reg_bit1a/SP/CLK
Low Pulse Width   Fast    RAMD32/CLK          n/a            1.250         5.000       3.750      SLICE_X10Y18  u_core/u_issue/u_regfile/REGFILE_XILINX_SINGLE.u_reg/reg_loop1[0].reg_bit1a/SP/CLK
Low Pulse Width   Slow    RAMD32/CLK          n/a            1.250         5.000       3.750      SLICE_X10Y18  u_core/u_issue/u_regfile/REGFILE_XILINX_SINGLE.u_reg/reg_loop1[0].reg_bit2a/DP/CLK
Low Pulse Width   Fast    RAMD32/CLK          n/a            1.250         5.000       3.750      SLICE_X10Y18  u_core/u_issue/u_regfile/REGFILE_XILINX_SINGLE.u_reg/reg_loop1[0].reg_bit2a/DP/CLK
Low Pulse Width   Slow    RAMD32/CLK          n/a            1.250         5.000       3.750      SLICE_X10Y18  u_core/u_issue/u_regfile/REGFILE_XILINX_SINGLE.u_reg/reg_loop1[0].reg_bit2a/SP/CLK
Low Pulse Width   Fast    RAMD32/CLK          n/a            1.250         5.000       3.750      SLICE_X10Y18  u_core/u_issue/u_regfile/REGFILE_XILINX_SINGLE.u_reg/reg_loop1[0].reg_bit2a/SP/CLK
Low Pulse Width   Slow    RAMD32/CLK          n/a            1.250         5.000       3.750      SLICE_X12Y8   u_core/u_issue/u_regfile/REGFILE_XILINX_SINGLE.u_reg/reg_loop1[10].reg_bit1a/DP/CLK
Low Pulse Width   Fast    RAMD32/CLK          n/a            1.250         5.000       3.750      SLICE_X12Y8   u_core/u_issue/u_regfile/REGFILE_XILINX_SINGLE.u_reg/reg_loop1[10].reg_bit1a/DP/CLK
Low Pulse Width   Slow    RAMD32/CLK          n/a            1.250         5.000       3.750      SLICE_X12Y8   u_core/u_issue/u_regfile/REGFILE_XILINX_SINGLE.u_reg/reg_loop1[10].reg_bit1a/SP/CLK
Low Pulse Width   Fast    RAMD32/CLK          n/a            1.250         5.000       3.750      SLICE_X12Y8   u_core/u_issue/u_regfile/REGFILE_XILINX_SINGLE.u_reg/reg_loop1[10].reg_bit1a/SP/CLK
Low Pulse Width   Slow    RAMD32/CLK          n/a            1.250         5.000       3.750      SLICE_X12Y8   u_core/u_issue/u_regfile/REGFILE_XILINX_SINGLE.u_reg/reg_loop1[10].reg_bit2a/DP/CLK
Low Pulse Width   Fast    RAMD32/CLK          n/a            1.250         5.000       3.750      SLICE_X12Y8   u_core/u_issue/u_regfile/REGFILE_XILINX_SINGLE.u_reg/reg_loop1[10].reg_bit2a/DP/CLK
Low Pulse Width   Slow    RAMD32/CLK          n/a            1.250         5.000       3.750      SLICE_X12Y8   u_core/u_issue/u_regfile/REGFILE_XILINX_SINGLE.u_reg/reg_loop1[10].reg_bit2a/SP/CLK
Low Pulse Width   Fast    RAMD32/CLK          n/a            1.250         5.000       3.750      SLICE_X12Y8   u_core/u_issue/u_regfile/REGFILE_XILINX_SINGLE.u_reg/reg_loop1[10].reg_bit2a/SP/CLK
Low Pulse Width   Slow    RAMD32/CLK          n/a            1.250         5.000       3.750      SLICE_X16Y15  u_core/u_issue/u_regfile/REGFILE_XILINX_SINGLE.u_reg/reg_loop1[11].reg_bit1a/DP/CLK
Low Pulse Width   Fast    RAMD32/CLK          n/a            1.250         5.000       3.750      SLICE_X16Y15  u_core/u_issue/u_regfile/REGFILE_XILINX_SINGLE.u_reg/reg_loop1[11].reg_bit1a/DP/CLK
Low Pulse Width   Slow    RAMD32/CLK          n/a            1.250         5.000       3.750      SLICE_X16Y15  u_core/u_issue/u_regfile/REGFILE_XILINX_SINGLE.u_reg/reg_loop1[11].reg_bit1a/SP/CLK
Low Pulse Width   Fast    RAMD32/CLK          n/a            1.250         5.000       3.750      SLICE_X16Y15  u_core/u_issue/u_regfile/REGFILE_XILINX_SINGLE.u_reg/reg_loop1[11].reg_bit1a/SP/CLK
High Pulse Width  Slow    RAMD32/CLK          n/a            1.250         5.000       3.750      SLICE_X10Y18  u_core/u_issue/u_regfile/REGFILE_XILINX_SINGLE.u_reg/reg_loop1[0].reg_bit1a/DP/CLK
High Pulse Width  Fast    RAMD32/CLK          n/a            1.250         5.000       3.750      SLICE_X10Y18  u_core/u_issue/u_regfile/REGFILE_XILINX_SINGLE.u_reg/reg_loop1[0].reg_bit1a/DP/CLK
High Pulse Width  Slow    RAMD32/CLK          n/a            1.250         5.000       3.750      SLICE_X10Y18  u_core/u_issue/u_regfile/REGFILE_XILINX_SINGLE.u_reg/reg_loop1[0].reg_bit1a/SP/CLK
High Pulse Width  Fast    RAMD32/CLK          n/a            1.250         5.000       3.750      SLICE_X10Y18  u_core/u_issue/u_regfile/REGFILE_XILINX_SINGLE.u_reg/reg_loop1[0].reg_bit1a/SP/CLK
High Pulse Width  Slow    RAMD32/CLK          n/a            1.250         5.000       3.750      SLICE_X10Y18  u_core/u_issue/u_regfile/REGFILE_XILINX_SINGLE.u_reg/reg_loop1[0].reg_bit2a/DP/CLK
High Pulse Width  Fast    RAMD32/CLK          n/a            1.250         5.000       3.750      SLICE_X10Y18  u_core/u_issue/u_regfile/REGFILE_XILINX_SINGLE.u_reg/reg_loop1[0].reg_bit2a/DP/CLK
High Pulse Width  Slow    RAMD32/CLK          n/a            1.250         5.000       3.750      SLICE_X10Y18  u_core/u_issue/u_regfile/REGFILE_XILINX_SINGLE.u_reg/reg_loop1[0].reg_bit2a/SP/CLK
High Pulse Width  Fast    RAMD32/CLK          n/a            1.250         5.000       3.750      SLICE_X10Y18  u_core/u_issue/u_regfile/REGFILE_XILINX_SINGLE.u_reg/reg_loop1[0].reg_bit2a/SP/CLK
High Pulse Width  Slow    RAMD32/CLK          n/a            1.250         5.000       3.750      SLICE_X12Y8   u_core/u_issue/u_regfile/REGFILE_XILINX_SINGLE.u_reg/reg_loop1[10].reg_bit1a/DP/CLK
High Pulse Width  Fast    RAMD32/CLK          n/a            1.250         5.000       3.750      SLICE_X12Y8   u_core/u_issue/u_regfile/REGFILE_XILINX_SINGLE.u_reg/reg_loop1[10].reg_bit1a/DP/CLK
High Pulse Width  Slow    RAMD32/CLK          n/a            1.250         5.000       3.750      SLICE_X12Y8   u_core/u_issue/u_regfile/REGFILE_XILINX_SINGLE.u_reg/reg_loop1[10].reg_bit1a/SP/CLK
High Pulse Width  Fast    RAMD32/CLK          n/a            1.250         5.000       3.750      SLICE_X12Y8   u_core/u_issue/u_regfile/REGFILE_XILINX_SINGLE.u_reg/reg_loop1[10].reg_bit1a/SP/CLK
High Pulse Width  Slow    RAMD32/CLK          n/a            1.250         5.000       3.750      SLICE_X12Y8   u_core/u_issue/u_regfile/REGFILE_XILINX_SINGLE.u_reg/reg_loop1[10].reg_bit2a/DP/CLK
High Pulse Width  Fast    RAMD32/CLK          n/a            1.250         5.000       3.750      SLICE_X12Y8   u_core/u_issue/u_regfile/REGFILE_XILINX_SINGLE.u_reg/reg_loop1[10].reg_bit2a/DP/CLK
High Pulse Width  Slow    RAMD32/CLK          n/a            1.250         5.000       3.750      SLICE_X12Y8   u_core/u_issue/u_regfile/REGFILE_XILINX_SINGLE.u_reg/reg_loop1[10].reg_bit2a/SP/CLK
High Pulse Width  Fast    RAMD32/CLK          n/a            1.250         5.000       3.750      SLICE_X12Y8   u_core/u_issue/u_regfile/REGFILE_XILINX_SINGLE.u_reg/reg_loop1[10].reg_bit2a/SP/CLK
High Pulse Width  Slow    RAMD32/CLK          n/a            1.250         5.000       3.750      SLICE_X16Y15  u_core/u_issue/u_regfile/REGFILE_XILINX_SINGLE.u_reg/reg_loop1[11].reg_bit1a/DP/CLK
High Pulse Width  Fast    RAMD32/CLK          n/a            1.250         5.000       3.750      SLICE_X16Y15  u_core/u_issue/u_regfile/REGFILE_XILINX_SINGLE.u_reg/reg_loop1[11].reg_bit1a/DP/CLK
High Pulse Width  Slow    RAMD32/CLK          n/a            1.250         5.000       3.750      SLICE_X16Y15  u_core/u_issue/u_regfile/REGFILE_XILINX_SINGLE.u_reg/reg_loop1[11].reg_bit1a/SP/CLK
High Pulse Width  Fast    RAMD32/CLK          n/a            1.250         5.000       3.750      SLICE_X16Y15  u_core/u_issue/u_regfile/REGFILE_XILINX_SINGLE.u_reg/reg_loop1[11].reg_bit1a/SP/CLK



