Copyright 1986-2022 Xilinx, Inc. All Rights Reserved.
-----------------------------------------------------------------------------------------------------------------------------------------------------------------------------------------------------------------
| Tool Version : Vivado v.2022.2 (win64) Build 3671981 Fri Oct 14 05:00:03 MDT 2022
| Date         : Tue Sep 15 21:00:10 2026
| Host         : LAPTOP-A7P3RQOS running 64-bit major release  (build 9200)
| Command      : report_timing_summary -delay_type min_max -max_paths 30 -file D:/code/FPGA/vivado/ultra_bht_btb_followup/sim/ultra_simd_subset_v1/build/vivado_ppa_12p5/simd_subset_v1_route_timing_summary.rpt
| Design       : riscv_tcm_top
| Device       : 7z020-clg400
| Speed File   : -1  PRODUCTION 1.12 2019-11-22
-----------------------------------------------------------------------------------------------------------------------------------------------------------------------------------------------------------------

Timing Summary Report

------------------------------------------------------------------------------------------------
| Timer Settings
| --------------
------------------------------------------------------------------------------------------------

  Enable Multi Corner Analysis               :  Yes
  Enable Pessimism Removal                   :  Yes
  Pessimism Removal Resolution               :  Nearest Common Node
  Enable Input Delay Default Clock           :  No
  Enable Preset / Clear Arcs                 :  No
  Disable Flight Delays                      :  No
  Ignore I/O Paths                           :  No
  Timing Early Launch at Borrowing Latches   :  No
  Borrow Time for Max Delay Exceptions       :  Yes
  Merge Timing Exceptions                    :  Yes

  Corner  Analyze    Analyze    
  Name    Max Paths  Min Paths  
  ------  ---------  ---------  
  Slow    Yes        Yes        
  Fast    Yes        Yes        


------------------------------------------------------------------------------------------------
| Report Methodology
| ------------------
------------------------------------------------------------------------------------------------

No report available as report_methodology has not been run prior. Run report_methodology on the current design for the summary of methodology violations.



check_timing report

Table of Contents
-----------------
1. checking no_clock (0)
2. checking constant_clock (0)
3. checking pulse_width_clock (0)
4. checking unconstrained_internal_endpoints (0)
5. checking no_input_delay (140)
6. checking no_output_delay (145)
7. checking multiple_clock (0)
8. checking generated_clocks (0)
9. checking loops (0)
10. checking partial_input_delay (0)
11. checking partial_output_delay (0)
12. checking latch_loops (0)

1. checking no_clock (0)
------------------------
 There are 0 register/latch pins with no clock.


2. checking constant_clock (0)
------------------------------
 There are 0 register/latch pins with constant_clock.


3. checking pulse_width_clock (0)
---------------------------------
 There are 0 register/latch pins which need pulse_width check


4. checking unconstrained_internal_endpoints (0)
------------------------------------------------
 There are 0 pins that are not constrained for maximum delay.

 There are 0 pins that are not constrained for maximum delay due to constant clock.


5. checking no_input_delay (140)
--------------------------------
 There are 138 input ports with no input delay specified. (HIGH)

 There are 2 input ports with no input delay but user has a false path constraint. (MEDIUM)


6. checking no_output_delay (145)
---------------------------------
 There are 145 ports with no output delay specified. (HIGH)

 There are 0 ports with no output delay but user has a false path constraint

 There are 0 ports with no output delay but with a timing clock defined on it or propagating through it


7. checking multiple_clock (0)
------------------------------
 There are 0 register/latch pins with multiple clocks.


8. checking generated_clocks (0)
--------------------------------
 There are 0 generated clocks that are not connected to a clock source.


9. checking loops (0)
---------------------
 There are 0 combinational loops in the design.


10. checking partial_input_delay (0)
------------------------------------
 There are 0 input ports with partial input delay specified.


11. checking partial_output_delay (0)
-------------------------------------
 There are 0 ports with partial output delay specified.


12. checking latch_loops (0)
----------------------------
 There are 0 combinational latch loops in the design through latch input



------------------------------------------------------------------------------------------------
| Design Timing Summary
| ---------------------
------------------------------------------------------------------------------------------------

    WNS(ns)      TNS(ns)  TNS Failing Endpoints  TNS Total Endpoints      WHS(ns)      THS(ns)  THS Failing Endpoints  THS Total Endpoints     WPWS(ns)     TPWS(ns)  TPWS Failing Endpoints  TPWS Total Endpoints  
    -------      -------  ---------------------  -------------------      -------      -------  ---------------------  -------------------     --------     --------  ----------------------  --------------------  
     -0.091       -0.184                      3                 6409        0.052        0.000                      0                 6409        5.000        0.000                       0                  2311  


Timing constraints are not met.


------------------------------------------------------------------------------------------------
| Clock Summary
| -------------
------------------------------------------------------------------------------------------------

Clock  Waveform(ns)       Period(ns)      Frequency(MHz)
-----  ------------       ----------      --------------
clk_i  {0.000 6.250}      12.500          80.000          


------------------------------------------------------------------------------------------------
| Intra Clock Table
| -----------------
------------------------------------------------------------------------------------------------

Clock             WNS(ns)      TNS(ns)  TNS Failing Endpoints  TNS Total Endpoints      WHS(ns)      THS(ns)  THS Failing Endpoints  THS Total Endpoints     WPWS(ns)     TPWS(ns)  TPWS Failing Endpoints  TPWS Total Endpoints  
-----             -------      -------  ---------------------  -------------------      -------      -------  ---------------------  -------------------     --------     --------  ----------------------  --------------------  
clk_i              -0.091       -0.184                      3                 6409        0.052        0.000                      0                 6409        5.000        0.000                       0                  2311  


------------------------------------------------------------------------------------------------
| Inter Clock Table
| -----------------
------------------------------------------------------------------------------------------------

From Clock    To Clock          WNS(ns)      TNS(ns)  TNS Failing Endpoints  TNS Total Endpoints      WHS(ns)      THS(ns)  THS Failing Endpoints  THS Total Endpoints  
----------    --------          -------      -------  ---------------------  -------------------      -------      -------  ---------------------  -------------------  


------------------------------------------------------------------------------------------------
| Other Path Groups Table
| -----------------------
------------------------------------------------------------------------------------------------

Path Group    From Clock    To Clock          WNS(ns)      TNS(ns)  TNS Failing Endpoints  TNS Total Endpoints      WHS(ns)      THS(ns)  THS Failing Endpoints  THS Total Endpoints  
----------    ----------    --------          -------      -------  ---------------------  -------------------      -------      -------  ---------------------  -------------------  


------------------------------------------------------------------------------------------------
| Timing Details
| --------------
------------------------------------------------------------------------------------------------


---------------------------------------------------------------------------------------------------
From Clock:  clk_i
  To Clock:  clk_i

Setup :            3  Failing Endpoints,  Worst Slack       -0.091ns,  Total Violation       -0.184ns
Hold  :            0  Failing Endpoints,  Worst Slack        0.052ns,  Total Violation        0.000ns
PW    :            0  Failing Endpoints,  Worst Slack        5.000ns,  Total Violation        0.000ns
---------------------------------------------------------------------------------------------------


Max Delay Paths
--------------------------------------------------------------------------------------
Slack (VIOLATED) :        -0.091ns  (required time - arrival time)
  Source:                 u_tcm/u_ram/ram_reg_0_3/CLKARDCLK
                            (rising edge-triggered cell RAMB36E1 clocked by clk_i  {rise@0.000ns fall@6.250ns period=12.500ns})
  Destination:            u_core/u_exec/result_q_reg[14]/D
                            (rising edge-triggered cell FDCE clocked by clk_i  {rise@0.000ns fall@6.250ns period=12.500ns})
  Path Group:             clk_i
  Path Type:              Setup (Max at Slow Process Corner)
  Requirement:            12.500ns  (clk_i rise@12.500ns - clk_i rise@0.000ns)
  Data Path Delay:        12.471ns  (logic 3.818ns (30.614%)  route 8.653ns (69.386%))
  Logic Levels:           11  (LUT4=1 LUT5=2 LUT6=8)
  Clock Path Skew:        -0.115ns (DCD - SCD + CPR)
    Destination Clock Delay (DCD):    1.554ns = ( 14.054 - 12.500 ) 
    Source Clock Delay      (SCD):    1.784ns
    Clock Pessimism Removal (CPR):    0.115ns
  Clock Uncertainty:      0.035ns  ((TSJ^2 + TIJ^2)^1/2 + DJ) / 2 + PE
    Total System Jitter     (TSJ):    0.071ns
    Total Input Jitter      (TIJ):    0.000ns
    Discrete Jitter          (DJ):    0.000ns
    Phase Error              (PE):    0.000ns

    Location             Delay type                Incr(ns)  Path(ns)    Netlist Resource(s)
  -------------------------------------------------------------------    -------------------
                         (clock clk_i rise edge)      0.000     0.000 r  
                                                      0.000     0.000 r  clk_i (IN)
                         net (fo=2310, unset)         1.784     1.784    u_tcm/u_ram/clk_i
    RAMB36_X1Y3          RAMB36E1                                     r  u_tcm/u_ram/ram_reg_0_3/CLKARDCLK
  -------------------------------------------------------------------    -------------------
    RAMB36_X1Y3          RAMB36E1 (Prop_ramb36e1_CLKARDCLK_DOADO[1])
                                                      2.454     4.238 r  u_tcm/u_ram/ram_reg_0_3/DOADO[1]
                         net (fo=6, routed)           1.044     5.282    u_core/u_lsu/u_lsu_request/ram_read1_q[6]
    SLICE_X19Y18         LUT6 (Prop_lut6_I2_O)        0.124     5.406 f  u_core/u_lsu/u_lsu_request/result_wb_q[31]_i_16/O
                         net (fo=1, routed)           0.981     6.387    u_core/u_lsu/u_lsu_request/result_wb_q[31]_i_16_n_0
    SLICE_X15Y20         LUT6 (Prop_lut6_I3_O)        0.124     6.511 r  u_core/u_lsu/u_lsu_request/result_wb_q[31]_i_7/O
                         net (fo=29, routed)          0.417     6.928    u_core/u_lsu/u_lsu_request/result_wb_q[31]_i_7_n_0
    SLICE_X16Y20         LUT6 (Prop_lut6_I0_O)        0.124     7.052 r  u_core/u_lsu/u_lsu_request/result_wb_q[31]_i_5/O
                         net (fo=32, routed)          0.806     7.858    u_core/u_issue/u_pipe_ctrl/result_wb_q_reg[31]_2
    SLICE_X11Y25         LUT6 (Prop_lut6_I4_O)        0.124     7.982 r  u_core/u_issue/u_pipe_ctrl/sub_res_w_carry__5_i_39/O
                         net (fo=2, routed)           0.444     8.426    u_core/u_issue/u_pipe_ctrl/sub_res_w_carry__5_i_39_n_0
    SLICE_X11Y23         LUT6 (Prop_lut6_I4_O)        0.124     8.550 r  u_core/u_issue/u_pipe_ctrl/sub_res_w_carry__5_i_17/O
                         net (fo=17, routed)          0.667     9.218    u_core/u_decode/lsu_opcode_ra_operand_w[25]
    SLICE_X17Y24         LUT6 (Prop_lut6_I4_O)        0.124     9.342 r  u_core/u_decode/sub_res_w_carry__5_i_3/O
                         net (fo=20, routed)          1.356    10.698    u_core/u_decode/alu_input_a_r[25]
    SLICE_X25Y26         LUT6 (Prop_lut6_I1_O)        0.124    10.822 r  u_core/u_decode/result_q[22]_i_13/O
                         net (fo=4, routed)           0.672    11.494    u_core/u_decode/result_q[22]_i_13_n_0
    SLICE_X27Y25         LUT4 (Prop_lut4_I2_O)        0.124    11.618 r  u_core/u_decode/result_q[14]_i_16/O
                         net (fo=1, routed)           0.663    12.281    u_core/u_decode/result_q[14]_i_16_n_0
    SLICE_X33Y26         LUT5 (Prop_lut5_I0_O)        0.124    12.405 r  u_core/u_decode/result_q[14]_i_8/O
                         net (fo=2, routed)           0.806    13.211    u_core/u_decode/result_q[14]_i_8_n_0
    SLICE_X31Y26         LUT5 (Prop_lut5_I0_O)        0.124    13.335 r  u_core/u_decode/result_q[14]_i_3/O
                         net (fo=1, routed)           0.796    14.132    u_core/u_decode/u_exec/u_alu/result_r__159[14]
    SLICE_X31Y25         LUT6 (Prop_lut6_I1_O)        0.124    14.256 r  u_core/u_decode/result_q[14]_i_1/O
                         net (fo=1, routed)           0.000    14.256    u_core/u_exec/result_q_reg[31]_1[14]
    SLICE_X31Y25         FDCE                                         r  u_core/u_exec/result_q_reg[14]/D
  -------------------------------------------------------------------    -------------------

                         (clock clk_i rise edge)     12.500    12.500 r  
                                                      0.000    12.500 r  clk_i (IN)
                         net (fo=2310, unset)         1.554    14.054    u_core/u_exec/clk_i
    SLICE_X31Y25         FDCE                                         r  u_core/u_exec/result_q_reg[14]/C
                         clock pessimism              0.115    14.169    
                         clock uncertainty           -0.035    14.134    
    SLICE_X31Y25         FDCE (Setup_fdce_C_D)        0.031    14.165    u_core/u_exec/result_q_reg[14]
  -------------------------------------------------------------------
                         required time                         14.165    
                         arrival time                         -14.256    
  -------------------------------------------------------------------
                         slack                                 -0.091    

Slack (VIOLATED) :        -0.055ns  (required time - arrival time)
  Source:                 u_tcm/u_ram/ram_reg_0_3/CLKARDCLK
                            (rising edge-triggered cell RAMB36E1 clocked by clk_i  {rise@0.000ns fall@6.250ns period=12.500ns})
  Destination:            u_core/u_fetch/branch_pc_q_reg[19]/D
                            (rising edge-triggered cell FDCE clocked by clk_i  {rise@0.000ns fall@6.250ns period=12.500ns})
  Path Group:             clk_i
  Path Type:              Setup (Max at Slow Process Corner)
  Requirement:            12.500ns  (clk_i rise@12.500ns - clk_i rise@0.000ns)
  Data Path Delay:        12.528ns  (logic 5.317ns (42.441%)  route 7.211ns (57.559%))
  Logic Levels:           17  (CARRY4=6 LUT2=1 LUT3=1 LUT4=2 LUT6=7)
  Clock Path Skew:        -0.022ns (DCD - SCD + CPR)
    Destination Clock Delay (DCD):    1.647ns = ( 14.147 - 12.500 ) 
    Source Clock Delay      (SCD):    1.784ns
    Clock Pessimism Removal (CPR):    0.115ns
  Clock Uncertainty:      0.035ns  ((TSJ^2 + TIJ^2)^1/2 + DJ) / 2 + PE
    Total System Jitter     (TSJ):    0.071ns
    Total Input Jitter      (TIJ):    0.000ns
    Discrete Jitter          (DJ):    0.000ns
    Phase Error              (PE):    0.000ns

    Location             Delay type                Incr(ns)  Path(ns)    Netlist Resource(s)
  -------------------------------------------------------------------    -------------------
                         (clock clk_i rise edge)      0.000     0.000 r  
                                                      0.000     0.000 r  clk_i (IN)
                         net (fo=2310, unset)         1.784     1.784    u_tcm/u_ram/clk_i
    RAMB36_X1Y3          RAMB36E1                                     r  u_tcm/u_ram/ram_reg_0_3/CLKARDCLK
  -------------------------------------------------------------------    -------------------
    RAMB36_X1Y3          RAMB36E1 (Prop_ramb36e1_CLKARDCLK_DOADO[1])
                                                      2.454     4.238 r  u_tcm/u_ram/ram_reg_0_3/DOADO[1]
                         net (fo=6, routed)           1.044     5.282    u_core/u_lsu/u_lsu_request/ram_read1_q[6]
    SLICE_X19Y18         LUT6 (Prop_lut6_I2_O)        0.124     5.406 f  u_core/u_lsu/u_lsu_request/result_wb_q[31]_i_16/O
                         net (fo=1, routed)           0.981     6.387    u_core/u_lsu/u_lsu_request/result_wb_q[31]_i_16_n_0
    SLICE_X15Y20         LUT6 (Prop_lut6_I3_O)        0.124     6.511 r  u_core/u_lsu/u_lsu_request/result_wb_q[31]_i_7/O
                         net (fo=29, routed)          0.838     7.350    u_core/u_lsu/u_lsu_request/result_wb_q[31]_i_7_n_0
    SLICE_X17Y15         LUT6 (Prop_lut6_I5_O)        0.124     7.474 r  u_core/u_lsu/u_lsu_request/result_wb_q[9]_i_2/O
                         net (fo=2, routed)           0.167     7.640    u_core/u_issue/u_pipe_ctrl/writeback_mem_value_w[9]
    SLICE_X17Y15         LUT6 (Prop_lut6_I5_O)        0.124     7.764 r  u_core/u_issue/u_pipe_ctrl/sub_res_w_carry__1_i_29/O
                         net (fo=2, routed)           0.307     8.071    u_core/u_issue/u_pipe_ctrl/sub_res_w_carry__1_i_29_n_0
    SLICE_X18Y15         LUT6 (Prop_lut6_I4_O)        0.124     8.195 r  u_core/u_issue/u_pipe_ctrl/sub_res_w_carry__1_i_14/O
                         net (fo=16, routed)          1.005     9.201    u_core/u_issue/u_pipe_ctrl/early_data_hold_q_reg[11][1]
    SLICE_X14Y18         LUT2 (Prop_lut2_I0_O)        0.124     9.325 r  u_core/u_issue/u_pipe_ctrl/branch_update_taken_q_i_128/O
                         net (fo=1, routed)           0.000     9.325    u_core/u_issue/u_pipe_ctrl/branch_update_taken_q_i_128_n_0
    SLICE_X14Y18         CARRY4 (Prop_carry4_S[1]_CO[3])
                                                      0.533     9.858 r  u_core/u_issue/u_pipe_ctrl/branch_update_taken_q_reg_i_115/CO[3]
                         net (fo=1, routed)           0.000     9.858    u_core/u_issue/u_pipe_ctrl/branch_update_taken_q_reg_i_115_n_0
    SLICE_X14Y19         CARRY4 (Prop_carry4_CI_CO[3])
                                                      0.117     9.975 r  u_core/u_issue/u_pipe_ctrl/branch_update_taken_q_reg_i_105/CO[3]
                         net (fo=1, routed)           0.000     9.975    u_core/u_issue/u_pipe_ctrl/branch_update_taken_q_reg_i_105_n_0
    SLICE_X14Y20         CARRY4 (Prop_carry4_CI_CO[3])
                                                      0.117    10.092 r  u_core/u_issue/u_pipe_ctrl/branch_update_taken_q_reg_i_87/CO[3]
                         net (fo=1, routed)           0.000    10.092    u_core/u_issue/u_pipe_ctrl/branch_update_taken_q_reg_i_87_n_0
    SLICE_X14Y21         CARRY4 (Prop_carry4_CI_CO[3])
                                                      0.117    10.209 r  u_core/u_issue/u_pipe_ctrl/branch_update_taken_q_reg_i_60/CO[3]
                         net (fo=1, routed)           0.000    10.209    u_core/u_issue/u_pipe_ctrl/branch_update_taken_q_reg_i_60_n_0
    SLICE_X14Y22         CARRY4 (Prop_carry4_CI_CO[3])
                                                      0.117    10.326 r  u_core/u_issue/u_pipe_ctrl/branch_update_taken_q_reg_i_31/CO[3]
                         net (fo=1, routed)           0.000    10.326    u_core/u_issue/u_pipe_ctrl/branch_update_taken_q_reg_i_31_n_0
    SLICE_X14Y23         CARRY4 (Prop_carry4_CI_O[3])
                                                      0.315    10.641 r  u_core/u_issue/u_pipe_ctrl/branch_update_taken_q_reg_i_12/O[3]
                         net (fo=1, routed)           0.586    11.226    u_core/u_issue/u_pipe_ctrl/u_exec/less_than_signed01_out[31]
    SLICE_X12Y23         LUT3 (Prop_lut3_I0_O)        0.307    11.533 r  u_core/u_issue/u_pipe_ctrl/branch_update_taken_q_i_7/O
                         net (fo=1, routed)           0.473    12.006    u_core/u_decode/branch_update_taken_q_i_2_0
    SLICE_X11Y21         LUT6 (Prop_lut6_I4_O)        0.124    12.130 r  u_core/u_decode/branch_update_taken_q_i_3/O
                         net (fo=1, routed)           0.264    12.394    u_core/u_decode/branch_update_taken_q_i_3_n_0
    SLICE_X11Y21         LUT6 (Prop_lut6_I0_O)        0.124    12.518 r  u_core/u_decode/branch_update_taken_q_i_2/O
                         net (fo=64, routed)          0.944    13.463    u_core/u_decode/branch_update_taken_q_i_2_n_0
    SLICE_X0Y21          LUT4 (Prop_lut4_I0_O)        0.124    13.587 r  u_core/u_decode/branch_pc_q[19]_i_3/O
                         net (fo=1, routed)           0.602    14.189    u_core/u_csr/branch_pc_q_reg[19]_0
    SLICE_X5Y20          LUT4 (Prop_lut4_I3_O)        0.124    14.313 r  u_core/u_csr/branch_pc_q[19]_i_1/O
                         net (fo=1, routed)           0.000    14.313    u_core/u_fetch/D[17]
    SLICE_X5Y20          FDCE                                         r  u_core/u_fetch/branch_pc_q_reg[19]/D
  -------------------------------------------------------------------    -------------------

                         (clock clk_i rise edge)     12.500    12.500 r  
                                                      0.000    12.500 r  clk_i (IN)
                         net (fo=2310, unset)         1.647    14.147    u_core/u_fetch/clk_i
    SLICE_X5Y20          FDCE                                         r  u_core/u_fetch/branch_pc_q_reg[19]/C
                         clock pessimism              0.115    14.262    
                         clock uncertainty           -0.035    14.227    
    SLICE_X5Y20          FDCE (Setup_fdce_C_D)        0.031    14.258    u_core/u_fetch/branch_pc_q_reg[19]
  -------------------------------------------------------------------
                         required time                         14.258    
                         arrival time                         -14.313    
  -------------------------------------------------------------------
                         slack                                 -0.055    

Slack (VIOLATED) :        -0.038ns  (required time - arrival time)
  Source:                 u_core/u_decode/buffer_payload_q_reg[58]/C
                            (rising edge-triggered cell FDRE clocked by clk_i  {rise@0.000ns fall@6.250ns period=12.500ns})
  Destination:            u_core/u_lsu/mem_data_wr_q_reg[10]/D
                            (rising edge-triggered cell FDCE clocked by clk_i  {rise@0.000ns fall@6.250ns period=12.500ns})
  Path Group:             clk_i
  Path Type:              Setup (Max at Slow Process Corner)
  Requirement:            12.500ns  (clk_i rise@12.500ns - clk_i rise@0.000ns)
  Data Path Delay:        12.559ns  (logic 2.925ns (23.289%)  route 9.634ns (76.710%))
  Logic Levels:           16  (CARRY4=1 LUT2=1 LUT3=1 LUT4=3 LUT5=4 LUT6=6)
  Clock Path Skew:        0.028ns (DCD - SCD + CPR)
    Destination Clock Delay (DCD):    1.659ns = ( 14.159 - 12.500 ) 
    Source Clock Delay      (SCD):    1.746ns
    Clock Pessimism Removal (CPR):    0.115ns
  Clock Uncertainty:      0.035ns  ((TSJ^2 + TIJ^2)^1/2 + DJ) / 2 + PE
    Total System Jitter     (TSJ):    0.071ns
    Total Input Jitter      (TIJ):    0.000ns
    Discrete Jitter          (DJ):    0.000ns
    Phase Error              (PE):    0.000ns

    Location             Delay type                Incr(ns)  Path(ns)    Netlist Resource(s)
  -------------------------------------------------------------------    -------------------
                         (clock clk_i rise edge)      0.000     0.000 r  
                                                      0.000     0.000 r  clk_i (IN)
                         net (fo=2310, unset)         1.746     1.746    u_core/u_decode/clk_i
    SLICE_X28Y8          FDRE                                         r  u_core/u_decode/buffer_payload_q_reg[58]/C
  -------------------------------------------------------------------    -------------------
    SLICE_X28Y8          FDRE (Prop_fdre_C_Q)         0.456     2.202 f  u_core/u_decode/buffer_payload_q_reg[58]/Q
                         net (fo=40, routed)          0.937     3.139    u_core/u_decode/Q[16]
    SLICE_X27Y8          LUT5 (Prop_lut5_I0_O)        0.124     3.263 f  u_core/u_decode/ctrl_e1_q[5]_i_5/O
                         net (fo=8, routed)           0.594     3.857    u_core/u_decode/ctrl_e1_q[5]_i_5_n_0
    SLICE_X25Y10         LUT3 (Prop_lut3_I2_O)        0.124     3.981 f  u_core/u_decode/take_interrupt_q_i_9/O
                         net (fo=2, routed)           0.898     4.879    u_core/u_decode/take_interrupt_q_i_9_n_0
    SLICE_X19Y7          LUT6 (Prop_lut6_I1_O)        0.124     5.003 f  u_core/u_decode/rd_result_e1_q[31]_i_23/O
                         net (fo=2, routed)           0.971     5.974    u_core/u_decode/rd_result_e1_q[31]_i_23_n_0
    SLICE_X22Y6          LUT6 (Prop_lut6_I5_O)        0.124     6.098 f  u_core/u_decode/branch_update_pc_q[31]_i_39/O
                         net (fo=1, routed)           0.479     6.577    u_core/u_decode/branch_update_pc_q[31]_i_39_n_0
    SLICE_X19Y6          LUT5 (Prop_lut5_I4_O)        0.124     6.701 f  u_core/u_decode/branch_update_pc_q[31]_i_20/O
                         net (fo=1, routed)           0.469     7.171    u_core/u_decode/branch_update_pc_q[31]_i_20_n_0
    SLICE_X19Y6          LUT6 (Prop_lut6_I4_O)        0.124     7.295 f  u_core/u_decode/branch_update_pc_q[31]_i_5/O
                         net (fo=1, routed)           0.635     7.929    u_core/u_decode/branch_update_pc_q[31]_i_5_n_0
    SLICE_X19Y8          LUT6 (Prop_lut6_I2_O)        0.124     8.053 r  u_core/u_decode/branch_update_pc_q[31]_i_2/O
                         net (fo=64, routed)          0.311     8.364    u_core/u_csr/u_csrfile/ctrl_e1_q_reg[7]
    SLICE_X17Y8          LUT2 (Prop_lut2_I1_O)        0.124     8.488 r  u_core/u_csr/u_csrfile/buffer_valid_q_i_4/O
                         net (fo=62, routed)          0.634     9.122    u_core/u_decode/lsu_opcode_valid_w
    SLICE_X13Y9          LUT4 (Prop_lut4_I2_O)        0.124     9.246 f  u_core/u_decode/mem_flush_q_i_6/O
                         net (fo=1, routed)           0.149     9.395    u_core/u_decode/mem_flush_q_i_6_n_0
    SLICE_X13Y9          LUT4 (Prop_lut4_I3_O)        0.124     9.519 r  u_core/u_decode/mem_flush_q_i_3/O
                         net (fo=35, routed)          0.543    10.062    u_core/u_decode/mem_flush_q_i_3_n_0
    SLICE_X8Y9           LUT5 (Prop_lut5_I3_O)        0.124    10.186 r  u_core/u_decode/mem_addr_q[3]_i_6/O
                         net (fo=1, routed)           0.000    10.186    u_core/u_issue/u_pipe_ctrl/S[0]
    SLICE_X8Y9           CARRY4 (Prop_carry4_S[0]_O[1])
                                                      0.427    10.613 f  u_core/u_issue/u_pipe_ctrl/mem_addr_q_reg[3]_i_2/O[1]
                         net (fo=16, routed)          0.571    11.185    u_core/u_decode/O[1]
    SLICE_X9Y9           LUT6 (Prop_lut6_I3_O)        0.306    11.491 r  u_core/u_decode/mem_unaligned_e1_q_i_2/O
                         net (fo=5, routed)           0.495    11.985    u_core/u_decode/buffer_payload_q_reg[36]_0
    SLICE_X8Y6           LUT6 (Prop_lut6_I0_O)        0.124    12.109 f  u_core/u_decode/mem_wr_q[3]_i_5/O
                         net (fo=3, routed)           1.051    13.160    u_core/u_decode/mem_wr_q[3]_i_5_n_0
    SLICE_X5Y6           LUT5 (Prop_lut5_I1_O)        0.124    13.284 f  u_core/u_decode/mem_wr_q[1]_i_2/O
                         net (fo=18, routed)          0.897    14.181    u_core/u_decode/buffer_payload_q_reg[37]_1
    SLICE_X3Y6           LUT4 (Prop_lut4_I2_O)        0.124    14.305 r  u_core/u_decode/mem_data_wr_q[10]_i_1/O
                         net (fo=1, routed)           0.000    14.305    u_core/u_lsu/mem_data_wr_q_reg[31]_0[10]
    SLICE_X3Y6           FDCE                                         r  u_core/u_lsu/mem_data_wr_q_reg[10]/D
  -------------------------------------------------------------------    -------------------

                         (clock clk_i rise edge)     12.500    12.500 r  
                                                      0.000    12.500 r  clk_i (IN)
                         net (fo=2310, unset)         1.659    14.159    u_core/u_lsu/clk_i
    SLICE_X3Y6           FDCE                                         r  u_core/u_lsu/mem_data_wr_q_reg[10]/C
                         clock pessimism              0.115    14.274    
                         clock uncertainty           -0.035    14.239    
    SLICE_X3Y6           FDCE (Setup_fdce_C_D)        0.029    14.268    u_core/u_lsu/mem_data_wr_q_reg[10]
  -------------------------------------------------------------------
                         required time                         14.268    
                         arrival time                         -14.305    
  -------------------------------------------------------------------
                         slack                                 -0.038    

Slack (MET) :             0.013ns  (required time - arrival time)
  Source:                 u_tcm/u_ram/ram_reg_0_3/CLKARDCLK
                            (rising edge-triggered cell RAMB36E1 clocked by clk_i  {rise@0.000ns fall@6.250ns period=12.500ns})
  Destination:            u_core/u_fetch/branch_pc_q_reg[20]/D
                            (rising edge-triggered cell FDCE clocked by clk_i  {rise@0.000ns fall@6.250ns period=12.500ns})
  Path Group:             clk_i
  Path Type:              Setup (Max at Slow Process Corner)
  Requirement:            12.500ns  (clk_i rise@12.500ns - clk_i rise@0.000ns)
  Data Path Delay:        12.511ns  (logic 5.317ns (42.500%)  route 7.194ns (57.500%))
  Logic Levels:           17  (CARRY4=6 LUT2=1 LUT3=1 LUT4=2 LUT6=7)
  Clock Path Skew:        -0.022ns (DCD - SCD + CPR)
    Destination Clock Delay (DCD):    1.647ns = ( 14.147 - 12.500 ) 
    Source Clock Delay      (SCD):    1.784ns
    Clock Pessimism Removal (CPR):    0.115ns
  Clock Uncertainty:      0.035ns  ((TSJ^2 + TIJ^2)^1/2 + DJ) / 2 + PE
    Total System Jitter     (TSJ):    0.071ns
    Total Input Jitter      (TIJ):    0.000ns
    Discrete Jitter          (DJ):    0.000ns
    Phase Error              (PE):    0.000ns

    Location             Delay type                Incr(ns)  Path(ns)    Netlist Resource(s)
  -------------------------------------------------------------------    -------------------
                         (clock clk_i rise edge)      0.000     0.000 r  
                                                      0.000     0.000 r  clk_i (IN)
                         net (fo=2310, unset)         1.784     1.784    u_tcm/u_ram/clk_i
    RAMB36_X1Y3          RAMB36E1                                     r  u_tcm/u_ram/ram_reg_0_3/CLKARDCLK
  -------------------------------------------------------------------    -------------------
    RAMB36_X1Y3          RAMB36E1 (Prop_ramb36e1_CLKARDCLK_DOADO[1])
                                                      2.454     4.238 r  u_tcm/u_ram/ram_reg_0_3/DOADO[1]
                         net (fo=6, routed)           1.044     5.282    u_core/u_lsu/u_lsu_request/ram_read1_q[6]
    SLICE_X19Y18         LUT6 (Prop_lut6_I2_O)        0.124     5.406 f  u_core/u_lsu/u_lsu_request/result_wb_q[31]_i_16/O
                         net (fo=1, routed)           0.981     6.387    u_core/u_lsu/u_lsu_request/result_wb_q[31]_i_16_n_0
    SLICE_X15Y20         LUT6 (Prop_lut6_I3_O)        0.124     6.511 r  u_core/u_lsu/u_lsu_request/result_wb_q[31]_i_7/O
                         net (fo=29, routed)          0.838     7.350    u_core/u_lsu/u_lsu_request/result_wb_q[31]_i_7_n_0
    SLICE_X17Y15         LUT6 (Prop_lut6_I5_O)        0.124     7.474 r  u_core/u_lsu/u_lsu_request/result_wb_q[9]_i_2/O
                         net (fo=2, routed)           0.167     7.640    u_core/u_issue/u_pipe_ctrl/writeback_mem_value_w[9]
    SLICE_X17Y15         LUT6 (Prop_lut6_I5_O)        0.124     7.764 r  u_core/u_issue/u_pipe_ctrl/sub_res_w_carry__1_i_29/O
                         net (fo=2, routed)           0.307     8.071    u_core/u_issue/u_pipe_ctrl/sub_res_w_carry__1_i_29_n_0
    SLICE_X18Y15         LUT6 (Prop_lut6_I4_O)        0.124     8.195 r  u_core/u_issue/u_pipe_ctrl/sub_res_w_carry__1_i_14/O
                         net (fo=16, routed)          1.005     9.201    u_core/u_issue/u_pipe_ctrl/early_data_hold_q_reg[11][1]
    SLICE_X14Y18         LUT2 (Prop_lut2_I0_O)        0.124     9.325 r  u_core/u_issue/u_pipe_ctrl/branch_update_taken_q_i_128/O
                         net (fo=1, routed)           0.000     9.325    u_core/u_issue/u_pipe_ctrl/branch_update_taken_q_i_128_n_0
    SLICE_X14Y18         CARRY4 (Prop_carry4_S[1]_CO[3])
                                                      0.533     9.858 r  u_core/u_issue/u_pipe_ctrl/branch_update_taken_q_reg_i_115/CO[3]
                         net (fo=1, routed)           0.000     9.858    u_core/u_issue/u_pipe_ctrl/branch_update_taken_q_reg_i_115_n_0
    SLICE_X14Y19         CARRY4 (Prop_carry4_CI_CO[3])
                                                      0.117     9.975 r  u_core/u_issue/u_pipe_ctrl/branch_update_taken_q_reg_i_105/CO[3]
                         net (fo=1, routed)           0.000     9.975    u_core/u_issue/u_pipe_ctrl/branch_update_taken_q_reg_i_105_n_0
    SLICE_X14Y20         CARRY4 (Prop_carry4_CI_CO[3])
                                                      0.117    10.092 r  u_core/u_issue/u_pipe_ctrl/branch_update_taken_q_reg_i_87/CO[3]
                         net (fo=1, routed)           0.000    10.092    u_core/u_issue/u_pipe_ctrl/branch_update_taken_q_reg_i_87_n_0
    SLICE_X14Y21         CARRY4 (Prop_carry4_CI_CO[3])
                                                      0.117    10.209 r  u_core/u_issue/u_pipe_ctrl/branch_update_taken_q_reg_i_60/CO[3]
                         net (fo=1, routed)           0.000    10.209    u_core/u_issue/u_pipe_ctrl/branch_update_taken_q_reg_i_60_n_0
    SLICE_X14Y22         CARRY4 (Prop_carry4_CI_CO[3])
                                                      0.117    10.326 r  u_core/u_issue/u_pipe_ctrl/branch_update_taken_q_reg_i_31/CO[3]
                         net (fo=1, routed)           0.000    10.326    u_core/u_issue/u_pipe_ctrl/branch_update_taken_q_reg_i_31_n_0
    SLICE_X14Y23         CARRY4 (Prop_carry4_CI_O[3])
                                                      0.315    10.641 r  u_core/u_issue/u_pipe_ctrl/branch_update_taken_q_reg_i_12/O[3]
                         net (fo=1, routed)           0.586    11.226    u_core/u_issue/u_pipe_ctrl/u_exec/less_than_signed01_out[31]
    SLICE_X12Y23         LUT3 (Prop_lut3_I0_O)        0.307    11.533 r  u_core/u_issue/u_pipe_ctrl/branch_update_taken_q_i_7/O
                         net (fo=1, routed)           0.473    12.006    u_core/u_decode/branch_update_taken_q_i_2_0
    SLICE_X11Y21         LUT6 (Prop_lut6_I4_O)        0.124    12.130 r  u_core/u_decode/branch_update_taken_q_i_3/O
                         net (fo=1, routed)           0.264    12.394    u_core/u_decode/branch_update_taken_q_i_3_n_0
    SLICE_X11Y21         LUT6 (Prop_lut6_I0_O)        0.124    12.518 r  u_core/u_decode/branch_update_taken_q_i_2/O
                         net (fo=64, routed)          0.930    13.448    u_core/u_decode/branch_update_taken_q_i_2_n_0
    SLICE_X4Y22          LUT4 (Prop_lut4_I0_O)        0.124    13.572 r  u_core/u_decode/branch_pc_q[20]_i_3/O
                         net (fo=1, routed)           0.599    14.171    u_core/u_csr/branch_pc_q_reg[20]_0
    SLICE_X2Y21          LUT4 (Prop_lut4_I3_O)        0.124    14.295 r  u_core/u_csr/branch_pc_q[20]_i_1/O
                         net (fo=1, routed)           0.000    14.295    u_core/u_fetch/D[18]
    SLICE_X2Y21          FDCE                                         r  u_core/u_fetch/branch_pc_q_reg[20]/D
  -------------------------------------------------------------------    -------------------

                         (clock clk_i rise edge)     12.500    12.500 r  
                                                      0.000    12.500 r  clk_i (IN)
                         net (fo=2310, unset)         1.647    14.147    u_core/u_fetch/clk_i
    SLICE_X2Y21          FDCE                                         r  u_core/u_fetch/branch_pc_q_reg[20]/C
                         clock pessimism              0.115    14.262    
                         clock uncertainty           -0.035    14.227    
    SLICE_X2Y21          FDCE (Setup_fdce_C_D)        0.081    14.308    u_core/u_fetch/branch_pc_q_reg[20]
  -------------------------------------------------------------------
                         required time                         14.308    
                         arrival time                         -14.295    
  -------------------------------------------------------------------
                         slack                                  0.013    

Slack (MET) :             0.027ns  (required time - arrival time)
  Source:                 u_tcm/u_ram/ram_reg_0_3/CLKARDCLK
                            (rising edge-triggered cell RAMB36E1 clocked by clk_i  {rise@0.000ns fall@6.250ns period=12.500ns})
  Destination:            u_core/u_fetch/branch_pc_q_reg[22]/D
                            (rising edge-triggered cell FDCE clocked by clk_i  {rise@0.000ns fall@6.250ns period=12.500ns})
  Path Group:             clk_i
  Path Type:              Setup (Max at Slow Process Corner)
  Requirement:            12.500ns  (clk_i rise@12.500ns - clk_i rise@0.000ns)
  Data Path Delay:        12.363ns  (logic 5.317ns (43.007%)  route 7.046ns (56.993%))
  Logic Levels:           17  (CARRY4=6 LUT2=1 LUT3=1 LUT4=2 LUT6=7)
  Clock Path Skew:        -0.105ns (DCD - SCD + CPR)
    Destination Clock Delay (DCD):    1.564ns = ( 14.064 - 12.500 ) 
    Source Clock Delay      (SCD):    1.784ns
    Clock Pessimism Removal (CPR):    0.115ns
  Clock Uncertainty:      0.035ns  ((TSJ^2 + TIJ^2)^1/2 + DJ) / 2 + PE
    Total System Jitter     (TSJ):    0.071ns
    Total Input Jitter      (TIJ):    0.000ns
    Discrete Jitter          (DJ):    0.000ns
    Phase Error              (PE):    0.000ns

    Location             Delay type                Incr(ns)  Path(ns)    Netlist Resource(s)
  -------------------------------------------------------------------    -------------------
                         (clock clk_i rise edge)      0.000     0.000 r  
                                                      0.000     0.000 r  clk_i (IN)
                         net (fo=2310, unset)         1.784     1.784    u_tcm/u_ram/clk_i
    RAMB36_X1Y3          RAMB36E1                                     r  u_tcm/u_ram/ram_reg_0_3/CLKARDCLK
  -------------------------------------------------------------------    -------------------
    RAMB36_X1Y3          RAMB36E1 (Prop_ramb36e1_CLKARDCLK_DOADO[1])
                                                      2.454     4.238 r  u_tcm/u_ram/ram_reg_0_3/DOADO[1]
                         net (fo=6, routed)           1.044     5.282    u_core/u_lsu/u_lsu_request/ram_read1_q[6]
    SLICE_X19Y18         LUT6 (Prop_lut6_I2_O)        0.124     5.406 f  u_core/u_lsu/u_lsu_request/result_wb_q[31]_i_16/O
                         net (fo=1, routed)           0.981     6.387    u_core/u_lsu/u_lsu_request/result_wb_q[31]_i_16_n_0
    SLICE_X15Y20         LUT6 (Prop_lut6_I3_O)        0.124     6.511 r  u_core/u_lsu/u_lsu_request/result_wb_q[31]_i_7/O
                         net (fo=29, routed)          0.838     7.350    u_core/u_lsu/u_lsu_request/result_wb_q[31]_i_7_n_0
    SLICE_X17Y15         LUT6 (Prop_lut6_I5_O)        0.124     7.474 r  u_core/u_lsu/u_lsu_request/result_wb_q[9]_i_2/O
                         net (fo=2, routed)           0.167     7.640    u_core/u_issue/u_pipe_ctrl/writeback_mem_value_w[9]
    SLICE_X17Y15         LUT6 (Prop_lut6_I5_O)        0.124     7.764 r  u_core/u_issue/u_pipe_ctrl/sub_res_w_carry__1_i_29/O
                         net (fo=2, routed)           0.307     8.071    u_core/u_issue/u_pipe_ctrl/sub_res_w_carry__1_i_29_n_0
    SLICE_X18Y15         LUT6 (Prop_lut6_I4_O)        0.124     8.195 r  u_core/u_issue/u_pipe_ctrl/sub_res_w_carry__1_i_14/O
                         net (fo=16, routed)          1.005     9.201    u_core/u_issue/u_pipe_ctrl/early_data_hold_q_reg[11][1]
    SLICE_X14Y18         LUT2 (Prop_lut2_I0_O)        0.124     9.325 r  u_core/u_issue/u_pipe_ctrl/branch_update_taken_q_i_128/O
                         net (fo=1, routed)           0.000     9.325    u_core/u_issue/u_pipe_ctrl/branch_update_taken_q_i_128_n_0
    SLICE_X14Y18         CARRY4 (Prop_carry4_S[1]_CO[3])
                                                      0.533     9.858 r  u_core/u_issue/u_pipe_ctrl/branch_update_taken_q_reg_i_115/CO[3]
                         net (fo=1, routed)           0.000     9.858    u_core/u_issue/u_pipe_ctrl/branch_update_taken_q_reg_i_115_n_0
    SLICE_X14Y19         CARRY4 (Prop_carry4_CI_CO[3])
                                                      0.117     9.975 r  u_core/u_issue/u_pipe_ctrl/branch_update_taken_q_reg_i_105/CO[3]
                         net (fo=1, routed)           0.000     9.975    u_core/u_issue/u_pipe_ctrl/branch_update_taken_q_reg_i_105_n_0
    SLICE_X14Y20         CARRY4 (Prop_carry4_CI_CO[3])
                                                      0.117    10.092 r  u_core/u_issue/u_pipe_ctrl/branch_update_taken_q_reg_i_87/CO[3]
                         net (fo=1, routed)           0.000    10.092    u_core/u_issue/u_pipe_ctrl/branch_update_taken_q_reg_i_87_n_0
    SLICE_X14Y21         CARRY4 (Prop_carry4_CI_CO[3])
                                                      0.117    10.209 r  u_core/u_issue/u_pipe_ctrl/branch_update_taken_q_reg_i_60/CO[3]
                         net (fo=1, routed)           0.000    10.209    u_core/u_issue/u_pipe_ctrl/branch_update_taken_q_reg_i_60_n_0
    SLICE_X14Y22         CARRY4 (Prop_carry4_CI_CO[3])
                                                      0.117    10.326 r  u_core/u_issue/u_pipe_ctrl/branch_update_taken_q_reg_i_31/CO[3]
                         net (fo=1, routed)           0.000    10.326    u_core/u_issue/u_pipe_ctrl/branch_update_taken_q_reg_i_31_n_0
    SLICE_X14Y23         CARRY4 (Prop_carry4_CI_O[3])
                                                      0.315    10.641 r  u_core/u_issue/u_pipe_ctrl/branch_update_taken_q_reg_i_12/O[3]
                         net (fo=1, routed)           0.586    11.226    u_core/u_issue/u_pipe_ctrl/u_exec/less_than_signed01_out[31]
    SLICE_X12Y23         LUT3 (Prop_lut3_I0_O)        0.307    11.533 r  u_core/u_issue/u_pipe_ctrl/branch_update_taken_q_i_7/O
                         net (fo=1, routed)           0.473    12.006    u_core/u_decode/branch_update_taken_q_i_2_0
    SLICE_X11Y21         LUT6 (Prop_lut6_I4_O)        0.124    12.130 r  u_core/u_decode/branch_update_taken_q_i_3/O
                         net (fo=1, routed)           0.264    12.394    u_core/u_decode/branch_update_taken_q_i_3_n_0
    SLICE_X11Y21         LUT6 (Prop_lut6_I0_O)        0.124    12.518 r  u_core/u_decode/branch_update_taken_q_i_2/O
                         net (fo=64, routed)          0.881    13.399    u_core/u_decode/branch_update_taken_q_i_2_n_0
    SLICE_X10Y25         LUT4 (Prop_lut4_I0_O)        0.124    13.523 r  u_core/u_decode/branch_pc_q[22]_i_3/O
                         net (fo=1, routed)           0.500    14.024    u_core/u_csr/branch_pc_q_reg[22]_0
    SLICE_X11Y25         LUT4 (Prop_lut4_I3_O)        0.124    14.148 r  u_core/u_csr/branch_pc_q[22]_i_1/O
                         net (fo=1, routed)           0.000    14.148    u_core/u_fetch/D[20]
    SLICE_X11Y25         FDCE                                         r  u_core/u_fetch/branch_pc_q_reg[22]/D
  -------------------------------------------------------------------    -------------------

                         (clock clk_i rise edge)     12.500    12.500 r  
                                                      0.000    12.500 r  clk_i (IN)
                         net (fo=2310, unset)         1.564    14.064    u_core/u_fetch/clk_i
    SLICE_X11Y25         FDCE                                         r  u_core/u_fetch/branch_pc_q_reg[22]/C
                         clock pessimism              0.115    14.179    
                         clock uncertainty           -0.035    14.144    
    SLICE_X11Y25         FDCE (Setup_fdce_C_D)        0.031    14.175    u_core/u_fetch/branch_pc_q_reg[22]
  -------------------------------------------------------------------
                         required time                         14.175    
                         arrival time                         -14.148    
  -------------------------------------------------------------------
                         slack                                  0.027    

Slack (MET) :             0.034ns  (required time - arrival time)
  Source:                 u_tcm/u_ram/ram_reg_0_3/CLKARDCLK
                            (rising edge-triggered cell RAMB36E1 clocked by clk_i  {rise@0.000ns fall@6.250ns period=12.500ns})
  Destination:            u_core/u_fetch/branch_pc_q_reg[15]/D
                            (rising edge-triggered cell FDCE clocked by clk_i  {rise@0.000ns fall@6.250ns period=12.500ns})
  Path Group:             clk_i
  Path Type:              Setup (Max at Slow Process Corner)
  Requirement:            12.500ns  (clk_i rise@12.500ns - clk_i rise@0.000ns)
  Data Path Delay:        12.486ns  (logic 5.317ns (42.583%)  route 7.169ns (57.417%))
  Logic Levels:           17  (CARRY4=6 LUT2=1 LUT3=1 LUT4=1 LUT5=1 LUT6=7)
  Clock Path Skew:        -0.023ns (DCD - SCD + CPR)
    Destination Clock Delay (DCD):    1.646ns = ( 14.146 - 12.500 ) 
    Source Clock Delay      (SCD):    1.784ns
    Clock Pessimism Removal (CPR):    0.115ns
  Clock Uncertainty:      0.035ns  ((TSJ^2 + TIJ^2)^1/2 + DJ) / 2 + PE
    Total System Jitter     (TSJ):    0.071ns
    Total Input Jitter      (TIJ):    0.000ns
    Discrete Jitter          (DJ):    0.000ns
    Phase Error              (PE):    0.000ns

    Location             Delay type                Incr(ns)  Path(ns)    Netlist Resource(s)
  -------------------------------------------------------------------    -------------------
                         (clock clk_i rise edge)      0.000     0.000 r  
                                                      0.000     0.000 r  clk_i (IN)
                         net (fo=2310, unset)         1.784     1.784    u_tcm/u_ram/clk_i
    RAMB36_X1Y3          RAMB36E1                                     r  u_tcm/u_ram/ram_reg_0_3/CLKARDCLK
  -------------------------------------------------------------------    -------------------
    RAMB36_X1Y3          RAMB36E1 (Prop_ramb36e1_CLKARDCLK_DOADO[1])
                                                      2.454     4.238 r  u_tcm/u_ram/ram_reg_0_3/DOADO[1]
                         net (fo=6, routed)           1.044     5.282    u_core/u_lsu/u_lsu_request/ram_read1_q[6]
    SLICE_X19Y18         LUT6 (Prop_lut6_I2_O)        0.124     5.406 f  u_core/u_lsu/u_lsu_request/result_wb_q[31]_i_16/O
                         net (fo=1, routed)           0.981     6.387    u_core/u_lsu/u_lsu_request/result_wb_q[31]_i_16_n_0
    SLICE_X15Y20         LUT6 (Prop_lut6_I3_O)        0.124     6.511 r  u_core/u_lsu/u_lsu_request/result_wb_q[31]_i_7/O
                         net (fo=29, routed)          0.838     7.350    u_core/u_lsu/u_lsu_request/result_wb_q[31]_i_7_n_0
    SLICE_X17Y15         LUT6 (Prop_lut6_I5_O)        0.124     7.474 r  u_core/u_lsu/u_lsu_request/result_wb_q[9]_i_2/O
                         net (fo=2, routed)           0.167     7.640    u_core/u_issue/u_pipe_ctrl/writeback_mem_value_w[9]
    SLICE_X17Y15         LUT6 (Prop_lut6_I5_O)        0.124     7.764 r  u_core/u_issue/u_pipe_ctrl/sub_res_w_carry__1_i_29/O
                         net (fo=2, routed)           0.307     8.071    u_core/u_issue/u_pipe_ctrl/sub_res_w_carry__1_i_29_n_0
    SLICE_X18Y15         LUT6 (Prop_lut6_I4_O)        0.124     8.195 r  u_core/u_issue/u_pipe_ctrl/sub_res_w_carry__1_i_14/O
                         net (fo=16, routed)          1.005     9.201    u_core/u_issue/u_pipe_ctrl/early_data_hold_q_reg[11][1]
    SLICE_X14Y18         LUT2 (Prop_lut2_I0_O)        0.124     9.325 r  u_core/u_issue/u_pipe_ctrl/branch_update_taken_q_i_128/O
                         net (fo=1, routed)           0.000     9.325    u_core/u_issue/u_pipe_ctrl/branch_update_taken_q_i_128_n_0
    SLICE_X14Y18         CARRY4 (Prop_carry4_S[1]_CO[3])
                                                      0.533     9.858 r  u_core/u_issue/u_pipe_ctrl/branch_update_taken_q_reg_i_115/CO[3]
                         net (fo=1, routed)           0.000     9.858    u_core/u_issue/u_pipe_ctrl/branch_update_taken_q_reg_i_115_n_0
    SLICE_X14Y19         CARRY4 (Prop_carry4_CI_CO[3])
                                                      0.117     9.975 r  u_core/u_issue/u_pipe_ctrl/branch_update_taken_q_reg_i_105/CO[3]
                         net (fo=1, routed)           0.000     9.975    u_core/u_issue/u_pipe_ctrl/branch_update_taken_q_reg_i_105_n_0
    SLICE_X14Y20         CARRY4 (Prop_carry4_CI_CO[3])
                                                      0.117    10.092 r  u_core/u_issue/u_pipe_ctrl/branch_update_taken_q_reg_i_87/CO[3]
                         net (fo=1, routed)           0.000    10.092    u_core/u_issue/u_pipe_ctrl/branch_update_taken_q_reg_i_87_n_0
    SLICE_X14Y21         CARRY4 (Prop_carry4_CI_CO[3])
                                                      0.117    10.209 r  u_core/u_issue/u_pipe_ctrl/branch_update_taken_q_reg_i_60/CO[3]
                         net (fo=1, routed)           0.000    10.209    u_core/u_issue/u_pipe_ctrl/branch_update_taken_q_reg_i_60_n_0
    SLICE_X14Y22         CARRY4 (Prop_carry4_CI_CO[3])
                                                      0.117    10.326 r  u_core/u_issue/u_pipe_ctrl/branch_update_taken_q_reg_i_31/CO[3]
                         net (fo=1, routed)           0.000    10.326    u_core/u_issue/u_pipe_ctrl/branch_update_taken_q_reg_i_31_n_0
    SLICE_X14Y23         CARRY4 (Prop_carry4_CI_O[3])
                                                      0.315    10.641 r  u_core/u_issue/u_pipe_ctrl/branch_update_taken_q_reg_i_12/O[3]
                         net (fo=1, routed)           0.586    11.226    u_core/u_issue/u_pipe_ctrl/u_exec/less_than_signed01_out[31]
    SLICE_X12Y23         LUT3 (Prop_lut3_I0_O)        0.307    11.533 r  u_core/u_issue/u_pipe_ctrl/branch_update_taken_q_i_7/O
                         net (fo=1, routed)           0.473    12.006    u_core/u_decode/branch_update_taken_q_i_2_0
    SLICE_X11Y21         LUT6 (Prop_lut6_I4_O)        0.124    12.130 r  u_core/u_decode/branch_update_taken_q_i_3/O
                         net (fo=1, routed)           0.264    12.394    u_core/u_decode/branch_update_taken_q_i_3_n_0
    SLICE_X11Y21         LUT6 (Prop_lut6_I0_O)        0.124    12.518 r  u_core/u_decode/branch_update_taken_q_i_2/O
                         net (fo=64, routed)          0.940    13.459    u_core/u_decode/branch_update_taken_q_i_2_n_0
    SLICE_X5Y22          LUT5 (Prop_lut5_I0_O)        0.124    13.583 r  u_core/u_decode/branch_pc_q[15]_i_2/O
                         net (fo=1, routed)           0.564    14.147    u_core/u_csr/branch_pc_q_reg[15]
    SLICE_X4Y21          LUT4 (Prop_lut4_I2_O)        0.124    14.271 r  u_core/u_csr/branch_pc_q[15]_i_1/O
                         net (fo=1, routed)           0.000    14.271    u_core/u_fetch/D[13]
    SLICE_X4Y21          FDCE                                         r  u_core/u_fetch/branch_pc_q_reg[15]/D
  -------------------------------------------------------------------    -------------------

                         (clock clk_i rise edge)     12.500    12.500 r  
                                                      0.000    12.500 r  clk_i (IN)
                         net (fo=2310, unset)         1.646    14.146    u_core/u_fetch/clk_i
    SLICE_X4Y21          FDCE                                         r  u_core/u_fetch/branch_pc_q_reg[15]/C
                         clock pessimism              0.115    14.261    
                         clock uncertainty           -0.035    14.226    
    SLICE_X4Y21          FDCE (Setup_fdce_C_D)        0.079    14.305    u_core/u_fetch/branch_pc_q_reg[15]
  -------------------------------------------------------------------
                         required time                         14.305    
                         arrival time                         -14.271    
  -------------------------------------------------------------------
                         slack                                  0.034    

Slack (MET) :             0.048ns  (required time - arrival time)
  Source:                 u_core/u_lsu/mem_unaligned_e2_q_reg/C
                            (rising edge-triggered cell FDCE clocked by clk_i  {rise@0.000ns fall@6.250ns period=12.500ns})
  Destination:            u_tcm/u_ram/ram_reg_1_2/ADDRARDADDR[4]
                            (rising edge-triggered cell RAMB36E1 clocked by clk_i  {rise@0.000ns fall@6.250ns period=12.500ns})
  Path Group:             clk_i
  Path Type:              Setup (Max at Slow Process Corner)
  Requirement:            12.500ns  (clk_i rise@12.500ns - clk_i rise@0.000ns)
  Data Path Delay:        11.735ns  (logic 2.968ns (25.292%)  route 8.767ns (74.708%))
  Logic Levels:           14  (CARRY4=3 LUT2=1 LUT4=3 LUT5=3 LUT6=4)
  Clock Path Skew:        -0.116ns (DCD - SCD + CPR)
    Destination Clock Delay (DCD):    1.522ns = ( 14.022 - 12.500 ) 
    Source Clock Delay      (SCD):    1.753ns
    Clock Pessimism Removal (CPR):    0.115ns
  Clock Uncertainty:      0.035ns  ((TSJ^2 + TIJ^2)^1/2 + DJ) / 2 + PE
    Total System Jitter     (TSJ):    0.071ns
    Total Input Jitter      (TIJ):    0.000ns
    Discrete Jitter          (DJ):    0.000ns
    Phase Error              (PE):    0.000ns

    Location             Delay type                Incr(ns)  Path(ns)    Netlist Resource(s)
  -------------------------------------------------------------------    -------------------
                         (clock clk_i rise edge)      0.000     0.000 r  
                                                      0.000     0.000 r  clk_i (IN)
                         net (fo=2310, unset)         1.753     1.753    u_core/u_lsu/clk_i
    SLICE_X19Y11         FDCE                                         r  u_core/u_lsu/mem_unaligned_e2_q_reg/C
  -------------------------------------------------------------------    -------------------
    SLICE_X19Y11         FDCE (Prop_fdce_C_Q)         0.456     2.209 r  u_core/u_lsu/mem_unaligned_e2_q_reg/Q
                         net (fo=15, routed)          0.798     3.007    u_dmux/mem_unaligned_e2_q
    SLICE_X13Y13         LUT5 (Prop_lut5_I4_O)        0.124     3.131 f  u_dmux/result_q[31]_i_10/O
                         net (fo=2, routed)           0.162     3.293    u_core/u_issue/u_pipe_ctrl/csr_pending_q_reg_0
    SLICE_X13Y13         LUT6 (Prop_lut6_I4_O)        0.124     3.417 r  u_core/u_issue/u_pipe_ctrl/result_q[31]_i_3/O
                         net (fo=453, routed)         0.558     3.975    u_core/u_issue/u_pipe_ctrl/valid_q_reg
    SLICE_X12Y12         LUT4 (Prop_lut4_I2_O)        0.124     4.099 r  u_core/u_issue/u_pipe_ctrl/reg_loop1[0].reg_bit1a_i_5/O
                         net (fo=408, routed)         0.908     5.007    u_core/u_issue/u_pipe_ctrl/pipe_rd_wb_w[3]
    SLICE_X12Y12         LUT5 (Prop_lut5_I0_O)        0.124     5.131 r  u_core/u_issue/u_pipe_ctrl/sub_res_w_carry_i_60/O
                         net (fo=13, routed)          0.361     5.492    u_core/u_issue/u_pipe_ctrl/sub_res_w_carry_i_60_n_0
    SLICE_X12Y11         LUT4 (Prop_lut4_I0_O)        0.124     5.616 r  u_core/u_issue/u_pipe_ctrl/ram_reg_0_0_i_70/O
                         net (fo=32, routed)          0.962     6.579    u_core/u_issue/u_pipe_ctrl/ram_reg_0_0_i_70_n_0
    SLICE_X7Y14          LUT6 (Prop_lut6_I1_O)        0.124     6.703 r  u_core/u_issue/u_pipe_ctrl/ram_reg_0_0_i_40/O
                         net (fo=3, routed)           0.528     7.231    u_core/u_issue/u_pipe_ctrl/early_base_value_w[13]
    SLICE_X6Y14          LUT2 (Prop_lut2_I1_O)        0.124     7.355 r  u_core/u_issue/u_pipe_ctrl/ram_reg_0_0_i_45/O
                         net (fo=1, routed)           0.000     7.355    u_core/u_issue/u_pipe_ctrl/ram_reg_0_0_i_45_n_0
    SLICE_X6Y14          CARRY4 (Prop_carry4_S[1]_CO[3])
                                                      0.533     7.888 r  u_core/u_issue/u_pipe_ctrl/ram_reg_0_0_i_18/CO[3]
                         net (fo=1, routed)           0.000     7.888    u_core/u_issue/u_pipe_ctrl/ram_reg_0_0_i_18_n_0
    SLICE_X6Y15          CARRY4 (Prop_carry4_CI_CO[3])
                                                      0.117     8.005 r  u_core/u_issue/u_pipe_ctrl/early_rd_q_reg[4]_i_19/CO[3]
                         net (fo=1, routed)           0.000     8.005    u_core/u_issue/u_pipe_ctrl/early_rd_q_reg[4]_i_19_n_0
    SLICE_X6Y16          CARRY4 (Prop_carry4_CI_O[3])
                                                      0.315     8.320 f  u_core/u_issue/u_pipe_ctrl/early_rd_q_reg[4]_i_16/O[3]
                         net (fo=1, routed)           1.048     9.368    u_core/u_lsu/early_rd_q[4]_i_3[2]
    SLICE_X7Y16          LUT6 (Prop_lut6_I3_O)        0.307     9.675 f  u_core/u_lsu/early_rd_q[4]_i_10/O
                         net (fo=1, routed)           0.821    10.496    u_core/u_decode/early_rd_q_reg[0]
    SLICE_X9Y14          LUT6 (Prop_lut6_I0_O)        0.124    10.620 r  u_core/u_decode/early_rd_q[4]_i_3/O
                         net (fo=4, routed)           0.320    10.940    u_core/u_decode/buffer_payload_q_reg[46]_0
    SLICE_X9Y15          LUT4 (Prop_lut4_I0_O)        0.124    11.064 r  u_core/u_decode/ram_reg_0_0_i_19/O
                         net (fo=14, routed)          0.511    11.576    u_core/u_issue/u_pipe_ctrl/ram_reg_0_0_2
    SLICE_X11Y15         LUT5 (Prop_lut5_I1_O)        0.124    11.700 r  u_core/u_issue/u_pipe_ctrl/ram_reg_0_0_i_11/O
                         net (fo=16, routed)          1.788    13.488    u_tcm/u_ram/ADDRARDADDR[3]
    RAMB36_X2Y4          RAMB36E1                                     r  u_tcm/u_ram/ram_reg_1_2/ADDRARDADDR[4]
  -------------------------------------------------------------------    -------------------

                         (clock clk_i rise edge)     12.500    12.500 r  
                                                      0.000    12.500 r  clk_i (IN)
                         net (fo=2310, unset)         1.522    14.022    u_tcm/u_ram/clk_i
    RAMB36_X2Y4          RAMB36E1                                     r  u_tcm/u_ram/ram_reg_1_2/CLKARDCLK
                         clock pessimism              0.115    14.137    
                         clock uncertainty           -0.035    14.102    
    RAMB36_X2Y4          RAMB36E1 (Setup_ramb36e1_CLKARDCLK_ADDRARDADDR[4])
                                                     -0.566    13.536    u_tcm/u_ram/ram_reg_1_2
  -------------------------------------------------------------------
                         required time                         13.536    
                         arrival time                         -13.488    
  -------------------------------------------------------------------
                         slack                                  0.048    

Slack (MET) :             0.079ns  (required time - arrival time)
  Source:                 u_tcm/u_ram/ram_reg_0_3/CLKARDCLK
                            (rising edge-triggered cell RAMB36E1 clocked by clk_i  {rise@0.000ns fall@6.250ns period=12.500ns})
  Destination:            u_core/u_exec/result_q_reg[8]/D
                            (rising edge-triggered cell FDCE clocked by clk_i  {rise@0.000ns fall@6.250ns period=12.500ns})
  Path Group:             clk_i
  Path Type:              Setup (Max at Slow Process Corner)
  Requirement:            12.500ns  (clk_i rise@12.500ns - clk_i rise@0.000ns)
  Data Path Delay:        12.281ns  (logic 3.818ns (31.089%)  route 8.463ns (68.911%))
  Logic Levels:           11  (LUT2=1 LUT3=1 LUT5=2 LUT6=7)
  Clock Path Skew:        -0.181ns (DCD - SCD + CPR)
    Destination Clock Delay (DCD):    1.488ns = ( 13.988 - 12.500 ) 
    Source Clock Delay      (SCD):    1.784ns
    Clock Pessimism Removal (CPR):    0.115ns
  Clock Uncertainty:      0.035ns  ((TSJ^2 + TIJ^2)^1/2 + DJ) / 2 + PE
    Total System Jitter     (TSJ):    0.071ns
    Total Input Jitter      (TIJ):    0.000ns
    Discrete Jitter          (DJ):    0.000ns
    Phase Error              (PE):    0.000ns

    Location             Delay type                Incr(ns)  Path(ns)    Netlist Resource(s)
  -------------------------------------------------------------------    -------------------
                         (clock clk_i rise edge)      0.000     0.000 r  
                                                      0.000     0.000 r  clk_i (IN)
                         net (fo=2310, unset)         1.784     1.784    u_tcm/u_ram/clk_i
    RAMB36_X1Y3          RAMB36E1                                     r  u_tcm/u_ram/ram_reg_0_3/CLKARDCLK
  -------------------------------------------------------------------    -------------------
    RAMB36_X1Y3          RAMB36E1 (Prop_ramb36e1_CLKARDCLK_DOADO[1])
                                                      2.454     4.238 r  u_tcm/u_ram/ram_reg_0_3/DOADO[1]
                         net (fo=6, routed)           1.044     5.282    u_core/u_lsu/u_lsu_request/ram_read1_q[6]
    SLICE_X19Y18         LUT6 (Prop_lut6_I2_O)        0.124     5.406 f  u_core/u_lsu/u_lsu_request/result_wb_q[31]_i_16/O
                         net (fo=1, routed)           0.981     6.387    u_core/u_lsu/u_lsu_request/result_wb_q[31]_i_16_n_0
    SLICE_X15Y20         LUT6 (Prop_lut6_I3_O)        0.124     6.511 r  u_core/u_lsu/u_lsu_request/result_wb_q[31]_i_7/O
                         net (fo=29, routed)          0.785     7.297    u_core/u_lsu/u_lsu_request/result_wb_q[31]_i_7_n_0
    SLICE_X17Y21         LUT5 (Prop_lut5_I3_O)        0.124     7.421 r  u_core/u_lsu/u_lsu_request/sub_res_w_carry__6_i_49/O
                         net (fo=1, routed)           0.571     7.992    u_core/u_issue/u_pipe_ctrl/sub_res_w_carry__6_i_38
    SLICE_X17Y22         LUT5 (Prop_lut5_I2_O)        0.124     8.116 r  u_core/u_issue/u_pipe_ctrl/sub_res_w_carry__6_i_47/O
                         net (fo=1, routed)           0.505     8.621    u_core/u_decode/sub_res_w_carry__6_i_17_1
    SLICE_X22Y21         LUT6 (Prop_lut6_I3_O)        0.124     8.745 r  u_core/u_decode/sub_res_w_carry__6_i_38/O
                         net (fo=1, routed)           0.791     9.537    u_core/u_decode/sub_res_w_carry__6_i_38_n_0
    SLICE_X22Y26         LUT6 (Prop_lut6_I2_O)        0.124     9.661 r  u_core/u_decode/sub_res_w_carry__6_i_17/O
                         net (fo=14, routed)          0.774    10.435    u_core/u_decode/u_exec/alu_input_a_r__0[31]
    SLICE_X28Y29         LUT3 (Prop_lut3_I2_O)        0.124    10.559 r  u_core/u_decode/result_q[30]_i_15/O
                         net (fo=17, routed)          0.478    11.037    u_core/u_decode/result_q[30]_i_15_n_0
    SLICE_X29Y28         LUT2 (Prop_lut2_I0_O)        0.124    11.161 r  u_core/u_decode/result_q[21]_i_12/O
                         net (fo=14, routed)          0.883    12.043    u_core/u_decode/result_q[21]_i_12_n_0
    SLICE_X29Y19         LUT6 (Prop_lut6_I0_O)        0.124    12.167 r  u_core/u_decode/result_q[8]_i_10/O
                         net (fo=2, routed)           0.818    12.985    u_core/u_decode/result_q[8]_i_10_n_0
    SLICE_X29Y17         LUT6 (Prop_lut6_I2_O)        0.124    13.109 r  u_core/u_decode/result_q[8]_i_2/O
                         net (fo=1, routed)           0.832    13.941    u_core/u_decode/result_q[8]_i_2_n_0
    SLICE_X32Y16         LUT6 (Prop_lut6_I0_O)        0.124    14.065 r  u_core/u_decode/result_q[8]_i_1/O
                         net (fo=1, routed)           0.000    14.065    u_core/u_exec/result_q_reg[31]_1[8]
    SLICE_X32Y16         FDCE                                         r  u_core/u_exec/result_q_reg[8]/D
  -------------------------------------------------------------------    -------------------

                         (clock clk_i rise edge)     12.500    12.500 r  
                                                      0.000    12.500 r  clk_i (IN)
                         net (fo=2310, unset)         1.488    13.988    u_core/u_exec/clk_i
    SLICE_X32Y16         FDCE                                         r  u_core/u_exec/result_q_reg[8]/C
                         clock pessimism              0.115    14.103    
                         clock uncertainty           -0.035    14.068    
    SLICE_X32Y16         FDCE (Setup_fdce_C_D)        0.077    14.145    u_core/u_exec/result_q_reg[8]
  -------------------------------------------------------------------
                         required time                         14.145    
                         arrival time                         -14.065    
  -------------------------------------------------------------------
                         slack                                  0.079    

Slack (MET) :             0.098ns  (required time - arrival time)
  Source:                 u_tcm/u_ram/ram_reg_2_0/CLKARDCLK
                            (rising edge-triggered cell RAMB36E1 clocked by clk_i  {rise@0.000ns fall@6.250ns period=12.500ns})
  Destination:            u_core/u_exec/result_q_reg[28]/D
                            (rising edge-triggered cell FDCE clocked by clk_i  {rise@0.000ns fall@6.250ns period=12.500ns})
  Path Group:             clk_i
  Path Type:              Setup (Max at Slow Process Corner)
  Requirement:            12.500ns  (clk_i rise@12.500ns - clk_i rise@0.000ns)
  Data Path Delay:        12.321ns  (logic 4.048ns (32.854%)  route 8.273ns (67.146%))
  Logic Levels:           11  (LUT2=2 LUT4=1 LUT6=8)
  Clock Path Skew:        -0.122ns (DCD - SCD + CPR)
    Destination Clock Delay (DCD):    1.558ns = ( 14.058 - 12.500 ) 
    Source Clock Delay      (SCD):    1.795ns
    Clock Pessimism Removal (CPR):    0.115ns
  Clock Uncertainty:      0.035ns  ((TSJ^2 + TIJ^2)^1/2 + DJ) / 2 + PE
    Total System Jitter     (TSJ):    0.071ns
    Total Input Jitter      (TIJ):    0.000ns
    Discrete Jitter          (DJ):    0.000ns
    Phase Error              (PE):    0.000ns

    Location             Delay type                Incr(ns)  Path(ns)    Netlist Resource(s)
  -------------------------------------------------------------------    -------------------
                         (clock clk_i rise edge)      0.000     0.000 r  
                                                      0.000     0.000 r  clk_i (IN)
                         net (fo=2310, unset)         1.795     1.795    u_tcm/u_ram/clk_i
    RAMB36_X1Y0          RAMB36E1                                     r  u_tcm/u_ram/ram_reg_2_0/CLKARDCLK
  -------------------------------------------------------------------    -------------------
    RAMB36_X1Y0          RAMB36E1 (Prop_ramb36e1_CLKARDCLK_DOADO[0])
                                                      2.454     4.249 f  u_tcm/u_ram/ram_reg_2_0/DOADO[0]
                         net (fo=6, routed)           1.540     5.790    u_core/u_lsu/u_lsu_request/ram_read1_q[15]
    SLICE_X13Y11         LUT6 (Prop_lut6_I2_O)        0.124     5.914 f  u_core/u_lsu/u_lsu_request/result_wb_q[0]_i_8/O
                         net (fo=1, routed)           0.520     6.434    u_core/u_lsu/u_lsu_request/result_wb_q[0]_i_8_n_0
    SLICE_X12Y11         LUT6 (Prop_lut6_I5_O)        0.124     6.558 f  u_core/u_lsu/u_lsu_request/result_wb_q[0]_i_2/O
                         net (fo=2, routed)           0.303     6.861    u_core/u_issue/u_pipe_ctrl/writeback_mem_value_w[0]
    SLICE_X15Y11         LUT6 (Prop_lut6_I5_O)        0.124     6.985 f  u_core/u_issue/u_pipe_ctrl/sub_res_w_carry_i_43/O
                         net (fo=3, routed)           0.661     7.647    u_core/u_issue/u_pipe_ctrl/sub_res_w_carry_i_43_n_0
    SLICE_X19Y11         LUT6 (Prop_lut6_I2_O)        0.124     7.771 f  u_core/u_issue/u_pipe_ctrl/mem_data_wr_q[24]_i_2/O
                         net (fo=15, routed)          0.656     8.427    u_core/u_decode/lsu_opcode_rb_operand_w[0]
    SLICE_X21Y16         LUT6 (Prop_lut6_I1_O)        0.124     8.551 f  u_core/u_decode/sub_res_w_carry_i_22/O
                         net (fo=43, routed)          0.512     9.063    u_core/u_decode/u_exec/alu_input_b_r__0[0]
    SLICE_X21Y18         LUT2 (Prop_lut2_I1_O)        0.124     9.187 f  u_core/u_decode/result_q[8]_i_13/O
                         net (fo=30, routed)          1.355    10.542    u_core/u_decode/result_q[8]_i_13_n_0
    SLICE_X21Y25         LUT2 (Prop_lut2_I1_O)        0.152    10.694 r  u_core/u_decode/result_q[28]_i_26/O
                         net (fo=1, routed)           0.326    11.020    u_core/u_decode/result_q[28]_i_26_n_0
    SLICE_X19Y25         LUT6 (Prop_lut6_I5_O)        0.326    11.346 r  u_core/u_decode/result_q[28]_i_24/O
                         net (fo=2, routed)           0.927    12.273    u_core/u_decode/result_q[28]_i_24_n_0
    SLICE_X27Y22         LUT4 (Prop_lut4_I2_O)        0.124    12.397 r  u_core/u_decode/result_q[28]_i_12/O
                         net (fo=1, routed)           0.639    13.037    u_core/u_decode/result_q[28]_i_12_n_0
    SLICE_X31Y22         LUT6 (Prop_lut6_I3_O)        0.124    13.161 r  u_core/u_decode/result_q[28]_i_4/O
                         net (fo=1, routed)           0.832    13.993    u_core/u_decode/result_q[28]_i_4_n_0
    SLICE_X26Y22         LUT6 (Prop_lut6_I2_O)        0.124    14.117 r  u_core/u_decode/result_q[28]_i_1/O
                         net (fo=1, routed)           0.000    14.117    u_core/u_exec/result_q_reg[31]_1[28]
    SLICE_X26Y22         FDCE                                         r  u_core/u_exec/result_q_reg[28]/D
  -------------------------------------------------------------------    -------------------

                         (clock clk_i rise edge)     12.500    12.500 r  
                                                      0.000    12.500 r  clk_i (IN)
                         net (fo=2310, unset)         1.558    14.058    u_core/u_exec/clk_i
    SLICE_X26Y22         FDCE                                         r  u_core/u_exec/result_q_reg[28]/C
                         clock pessimism              0.115    14.173    
                         clock uncertainty           -0.035    14.138    
    SLICE_X26Y22         FDCE (Setup_fdce_C_D)        0.077    14.215    u_core/u_exec/result_q_reg[28]
  -------------------------------------------------------------------
                         required time                         14.215    
                         arrival time                         -14.117    
  -------------------------------------------------------------------
                         slack                                  0.098    

Slack (MET) :             0.101ns  (required time - arrival time)
  Source:                 u_tcm/u_ram/ram_reg_0_3/CLKARDCLK
                            (rising edge-triggered cell RAMB36E1 clocked by clk_i  {rise@0.000ns fall@6.250ns period=12.500ns})
  Destination:            u_core/u_fetch/branch_pc_q_reg[24]/D
                            (rising edge-triggered cell FDCE clocked by clk_i  {rise@0.000ns fall@6.250ns period=12.500ns})
  Path Group:             clk_i
  Path Type:              Setup (Max at Slow Process Corner)
  Requirement:            12.500ns  (clk_i rise@12.500ns - clk_i rise@0.000ns)
  Data Path Delay:        12.287ns  (logic 5.317ns (43.274%)  route 6.970ns (56.726%))
  Logic Levels:           17  (CARRY4=6 LUT2=1 LUT3=1 LUT4=1 LUT5=1 LUT6=7)
  Clock Path Skew:        -0.105ns (DCD - SCD + CPR)
    Destination Clock Delay (DCD):    1.564ns = ( 14.064 - 12.500 ) 
    Source Clock Delay      (SCD):    1.784ns
    Clock Pessimism Removal (CPR):    0.115ns
  Clock Uncertainty:      0.035ns  ((TSJ^2 + TIJ^2)^1/2 + DJ) / 2 + PE
    Total System Jitter     (TSJ):    0.071ns
    Total Input Jitter      (TIJ):    0.000ns
    Discrete Jitter          (DJ):    0.000ns
    Phase Error              (PE):    0.000ns

    Location             Delay type                Incr(ns)  Path(ns)    Netlist Resource(s)
  -------------------------------------------------------------------    -------------------
                         (clock clk_i rise edge)      0.000     0.000 r  
                                                      0.000     0.000 r  clk_i (IN)
                         net (fo=2310, unset)         1.784     1.784    u_tcm/u_ram/clk_i
    RAMB36_X1Y3          RAMB36E1                                     r  u_tcm/u_ram/ram_reg_0_3/CLKARDCLK
  -------------------------------------------------------------------    -------------------
    RAMB36_X1Y3          RAMB36E1 (Prop_ramb36e1_CLKARDCLK_DOADO[1])
                                                      2.454     4.238 r  u_tcm/u_ram/ram_reg_0_3/DOADO[1]
                         net (fo=6, routed)           1.044     5.282    u_core/u_lsu/u_lsu_request/ram_read1_q[6]
    SLICE_X19Y18         LUT6 (Prop_lut6_I2_O)        0.124     5.406 f  u_core/u_lsu/u_lsu_request/result_wb_q[31]_i_16/O
                         net (fo=1, routed)           0.981     6.387    u_core/u_lsu/u_lsu_request/result_wb_q[31]_i_16_n_0
    SLICE_X15Y20         LUT6 (Prop_lut6_I3_O)        0.124     6.511 r  u_core/u_lsu/u_lsu_request/result_wb_q[31]_i_7/O
                         net (fo=29, routed)          0.838     7.350    u_core/u_lsu/u_lsu_request/result_wb_q[31]_i_7_n_0
    SLICE_X17Y15         LUT6 (Prop_lut6_I5_O)        0.124     7.474 r  u_core/u_lsu/u_lsu_request/result_wb_q[9]_i_2/O
                         net (fo=2, routed)           0.167     7.640    u_core/u_issue/u_pipe_ctrl/writeback_mem_value_w[9]
    SLICE_X17Y15         LUT6 (Prop_lut6_I5_O)        0.124     7.764 r  u_core/u_issue/u_pipe_ctrl/sub_res_w_carry__1_i_29/O
                         net (fo=2, routed)           0.307     8.071    u_core/u_issue/u_pipe_ctrl/sub_res_w_carry__1_i_29_n_0
    SLICE_X18Y15         LUT6 (Prop_lut6_I4_O)        0.124     8.195 r  u_core/u_issue/u_pipe_ctrl/sub_res_w_carry__1_i_14/O
                         net (fo=16, routed)          1.005     9.201    u_core/u_issue/u_pipe_ctrl/early_data_hold_q_reg[11][1]
    SLICE_X14Y18         LUT2 (Prop_lut2_I0_O)        0.124     9.325 r  u_core/u_issue/u_pipe_ctrl/branch_update_taken_q_i_128/O
                         net (fo=1, routed)           0.000     9.325    u_core/u_issue/u_pipe_ctrl/branch_update_taken_q_i_128_n_0
    SLICE_X14Y18         CARRY4 (Prop_carry4_S[1]_CO[3])
                                                      0.533     9.858 r  u_core/u_issue/u_pipe_ctrl/branch_update_taken_q_reg_i_115/CO[3]
                         net (fo=1, routed)           0.000     9.858    u_core/u_issue/u_pipe_ctrl/branch_update_taken_q_reg_i_115_n_0
    SLICE_X14Y19         CARRY4 (Prop_carry4_CI_CO[3])
                                                      0.117     9.975 r  u_core/u_issue/u_pipe_ctrl/branch_update_taken_q_reg_i_105/CO[3]
                         net (fo=1, routed)           0.000     9.975    u_core/u_issue/u_pipe_ctrl/branch_update_taken_q_reg_i_105_n_0
    SLICE_X14Y20         CARRY4 (Prop_carry4_CI_CO[3])
                                                      0.117    10.092 r  u_core/u_issue/u_pipe_ctrl/branch_update_taken_q_reg_i_87/CO[3]
                         net (fo=1, routed)           0.000    10.092    u_core/u_issue/u_pipe_ctrl/branch_update_taken_q_reg_i_87_n_0
    SLICE_X14Y21         CARRY4 (Prop_carry4_CI_CO[3])
                                                      0.117    10.209 r  u_core/u_issue/u_pipe_ctrl/branch_update_taken_q_reg_i_60/CO[3]
                         net (fo=1, routed)           0.000    10.209    u_core/u_issue/u_pipe_ctrl/branch_update_taken_q_reg_i_60_n_0
    SLICE_X14Y22         CARRY4 (Prop_carry4_CI_CO[3])
                                                      0.117    10.326 r  u_core/u_issue/u_pipe_ctrl/branch_update_taken_q_reg_i_31/CO[3]
                         net (fo=1, routed)           0.000    10.326    u_core/u_issue/u_pipe_ctrl/branch_update_taken_q_reg_i_31_n_0
    SLICE_X14Y23         CARRY4 (Prop_carry4_CI_O[3])
                                                      0.315    10.641 r  u_core/u_issue/u_pipe_ctrl/branch_update_taken_q_reg_i_12/O[3]
                         net (fo=1, routed)           0.586    11.226    u_core/u_issue/u_pipe_ctrl/u_exec/less_than_signed01_out[31]
    SLICE_X12Y23         LUT3 (Prop_lut3_I0_O)        0.307    11.533 r  u_core/u_issue/u_pipe_ctrl/branch_update_taken_q_i_7/O
                         net (fo=1, routed)           0.473    12.006    u_core/u_decode/branch_update_taken_q_i_2_0
    SLICE_X11Y21         LUT6 (Prop_lut6_I4_O)        0.124    12.130 r  u_core/u_decode/branch_update_taken_q_i_3/O
                         net (fo=1, routed)           0.264    12.394    u_core/u_decode/branch_update_taken_q_i_3_n_0
    SLICE_X11Y21         LUT6 (Prop_lut6_I0_O)        0.124    12.518 r  u_core/u_decode/branch_update_taken_q_i_2/O
                         net (fo=64, routed)          0.875    13.393    u_core/u_decode/branch_update_taken_q_i_2_n_0
    SLICE_X10Y25         LUT5 (Prop_lut5_I0_O)        0.124    13.517 r  u_core/u_decode/branch_pc_q[24]_i_2/O
                         net (fo=1, routed)           0.430    13.947    u_core/u_csr/branch_pc_q_reg[24]
    SLICE_X11Y24         LUT4 (Prop_lut4_I2_O)        0.124    14.071 r  u_core/u_csr/branch_pc_q[24]_i_1/O
                         net (fo=1, routed)           0.000    14.071    u_core/u_fetch/D[22]
    SLICE_X11Y24         FDCE                                         r  u_core/u_fetch/branch_pc_q_reg[24]/D
  -------------------------------------------------------------------    -------------------

                         (clock clk_i rise edge)     12.500    12.500 r  
                                                      0.000    12.500 r  clk_i (IN)
                         net (fo=2310, unset)         1.564    14.064    u_core/u_fetch/clk_i
    SLICE_X11Y24         FDCE                                         r  u_core/u_fetch/branch_pc_q_reg[24]/C
                         clock pessimism              0.115    14.179    
                         clock uncertainty           -0.035    14.144    
    SLICE_X11Y24         FDCE (Setup_fdce_C_D)        0.029    14.173    u_core/u_fetch/branch_pc_q_reg[24]
  -------------------------------------------------------------------
                         required time                         14.173    
                         arrival time                         -14.071    
  -------------------------------------------------------------------
                         slack                                  0.101    

Slack (MET) :             0.115ns  (required time - arrival time)
  Source:                 u_tcm/u_ram/ram_reg_0_3/CLKARDCLK
                            (rising edge-triggered cell RAMB36E1 clocked by clk_i  {rise@0.000ns fall@6.250ns period=12.500ns})
  Destination:            u_core/u_fetch/branch_pc_q_reg[21]/CE
                            (rising edge-triggered cell FDCE clocked by clk_i  {rise@0.000ns fall@6.250ns period=12.500ns})
  Path Group:             clk_i
  Path Type:              Setup (Max at Slow Process Corner)
  Requirement:            12.500ns  (clk_i rise@12.500ns - clk_i rise@0.000ns)
  Data Path Delay:        12.077ns  (logic 5.193ns (42.999%)  route 6.884ns (57.001%))
  Logic Levels:           16  (CARRY4=6 LUT2=1 LUT3=1 LUT6=8)
  Clock Path Skew:        -0.103ns (DCD - SCD + CPR)
    Destination Clock Delay (DCD):    1.566ns = ( 14.066 - 12.500 ) 
    Source Clock Delay      (SCD):    1.784ns
    Clock Pessimism Removal (CPR):    0.115ns
  Clock Uncertainty:      0.035ns  ((TSJ^2 + TIJ^2)^1/2 + DJ) / 2 + PE
    Total System Jitter     (TSJ):    0.071ns
    Total Input Jitter      (TIJ):    0.000ns
    Discrete Jitter          (DJ):    0.000ns
    Phase Error              (PE):    0.000ns

    Location             Delay type                Incr(ns)  Path(ns)    Netlist Resource(s)
  -------------------------------------------------------------------    -------------------
                         (clock clk_i rise edge)      0.000     0.000 r  
                                                      0.000     0.000 r  clk_i (IN)
                         net (fo=2310, unset)         1.784     1.784    u_tcm/u_ram/clk_i
    RAMB36_X1Y3          RAMB36E1                                     r  u_tcm/u_ram/ram_reg_0_3/CLKARDCLK
  -------------------------------------------------------------------    -------------------
    RAMB36_X1Y3          RAMB36E1 (Prop_ramb36e1_CLKARDCLK_DOADO[1])
                                                      2.454     4.238 r  u_tcm/u_ram/ram_reg_0_3/DOADO[1]
                         net (fo=6, routed)           1.044     5.282    u_core/u_lsu/u_lsu_request/ram_read1_q[6]
    SLICE_X19Y18         LUT6 (Prop_lut6_I2_O)        0.124     5.406 f  u_core/u_lsu/u_lsu_request/result_wb_q[31]_i_16/O
                         net (fo=1, routed)           0.981     6.387    u_core/u_lsu/u_lsu_request/result_wb_q[31]_i_16_n_0
    SLICE_X15Y20         LUT6 (Prop_lut6_I3_O)        0.124     6.511 r  u_core/u_lsu/u_lsu_request/result_wb_q[31]_i_7/O
                         net (fo=29, routed)          0.838     7.350    u_core/u_lsu/u_lsu_request/result_wb_q[31]_i_7_n_0
    SLICE_X17Y15         LUT6 (Prop_lut6_I5_O)        0.124     7.474 r  u_core/u_lsu/u_lsu_request/result_wb_q[9]_i_2/O
                         net (fo=2, routed)           0.167     7.640    u_core/u_issue/u_pipe_ctrl/writeback_mem_value_w[9]
    SLICE_X17Y15         LUT6 (Prop_lut6_I5_O)        0.124     7.764 r  u_core/u_issue/u_pipe_ctrl/sub_res_w_carry__1_i_29/O
                         net (fo=2, routed)           0.307     8.071    u_core/u_issue/u_pipe_ctrl/sub_res_w_carry__1_i_29_n_0
    SLICE_X18Y15         LUT6 (Prop_lut6_I4_O)        0.124     8.195 r  u_core/u_issue/u_pipe_ctrl/sub_res_w_carry__1_i_14/O
                         net (fo=16, routed)          1.005     9.201    u_core/u_issue/u_pipe_ctrl/early_data_hold_q_reg[11][1]
    SLICE_X14Y18         LUT2 (Prop_lut2_I0_O)        0.124     9.325 r  u_core/u_issue/u_pipe_ctrl/branch_update_taken_q_i_128/O
                         net (fo=1, routed)           0.000     9.325    u_core/u_issue/u_pipe_ctrl/branch_update_taken_q_i_128_n_0
    SLICE_X14Y18         CARRY4 (Prop_carry4_S[1]_CO[3])
                                                      0.533     9.858 r  u_core/u_issue/u_pipe_ctrl/branch_update_taken_q_reg_i_115/CO[3]
                         net (fo=1, routed)           0.000     9.858    u_core/u_issue/u_pipe_ctrl/branch_update_taken_q_reg_i_115_n_0
    SLICE_X14Y19         CARRY4 (Prop_carry4_CI_CO[3])
                                                      0.117     9.975 r  u_core/u_issue/u_pipe_ctrl/branch_update_taken_q_reg_i_105/CO[3]
                         net (fo=1, routed)           0.000     9.975    u_core/u_issue/u_pipe_ctrl/branch_update_taken_q_reg_i_105_n_0
    SLICE_X14Y20         CARRY4 (Prop_carry4_CI_CO[3])
                                                      0.117    10.092 r  u_core/u_issue/u_pipe_ctrl/branch_update_taken_q_reg_i_87/CO[3]
                         net (fo=1, routed)           0.000    10.092    u_core/u_issue/u_pipe_ctrl/branch_update_taken_q_reg_i_87_n_0
    SLICE_X14Y21         CARRY4 (Prop_carry4_CI_CO[3])
                                                      0.117    10.209 r  u_core/u_issue/u_pipe_ctrl/branch_update_taken_q_reg_i_60/CO[3]
                         net (fo=1, routed)           0.000    10.209    u_core/u_issue/u_pipe_ctrl/branch_update_taken_q_reg_i_60_n_0
    SLICE_X14Y22         CARRY4 (Prop_carry4_CI_CO[3])
                                                      0.117    10.326 r  u_core/u_issue/u_pipe_ctrl/branch_update_taken_q_reg_i_31/CO[3]
                         net (fo=1, routed)           0.000    10.326    u_core/u_issue/u_pipe_ctrl/branch_update_taken_q_reg_i_31_n_0
    SLICE_X14Y23         CARRY4 (Prop_carry4_CI_O[3])
                                                      0.315    10.641 r  u_core/u_issue/u_pipe_ctrl/branch_update_taken_q_reg_i_12/O[3]
                         net (fo=1, routed)           0.586    11.226    u_core/u_issue/u_pipe_ctrl/u_exec/less_than_signed01_out[31]
    SLICE_X12Y23         LUT3 (Prop_lut3_I0_O)        0.307    11.533 r  u_core/u_issue/u_pipe_ctrl/branch_update_taken_q_i_7/O
                         net (fo=1, routed)           0.473    12.006    u_core/u_decode/branch_update_taken_q_i_2_0
    SLICE_X11Y21         LUT6 (Prop_lut6_I4_O)        0.124    12.130 r  u_core/u_decode/branch_update_taken_q_i_3/O
                         net (fo=1, routed)           0.264    12.394    u_core/u_decode/branch_update_taken_q_i_3_n_0
    SLICE_X11Y21         LUT6 (Prop_lut6_I0_O)        0.124    12.518 r  u_core/u_decode/branch_update_taken_q_i_2/O
                         net (fo=64, routed)          0.415    12.933    u_core/u_decode/branch_update_taken_q_i_2_n_0
    SLICE_X10Y21         LUT6 (Prop_lut6_I2_O)        0.124    13.057 r  u_core/u_decode/branch_pc_q[31]_i_1/O
                         net (fo=32, routed)          0.805    13.862    u_core/u_fetch/E[0]
    SLICE_X10Y26         FDCE                                         r  u_core/u_fetch/branch_pc_q_reg[21]/CE
  -------------------------------------------------------------------    -------------------

                         (clock clk_i rise edge)     12.500    12.500 r  
                                                      0.000    12.500 r  clk_i (IN)
                         net (fo=2310, unset)         1.566    14.066    u_core/u_fetch/clk_i
    SLICE_X10Y26         FDCE                                         r  u_core/u_fetch/branch_pc_q_reg[21]/C
                         clock pessimism              0.115    14.181    
                         clock uncertainty           -0.035    14.146    
    SLICE_X10Y26         FDCE (Setup_fdce_C_CE)      -0.169    13.977    u_core/u_fetch/branch_pc_q_reg[21]
  -------------------------------------------------------------------
                         required time                         13.977    
                         arrival time                         -13.862    
  -------------------------------------------------------------------
                         slack                                  0.115    

Slack (MET) :             0.115ns  (required time - arrival time)
  Source:                 u_tcm/u_ram/ram_reg_0_3/CLKARDCLK
                            (rising edge-triggered cell RAMB36E1 clocked by clk_i  {rise@0.000ns fall@6.250ns period=12.500ns})
  Destination:            u_core/u_fetch/branch_pc_q_reg[2]/D
                            (rising edge-triggered cell FDCE clocked by clk_i  {rise@0.000ns fall@6.250ns period=12.500ns})
  Path Group:             clk_i
  Path Type:              Setup (Max at Slow Process Corner)
  Requirement:            12.500ns  (clk_i rise@12.500ns - clk_i rise@0.000ns)
  Data Path Delay:        12.403ns  (logic 5.317ns (42.869%)  route 7.086ns (57.131%))
  Logic Levels:           17  (CARRY4=6 LUT2=1 LUT3=1 LUT4=1 LUT5=1 LUT6=7)
  Clock Path Skew:        -0.023ns (DCD - SCD + CPR)
    Destination Clock Delay (DCD):    1.646ns = ( 14.146 - 12.500 ) 
    Source Clock Delay      (SCD):    1.784ns
    Clock Pessimism Removal (CPR):    0.115ns
  Clock Uncertainty:      0.035ns  ((TSJ^2 + TIJ^2)^1/2 + DJ) / 2 + PE
    Total System Jitter     (TSJ):    0.071ns
    Total Input Jitter      (TIJ):    0.000ns
    Discrete Jitter          (DJ):    0.000ns
    Phase Error              (PE):    0.000ns

    Location             Delay type                Incr(ns)  Path(ns)    Netlist Resource(s)
  -------------------------------------------------------------------    -------------------
                         (clock clk_i rise edge)      0.000     0.000 r  
                                                      0.000     0.000 r  clk_i (IN)
                         net (fo=2310, unset)         1.784     1.784    u_tcm/u_ram/clk_i
    RAMB36_X1Y3          RAMB36E1                                     r  u_tcm/u_ram/ram_reg_0_3/CLKARDCLK
  -------------------------------------------------------------------    -------------------
    RAMB36_X1Y3          RAMB36E1 (Prop_ramb36e1_CLKARDCLK_DOADO[1])
                                                      2.454     4.238 r  u_tcm/u_ram/ram_reg_0_3/DOADO[1]
                         net (fo=6, routed)           1.044     5.282    u_core/u_lsu/u_lsu_request/ram_read1_q[6]
    SLICE_X19Y18         LUT6 (Prop_lut6_I2_O)        0.124     5.406 f  u_core/u_lsu/u_lsu_request/result_wb_q[31]_i_16/O
                         net (fo=1, routed)           0.981     6.387    u_core/u_lsu/u_lsu_request/result_wb_q[31]_i_16_n_0
    SLICE_X15Y20         LUT6 (Prop_lut6_I3_O)        0.124     6.511 r  u_core/u_lsu/u_lsu_request/result_wb_q[31]_i_7/O
                         net (fo=29, routed)          0.838     7.350    u_core/u_lsu/u_lsu_request/result_wb_q[31]_i_7_n_0
    SLICE_X17Y15         LUT6 (Prop_lut6_I5_O)        0.124     7.474 r  u_core/u_lsu/u_lsu_request/result_wb_q[9]_i_2/O
                         net (fo=2, routed)           0.167     7.640    u_core/u_issue/u_pipe_ctrl/writeback_mem_value_w[9]
    SLICE_X17Y15         LUT6 (Prop_lut6_I5_O)        0.124     7.764 r  u_core/u_issue/u_pipe_ctrl/sub_res_w_carry__1_i_29/O
                         net (fo=2, routed)           0.307     8.071    u_core/u_issue/u_pipe_ctrl/sub_res_w_carry__1_i_29_n_0
    SLICE_X18Y15         LUT6 (Prop_lut6_I4_O)        0.124     8.195 r  u_core/u_issue/u_pipe_ctrl/sub_res_w_carry__1_i_14/O
                         net (fo=16, routed)          1.005     9.201    u_core/u_issue/u_pipe_ctrl/early_data_hold_q_reg[11][1]
    SLICE_X14Y18         LUT2 (Prop_lut2_I0_O)        0.124     9.325 r  u_core/u_issue/u_pipe_ctrl/branch_update_taken_q_i_128/O
                         net (fo=1, routed)           0.000     9.325    u_core/u_issue/u_pipe_ctrl/branch_update_taken_q_i_128_n_0
    SLICE_X14Y18         CARRY4 (Prop_carry4_S[1]_CO[3])
                                                      0.533     9.858 r  u_core/u_issue/u_pipe_ctrl/branch_update_taken_q_reg_i_115/CO[3]
                         net (fo=1, routed)           0.000     9.858    u_core/u_issue/u_pipe_ctrl/branch_update_taken_q_reg_i_115_n_0
    SLICE_X14Y19         CARRY4 (Prop_carry4_CI_CO[3])
                                                      0.117     9.975 r  u_core/u_issue/u_pipe_ctrl/branch_update_taken_q_reg_i_105/CO[3]
                         net (fo=1, routed)           0.000     9.975    u_core/u_issue/u_pipe_ctrl/branch_update_taken_q_reg_i_105_n_0
    SLICE_X14Y20         CARRY4 (Prop_carry4_CI_CO[3])
                                                      0.117    10.092 r  u_core/u_issue/u_pipe_ctrl/branch_update_taken_q_reg_i_87/CO[3]
                         net (fo=1, routed)           0.000    10.092    u_core/u_issue/u_pipe_ctrl/branch_update_taken_q_reg_i_87_n_0
    SLICE_X14Y21         CARRY4 (Prop_carry4_CI_CO[3])
                                                      0.117    10.209 r  u_core/u_issue/u_pipe_ctrl/branch_update_taken_q_reg_i_60/CO[3]
                         net (fo=1, routed)           0.000    10.209    u_core/u_issue/u_pipe_ctrl/branch_update_taken_q_reg_i_60_n_0
    SLICE_X14Y22         CARRY4 (Prop_carry4_CI_CO[3])
                                                      0.117    10.326 r  u_core/u_issue/u_pipe_ctrl/branch_update_taken_q_reg_i_31/CO[3]
                         net (fo=1, routed)           0.000    10.326    u_core/u_issue/u_pipe_ctrl/branch_update_taken_q_reg_i_31_n_0
    SLICE_X14Y23         CARRY4 (Prop_carry4_CI_O[3])
                                                      0.315    10.641 r  u_core/u_issue/u_pipe_ctrl/branch_update_taken_q_reg_i_12/O[3]
                         net (fo=1, routed)           0.586    11.226    u_core/u_issue/u_pipe_ctrl/u_exec/less_than_signed01_out[31]
    SLICE_X12Y23         LUT3 (Prop_lut3_I0_O)        0.307    11.533 r  u_core/u_issue/u_pipe_ctrl/branch_update_taken_q_i_7/O
                         net (fo=1, routed)           0.473    12.006    u_core/u_decode/branch_update_taken_q_i_2_0
    SLICE_X11Y21         LUT6 (Prop_lut6_I4_O)        0.124    12.130 r  u_core/u_decode/branch_update_taken_q_i_3/O
                         net (fo=1, routed)           0.264    12.394    u_core/u_decode/branch_update_taken_q_i_3_n_0
    SLICE_X11Y21         LUT6 (Prop_lut6_I0_O)        0.124    12.518 r  u_core/u_decode/branch_update_taken_q_i_2/O
                         net (fo=64, routed)          0.839    13.358    u_core/u_decode/branch_update_taken_q_i_2_n_0
    SLICE_X1Y21          LUT5 (Prop_lut5_I0_O)        0.124    13.482 r  u_core/u_decode/branch_pc_q[2]_i_2/O
                         net (fo=1, routed)           0.582    14.063    u_core/u_csr/branch_pc_q_reg[2]
    SLICE_X4Y21          LUT4 (Prop_lut4_I2_O)        0.124    14.187 r  u_core/u_csr/branch_pc_q[2]_i_1/O
                         net (fo=1, routed)           0.000    14.187    u_core/u_fetch/D[0]
    SLICE_X4Y21          FDCE                                         r  u_core/u_fetch/branch_pc_q_reg[2]/D
  -------------------------------------------------------------------    -------------------

                         (clock clk_i rise edge)     12.500    12.500 r  
                                                      0.000    12.500 r  clk_i (IN)
                         net (fo=2310, unset)         1.646    14.146    u_core/u_fetch/clk_i
    SLICE_X4Y21          FDCE                                         r  u_core/u_fetch/branch_pc_q_reg[2]/C
                         clock pessimism              0.115    14.261    
                         clock uncertainty           -0.035    14.226    
    SLICE_X4Y21          FDCE (Setup_fdce_C_D)        0.077    14.303    u_core/u_fetch/branch_pc_q_reg[2]
  -------------------------------------------------------------------
                         required time                         14.303    
                         arrival time                         -14.187    
  -------------------------------------------------------------------
                         slack                                  0.115    

Slack (MET) :             0.117ns  (required time - arrival time)
  Source:                 u_tcm/u_ram/ram_reg_0_3/CLKARDCLK
                            (rising edge-triggered cell RAMB36E1 clocked by clk_i  {rise@0.000ns fall@6.250ns period=12.500ns})
  Destination:            u_core/u_fetch/branch_pc_q_reg[10]/CE
                            (rising edge-triggered cell FDCE clocked by clk_i  {rise@0.000ns fall@6.250ns period=12.500ns})
  Path Group:             clk_i
  Path Type:              Setup (Max at Slow Process Corner)
  Requirement:            12.500ns  (clk_i rise@12.500ns - clk_i rise@0.000ns)
  Data Path Delay:        12.120ns  (logic 5.193ns (42.845%)  route 6.927ns (57.155%))
  Logic Levels:           16  (CARRY4=6 LUT2=1 LUT3=1 LUT6=8)
  Clock Path Skew:        -0.022ns (DCD - SCD + CPR)
    Destination Clock Delay (DCD):    1.647ns = ( 14.147 - 12.500 ) 
    Source Clock Delay      (SCD):    1.784ns
    Clock Pessimism Removal (CPR):    0.115ns
  Clock Uncertainty:      0.035ns  ((TSJ^2 + TIJ^2)^1/2 + DJ) / 2 + PE
    Total System Jitter     (TSJ):    0.071ns
    Total Input Jitter      (TIJ):    0.000ns
    Discrete Jitter          (DJ):    0.000ns
    Phase Error              (PE):    0.000ns

    Location             Delay type                Incr(ns)  Path(ns)    Netlist Resource(s)
  -------------------------------------------------------------------    -------------------
                         (clock clk_i rise edge)      0.000     0.000 r  
                                                      0.000     0.000 r  clk_i (IN)
                         net (fo=2310, unset)         1.784     1.784    u_tcm/u_ram/clk_i
    RAMB36_X1Y3          RAMB36E1                                     r  u_tcm/u_ram/ram_reg_0_3/CLKARDCLK
  -------------------------------------------------------------------    -------------------
    RAMB36_X1Y3          RAMB36E1 (Prop_ramb36e1_CLKARDCLK_DOADO[1])
                                                      2.454     4.238 r  u_tcm/u_ram/ram_reg_0_3/DOADO[1]
                         net (fo=6, routed)           1.044     5.282    u_core/u_lsu/u_lsu_request/ram_read1_q[6]
    SLICE_X19Y18         LUT6 (Prop_lut6_I2_O)        0.124     5.406 f  u_core/u_lsu/u_lsu_request/result_wb_q[31]_i_16/O
                         net (fo=1, routed)           0.981     6.387    u_core/u_lsu/u_lsu_request/result_wb_q[31]_i_16_n_0
    SLICE_X15Y20         LUT6 (Prop_lut6_I3_O)        0.124     6.511 r  u_core/u_lsu/u_lsu_request/result_wb_q[31]_i_7/O
                         net (fo=29, routed)          0.838     7.350    u_core/u_lsu/u_lsu_request/result_wb_q[31]_i_7_n_0
    SLICE_X17Y15         LUT6 (Prop_lut6_I5_O)        0.124     7.474 r  u_core/u_lsu/u_lsu_request/result_wb_q[9]_i_2/O
                         net (fo=2, routed)           0.167     7.640    u_core/u_issue/u_pipe_ctrl/writeback_mem_value_w[9]
    SLICE_X17Y15         LUT6 (Prop_lut6_I5_O)        0.124     7.764 r  u_core/u_issue/u_pipe_ctrl/sub_res_w_carry__1_i_29/O
                         net (fo=2, routed)           0.307     8.071    u_core/u_issue/u_pipe_ctrl/sub_res_w_carry__1_i_29_n_0
    SLICE_X18Y15         LUT6 (Prop_lut6_I4_O)        0.124     8.195 r  u_core/u_issue/u_pipe_ctrl/sub_res_w_carry__1_i_14/O
                         net (fo=16, routed)          1.005     9.201    u_core/u_issue/u_pipe_ctrl/early_data_hold_q_reg[11][1]
    SLICE_X14Y18         LUT2 (Prop_lut2_I0_O)        0.124     9.325 r  u_core/u_issue/u_pipe_ctrl/branch_update_taken_q_i_128/O
                         net (fo=1, routed)           0.000     9.325    u_core/u_issue/u_pipe_ctrl/branch_update_taken_q_i_128_n_0
    SLICE_X14Y18         CARRY4 (Prop_carry4_S[1]_CO[3])
                                                      0.533     9.858 r  u_core/u_issue/u_pipe_ctrl/branch_update_taken_q_reg_i_115/CO[3]
                         net (fo=1, routed)           0.000     9.858    u_core/u_issue/u_pipe_ctrl/branch_update_taken_q_reg_i_115_n_0
    SLICE_X14Y19         CARRY4 (Prop_carry4_CI_CO[3])
                                                      0.117     9.975 r  u_core/u_issue/u_pipe_ctrl/branch_update_taken_q_reg_i_105/CO[3]
                         net (fo=1, routed)           0.000     9.975    u_core/u_issue/u_pipe_ctrl/branch_update_taken_q_reg_i_105_n_0
    SLICE_X14Y20         CARRY4 (Prop_carry4_CI_CO[3])
                                                      0.117    10.092 r  u_core/u_issue/u_pipe_ctrl/branch_update_taken_q_reg_i_87/CO[3]
                         net (fo=1, routed)           0.000    10.092    u_core/u_issue/u_pipe_ctrl/branch_update_taken_q_reg_i_87_n_0
    SLICE_X14Y21         CARRY4 (Prop_carry4_CI_CO[3])
                                                      0.117    10.209 r  u_core/u_issue/u_pipe_ctrl/branch_update_taken_q_reg_i_60/CO[3]
                         net (fo=1, routed)           0.000    10.209    u_core/u_issue/u_pipe_ctrl/branch_update_taken_q_reg_i_60_n_0
    SLICE_X14Y22         CARRY4 (Prop_carry4_CI_CO[3])
                                                      0.117    10.326 r  u_core/u_issue/u_pipe_ctrl/branch_update_taken_q_reg_i_31/CO[3]
                         net (fo=1, routed)           0.000    10.326    u_core/u_issue/u_pipe_ctrl/branch_update_taken_q_reg_i_31_n_0
    SLICE_X14Y23         CARRY4 (Prop_carry4_CI_O[3])
                                                      0.315    10.641 r  u_core/u_issue/u_pipe_ctrl/branch_update_taken_q_reg_i_12/O[3]
                         net (fo=1, routed)           0.586    11.226    u_core/u_issue/u_pipe_ctrl/u_exec/less_than_signed01_out[31]
    SLICE_X12Y23         LUT3 (Prop_lut3_I0_O)        0.307    11.533 r  u_core/u_issue/u_pipe_ctrl/branch_update_taken_q_i_7/O
                         net (fo=1, routed)           0.473    12.006    u_core/u_decode/branch_update_taken_q_i_2_0
    SLICE_X11Y21         LUT6 (Prop_lut6_I4_O)        0.124    12.130 r  u_core/u_decode/branch_update_taken_q_i_3/O
                         net (fo=1, routed)           0.264    12.394    u_core/u_decode/branch_update_taken_q_i_3_n_0
    SLICE_X11Y21         LUT6 (Prop_lut6_I0_O)        0.124    12.518 r  u_core/u_decode/branch_update_taken_q_i_2/O
                         net (fo=64, routed)          0.415    12.933    u_core/u_decode/branch_update_taken_q_i_2_n_0
    SLICE_X10Y21         LUT6 (Prop_lut6_I2_O)        0.124    13.057 r  u_core/u_decode/branch_pc_q[31]_i_1/O
                         net (fo=32, routed)          0.848    13.905    u_core/u_fetch/E[0]
    SLICE_X5Y20          FDCE                                         r  u_core/u_fetch/branch_pc_q_reg[10]/CE
  -------------------------------------------------------------------    -------------------

                         (clock clk_i rise edge)     12.500    12.500 r  
                                                      0.000    12.500 r  clk_i (IN)
                         net (fo=2310, unset)         1.647    14.147    u_core/u_fetch/clk_i
    SLICE_X5Y20          FDCE                                         r  u_core/u_fetch/branch_pc_q_reg[10]/C
                         clock pessimism              0.115    14.262    
                         clock uncertainty           -0.035    14.227    
    SLICE_X5Y20          FDCE (Setup_fdce_C_CE)      -0.205    14.022    u_core/u_fetch/branch_pc_q_reg[10]
  -------------------------------------------------------------------
                         required time                         14.022    
                         arrival time                         -13.905    
  -------------------------------------------------------------------
                         slack                                  0.117    

Slack (MET) :             0.117ns  (required time - arrival time)
  Source:                 u_tcm/u_ram/ram_reg_0_3/CLKARDCLK
                            (rising edge-triggered cell RAMB36E1 clocked by clk_i  {rise@0.000ns fall@6.250ns period=12.500ns})
  Destination:            u_core/u_fetch/branch_pc_q_reg[19]/CE
                            (rising edge-triggered cell FDCE clocked by clk_i  {rise@0.000ns fall@6.250ns period=12.500ns})
  Path Group:             clk_i
  Path Type:              Setup (Max at Slow Process Corner)
  Requirement:            12.500ns  (clk_i rise@12.500ns - clk_i rise@0.000ns)
  Data Path Delay:        12.120ns  (logic 5.193ns (42.845%)  route 6.927ns (57.155%))
  Logic Levels:           16  (CARRY4=6 LUT2=1 LUT3=1 LUT6=8)
  Clock Path Skew:        -0.022ns (DCD - SCD + CPR)
    Destination Clock Delay (DCD):    1.647ns = ( 14.147 - 12.500 ) 
    Source Clock Delay      (SCD):    1.784ns
    Clock Pessimism Removal (CPR):    0.115ns
  Clock Uncertainty:      0.035ns  ((TSJ^2 + TIJ^2)^1/2 + DJ) / 2 + PE
    Total System Jitter     (TSJ):    0.071ns
    Total Input Jitter      (TIJ):    0.000ns
    Discrete Jitter          (DJ):    0.000ns
    Phase Error              (PE):    0.000ns

    Location             Delay type                Incr(ns)  Path(ns)    Netlist Resource(s)
  -------------------------------------------------------------------    -------------------
                         (clock clk_i rise edge)      0.000     0.000 r  
                                                      0.000     0.000 r  clk_i (IN)
                         net (fo=2310, unset)         1.784     1.784    u_tcm/u_ram/clk_i
    RAMB36_X1Y3          RAMB36E1                                     r  u_tcm/u_ram/ram_reg_0_3/CLKARDCLK
  -------------------------------------------------------------------    -------------------
    RAMB36_X1Y3          RAMB36E1 (Prop_ramb36e1_CLKARDCLK_DOADO[1])
                                                      2.454     4.238 r  u_tcm/u_ram/ram_reg_0_3/DOADO[1]
                         net (fo=6, routed)           1.044     5.282    u_core/u_lsu/u_lsu_request/ram_read1_q[6]
    SLICE_X19Y18         LUT6 (Prop_lut6_I2_O)        0.124     5.406 f  u_core/u_lsu/u_lsu_request/result_wb_q[31]_i_16/O
                         net (fo=1, routed)           0.981     6.387    u_core/u_lsu/u_lsu_request/result_wb_q[31]_i_16_n_0
    SLICE_X15Y20         LUT6 (Prop_lut6_I3_O)        0.124     6.511 r  u_core/u_lsu/u_lsu_request/result_wb_q[31]_i_7/O
                         net (fo=29, routed)          0.838     7.350    u_core/u_lsu/u_lsu_request/result_wb_q[31]_i_7_n_0
    SLICE_X17Y15         LUT6 (Prop_lut6_I5_O)        0.124     7.474 r  u_core/u_lsu/u_lsu_request/result_wb_q[9]_i_2/O
                         net (fo=2, routed)           0.167     7.640    u_core/u_issue/u_pipe_ctrl/writeback_mem_value_w[9]
    SLICE_X17Y15         LUT6 (Prop_lut6_I5_O)        0.124     7.764 r  u_core/u_issue/u_pipe_ctrl/sub_res_w_carry__1_i_29/O
                         net (fo=2, routed)           0.307     8.071    u_core/u_issue/u_pipe_ctrl/sub_res_w_carry__1_i_29_n_0
    SLICE_X18Y15         LUT6 (Prop_lut6_I4_O)        0.124     8.195 r  u_core/u_issue/u_pipe_ctrl/sub_res_w_carry__1_i_14/O
                         net (fo=16, routed)          1.005     9.201    u_core/u_issue/u_pipe_ctrl/early_data_hold_q_reg[11][1]
    SLICE_X14Y18         LUT2 (Prop_lut2_I0_O)        0.124     9.325 r  u_core/u_issue/u_pipe_ctrl/branch_update_taken_q_i_128/O
                         net (fo=1, routed)           0.000     9.325    u_core/u_issue/u_pipe_ctrl/branch_update_taken_q_i_128_n_0
    SLICE_X14Y18         CARRY4 (Prop_carry4_S[1]_CO[3])
                                                      0.533     9.858 r  u_core/u_issue/u_pipe_ctrl/branch_update_taken_q_reg_i_115/CO[3]
                         net (fo=1, routed)           0.000     9.858    u_core/u_issue/u_pipe_ctrl/branch_update_taken_q_reg_i_115_n_0
    SLICE_X14Y19         CARRY4 (Prop_carry4_CI_CO[3])
                                                      0.117     9.975 r  u_core/u_issue/u_pipe_ctrl/branch_update_taken_q_reg_i_105/CO[3]
                         net (fo=1, routed)           0.000     9.975    u_core/u_issue/u_pipe_ctrl/branch_update_taken_q_reg_i_105_n_0
    SLICE_X14Y20         CARRY4 (Prop_carry4_CI_CO[3])
                                                      0.117    10.092 r  u_core/u_issue/u_pipe_ctrl/branch_update_taken_q_reg_i_87/CO[3]
                         net (fo=1, routed)           0.000    10.092    u_core/u_issue/u_pipe_ctrl/branch_update_taken_q_reg_i_87_n_0
    SLICE_X14Y21         CARRY4 (Prop_carry4_CI_CO[3])
                                                      0.117    10.209 r  u_core/u_issue/u_pipe_ctrl/branch_update_taken_q_reg_i_60/CO[3]
                         net (fo=1, routed)           0.000    10.209    u_core/u_issue/u_pipe_ctrl/branch_update_taken_q_reg_i_60_n_0
    SLICE_X14Y22         CARRY4 (Prop_carry4_CI_CO[3])
                                                      0.117    10.326 r  u_core/u_issue/u_pipe_ctrl/branch_update_taken_q_reg_i_31/CO[3]
                         net (fo=1, routed)           0.000    10.326    u_core/u_issue/u_pipe_ctrl/branch_update_taken_q_reg_i_31_n_0
    SLICE_X14Y23         CARRY4 (Prop_carry4_CI_O[3])
                                                      0.315    10.641 r  u_core/u_issue/u_pipe_ctrl/branch_update_taken_q_reg_i_12/O[3]
                         net (fo=1, routed)           0.586    11.226    u_core/u_issue/u_pipe_ctrl/u_exec/less_than_signed01_out[31]
    SLICE_X12Y23         LUT3 (Prop_lut3_I0_O)        0.307    11.533 r  u_core/u_issue/u_pipe_ctrl/branch_update_taken_q_i_7/O
                         net (fo=1, routed)           0.473    12.006    u_core/u_decode/branch_update_taken_q_i_2_0
    SLICE_X11Y21         LUT6 (Prop_lut6_I4_O)        0.124    12.130 r  u_core/u_decode/branch_update_taken_q_i_3/O
                         net (fo=1, routed)           0.264    12.394    u_core/u_decode/branch_update_taken_q_i_3_n_0
    SLICE_X11Y21         LUT6 (Prop_lut6_I0_O)        0.124    12.518 r  u_core/u_decode/branch_update_taken_q_i_2/O
                         net (fo=64, routed)          0.415    12.933    u_core/u_decode/branch_update_taken_q_i_2_n_0
    SLICE_X10Y21         LUT6 (Prop_lut6_I2_O)        0.124    13.057 r  u_core/u_decode/branch_pc_q[31]_i_1/O
                         net (fo=32, routed)          0.848    13.905    u_core/u_fetch/E[0]
    SLICE_X5Y20          FDCE                                         r  u_core/u_fetch/branch_pc_q_reg[19]/CE
  -------------------------------------------------------------------    -------------------

                         (clock clk_i rise edge)     12.500    12.500 r  
                                                      0.000    12.500 r  clk_i (IN)
                         net (fo=2310, unset)         1.647    14.147    u_core/u_fetch/clk_i
    SLICE_X5Y20          FDCE                                         r  u_core/u_fetch/branch_pc_q_reg[19]/C
                         clock pessimism              0.115    14.262    
                         clock uncertainty           -0.035    14.227    
    SLICE_X5Y20          FDCE (Setup_fdce_C_CE)      -0.205    14.022    u_core/u_fetch/branch_pc_q_reg[19]
  -------------------------------------------------------------------
                         required time                         14.022    
                         arrival time                         -13.905    
  -------------------------------------------------------------------
                         slack                                  0.117    

Slack (MET) :             0.119ns  (required time - arrival time)
  Source:                 u_tcm/u_ram/ram_reg_0_3/CLKARDCLK
                            (rising edge-triggered cell RAMB36E1 clocked by clk_i  {rise@0.000ns fall@6.250ns period=12.500ns})
  Destination:            u_core/u_fetch/branch_pc_q_reg[13]/CE
                            (rising edge-triggered cell FDCE clocked by clk_i  {rise@0.000ns fall@6.250ns period=12.500ns})
  Path Group:             clk_i
  Path Type:              Setup (Max at Slow Process Corner)
  Requirement:            12.500ns  (clk_i rise@12.500ns - clk_i rise@0.000ns)
  Data Path Delay:        12.115ns  (logic 5.193ns (42.866%)  route 6.922ns (57.134%))
  Logic Levels:           16  (CARRY4=6 LUT2=1 LUT3=1 LUT6=8)
  Clock Path Skew:        -0.026ns (DCD - SCD + CPR)
    Destination Clock Delay (DCD):    1.643ns = ( 14.143 - 12.500 ) 
    Source Clock Delay      (SCD):    1.784ns
    Clock Pessimism Removal (CPR):    0.115ns
  Clock Uncertainty:      0.035ns  ((TSJ^2 + TIJ^2)^1/2 + DJ) / 2 + PE
    Total System Jitter     (TSJ):    0.071ns
    Total Input Jitter      (TIJ):    0.000ns
    Discrete Jitter          (DJ):    0.000ns
    Phase Error              (PE):    0.000ns

    Location             Delay type                Incr(ns)  Path(ns)    Netlist Resource(s)
  -------------------------------------------------------------------    -------------------
                         (clock clk_i rise edge)      0.000     0.000 r  
                                                      0.000     0.000 r  clk_i (IN)
                         net (fo=2310, unset)         1.784     1.784    u_tcm/u_ram/clk_i
    RAMB36_X1Y3          RAMB36E1                                     r  u_tcm/u_ram/ram_reg_0_3/CLKARDCLK
  -------------------------------------------------------------------    -------------------
    RAMB36_X1Y3          RAMB36E1 (Prop_ramb36e1_CLKARDCLK_DOADO[1])
                                                      2.454     4.238 r  u_tcm/u_ram/ram_reg_0_3/DOADO[1]
                         net (fo=6, routed)           1.044     5.282    u_core/u_lsu/u_lsu_request/ram_read1_q[6]
    SLICE_X19Y18         LUT6 (Prop_lut6_I2_O)        0.124     5.406 f  u_core/u_lsu/u_lsu_request/result_wb_q[31]_i_16/O
                         net (fo=1, routed)           0.981     6.387    u_core/u_lsu/u_lsu_request/result_wb_q[31]_i_16_n_0
    SLICE_X15Y20         LUT6 (Prop_lut6_I3_O)        0.124     6.511 r  u_core/u_lsu/u_lsu_request/result_wb_q[31]_i_7/O
                         net (fo=29, routed)          0.838     7.350    u_core/u_lsu/u_lsu_request/result_wb_q[31]_i_7_n_0
    SLICE_X17Y15         LUT6 (Prop_lut6_I5_O)        0.124     7.474 r  u_core/u_lsu/u_lsu_request/result_wb_q[9]_i_2/O
                         net (fo=2, routed)           0.167     7.640    u_core/u_issue/u_pipe_ctrl/writeback_mem_value_w[9]
    SLICE_X17Y15         LUT6 (Prop_lut6_I5_O)        0.124     7.764 r  u_core/u_issue/u_pipe_ctrl/sub_res_w_carry__1_i_29/O
                         net (fo=2, routed)           0.307     8.071    u_core/u_issue/u_pipe_ctrl/sub_res_w_carry__1_i_29_n_0
    SLICE_X18Y15         LUT6 (Prop_lut6_I4_O)        0.124     8.195 r  u_core/u_issue/u_pipe_ctrl/sub_res_w_carry__1_i_14/O
                         net (fo=16, routed)          1.005     9.201    u_core/u_issue/u_pipe_ctrl/early_data_hold_q_reg[11][1]
    SLICE_X14Y18         LUT2 (Prop_lut2_I0_O)        0.124     9.325 r  u_core/u_issue/u_pipe_ctrl/branch_update_taken_q_i_128/O
                         net (fo=1, routed)           0.000     9.325    u_core/u_issue/u_pipe_ctrl/branch_update_taken_q_i_128_n_0
    SLICE_X14Y18         CARRY4 (Prop_carry4_S[1]_CO[3])
                                                      0.533     9.858 r  u_core/u_issue/u_pipe_ctrl/branch_update_taken_q_reg_i_115/CO[3]
                         net (fo=1, routed)           0.000     9.858    u_core/u_issue/u_pipe_ctrl/branch_update_taken_q_reg_i_115_n_0
    SLICE_X14Y19         CARRY4 (Prop_carry4_CI_CO[3])
                                                      0.117     9.975 r  u_core/u_issue/u_pipe_ctrl/branch_update_taken_q_reg_i_105/CO[3]
                         net (fo=1, routed)           0.000     9.975    u_core/u_issue/u_pipe_ctrl/branch_update_taken_q_reg_i_105_n_0
    SLICE_X14Y20         CARRY4 (Prop_carry4_CI_CO[3])
                                                      0.117    10.092 r  u_core/u_issue/u_pipe_ctrl/branch_update_taken_q_reg_i_87/CO[3]
                         net (fo=1, routed)           0.000    10.092    u_core/u_issue/u_pipe_ctrl/branch_update_taken_q_reg_i_87_n_0
    SLICE_X14Y21         CARRY4 (Prop_carry4_CI_CO[3])
                                                      0.117    10.209 r  u_core/u_issue/u_pipe_ctrl/branch_update_taken_q_reg_i_60/CO[3]
                         net (fo=1, routed)           0.000    10.209    u_core/u_issue/u_pipe_ctrl/branch_update_taken_q_reg_i_60_n_0
    SLICE_X14Y22         CARRY4 (Prop_carry4_CI_CO[3])
                                                      0.117    10.326 r  u_core/u_issue/u_pipe_ctrl/branch_update_taken_q_reg_i_31/CO[3]
                         net (fo=1, routed)           0.000    10.326    u_core/u_issue/u_pipe_ctrl/branch_update_taken_q_reg_i_31_n_0
    SLICE_X14Y23         CARRY4 (Prop_carry4_CI_O[3])
                                                      0.315    10.641 r  u_core/u_issue/u_pipe_ctrl/branch_update_taken_q_reg_i_12/O[3]
                         net (fo=1, routed)           0.586    11.226    u_core/u_issue/u_pipe_ctrl/u_exec/less_than_signed01_out[31]
    SLICE_X12Y23         LUT3 (Prop_lut3_I0_O)        0.307    11.533 r  u_core/u_issue/u_pipe_ctrl/branch_update_taken_q_i_7/O
                         net (fo=1, routed)           0.473    12.006    u_core/u_decode/branch_update_taken_q_i_2_0
    SLICE_X11Y21         LUT6 (Prop_lut6_I4_O)        0.124    12.130 r  u_core/u_decode/branch_update_taken_q_i_3/O
                         net (fo=1, routed)           0.264    12.394    u_core/u_decode/branch_update_taken_q_i_3_n_0
    SLICE_X11Y21         LUT6 (Prop_lut6_I0_O)        0.124    12.518 r  u_core/u_decode/branch_update_taken_q_i_2/O
                         net (fo=64, routed)          0.415    12.933    u_core/u_decode/branch_update_taken_q_i_2_n_0
    SLICE_X10Y21         LUT6 (Prop_lut6_I2_O)        0.124    13.057 r  u_core/u_decode/branch_pc_q[31]_i_1/O
                         net (fo=32, routed)          0.842    13.899    u_core/u_fetch/E[0]
    SLICE_X5Y23          FDCE                                         r  u_core/u_fetch/branch_pc_q_reg[13]/CE
  -------------------------------------------------------------------    -------------------

                         (clock clk_i rise edge)     12.500    12.500 r  
                                                      0.000    12.500 r  clk_i (IN)
                         net (fo=2310, unset)         1.643    14.143    u_core/u_fetch/clk_i
    SLICE_X5Y23          FDCE                                         r  u_core/u_fetch/branch_pc_q_reg[13]/C
                         clock pessimism              0.115    14.258    
                         clock uncertainty           -0.035    14.223    
    SLICE_X5Y23          FDCE (Setup_fdce_C_CE)      -0.205    14.018    u_core/u_fetch/branch_pc_q_reg[13]
  -------------------------------------------------------------------
                         required time                         14.018    
                         arrival time                         -13.899    
  -------------------------------------------------------------------
                         slack                                  0.119    

Slack (MET) :             0.119ns  (required time - arrival time)
  Source:                 u_tcm/u_ram/ram_reg_0_3/CLKARDCLK
                            (rising edge-triggered cell RAMB36E1 clocked by clk_i  {rise@0.000ns fall@6.250ns period=12.500ns})
  Destination:            u_core/u_fetch/branch_pc_q_reg[23]/CE
                            (rising edge-triggered cell FDCE clocked by clk_i  {rise@0.000ns fall@6.250ns period=12.500ns})
  Path Group:             clk_i
  Path Type:              Setup (Max at Slow Process Corner)
  Requirement:            12.500ns  (clk_i rise@12.500ns - clk_i rise@0.000ns)
  Data Path Delay:        12.115ns  (logic 5.193ns (42.866%)  route 6.922ns (57.134%))
  Logic Levels:           16  (CARRY4=6 LUT2=1 LUT3=1 LUT6=8)
  Clock Path Skew:        -0.026ns (DCD - SCD + CPR)
    Destination Clock Delay (DCD):    1.643ns = ( 14.143 - 12.500 ) 
    Source Clock Delay      (SCD):    1.784ns
    Clock Pessimism Removal (CPR):    0.115ns
  Clock Uncertainty:      0.035ns  ((TSJ^2 + TIJ^2)^1/2 + DJ) / 2 + PE
    Total System Jitter     (TSJ):    0.071ns
    Total Input Jitter      (TIJ):    0.000ns
    Discrete Jitter          (DJ):    0.000ns
    Phase Error              (PE):    0.000ns

    Location             Delay type                Incr(ns)  Path(ns)    Netlist Resource(s)
  -------------------------------------------------------------------    -------------------
                         (clock clk_i rise edge)      0.000     0.000 r  
                                                      0.000     0.000 r  clk_i (IN)
                         net (fo=2310, unset)         1.784     1.784    u_tcm/u_ram/clk_i
    RAMB36_X1Y3          RAMB36E1                                     r  u_tcm/u_ram/ram_reg_0_3/CLKARDCLK
  -------------------------------------------------------------------    -------------------
    RAMB36_X1Y3          RAMB36E1 (Prop_ramb36e1_CLKARDCLK_DOADO[1])
                                                      2.454     4.238 r  u_tcm/u_ram/ram_reg_0_3/DOADO[1]
                         net (fo=6, routed)           1.044     5.282    u_core/u_lsu/u_lsu_request/ram_read1_q[6]
    SLICE_X19Y18         LUT6 (Prop_lut6_I2_O)        0.124     5.406 f  u_core/u_lsu/u_lsu_request/result_wb_q[31]_i_16/O
                         net (fo=1, routed)           0.981     6.387    u_core/u_lsu/u_lsu_request/result_wb_q[31]_i_16_n_0
    SLICE_X15Y20         LUT6 (Prop_lut6_I3_O)        0.124     6.511 r  u_core/u_lsu/u_lsu_request/result_wb_q[31]_i_7/O
                         net (fo=29, routed)          0.838     7.350    u_core/u_lsu/u_lsu_request/result_wb_q[31]_i_7_n_0
    SLICE_X17Y15         LUT6 (Prop_lut6_I5_O)        0.124     7.474 r  u_core/u_lsu/u_lsu_request/result_wb_q[9]_i_2/O
                         net (fo=2, routed)           0.167     7.640    u_core/u_issue/u_pipe_ctrl/writeback_mem_value_w[9]
    SLICE_X17Y15         LUT6 (Prop_lut6_I5_O)        0.124     7.764 r  u_core/u_issue/u_pipe_ctrl/sub_res_w_carry__1_i_29/O
                         net (fo=2, routed)           0.307     8.071    u_core/u_issue/u_pipe_ctrl/sub_res_w_carry__1_i_29_n_0
    SLICE_X18Y15         LUT6 (Prop_lut6_I4_O)        0.124     8.195 r  u_core/u_issue/u_pipe_ctrl/sub_res_w_carry__1_i_14/O
                         net (fo=16, routed)          1.005     9.201    u_core/u_issue/u_pipe_ctrl/early_data_hold_q_reg[11][1]
    SLICE_X14Y18         LUT2 (Prop_lut2_I0_O)        0.124     9.325 r  u_core/u_issue/u_pipe_ctrl/branch_update_taken_q_i_128/O
                         net (fo=1, routed)           0.000     9.325    u_core/u_issue/u_pipe_ctrl/branch_update_taken_q_i_128_n_0
    SLICE_X14Y18         CARRY4 (Prop_carry4_S[1]_CO[3])
                                                      0.533     9.858 r  u_core/u_issue/u_pipe_ctrl/branch_update_taken_q_reg_i_115/CO[3]
                         net (fo=1, routed)           0.000     9.858    u_core/u_issue/u_pipe_ctrl/branch_update_taken_q_reg_i_115_n_0
    SLICE_X14Y19         CARRY4 (Prop_carry4_CI_CO[3])
                                                      0.117     9.975 r  u_core/u_issue/u_pipe_ctrl/branch_update_taken_q_reg_i_105/CO[3]
                         net (fo=1, routed)           0.000     9.975    u_core/u_issue/u_pipe_ctrl/branch_update_taken_q_reg_i_105_n_0
    SLICE_X14Y20         CARRY4 (Prop_carry4_CI_CO[3])
                                                      0.117    10.092 r  u_core/u_issue/u_pipe_ctrl/branch_update_taken_q_reg_i_87/CO[3]
                         net (fo=1, routed)           0.000    10.092    u_core/u_issue/u_pipe_ctrl/branch_update_taken_q_reg_i_87_n_0
    SLICE_X14Y21         CARRY4 (Prop_carry4_CI_CO[3])
                                                      0.117    10.209 r  u_core/u_issue/u_pipe_ctrl/branch_update_taken_q_reg_i_60/CO[3]
                         net (fo=1, routed)           0.000    10.209    u_core/u_issue/u_pipe_ctrl/branch_update_taken_q_reg_i_60_n_0
    SLICE_X14Y22         CARRY4 (Prop_carry4_CI_CO[3])
                                                      0.117    10.326 r  u_core/u_issue/u_pipe_ctrl/branch_update_taken_q_reg_i_31/CO[3]
                         net (fo=1, routed)           0.000    10.326    u_core/u_issue/u_pipe_ctrl/branch_update_taken_q_reg_i_31_n_0
    SLICE_X14Y23         CARRY4 (Prop_carry4_CI_O[3])
                                                      0.315    10.641 r  u_core/u_issue/u_pipe_ctrl/branch_update_taken_q_reg_i_12/O[3]
                         net (fo=1, routed)           0.586    11.226    u_core/u_issue/u_pipe_ctrl/u_exec/less_than_signed01_out[31]
    SLICE_X12Y23         LUT3 (Prop_lut3_I0_O)        0.307    11.533 r  u_core/u_issue/u_pipe_ctrl/branch_update_taken_q_i_7/O
                         net (fo=1, routed)           0.473    12.006    u_core/u_decode/branch_update_taken_q_i_2_0
    SLICE_X11Y21         LUT6 (Prop_lut6_I4_O)        0.124    12.130 r  u_core/u_decode/branch_update_taken_q_i_3/O
                         net (fo=1, routed)           0.264    12.394    u_core/u_decode/branch_update_taken_q_i_3_n_0
    SLICE_X11Y21         LUT6 (Prop_lut6_I0_O)        0.124    12.518 r  u_core/u_decode/branch_update_taken_q_i_2/O
                         net (fo=64, routed)          0.415    12.933    u_core/u_decode/branch_update_taken_q_i_2_n_0
    SLICE_X10Y21         LUT6 (Prop_lut6_I2_O)        0.124    13.057 r  u_core/u_decode/branch_pc_q[31]_i_1/O
                         net (fo=32, routed)          0.842    13.899    u_core/u_fetch/E[0]
    SLICE_X5Y23          FDCE                                         r  u_core/u_fetch/branch_pc_q_reg[23]/CE
  -------------------------------------------------------------------    -------------------

                         (clock clk_i rise edge)     12.500    12.500 r  
                                                      0.000    12.500 r  clk_i (IN)
                         net (fo=2310, unset)         1.643    14.143    u_core/u_fetch/clk_i
    SLICE_X5Y23          FDCE                                         r  u_core/u_fetch/branch_pc_q_reg[23]/C
                         clock pessimism              0.115    14.258    
                         clock uncertainty           -0.035    14.223    
    SLICE_X5Y23          FDCE (Setup_fdce_C_CE)      -0.205    14.018    u_core/u_fetch/branch_pc_q_reg[23]
  -------------------------------------------------------------------
                         required time                         14.018    
                         arrival time                         -13.899    
  -------------------------------------------------------------------
                         slack                                  0.119    

Slack (MET) :             0.119ns  (required time - arrival time)
  Source:                 u_tcm/u_ram/ram_reg_0_3/CLKARDCLK
                            (rising edge-triggered cell RAMB36E1 clocked by clk_i  {rise@0.000ns fall@6.250ns period=12.500ns})
  Destination:            u_core/u_fetch/branch_pc_q_reg[27]/CE
                            (rising edge-triggered cell FDCE clocked by clk_i  {rise@0.000ns fall@6.250ns period=12.500ns})
  Path Group:             clk_i
  Path Type:              Setup (Max at Slow Process Corner)
  Requirement:            12.500ns  (clk_i rise@12.500ns - clk_i rise@0.000ns)
  Data Path Delay:        12.115ns  (logic 5.193ns (42.866%)  route 6.922ns (57.134%))
  Logic Levels:           16  (CARRY4=6 LUT2=1 LUT3=1 LUT6=8)
  Clock Path Skew:        -0.026ns (DCD - SCD + CPR)
    Destination Clock Delay (DCD):    1.643ns = ( 14.143 - 12.500 ) 
    Source Clock Delay      (SCD):    1.784ns
    Clock Pessimism Removal (CPR):    0.115ns
  Clock Uncertainty:      0.035ns  ((TSJ^2 + TIJ^2)^1/2 + DJ) / 2 + PE
    Total System Jitter     (TSJ):    0.071ns
    Total Input Jitter      (TIJ):    0.000ns
    Discrete Jitter          (DJ):    0.000ns
    Phase Error              (PE):    0.000ns

    Location             Delay type                Incr(ns)  Path(ns)    Netlist Resource(s)
  -------------------------------------------------------------------    -------------------
                         (clock clk_i rise edge)      0.000     0.000 r  
                                                      0.000     0.000 r  clk_i (IN)
                         net (fo=2310, unset)         1.784     1.784    u_tcm/u_ram/clk_i
    RAMB36_X1Y3          RAMB36E1                                     r  u_tcm/u_ram/ram_reg_0_3/CLKARDCLK
  -------------------------------------------------------------------    -------------------
    RAMB36_X1Y3          RAMB36E1 (Prop_ramb36e1_CLKARDCLK_DOADO[1])
                                                      2.454     4.238 r  u_tcm/u_ram/ram_reg_0_3/DOADO[1]
                         net (fo=6, routed)           1.044     5.282    u_core/u_lsu/u_lsu_request/ram_read1_q[6]
    SLICE_X19Y18         LUT6 (Prop_lut6_I2_O)        0.124     5.406 f  u_core/u_lsu/u_lsu_request/result_wb_q[31]_i_16/O
                         net (fo=1, routed)           0.981     6.387    u_core/u_lsu/u_lsu_request/result_wb_q[31]_i_16_n_0
    SLICE_X15Y20         LUT6 (Prop_lut6_I3_O)        0.124     6.511 r  u_core/u_lsu/u_lsu_request/result_wb_q[31]_i_7/O
                         net (fo=29, routed)          0.838     7.350    u_core/u_lsu/u_lsu_request/result_wb_q[31]_i_7_n_0
    SLICE_X17Y15         LUT6 (Prop_lut6_I5_O)        0.124     7.474 r  u_core/u_lsu/u_lsu_request/result_wb_q[9]_i_2/O
                         net (fo=2, routed)           0.167     7.640    u_core/u_issue/u_pipe_ctrl/writeback_mem_value_w[9]
    SLICE_X17Y15         LUT6 (Prop_lut6_I5_O)        0.124     7.764 r  u_core/u_issue/u_pipe_ctrl/sub_res_w_carry__1_i_29/O
                         net (fo=2, routed)           0.307     8.071    u_core/u_issue/u_pipe_ctrl/sub_res_w_carry__1_i_29_n_0
    SLICE_X18Y15         LUT6 (Prop_lut6_I4_O)        0.124     8.195 r  u_core/u_issue/u_pipe_ctrl/sub_res_w_carry__1_i_14/O
                         net (fo=16, routed)          1.005     9.201    u_core/u_issue/u_pipe_ctrl/early_data_hold_q_reg[11][1]
    SLICE_X14Y18         LUT2 (Prop_lut2_I0_O)        0.124     9.325 r  u_core/u_issue/u_pipe_ctrl/branch_update_taken_q_i_128/O
                         net (fo=1, routed)           0.000     9.325    u_core/u_issue/u_pipe_ctrl/branch_update_taken_q_i_128_n_0
    SLICE_X14Y18         CARRY4 (Prop_carry4_S[1]_CO[3])
                                                      0.533     9.858 r  u_core/u_issue/u_pipe_ctrl/branch_update_taken_q_reg_i_115/CO[3]
                         net (fo=1, routed)           0.000     9.858    u_core/u_issue/u_pipe_ctrl/branch_update_taken_q_reg_i_115_n_0
    SLICE_X14Y19         CARRY4 (Prop_carry4_CI_CO[3])
                                                      0.117     9.975 r  u_core/u_issue/u_pipe_ctrl/branch_update_taken_q_reg_i_105/CO[3]
                         net (fo=1, routed)           0.000     9.975    u_core/u_issue/u_pipe_ctrl/branch_update_taken_q_reg_i_105_n_0
    SLICE_X14Y20         CARRY4 (Prop_carry4_CI_CO[3])
                                                      0.117    10.092 r  u_core/u_issue/u_pipe_ctrl/branch_update_taken_q_reg_i_87/CO[3]
                         net (fo=1, routed)           0.000    10.092    u_core/u_issue/u_pipe_ctrl/branch_update_taken_q_reg_i_87_n_0
    SLICE_X14Y21         CARRY4 (Prop_carry4_CI_CO[3])
                                                      0.117    10.209 r  u_core/u_issue/u_pipe_ctrl/branch_update_taken_q_reg_i_60/CO[3]
                         net (fo=1, routed)           0.000    10.209    u_core/u_issue/u_pipe_ctrl/branch_update_taken_q_reg_i_60_n_0
    SLICE_X14Y22         CARRY4 (Prop_carry4_CI_CO[3])
                                                      0.117    10.326 r  u_core/u_issue/u_pipe_ctrl/branch_update_taken_q_reg_i_31/CO[3]
                         net (fo=1, routed)           0.000    10.326    u_core/u_issue/u_pipe_ctrl/branch_update_taken_q_reg_i_31_n_0
    SLICE_X14Y23         CARRY4 (Prop_carry4_CI_O[3])
                                                      0.315    10.641 r  u_core/u_issue/u_pipe_ctrl/branch_update_taken_q_reg_i_12/O[3]
                         net (fo=1, routed)           0.586    11.226    u_core/u_issue/u_pipe_ctrl/u_exec/less_than_signed01_out[31]
    SLICE_X12Y23         LUT3 (Prop_lut3_I0_O)        0.307    11.533 r  u_core/u_issue/u_pipe_ctrl/branch_update_taken_q_i_7/O
                         net (fo=1, routed)           0.473    12.006    u_core/u_decode/branch_update_taken_q_i_2_0
    SLICE_X11Y21         LUT6 (Prop_lut6_I4_O)        0.124    12.130 r  u_core/u_decode/branch_update_taken_q_i_3/O
                         net (fo=1, routed)           0.264    12.394    u_core/u_decode/branch_update_taken_q_i_3_n_0
    SLICE_X11Y21         LUT6 (Prop_lut6_I0_O)        0.124    12.518 r  u_core/u_decode/branch_update_taken_q_i_2/O
                         net (fo=64, routed)          0.415    12.933    u_core/u_decode/branch_update_taken_q_i_2_n_0
    SLICE_X10Y21         LUT6 (Prop_lut6_I2_O)        0.124    13.057 r  u_core/u_decode/branch_pc_q[31]_i_1/O
                         net (fo=32, routed)          0.842    13.899    u_core/u_fetch/E[0]
    SLICE_X5Y23          FDCE                                         r  u_core/u_fetch/branch_pc_q_reg[27]/CE
  -------------------------------------------------------------------    -------------------

                         (clock clk_i rise edge)     12.500    12.500 r  
                                                      0.000    12.500 r  clk_i (IN)
                         net (fo=2310, unset)         1.643    14.143    u_core/u_fetch/clk_i
    SLICE_X5Y23          FDCE                                         r  u_core/u_fetch/branch_pc_q_reg[27]/C
                         clock pessimism              0.115    14.258    
                         clock uncertainty           -0.035    14.223    
    SLICE_X5Y23          FDCE (Setup_fdce_C_CE)      -0.205    14.018    u_core/u_fetch/branch_pc_q_reg[27]
  -------------------------------------------------------------------
                         required time                         14.018    
                         arrival time                         -13.899    
  -------------------------------------------------------------------
                         slack                                  0.119    

Slack (MET) :             0.119ns  (required time - arrival time)
  Source:                 u_tcm/u_ram/ram_reg_0_3/CLKARDCLK
                            (rising edge-triggered cell RAMB36E1 clocked by clk_i  {rise@0.000ns fall@6.250ns period=12.500ns})
  Destination:            u_core/u_fetch/branch_pc_q_reg[29]/CE
                            (rising edge-triggered cell FDCE clocked by clk_i  {rise@0.000ns fall@6.250ns period=12.500ns})
  Path Group:             clk_i
  Path Type:              Setup (Max at Slow Process Corner)
  Requirement:            12.500ns  (clk_i rise@12.500ns - clk_i rise@0.000ns)
  Data Path Delay:        12.115ns  (logic 5.193ns (42.866%)  route 6.922ns (57.134%))
  Logic Levels:           16  (CARRY4=6 LUT2=1 LUT3=1 LUT6=8)
  Clock Path Skew:        -0.026ns (DCD - SCD + CPR)
    Destination Clock Delay (DCD):    1.643ns = ( 14.143 - 12.500 ) 
    Source Clock Delay      (SCD):    1.784ns
    Clock Pessimism Removal (CPR):    0.115ns
  Clock Uncertainty:      0.035ns  ((TSJ^2 + TIJ^2)^1/2 + DJ) / 2 + PE
    Total System Jitter     (TSJ):    0.071ns
    Total Input Jitter      (TIJ):    0.000ns
    Discrete Jitter          (DJ):    0.000ns
    Phase Error              (PE):    0.000ns

    Location             Delay type                Incr(ns)  Path(ns)    Netlist Resource(s)
  -------------------------------------------------------------------    -------------------
                         (clock clk_i rise edge)      0.000     0.000 r  
                                                      0.000     0.000 r  clk_i (IN)
                         net (fo=2310, unset)         1.784     1.784    u_tcm/u_ram/clk_i
    RAMB36_X1Y3          RAMB36E1                                     r  u_tcm/u_ram/ram_reg_0_3/CLKARDCLK
  -------------------------------------------------------------------    -------------------
    RAMB36_X1Y3          RAMB36E1 (Prop_ramb36e1_CLKARDCLK_DOADO[1])
                                                      2.454     4.238 r  u_tcm/u_ram/ram_reg_0_3/DOADO[1]
                         net (fo=6, routed)           1.044     5.282    u_core/u_lsu/u_lsu_request/ram_read1_q[6]
    SLICE_X19Y18         LUT6 (Prop_lut6_I2_O)        0.124     5.406 f  u_core/u_lsu/u_lsu_request/result_wb_q[31]_i_16/O
                         net (fo=1, routed)           0.981     6.387    u_core/u_lsu/u_lsu_request/result_wb_q[31]_i_16_n_0
    SLICE_X15Y20         LUT6 (Prop_lut6_I3_O)        0.124     6.511 r  u_core/u_lsu/u_lsu_request/result_wb_q[31]_i_7/O
                         net (fo=29, routed)          0.838     7.350    u_core/u_lsu/u_lsu_request/result_wb_q[31]_i_7_n_0
    SLICE_X17Y15         LUT6 (Prop_lut6_I5_O)        0.124     7.474 r  u_core/u_lsu/u_lsu_request/result_wb_q[9]_i_2/O
                         net (fo=2, routed)           0.167     7.640    u_core/u_issue/u_pipe_ctrl/writeback_mem_value_w[9]
    SLICE_X17Y15         LUT6 (Prop_lut6_I5_O)        0.124     7.764 r  u_core/u_issue/u_pipe_ctrl/sub_res_w_carry__1_i_29/O
                         net (fo=2, routed)           0.307     8.071    u_core/u_issue/u_pipe_ctrl/sub_res_w_carry__1_i_29_n_0
    SLICE_X18Y15         LUT6 (Prop_lut6_I4_O)        0.124     8.195 r  u_core/u_issue/u_pipe_ctrl/sub_res_w_carry__1_i_14/O
                         net (fo=16, routed)          1.005     9.201    u_core/u_issue/u_pipe_ctrl/early_data_hold_q_reg[11][1]
    SLICE_X14Y18         LUT2 (Prop_lut2_I0_O)        0.124     9.325 r  u_core/u_issue/u_pipe_ctrl/branch_update_taken_q_i_128/O
                         net (fo=1, routed)           0.000     9.325    u_core/u_issue/u_pipe_ctrl/branch_update_taken_q_i_128_n_0
    SLICE_X14Y18         CARRY4 (Prop_carry4_S[1]_CO[3])
                                                      0.533     9.858 r  u_core/u_issue/u_pipe_ctrl/branch_update_taken_q_reg_i_115/CO[3]
                         net (fo=1, routed)           0.000     9.858    u_core/u_issue/u_pipe_ctrl/branch_update_taken_q_reg_i_115_n_0
    SLICE_X14Y19         CARRY4 (Prop_carry4_CI_CO[3])
                                                      0.117     9.975 r  u_core/u_issue/u_pipe_ctrl/branch_update_taken_q_reg_i_105/CO[3]
                         net (fo=1, routed)           0.000     9.975    u_core/u_issue/u_pipe_ctrl/branch_update_taken_q_reg_i_105_n_0
    SLICE_X14Y20         CARRY4 (Prop_carry4_CI_CO[3])
                                                      0.117    10.092 r  u_core/u_issue/u_pipe_ctrl/branch_update_taken_q_reg_i_87/CO[3]
                         net (fo=1, routed)           0.000    10.092    u_core/u_issue/u_pipe_ctrl/branch_update_taken_q_reg_i_87_n_0
    SLICE_X14Y21         CARRY4 (Prop_carry4_CI_CO[3])
                                                      0.117    10.209 r  u_core/u_issue/u_pipe_ctrl/branch_update_taken_q_reg_i_60/CO[3]
                         net (fo=1, routed)           0.000    10.209    u_core/u_issue/u_pipe_ctrl/branch_update_taken_q_reg_i_60_n_0
    SLICE_X14Y22         CARRY4 (Prop_carry4_CI_CO[3])
                                                      0.117    10.326 r  u_core/u_issue/u_pipe_ctrl/branch_update_taken_q_reg_i_31/CO[3]
                         net (fo=1, routed)           0.000    10.326    u_core/u_issue/u_pipe_ctrl/branch_update_taken_q_reg_i_31_n_0
    SLICE_X14Y23         CARRY4 (Prop_carry4_CI_O[3])
                                                      0.315    10.641 r  u_core/u_issue/u_pipe_ctrl/branch_update_taken_q_reg_i_12/O[3]
                         net (fo=1, routed)           0.586    11.226    u_core/u_issue/u_pipe_ctrl/u_exec/less_than_signed01_out[31]
    SLICE_X12Y23         LUT3 (Prop_lut3_I0_O)        0.307    11.533 r  u_core/u_issue/u_pipe_ctrl/branch_update_taken_q_i_7/O
                         net (fo=1, routed)           0.473    12.006    u_core/u_decode/branch_update_taken_q_i_2_0
    SLICE_X11Y21         LUT6 (Prop_lut6_I4_O)        0.124    12.130 r  u_core/u_decode/branch_update_taken_q_i_3/O
                         net (fo=1, routed)           0.264    12.394    u_core/u_decode/branch_update_taken_q_i_3_n_0
    SLICE_X11Y21         LUT6 (Prop_lut6_I0_O)        0.124    12.518 r  u_core/u_decode/branch_update_taken_q_i_2/O
                         net (fo=64, routed)          0.415    12.933    u_core/u_decode/branch_update_taken_q_i_2_n_0
    SLICE_X10Y21         LUT6 (Prop_lut6_I2_O)        0.124    13.057 r  u_core/u_decode/branch_pc_q[31]_i_1/O
                         net (fo=32, routed)          0.842    13.899    u_core/u_fetch/E[0]
    SLICE_X5Y23          FDCE                                         r  u_core/u_fetch/branch_pc_q_reg[29]/CE
  -------------------------------------------------------------------    -------------------

                         (clock clk_i rise edge)     12.500    12.500 r  
                                                      0.000    12.500 r  clk_i (IN)
                         net (fo=2310, unset)         1.643    14.143    u_core/u_fetch/clk_i
    SLICE_X5Y23          FDCE                                         r  u_core/u_fetch/branch_pc_q_reg[29]/C
                         clock pessimism              0.115    14.258    
                         clock uncertainty           -0.035    14.223    
    SLICE_X5Y23          FDCE (Setup_fdce_C_CE)      -0.205    14.018    u_core/u_fetch/branch_pc_q_reg[29]
  -------------------------------------------------------------------
                         required time                         14.018    
                         arrival time                         -13.899    
  -------------------------------------------------------------------
                         slack                                  0.119    

Slack (MET) :             0.120ns  (required time - arrival time)
  Source:                 u_tcm/u_ram/ram_reg_0_3/CLKARDCLK
                            (rising edge-triggered cell RAMB36E1 clocked by clk_i  {rise@0.000ns fall@6.250ns period=12.500ns})
  Destination:            u_core/u_fetch/branch_pc_q_reg[22]/CE
                            (rising edge-triggered cell FDCE clocked by clk_i  {rise@0.000ns fall@6.250ns period=12.500ns})
  Path Group:             clk_i
  Path Type:              Setup (Max at Slow Process Corner)
  Requirement:            12.500ns  (clk_i rise@12.500ns - clk_i rise@0.000ns)
  Data Path Delay:        12.035ns  (logic 5.193ns (43.151%)  route 6.842ns (56.849%))
  Logic Levels:           16  (CARRY4=6 LUT2=1 LUT3=1 LUT6=8)
  Clock Path Skew:        -0.105ns (DCD - SCD + CPR)
    Destination Clock Delay (DCD):    1.564ns = ( 14.064 - 12.500 ) 
    Source Clock Delay      (SCD):    1.784ns
    Clock Pessimism Removal (CPR):    0.115ns
  Clock Uncertainty:      0.035ns  ((TSJ^2 + TIJ^2)^1/2 + DJ) / 2 + PE
    Total System Jitter     (TSJ):    0.071ns
    Total Input Jitter      (TIJ):    0.000ns
    Discrete Jitter          (DJ):    0.000ns
    Phase Error              (PE):    0.000ns

    Location             Delay type                Incr(ns)  Path(ns)    Netlist Resource(s)
  -------------------------------------------------------------------    -------------------
                         (clock clk_i rise edge)      0.000     0.000 r  
                                                      0.000     0.000 r  clk_i (IN)
                         net (fo=2310, unset)         1.784     1.784    u_tcm/u_ram/clk_i
    RAMB36_X1Y3          RAMB36E1                                     r  u_tcm/u_ram/ram_reg_0_3/CLKARDCLK
  -------------------------------------------------------------------    -------------------
    RAMB36_X1Y3          RAMB36E1 (Prop_ramb36e1_CLKARDCLK_DOADO[1])
                                                      2.454     4.238 r  u_tcm/u_ram/ram_reg_0_3/DOADO[1]
                         net (fo=6, routed)           1.044     5.282    u_core/u_lsu/u_lsu_request/ram_read1_q[6]
    SLICE_X19Y18         LUT6 (Prop_lut6_I2_O)        0.124     5.406 f  u_core/u_lsu/u_lsu_request/result_wb_q[31]_i_16/O
                         net (fo=1, routed)           0.981     6.387    u_core/u_lsu/u_lsu_request/result_wb_q[31]_i_16_n_0
    SLICE_X15Y20         LUT6 (Prop_lut6_I3_O)        0.124     6.511 r  u_core/u_lsu/u_lsu_request/result_wb_q[31]_i_7/O
                         net (fo=29, routed)          0.838     7.350    u_core/u_lsu/u_lsu_request/result_wb_q[31]_i_7_n_0
    SLICE_X17Y15         LUT6 (Prop_lut6_I5_O)        0.124     7.474 r  u_core/u_lsu/u_lsu_request/result_wb_q[9]_i_2/O
                         net (fo=2, routed)           0.167     7.640    u_core/u_issue/u_pipe_ctrl/writeback_mem_value_w[9]
    SLICE_X17Y15         LUT6 (Prop_lut6_I5_O)        0.124     7.764 r  u_core/u_issue/u_pipe_ctrl/sub_res_w_carry__1_i_29/O
                         net (fo=2, routed)           0.307     8.071    u_core/u_issue/u_pipe_ctrl/sub_res_w_carry__1_i_29_n_0
    SLICE_X18Y15         LUT6 (Prop_lut6_I4_O)        0.124     8.195 r  u_core/u_issue/u_pipe_ctrl/sub_res_w_carry__1_i_14/O
                         net (fo=16, routed)          1.005     9.201    u_core/u_issue/u_pipe_ctrl/early_data_hold_q_reg[11][1]
    SLICE_X14Y18         LUT2 (Prop_lut2_I0_O)        0.124     9.325 r  u_core/u_issue/u_pipe_ctrl/branch_update_taken_q_i_128/O
                         net (fo=1, routed)           0.000     9.325    u_core/u_issue/u_pipe_ctrl/branch_update_taken_q_i_128_n_0
    SLICE_X14Y18         CARRY4 (Prop_carry4_S[1]_CO[3])
                                                      0.533     9.858 r  u_core/u_issue/u_pipe_ctrl/branch_update_taken_q_reg_i_115/CO[3]
                         net (fo=1, routed)           0.000     9.858    u_core/u_issue/u_pipe_ctrl/branch_update_taken_q_reg_i_115_n_0
    SLICE_X14Y19         CARRY4 (Prop_carry4_CI_CO[3])
                                                      0.117     9.975 r  u_core/u_issue/u_pipe_ctrl/branch_update_taken_q_reg_i_105/CO[3]
                         net (fo=1, routed)           0.000     9.975    u_core/u_issue/u_pipe_ctrl/branch_update_taken_q_reg_i_105_n_0
    SLICE_X14Y20         CARRY4 (Prop_carry4_CI_CO[3])
                                                      0.117    10.092 r  u_core/u_issue/u_pipe_ctrl/branch_update_taken_q_reg_i_87/CO[3]
                         net (fo=1, routed)           0.000    10.092    u_core/u_issue/u_pipe_ctrl/branch_update_taken_q_reg_i_87_n_0
    SLICE_X14Y21         CARRY4 (Prop_carry4_CI_CO[3])
                                                      0.117    10.209 r  u_core/u_issue/u_pipe_ctrl/branch_update_taken_q_reg_i_60/CO[3]
                         net (fo=1, routed)           0.000    10.209    u_core/u_issue/u_pipe_ctrl/branch_update_taken_q_reg_i_60_n_0
    SLICE_X14Y22         CARRY4 (Prop_carry4_CI_CO[3])
                                                      0.117    10.326 r  u_core/u_issue/u_pipe_ctrl/branch_update_taken_q_reg_i_31/CO[3]
                         net (fo=1, routed)           0.000    10.326    u_core/u_issue/u_pipe_ctrl/branch_update_taken_q_reg_i_31_n_0
    SLICE_X14Y23         CARRY4 (Prop_carry4_CI_O[3])
                                                      0.315    10.641 r  u_core/u_issue/u_pipe_ctrl/branch_update_taken_q_reg_i_12/O[3]
                         net (fo=1, routed)           0.586    11.226    u_core/u_issue/u_pipe_ctrl/u_exec/less_than_signed01_out[31]
    SLICE_X12Y23         LUT3 (Prop_lut3_I0_O)        0.307    11.533 r  u_core/u_issue/u_pipe_ctrl/branch_update_taken_q_i_7/O
                         net (fo=1, routed)           0.473    12.006    u_core/u_decode/branch_update_taken_q_i_2_0
    SLICE_X11Y21         LUT6 (Prop_lut6_I4_O)        0.124    12.130 r  u_core/u_decode/branch_update_taken_q_i_3/O
                         net (fo=1, routed)           0.264    12.394    u_core/u_decode/branch_update_taken_q_i_3_n_0
    SLICE_X11Y21         LUT6 (Prop_lut6_I0_O)        0.124    12.518 r  u_core/u_decode/branch_update_taken_q_i_2/O
                         net (fo=64, routed)          0.415    12.933    u_core/u_decode/branch_update_taken_q_i_2_n_0
    SLICE_X10Y21         LUT6 (Prop_lut6_I2_O)        0.124    13.057 r  u_core/u_decode/branch_pc_q[31]_i_1/O
                         net (fo=32, routed)          0.762    13.819    u_core/u_fetch/E[0]
    SLICE_X11Y25         FDCE                                         r  u_core/u_fetch/branch_pc_q_reg[22]/CE
  -------------------------------------------------------------------    -------------------

                         (clock clk_i rise edge)     12.500    12.500 r  
                                                      0.000    12.500 r  clk_i (IN)
                         net (fo=2310, unset)         1.564    14.064    u_core/u_fetch/clk_i
    SLICE_X11Y25         FDCE                                         r  u_core/u_fetch/branch_pc_q_reg[22]/C
                         clock pessimism              0.115    14.179    
                         clock uncertainty           -0.035    14.144    
    SLICE_X11Y25         FDCE (Setup_fdce_C_CE)      -0.205    13.939    u_core/u_fetch/branch_pc_q_reg[22]
  -------------------------------------------------------------------
                         required time                         13.939    
                         arrival time                         -13.819    
  -------------------------------------------------------------------
                         slack                                  0.120    

Slack (MET) :             0.130ns  (required time - arrival time)
  Source:                 u_tcm/u_ram/ram_reg_0_3/CLKARDCLK
                            (rising edge-triggered cell RAMB36E1 clocked by clk_i  {rise@0.000ns fall@6.250ns period=12.500ns})
  Destination:            u_core/u_fetch/branch_pc_q_reg[5]/D
                            (rising edge-triggered cell FDCE clocked by clk_i  {rise@0.000ns fall@6.250ns period=12.500ns})
  Path Group:             clk_i
  Path Type:              Setup (Max at Slow Process Corner)
  Requirement:            12.500ns  (clk_i rise@12.500ns - clk_i rise@0.000ns)
  Data Path Delay:        12.343ns  (logic 5.317ns (43.078%)  route 7.026ns (56.922%))
  Logic Levels:           17  (CARRY4=6 LUT2=1 LUT3=1 LUT4=1 LUT5=1 LUT6=7)
  Clock Path Skew:        -0.023ns (DCD - SCD + CPR)
    Destination Clock Delay (DCD):    1.646ns = ( 14.146 - 12.500 ) 
    Source Clock Delay      (SCD):    1.784ns
    Clock Pessimism Removal (CPR):    0.115ns
  Clock Uncertainty:      0.035ns  ((TSJ^2 + TIJ^2)^1/2 + DJ) / 2 + PE
    Total System Jitter     (TSJ):    0.071ns
    Total Input Jitter      (TIJ):    0.000ns
    Discrete Jitter          (DJ):    0.000ns
    Phase Error              (PE):    0.000ns

    Location             Delay type                Incr(ns)  Path(ns)    Netlist Resource(s)
  -------------------------------------------------------------------    -------------------
                         (clock clk_i rise edge)      0.000     0.000 r  
                                                      0.000     0.000 r  clk_i (IN)
                         net (fo=2310, unset)         1.784     1.784    u_tcm/u_ram/clk_i
    RAMB36_X1Y3          RAMB36E1                                     r  u_tcm/u_ram/ram_reg_0_3/CLKARDCLK
  -------------------------------------------------------------------    -------------------
    RAMB36_X1Y3          RAMB36E1 (Prop_ramb36e1_CLKARDCLK_DOADO[1])
                                                      2.454     4.238 r  u_tcm/u_ram/ram_reg_0_3/DOADO[1]
                         net (fo=6, routed)           1.044     5.282    u_core/u_lsu/u_lsu_request/ram_read1_q[6]
    SLICE_X19Y18         LUT6 (Prop_lut6_I2_O)        0.124     5.406 f  u_core/u_lsu/u_lsu_request/result_wb_q[31]_i_16/O
                         net (fo=1, routed)           0.981     6.387    u_core/u_lsu/u_lsu_request/result_wb_q[31]_i_16_n_0
    SLICE_X15Y20         LUT6 (Prop_lut6_I3_O)        0.124     6.511 r  u_core/u_lsu/u_lsu_request/result_wb_q[31]_i_7/O
                         net (fo=29, routed)          0.838     7.350    u_core/u_lsu/u_lsu_request/result_wb_q[31]_i_7_n_0
    SLICE_X17Y15         LUT6 (Prop_lut6_I5_O)        0.124     7.474 r  u_core/u_lsu/u_lsu_request/result_wb_q[9]_i_2/O
                         net (fo=2, routed)           0.167     7.640    u_core/u_issue/u_pipe_ctrl/writeback_mem_value_w[9]
    SLICE_X17Y15         LUT6 (Prop_lut6_I5_O)        0.124     7.764 r  u_core/u_issue/u_pipe_ctrl/sub_res_w_carry__1_i_29/O
                         net (fo=2, routed)           0.307     8.071    u_core/u_issue/u_pipe_ctrl/sub_res_w_carry__1_i_29_n_0
    SLICE_X18Y15         LUT6 (Prop_lut6_I4_O)        0.124     8.195 r  u_core/u_issue/u_pipe_ctrl/sub_res_w_carry__1_i_14/O
                         net (fo=16, routed)          1.005     9.201    u_core/u_issue/u_pipe_ctrl/early_data_hold_q_reg[11][1]
    SLICE_X14Y18         LUT2 (Prop_lut2_I0_O)        0.124     9.325 r  u_core/u_issue/u_pipe_ctrl/branch_update_taken_q_i_128/O
                         net (fo=1, routed)           0.000     9.325    u_core/u_issue/u_pipe_ctrl/branch_update_taken_q_i_128_n_0
    SLICE_X14Y18         CARRY4 (Prop_carry4_S[1]_CO[3])
                                                      0.533     9.858 r  u_core/u_issue/u_pipe_ctrl/branch_update_taken_q_reg_i_115/CO[3]
                         net (fo=1, routed)           0.000     9.858    u_core/u_issue/u_pipe_ctrl/branch_update_taken_q_reg_i_115_n_0
    SLICE_X14Y19         CARRY4 (Prop_carry4_CI_CO[3])
                                                      0.117     9.975 r  u_core/u_issue/u_pipe_ctrl/branch_update_taken_q_reg_i_105/CO[3]
                         net (fo=1, routed)           0.000     9.975    u_core/u_issue/u_pipe_ctrl/branch_update_taken_q_reg_i_105_n_0
    SLICE_X14Y20         CARRY4 (Prop_carry4_CI_CO[3])
                                                      0.117    10.092 r  u_core/u_issue/u_pipe_ctrl/branch_update_taken_q_reg_i_87/CO[3]
                         net (fo=1, routed)           0.000    10.092    u_core/u_issue/u_pipe_ctrl/branch_update_taken_q_reg_i_87_n_0
    SLICE_X14Y21         CARRY4 (Prop_carry4_CI_CO[3])
                                                      0.117    10.209 r  u_core/u_issue/u_pipe_ctrl/branch_update_taken_q_reg_i_60/CO[3]
                         net (fo=1, routed)           0.000    10.209    u_core/u_issue/u_pipe_ctrl/branch_update_taken_q_reg_i_60_n_0
    SLICE_X14Y22         CARRY4 (Prop_carry4_CI_CO[3])
                                                      0.117    10.326 r  u_core/u_issue/u_pipe_ctrl/branch_update_taken_q_reg_i_31/CO[3]
                         net (fo=1, routed)           0.000    10.326    u_core/u_issue/u_pipe_ctrl/branch_update_taken_q_reg_i_31_n_0
    SLICE_X14Y23         CARRY4 (Prop_carry4_CI_O[3])
                                                      0.315    10.641 r  u_core/u_issue/u_pipe_ctrl/branch_update_taken_q_reg_i_12/O[3]
                         net (fo=1, routed)           0.586    11.226    u_core/u_issue/u_pipe_ctrl/u_exec/less_than_signed01_out[31]
    SLICE_X12Y23         LUT3 (Prop_lut3_I0_O)        0.307    11.533 r  u_core/u_issue/u_pipe_ctrl/branch_update_taken_q_i_7/O
                         net (fo=1, routed)           0.473    12.006    u_core/u_decode/branch_update_taken_q_i_2_0
    SLICE_X11Y21         LUT6 (Prop_lut6_I4_O)        0.124    12.130 r  u_core/u_decode/branch_update_taken_q_i_3/O
                         net (fo=1, routed)           0.264    12.394    u_core/u_decode/branch_update_taken_q_i_3_n_0
    SLICE_X11Y21         LUT6 (Prop_lut6_I0_O)        0.124    12.518 r  u_core/u_decode/branch_update_taken_q_i_2/O
                         net (fo=64, routed)          0.958    13.476    u_core/u_decode/branch_update_taken_q_i_2_n_0
    SLICE_X4Y22          LUT5 (Prop_lut5_I0_O)        0.124    13.600 r  u_core/u_decode/branch_pc_q[5]_i_2/O
                         net (fo=1, routed)           0.403    14.003    u_core/u_csr/branch_pc_q_reg[5]
    SLICE_X5Y21          LUT4 (Prop_lut4_I2_O)        0.124    14.127 r  u_core/u_csr/branch_pc_q[5]_i_1/O
                         net (fo=1, routed)           0.000    14.127    u_core/u_fetch/D[3]
    SLICE_X5Y21          FDCE                                         r  u_core/u_fetch/branch_pc_q_reg[5]/D
  -------------------------------------------------------------------    -------------------

                         (clock clk_i rise edge)     12.500    12.500 r  
                                                      0.000    12.500 r  clk_i (IN)
                         net (fo=2310, unset)         1.646    14.146    u_core/u_fetch/clk_i
    SLICE_X5Y21          FDCE                                         r  u_core/u_fetch/branch_pc_q_reg[5]/C
                         clock pessimism              0.115    14.261    
                         clock uncertainty           -0.035    14.226    
    SLICE_X5Y21          FDCE (Setup_fdce_C_D)        0.032    14.258    u_core/u_fetch/branch_pc_q_reg[5]
  -------------------------------------------------------------------
                         required time                         14.258    
                         arrival time                         -14.127    
  -------------------------------------------------------------------
                         slack                                  0.130    

Slack (MET) :             0.132ns  (required time - arrival time)
  Source:                 u_tcm/u_ram/ram_reg_0_3/CLKARDCLK
                            (rising edge-triggered cell RAMB36E1 clocked by clk_i  {rise@0.000ns fall@6.250ns period=12.500ns})
  Destination:            u_core/u_fetch/branch_pc_q_reg[24]/CE
                            (rising edge-triggered cell FDCE clocked by clk_i  {rise@0.000ns fall@6.250ns period=12.500ns})
  Path Group:             clk_i
  Path Type:              Setup (Max at Slow Process Corner)
  Requirement:            12.500ns  (clk_i rise@12.500ns - clk_i rise@0.000ns)
  Data Path Delay:        12.022ns  (logic 5.193ns (43.196%)  route 6.829ns (56.804%))
  Logic Levels:           16  (CARRY4=6 LUT2=1 LUT3=1 LUT6=8)
  Clock Path Skew:        -0.105ns (DCD - SCD + CPR)
    Destination Clock Delay (DCD):    1.564ns = ( 14.064 - 12.500 ) 
    Source Clock Delay      (SCD):    1.784ns
    Clock Pessimism Removal (CPR):    0.115ns
  Clock Uncertainty:      0.035ns  ((TSJ^2 + TIJ^2)^1/2 + DJ) / 2 + PE
    Total System Jitter     (TSJ):    0.071ns
    Total Input Jitter      (TIJ):    0.000ns
    Discrete Jitter          (DJ):    0.000ns
    Phase Error              (PE):    0.000ns

    Location             Delay type                Incr(ns)  Path(ns)    Netlist Resource(s)
  -------------------------------------------------------------------    -------------------
                         (clock clk_i rise edge)      0.000     0.000 r  
                                                      0.000     0.000 r  clk_i (IN)
                         net (fo=2310, unset)         1.784     1.784    u_tcm/u_ram/clk_i
    RAMB36_X1Y3          RAMB36E1                                     r  u_tcm/u_ram/ram_reg_0_3/CLKARDCLK
  -------------------------------------------------------------------    -------------------
    RAMB36_X1Y3          RAMB36E1 (Prop_ramb36e1_CLKARDCLK_DOADO[1])
                                                      2.454     4.238 r  u_tcm/u_ram/ram_reg_0_3/DOADO[1]
                         net (fo=6, routed)           1.044     5.282    u_core/u_lsu/u_lsu_request/ram_read1_q[6]
    SLICE_X19Y18         LUT6 (Prop_lut6_I2_O)        0.124     5.406 f  u_core/u_lsu/u_lsu_request/result_wb_q[31]_i_16/O
                         net (fo=1, routed)           0.981     6.387    u_core/u_lsu/u_lsu_request/result_wb_q[31]_i_16_n_0
    SLICE_X15Y20         LUT6 (Prop_lut6_I3_O)        0.124     6.511 r  u_core/u_lsu/u_lsu_request/result_wb_q[31]_i_7/O
                         net (fo=29, routed)          0.838     7.350    u_core/u_lsu/u_lsu_request/result_wb_q[31]_i_7_n_0
    SLICE_X17Y15         LUT6 (Prop_lut6_I5_O)        0.124     7.474 r  u_core/u_lsu/u_lsu_request/result_wb_q[9]_i_2/O
                         net (fo=2, routed)           0.167     7.640    u_core/u_issue/u_pipe_ctrl/writeback_mem_value_w[9]
    SLICE_X17Y15         LUT6 (Prop_lut6_I5_O)        0.124     7.764 r  u_core/u_issue/u_pipe_ctrl/sub_res_w_carry__1_i_29/O
                         net (fo=2, routed)           0.307     8.071    u_core/u_issue/u_pipe_ctrl/sub_res_w_carry__1_i_29_n_0
    SLICE_X18Y15         LUT6 (Prop_lut6_I4_O)        0.124     8.195 r  u_core/u_issue/u_pipe_ctrl/sub_res_w_carry__1_i_14/O
                         net (fo=16, routed)          1.005     9.201    u_core/u_issue/u_pipe_ctrl/early_data_hold_q_reg[11][1]
    SLICE_X14Y18         LUT2 (Prop_lut2_I0_O)        0.124     9.325 r  u_core/u_issue/u_pipe_ctrl/branch_update_taken_q_i_128/O
                         net (fo=1, routed)           0.000     9.325    u_core/u_issue/u_pipe_ctrl/branch_update_taken_q_i_128_n_0
    SLICE_X14Y18         CARRY4 (Prop_carry4_S[1]_CO[3])
                                                      0.533     9.858 r  u_core/u_issue/u_pipe_ctrl/branch_update_taken_q_reg_i_115/CO[3]
                         net (fo=1, routed)           0.000     9.858    u_core/u_issue/u_pipe_ctrl/branch_update_taken_q_reg_i_115_n_0
    SLICE_X14Y19         CARRY4 (Prop_carry4_CI_CO[3])
                                                      0.117     9.975 r  u_core/u_issue/u_pipe_ctrl/branch_update_taken_q_reg_i_105/CO[3]
                         net (fo=1, routed)           0.000     9.975    u_core/u_issue/u_pipe_ctrl/branch_update_taken_q_reg_i_105_n_0
    SLICE_X14Y20         CARRY4 (Prop_carry4_CI_CO[3])
                                                      0.117    10.092 r  u_core/u_issue/u_pipe_ctrl/branch_update_taken_q_reg_i_87/CO[3]
                         net (fo=1, routed)           0.000    10.092    u_core/u_issue/u_pipe_ctrl/branch_update_taken_q_reg_i_87_n_0
    SLICE_X14Y21         CARRY4 (Prop_carry4_CI_CO[3])
                                                      0.117    10.209 r  u_core/u_issue/u_pipe_ctrl/branch_update_taken_q_reg_i_60/CO[3]
                         net (fo=1, routed)           0.000    10.209    u_core/u_issue/u_pipe_ctrl/branch_update_taken_q_reg_i_60_n_0
    SLICE_X14Y22         CARRY4 (Prop_carry4_CI_CO[3])
                                                      0.117    10.326 r  u_core/u_issue/u_pipe_ctrl/branch_update_taken_q_reg_i_31/CO[3]
                         net (fo=1, routed)           0.000    10.326    u_core/u_issue/u_pipe_ctrl/branch_update_taken_q_reg_i_31_n_0
    SLICE_X14Y23         CARRY4 (Prop_carry4_CI_O[3])
                                                      0.315    10.641 r  u_core/u_issue/u_pipe_ctrl/branch_update_taken_q_reg_i_12/O[3]
                         net (fo=1, routed)           0.586    11.226    u_core/u_issue/u_pipe_ctrl/u_exec/less_than_signed01_out[31]
    SLICE_X12Y23         LUT3 (Prop_lut3_I0_O)        0.307    11.533 r  u_core/u_issue/u_pipe_ctrl/branch_update_taken_q_i_7/O
                         net (fo=1, routed)           0.473    12.006    u_core/u_decode/branch_update_taken_q_i_2_0
    SLICE_X11Y21         LUT6 (Prop_lut6_I4_O)        0.124    12.130 r  u_core/u_decode/branch_update_taken_q_i_3/O
                         net (fo=1, routed)           0.264    12.394    u_core/u_decode/branch_update_taken_q_i_3_n_0
    SLICE_X11Y21         LUT6 (Prop_lut6_I0_O)        0.124    12.518 r  u_core/u_decode/branch_update_taken_q_i_2/O
                         net (fo=64, routed)          0.415    12.933    u_core/u_decode/branch_update_taken_q_i_2_n_0
    SLICE_X10Y21         LUT6 (Prop_lut6_I2_O)        0.124    13.057 r  u_core/u_decode/branch_pc_q[31]_i_1/O
                         net (fo=32, routed)          0.750    13.806    u_core/u_fetch/E[0]
    SLICE_X11Y24         FDCE                                         r  u_core/u_fetch/branch_pc_q_reg[24]/CE
  -------------------------------------------------------------------    -------------------

                         (clock clk_i rise edge)     12.500    12.500 r  
                                                      0.000    12.500 r  clk_i (IN)
                         net (fo=2310, unset)         1.564    14.064    u_core/u_fetch/clk_i
    SLICE_X11Y24         FDCE                                         r  u_core/u_fetch/branch_pc_q_reg[24]/C
                         clock pessimism              0.115    14.179    
                         clock uncertainty           -0.035    14.144    
    SLICE_X11Y24         FDCE (Setup_fdce_C_CE)      -0.205    13.939    u_core/u_fetch/branch_pc_q_reg[24]
  -------------------------------------------------------------------
                         required time                         13.939    
                         arrival time                         -13.806    
  -------------------------------------------------------------------
                         slack                                  0.132    

Slack (MET) :             0.133ns  (required time - arrival time)
  Source:                 u_tcm/u_ram/ram_reg_0_3/CLKARDCLK
                            (rising edge-triggered cell RAMB36E1 clocked by clk_i  {rise@0.000ns fall@6.250ns period=12.500ns})
  Destination:            u_core/u_fetch/branch_pc_q_reg[25]/D
                            (rising edge-triggered cell FDCE clocked by clk_i  {rise@0.000ns fall@6.250ns period=12.500ns})
  Path Group:             clk_i
  Path Type:              Setup (Max at Slow Process Corner)
  Requirement:            12.500ns  (clk_i rise@12.500ns - clk_i rise@0.000ns)
  Data Path Delay:        12.339ns  (logic 5.317ns (43.090%)  route 7.022ns (56.910%))
  Logic Levels:           17  (CARRY4=6 LUT2=1 LUT3=1 LUT4=1 LUT5=1 LUT6=7)
  Clock Path Skew:        -0.023ns (DCD - SCD + CPR)
    Destination Clock Delay (DCD):    1.646ns = ( 14.146 - 12.500 ) 
    Source Clock Delay      (SCD):    1.784ns
    Clock Pessimism Removal (CPR):    0.115ns
  Clock Uncertainty:      0.035ns  ((TSJ^2 + TIJ^2)^1/2 + DJ) / 2 + PE
    Total System Jitter     (TSJ):    0.071ns
    Total Input Jitter      (TIJ):    0.000ns
    Discrete Jitter          (DJ):    0.000ns
    Phase Error              (PE):    0.000ns

    Location             Delay type                Incr(ns)  Path(ns)    Netlist Resource(s)
  -------------------------------------------------------------------    -------------------
                         (clock clk_i rise edge)      0.000     0.000 r  
                                                      0.000     0.000 r  clk_i (IN)
                         net (fo=2310, unset)         1.784     1.784    u_tcm/u_ram/clk_i
    RAMB36_X1Y3          RAMB36E1                                     r  u_tcm/u_ram/ram_reg_0_3/CLKARDCLK
  -------------------------------------------------------------------    -------------------
    RAMB36_X1Y3          RAMB36E1 (Prop_ramb36e1_CLKARDCLK_DOADO[1])
                                                      2.454     4.238 r  u_tcm/u_ram/ram_reg_0_3/DOADO[1]
                         net (fo=6, routed)           1.044     5.282    u_core/u_lsu/u_lsu_request/ram_read1_q[6]
    SLICE_X19Y18         LUT6 (Prop_lut6_I2_O)        0.124     5.406 f  u_core/u_lsu/u_lsu_request/result_wb_q[31]_i_16/O
                         net (fo=1, routed)           0.981     6.387    u_core/u_lsu/u_lsu_request/result_wb_q[31]_i_16_n_0
    SLICE_X15Y20         LUT6 (Prop_lut6_I3_O)        0.124     6.511 r  u_core/u_lsu/u_lsu_request/result_wb_q[31]_i_7/O
                         net (fo=29, routed)          0.838     7.350    u_core/u_lsu/u_lsu_request/result_wb_q[31]_i_7_n_0
    SLICE_X17Y15         LUT6 (Prop_lut6_I5_O)        0.124     7.474 r  u_core/u_lsu/u_lsu_request/result_wb_q[9]_i_2/O
                         net (fo=2, routed)           0.167     7.640    u_core/u_issue/u_pipe_ctrl/writeback_mem_value_w[9]
    SLICE_X17Y15         LUT6 (Prop_lut6_I5_O)        0.124     7.764 r  u_core/u_issue/u_pipe_ctrl/sub_res_w_carry__1_i_29/O
                         net (fo=2, routed)           0.307     8.071    u_core/u_issue/u_pipe_ctrl/sub_res_w_carry__1_i_29_n_0
    SLICE_X18Y15         LUT6 (Prop_lut6_I4_O)        0.124     8.195 r  u_core/u_issue/u_pipe_ctrl/sub_res_w_carry__1_i_14/O
                         net (fo=16, routed)          1.005     9.201    u_core/u_issue/u_pipe_ctrl/early_data_hold_q_reg[11][1]
    SLICE_X14Y18         LUT2 (Prop_lut2_I0_O)        0.124     9.325 r  u_core/u_issue/u_pipe_ctrl/branch_update_taken_q_i_128/O
                         net (fo=1, routed)           0.000     9.325    u_core/u_issue/u_pipe_ctrl/branch_update_taken_q_i_128_n_0
    SLICE_X14Y18         CARRY4 (Prop_carry4_S[1]_CO[3])
                                                      0.533     9.858 r  u_core/u_issue/u_pipe_ctrl/branch_update_taken_q_reg_i_115/CO[3]
                         net (fo=1, routed)           0.000     9.858    u_core/u_issue/u_pipe_ctrl/branch_update_taken_q_reg_i_115_n_0
    SLICE_X14Y19         CARRY4 (Prop_carry4_CI_CO[3])
                                                      0.117     9.975 r  u_core/u_issue/u_pipe_ctrl/branch_update_taken_q_reg_i_105/CO[3]
                         net (fo=1, routed)           0.000     9.975    u_core/u_issue/u_pipe_ctrl/branch_update_taken_q_reg_i_105_n_0
    SLICE_X14Y20         CARRY4 (Prop_carry4_CI_CO[3])
                                                      0.117    10.092 r  u_core/u_issue/u_pipe_ctrl/branch_update_taken_q_reg_i_87/CO[3]
                         net (fo=1, routed)           0.000    10.092    u_core/u_issue/u_pipe_ctrl/branch_update_taken_q_reg_i_87_n_0
    SLICE_X14Y21         CARRY4 (Prop_carry4_CI_CO[3])
                                                      0.117    10.209 r  u_core/u_issue/u_pipe_ctrl/branch_update_taken_q_reg_i_60/CO[3]
                         net (fo=1, routed)           0.000    10.209    u_core/u_issue/u_pipe_ctrl/branch_update_taken_q_reg_i_60_n_0
    SLICE_X14Y22         CARRY4 (Prop_carry4_CI_CO[3])
                                                      0.117    10.326 r  u_core/u_issue/u_pipe_ctrl/branch_update_taken_q_reg_i_31/CO[3]
                         net (fo=1, routed)           0.000    10.326    u_core/u_issue/u_pipe_ctrl/branch_update_taken_q_reg_i_31_n_0
    SLICE_X14Y23         CARRY4 (Prop_carry4_CI_O[3])
                                                      0.315    10.641 r  u_core/u_issue/u_pipe_ctrl/branch_update_taken_q_reg_i_12/O[3]
                         net (fo=1, routed)           0.586    11.226    u_core/u_issue/u_pipe_ctrl/u_exec/less_than_signed01_out[31]
    SLICE_X12Y23         LUT3 (Prop_lut3_I0_O)        0.307    11.533 r  u_core/u_issue/u_pipe_ctrl/branch_update_taken_q_i_7/O
                         net (fo=1, routed)           0.473    12.006    u_core/u_decode/branch_update_taken_q_i_2_0
    SLICE_X11Y21         LUT6 (Prop_lut6_I4_O)        0.124    12.130 r  u_core/u_decode/branch_update_taken_q_i_3/O
                         net (fo=1, routed)           0.264    12.394    u_core/u_decode/branch_update_taken_q_i_3_n_0
    SLICE_X11Y21         LUT6 (Prop_lut6_I0_O)        0.124    12.518 r  u_core/u_decode/branch_update_taken_q_i_2/O
                         net (fo=64, routed)          0.950    13.469    u_core/u_decode/branch_update_taken_q_i_2_n_0
    SLICE_X0Y21          LUT5 (Prop_lut5_I0_O)        0.124    13.593 r  u_core/u_decode/branch_pc_q[25]_i_2/O
                         net (fo=1, routed)           0.407    14.000    u_core/u_csr/branch_pc_q_reg[25]
    SLICE_X5Y21          LUT4 (Prop_lut4_I2_O)        0.124    14.124 r  u_core/u_csr/branch_pc_q[25]_i_1/O
                         net (fo=1, routed)           0.000    14.124    u_core/u_fetch/D[23]
    SLICE_X5Y21          FDCE                                         r  u_core/u_fetch/branch_pc_q_reg[25]/D
  -------------------------------------------------------------------    -------------------

                         (clock clk_i rise edge)     12.500    12.500 r  
                                                      0.000    12.500 r  clk_i (IN)
                         net (fo=2310, unset)         1.646    14.146    u_core/u_fetch/clk_i
    SLICE_X5Y21          FDCE                                         r  u_core/u_fetch/branch_pc_q_reg[25]/C
                         clock pessimism              0.115    14.261    
                         clock uncertainty           -0.035    14.226    
    SLICE_X5Y21          FDCE (Setup_fdce_C_D)        0.031    14.257    u_core/u_fetch/branch_pc_q_reg[25]
  -------------------------------------------------------------------
                         required time                         14.257    
                         arrival time                         -14.124    
  -------------------------------------------------------------------
                         slack                                  0.133    

Slack (MET) :             0.138ns  (required time - arrival time)
  Source:                 u_tcm/u_ram/ram_reg_0_3/CLKARDCLK
                            (rising edge-triggered cell RAMB36E1 clocked by clk_i  {rise@0.000ns fall@6.250ns period=12.500ns})
  Destination:            u_core/u_fetch/branch_pc_q_reg[29]/D
                            (rising edge-triggered cell FDCE clocked by clk_i  {rise@0.000ns fall@6.250ns period=12.500ns})
  Path Group:             clk_i
  Path Type:              Setup (Max at Slow Process Corner)
  Requirement:            12.500ns  (clk_i rise@12.500ns - clk_i rise@0.000ns)
  Data Path Delay:        12.331ns  (logic 5.317ns (43.119%)  route 7.014ns (56.881%))
  Logic Levels:           17  (CARRY4=6 LUT2=1 LUT3=1 LUT4=1 LUT5=1 LUT6=7)
  Clock Path Skew:        -0.026ns (DCD - SCD + CPR)
    Destination Clock Delay (DCD):    1.643ns = ( 14.143 - 12.500 ) 
    Source Clock Delay      (SCD):    1.784ns
    Clock Pessimism Removal (CPR):    0.115ns
  Clock Uncertainty:      0.035ns  ((TSJ^2 + TIJ^2)^1/2 + DJ) / 2 + PE
    Total System Jitter     (TSJ):    0.071ns
    Total Input Jitter      (TIJ):    0.000ns
    Discrete Jitter          (DJ):    0.000ns
    Phase Error              (PE):    0.000ns

    Location             Delay type                Incr(ns)  Path(ns)    Netlist Resource(s)
  -------------------------------------------------------------------    -------------------
                         (clock clk_i rise edge)      0.000     0.000 r  
                                                      0.000     0.000 r  clk_i (IN)
                         net (fo=2310, unset)         1.784     1.784    u_tcm/u_ram/clk_i
    RAMB36_X1Y3          RAMB36E1                                     r  u_tcm/u_ram/ram_reg_0_3/CLKARDCLK
  -------------------------------------------------------------------    -------------------
    RAMB36_X1Y3          RAMB36E1 (Prop_ramb36e1_CLKARDCLK_DOADO[1])
                                                      2.454     4.238 r  u_tcm/u_ram/ram_reg_0_3/DOADO[1]
                         net (fo=6, routed)           1.044     5.282    u_core/u_lsu/u_lsu_request/ram_read1_q[6]
    SLICE_X19Y18         LUT6 (Prop_lut6_I2_O)        0.124     5.406 f  u_core/u_lsu/u_lsu_request/result_wb_q[31]_i_16/O
                         net (fo=1, routed)           0.981     6.387    u_core/u_lsu/u_lsu_request/result_wb_q[31]_i_16_n_0
    SLICE_X15Y20         LUT6 (Prop_lut6_I3_O)        0.124     6.511 r  u_core/u_lsu/u_lsu_request/result_wb_q[31]_i_7/O
                         net (fo=29, routed)          0.838     7.350    u_core/u_lsu/u_lsu_request/result_wb_q[31]_i_7_n_0
    SLICE_X17Y15         LUT6 (Prop_lut6_I5_O)        0.124     7.474 r  u_core/u_lsu/u_lsu_request/result_wb_q[9]_i_2/O
                         net (fo=2, routed)           0.167     7.640    u_core/u_issue/u_pipe_ctrl/writeback_mem_value_w[9]
    SLICE_X17Y15         LUT6 (Prop_lut6_I5_O)        0.124     7.764 r  u_core/u_issue/u_pipe_ctrl/sub_res_w_carry__1_i_29/O
                         net (fo=2, routed)           0.307     8.071    u_core/u_issue/u_pipe_ctrl/sub_res_w_carry__1_i_29_n_0
    SLICE_X18Y15         LUT6 (Prop_lut6_I4_O)        0.124     8.195 r  u_core/u_issue/u_pipe_ctrl/sub_res_w_carry__1_i_14/O
                         net (fo=16, routed)          1.005     9.201    u_core/u_issue/u_pipe_ctrl/early_data_hold_q_reg[11][1]
    SLICE_X14Y18         LUT2 (Prop_lut2_I0_O)        0.124     9.325 r  u_core/u_issue/u_pipe_ctrl/branch_update_taken_q_i_128/O
                         net (fo=1, routed)           0.000     9.325    u_core/u_issue/u_pipe_ctrl/branch_update_taken_q_i_128_n_0
    SLICE_X14Y18         CARRY4 (Prop_carry4_S[1]_CO[3])
                                                      0.533     9.858 r  u_core/u_issue/u_pipe_ctrl/branch_update_taken_q_reg_i_115/CO[3]
                         net (fo=1, routed)           0.000     9.858    u_core/u_issue/u_pipe_ctrl/branch_update_taken_q_reg_i_115_n_0
    SLICE_X14Y19         CARRY4 (Prop_carry4_CI_CO[3])
                                                      0.117     9.975 r  u_core/u_issue/u_pipe_ctrl/branch_update_taken_q_reg_i_105/CO[3]
                         net (fo=1, routed)           0.000     9.975    u_core/u_issue/u_pipe_ctrl/branch_update_taken_q_reg_i_105_n_0
    SLICE_X14Y20         CARRY4 (Prop_carry4_CI_CO[3])
                                                      0.117    10.092 r  u_core/u_issue/u_pipe_ctrl/branch_update_taken_q_reg_i_87/CO[3]
                         net (fo=1, routed)           0.000    10.092    u_core/u_issue/u_pipe_ctrl/branch_update_taken_q_reg_i_87_n_0
    SLICE_X14Y21         CARRY4 (Prop_carry4_CI_CO[3])
                                                      0.117    10.209 r  u_core/u_issue/u_pipe_ctrl/branch_update_taken_q_reg_i_60/CO[3]
                         net (fo=1, routed)           0.000    10.209    u_core/u_issue/u_pipe_ctrl/branch_update_taken_q_reg_i_60_n_0
    SLICE_X14Y22         CARRY4 (Prop_carry4_CI_CO[3])
                                                      0.117    10.326 r  u_core/u_issue/u_pipe_ctrl/branch_update_taken_q_reg_i_31/CO[3]
                         net (fo=1, routed)           0.000    10.326    u_core/u_issue/u_pipe_ctrl/branch_update_taken_q_reg_i_31_n_0
    SLICE_X14Y23         CARRY4 (Prop_carry4_CI_O[3])
                                                      0.315    10.641 r  u_core/u_issue/u_pipe_ctrl/branch_update_taken_q_reg_i_12/O[3]
                         net (fo=1, routed)           0.586    11.226    u_core/u_issue/u_pipe_ctrl/u_exec/less_than_signed01_out[31]
    SLICE_X12Y23         LUT3 (Prop_lut3_I0_O)        0.307    11.533 r  u_core/u_issue/u_pipe_ctrl/branch_update_taken_q_i_7/O
                         net (fo=1, routed)           0.473    12.006    u_core/u_decode/branch_update_taken_q_i_2_0
    SLICE_X11Y21         LUT6 (Prop_lut6_I4_O)        0.124    12.130 r  u_core/u_decode/branch_update_taken_q_i_3/O
                         net (fo=1, routed)           0.264    12.394    u_core/u_decode/branch_update_taken_q_i_3_n_0
    SLICE_X11Y21         LUT6 (Prop_lut6_I0_O)        0.124    12.518 r  u_core/u_decode/branch_update_taken_q_i_2/O
                         net (fo=64, routed)          0.845    13.363    u_core/u_decode/branch_update_taken_q_i_2_n_0
    SLICE_X5Y24          LUT5 (Prop_lut5_I0_O)        0.124    13.487 r  u_core/u_decode/branch_pc_q[29]_i_2/O
                         net (fo=1, routed)           0.505    13.991    u_core/u_csr/branch_pc_q_reg[29]
    SLICE_X5Y23          LUT4 (Prop_lut4_I2_O)        0.124    14.115 r  u_core/u_csr/branch_pc_q[29]_i_1/O
                         net (fo=1, routed)           0.000    14.115    u_core/u_fetch/D[27]
    SLICE_X5Y23          FDCE                                         r  u_core/u_fetch/branch_pc_q_reg[29]/D
  -------------------------------------------------------------------    -------------------

                         (clock clk_i rise edge)     12.500    12.500 r  
                                                      0.000    12.500 r  clk_i (IN)
                         net (fo=2310, unset)         1.643    14.143    u_core/u_fetch/clk_i
    SLICE_X5Y23          FDCE                                         r  u_core/u_fetch/branch_pc_q_reg[29]/C
                         clock pessimism              0.115    14.258    
                         clock uncertainty           -0.035    14.223    
    SLICE_X5Y23          FDCE (Setup_fdce_C_D)        0.031    14.254    u_core/u_fetch/branch_pc_q_reg[29]
  -------------------------------------------------------------------
                         required time                         14.254    
                         arrival time                         -14.115    
  -------------------------------------------------------------------
                         slack                                  0.138    

Slack (MET) :             0.140ns  (required time - arrival time)
  Source:                 u_tcm/u_ram/ram_reg_0_3/CLKARDCLK
                            (rising edge-triggered cell RAMB36E1 clocked by clk_i  {rise@0.000ns fall@6.250ns period=12.500ns})
  Destination:            u_core/u_fetch/branch_pc_q_reg[11]/CE
                            (rising edge-triggered cell FDCE clocked by clk_i  {rise@0.000ns fall@6.250ns period=12.500ns})
  Path Group:             clk_i
  Path Type:              Setup (Max at Slow Process Corner)
  Requirement:            12.500ns  (clk_i rise@12.500ns - clk_i rise@0.000ns)
  Data Path Delay:        12.133ns  (logic 5.193ns (42.801%)  route 6.940ns (57.199%))
  Logic Levels:           16  (CARRY4=6 LUT2=1 LUT3=1 LUT6=8)
  Clock Path Skew:        -0.022ns (DCD - SCD + CPR)
    Destination Clock Delay (DCD):    1.647ns = ( 14.147 - 12.500 ) 
    Source Clock Delay      (SCD):    1.784ns
    Clock Pessimism Removal (CPR):    0.115ns
  Clock Uncertainty:      0.035ns  ((TSJ^2 + TIJ^2)^1/2 + DJ) / 2 + PE
    Total System Jitter     (TSJ):    0.071ns
    Total Input Jitter      (TIJ):    0.000ns
    Discrete Jitter          (DJ):    0.000ns
    Phase Error              (PE):    0.000ns

    Location             Delay type                Incr(ns)  Path(ns)    Netlist Resource(s)
  -------------------------------------------------------------------    -------------------
                         (clock clk_i rise edge)      0.000     0.000 r  
                                                      0.000     0.000 r  clk_i (IN)
                         net (fo=2310, unset)         1.784     1.784    u_tcm/u_ram/clk_i
    RAMB36_X1Y3          RAMB36E1                                     r  u_tcm/u_ram/ram_reg_0_3/CLKARDCLK
  -------------------------------------------------------------------    -------------------
    RAMB36_X1Y3          RAMB36E1 (Prop_ramb36e1_CLKARDCLK_DOADO[1])
                                                      2.454     4.238 r  u_tcm/u_ram/ram_reg_0_3/DOADO[1]
                         net (fo=6, routed)           1.044     5.282    u_core/u_lsu/u_lsu_request/ram_read1_q[6]
    SLICE_X19Y18         LUT6 (Prop_lut6_I2_O)        0.124     5.406 f  u_core/u_lsu/u_lsu_request/result_wb_q[31]_i_16/O
                         net (fo=1, routed)           0.981     6.387    u_core/u_lsu/u_lsu_request/result_wb_q[31]_i_16_n_0
    SLICE_X15Y20         LUT6 (Prop_lut6_I3_O)        0.124     6.511 r  u_core/u_lsu/u_lsu_request/result_wb_q[31]_i_7/O
                         net (fo=29, routed)          0.838     7.350    u_core/u_lsu/u_lsu_request/result_wb_q[31]_i_7_n_0
    SLICE_X17Y15         LUT6 (Prop_lut6_I5_O)        0.124     7.474 r  u_core/u_lsu/u_lsu_request/result_wb_q[9]_i_2/O
                         net (fo=2, routed)           0.167     7.640    u_core/u_issue/u_pipe_ctrl/writeback_mem_value_w[9]
    SLICE_X17Y15         LUT6 (Prop_lut6_I5_O)        0.124     7.764 r  u_core/u_issue/u_pipe_ctrl/sub_res_w_carry__1_i_29/O
                         net (fo=2, routed)           0.307     8.071    u_core/u_issue/u_pipe_ctrl/sub_res_w_carry__1_i_29_n_0
    SLICE_X18Y15         LUT6 (Prop_lut6_I4_O)        0.124     8.195 r  u_core/u_issue/u_pipe_ctrl/sub_res_w_carry__1_i_14/O
                         net (fo=16, routed)          1.005     9.201    u_core/u_issue/u_pipe_ctrl/early_data_hold_q_reg[11][1]
    SLICE_X14Y18         LUT2 (Prop_lut2_I0_O)        0.124     9.325 r  u_core/u_issue/u_pipe_ctrl/branch_update_taken_q_i_128/O
                         net (fo=1, routed)           0.000     9.325    u_core/u_issue/u_pipe_ctrl/branch_update_taken_q_i_128_n_0
    SLICE_X14Y18         CARRY4 (Prop_carry4_S[1]_CO[3])
                                                      0.533     9.858 r  u_core/u_issue/u_pipe_ctrl/branch_update_taken_q_reg_i_115/CO[3]
                         net (fo=1, routed)           0.000     9.858    u_core/u_issue/u_pipe_ctrl/branch_update_taken_q_reg_i_115_n_0
    SLICE_X14Y19         CARRY4 (Prop_carry4_CI_CO[3])
                                                      0.117     9.975 r  u_core/u_issue/u_pipe_ctrl/branch_update_taken_q_reg_i_105/CO[3]
                         net (fo=1, routed)           0.000     9.975    u_core/u_issue/u_pipe_ctrl/branch_update_taken_q_reg_i_105_n_0
    SLICE_X14Y20         CARRY4 (Prop_carry4_CI_CO[3])
                                                      0.117    10.092 r  u_core/u_issue/u_pipe_ctrl/branch_update_taken_q_reg_i_87/CO[3]
                         net (fo=1, routed)           0.000    10.092    u_core/u_issue/u_pipe_ctrl/branch_update_taken_q_reg_i_87_n_0
    SLICE_X14Y21         CARRY4 (Prop_carry4_CI_CO[3])
                                                      0.117    10.209 r  u_core/u_issue/u_pipe_ctrl/branch_update_taken_q_reg_i_60/CO[3]
                         net (fo=1, routed)           0.000    10.209    u_core/u_issue/u_pipe_ctrl/branch_update_taken_q_reg_i_60_n_0
    SLICE_X14Y22         CARRY4 (Prop_carry4_CI_CO[3])
                                                      0.117    10.326 r  u_core/u_issue/u_pipe_ctrl/branch_update_taken_q_reg_i_31/CO[3]
                         net (fo=1, routed)           0.000    10.326    u_core/u_issue/u_pipe_ctrl/branch_update_taken_q_reg_i_31_n_0
    SLICE_X14Y23         CARRY4 (Prop_carry4_CI_O[3])
                                                      0.315    10.641 r  u_core/u_issue/u_pipe_ctrl/branch_update_taken_q_reg_i_12/O[3]
                         net (fo=1, routed)           0.586    11.226    u_core/u_issue/u_pipe_ctrl/u_exec/less_than_signed01_out[31]
    SLICE_X12Y23         LUT3 (Prop_lut3_I0_O)        0.307    11.533 r  u_core/u_issue/u_pipe_ctrl/branch_update_taken_q_i_7/O
                         net (fo=1, routed)           0.473    12.006    u_core/u_decode/branch_update_taken_q_i_2_0
    SLICE_X11Y21         LUT6 (Prop_lut6_I4_O)        0.124    12.130 r  u_core/u_decode/branch_update_taken_q_i_3/O
                         net (fo=1, routed)           0.264    12.394    u_core/u_decode/branch_update_taken_q_i_3_n_0
    SLICE_X11Y21         LUT6 (Prop_lut6_I0_O)        0.124    12.518 r  u_core/u_decode/branch_update_taken_q_i_2/O
                         net (fo=64, routed)          0.415    12.933    u_core/u_decode/branch_update_taken_q_i_2_n_0
    SLICE_X10Y21         LUT6 (Prop_lut6_I2_O)        0.124    13.057 r  u_core/u_decode/branch_pc_q[31]_i_1/O
                         net (fo=32, routed)          0.860    13.917    u_core/u_fetch/E[0]
    SLICE_X2Y21          FDCE                                         r  u_core/u_fetch/branch_pc_q_reg[11]/CE
  -------------------------------------------------------------------    -------------------

                         (clock clk_i rise edge)     12.500    12.500 r  
                                                      0.000    12.500 r  clk_i (IN)
                         net (fo=2310, unset)         1.647    14.147    u_core/u_fetch/clk_i
    SLICE_X2Y21          FDCE                                         r  u_core/u_fetch/branch_pc_q_reg[11]/C
                         clock pessimism              0.115    14.262    
                         clock uncertainty           -0.035    14.227    
    SLICE_X2Y21          FDCE (Setup_fdce_C_CE)      -0.169    14.058    u_core/u_fetch/branch_pc_q_reg[11]
  -------------------------------------------------------------------
                         required time                         14.058    
                         arrival time                         -13.917    
  -------------------------------------------------------------------
                         slack                                  0.140    

Slack (MET) :             0.140ns  (required time - arrival time)
  Source:                 u_tcm/u_ram/ram_reg_0_3/CLKARDCLK
                            (rising edge-triggered cell RAMB36E1 clocked by clk_i  {rise@0.000ns fall@6.250ns period=12.500ns})
  Destination:            u_core/u_fetch/branch_pc_q_reg[17]/CE
                            (rising edge-triggered cell FDCE clocked by clk_i  {rise@0.000ns fall@6.250ns period=12.500ns})
  Path Group:             clk_i
  Path Type:              Setup (Max at Slow Process Corner)
  Requirement:            12.500ns  (clk_i rise@12.500ns - clk_i rise@0.000ns)
  Data Path Delay:        12.133ns  (logic 5.193ns (42.801%)  route 6.940ns (57.199%))
  Logic Levels:           16  (CARRY4=6 LUT2=1 LUT3=1 LUT6=8)
  Clock Path Skew:        -0.022ns (DCD - SCD + CPR)
    Destination Clock Delay (DCD):    1.647ns = ( 14.147 - 12.500 ) 
    Source Clock Delay      (SCD):    1.784ns
    Clock Pessimism Removal (CPR):    0.115ns
  Clock Uncertainty:      0.035ns  ((TSJ^2 + TIJ^2)^1/2 + DJ) / 2 + PE
    Total System Jitter     (TSJ):    0.071ns
    Total Input Jitter      (TIJ):    0.000ns
    Discrete Jitter          (DJ):    0.000ns
    Phase Error              (PE):    0.000ns

    Location             Delay type                Incr(ns)  Path(ns)    Netlist Resource(s)
  -------------------------------------------------------------------    -------------------
                         (clock clk_i rise edge)      0.000     0.000 r  
                                                      0.000     0.000 r  clk_i (IN)
                         net (fo=2310, unset)         1.784     1.784    u_tcm/u_ram/clk_i
    RAMB36_X1Y3          RAMB36E1                                     r  u_tcm/u_ram/ram_reg_0_3/CLKARDCLK
  -------------------------------------------------------------------    -------------------
    RAMB36_X1Y3          RAMB36E1 (Prop_ramb36e1_CLKARDCLK_DOADO[1])
                                                      2.454     4.238 r  u_tcm/u_ram/ram_reg_0_3/DOADO[1]
                         net (fo=6, routed)           1.044     5.282    u_core/u_lsu/u_lsu_request/ram_read1_q[6]
    SLICE_X19Y18         LUT6 (Prop_lut6_I2_O)        0.124     5.406 f  u_core/u_lsu/u_lsu_request/result_wb_q[31]_i_16/O
                         net (fo=1, routed)           0.981     6.387    u_core/u_lsu/u_lsu_request/result_wb_q[31]_i_16_n_0
    SLICE_X15Y20         LUT6 (Prop_lut6_I3_O)        0.124     6.511 r  u_core/u_lsu/u_lsu_request/result_wb_q[31]_i_7/O
                         net (fo=29, routed)          0.838     7.350    u_core/u_lsu/u_lsu_request/result_wb_q[31]_i_7_n_0
    SLICE_X17Y15         LUT6 (Prop_lut6_I5_O)        0.124     7.474 r  u_core/u_lsu/u_lsu_request/result_wb_q[9]_i_2/O
                         net (fo=2, routed)           0.167     7.640    u_core/u_issue/u_pipe_ctrl/writeback_mem_value_w[9]
    SLICE_X17Y15         LUT6 (Prop_lut6_I5_O)        0.124     7.764 r  u_core/u_issue/u_pipe_ctrl/sub_res_w_carry__1_i_29/O
                         net (fo=2, routed)           0.307     8.071    u_core/u_issue/u_pipe_ctrl/sub_res_w_carry__1_i_29_n_0
    SLICE_X18Y15         LUT6 (Prop_lut6_I4_O)        0.124     8.195 r  u_core/u_issue/u_pipe_ctrl/sub_res_w_carry__1_i_14/O
                         net (fo=16, routed)          1.005     9.201    u_core/u_issue/u_pipe_ctrl/early_data_hold_q_reg[11][1]
    SLICE_X14Y18         LUT2 (Prop_lut2_I0_O)        0.124     9.325 r  u_core/u_issue/u_pipe_ctrl/branch_update_taken_q_i_128/O
                         net (fo=1, routed)           0.000     9.325    u_core/u_issue/u_pipe_ctrl/branch_update_taken_q_i_128_n_0
    SLICE_X14Y18         CARRY4 (Prop_carry4_S[1]_CO[3])
                                                      0.533     9.858 r  u_core/u_issue/u_pipe_ctrl/branch_update_taken_q_reg_i_115/CO[3]
                         net (fo=1, routed)           0.000     9.858    u_core/u_issue/u_pipe_ctrl/branch_update_taken_q_reg_i_115_n_0
    SLICE_X14Y19         CARRY4 (Prop_carry4_CI_CO[3])
                                                      0.117     9.975 r  u_core/u_issue/u_pipe_ctrl/branch_update_taken_q_reg_i_105/CO[3]
                         net (fo=1, routed)           0.000     9.975    u_core/u_issue/u_pipe_ctrl/branch_update_taken_q_reg_i_105_n_0
    SLICE_X14Y20         CARRY4 (Prop_carry4_CI_CO[3])
                                                      0.117    10.092 r  u_core/u_issue/u_pipe_ctrl/branch_update_taken_q_reg_i_87/CO[3]
                         net (fo=1, routed)           0.000    10.092    u_core/u_issue/u_pipe_ctrl/branch_update_taken_q_reg_i_87_n_0
    SLICE_X14Y21         CARRY4 (Prop_carry4_CI_CO[3])
                                                      0.117    10.209 r  u_core/u_issue/u_pipe_ctrl/branch_update_taken_q_reg_i_60/CO[3]
                         net (fo=1, routed)           0.000    10.209    u_core/u_issue/u_pipe_ctrl/branch_update_taken_q_reg_i_60_n_0
    SLICE_X14Y22         CARRY4 (Prop_carry4_CI_CO[3])
                                                      0.117    10.326 r  u_core/u_issue/u_pipe_ctrl/branch_update_taken_q_reg_i_31/CO[3]
                         net (fo=1, routed)           0.000    10.326    u_core/u_issue/u_pipe_ctrl/branch_update_taken_q_reg_i_31_n_0
    SLICE_X14Y23         CARRY4 (Prop_carry4_CI_O[3])
                                                      0.315    10.641 r  u_core/u_issue/u_pipe_ctrl/branch_update_taken_q_reg_i_12/O[3]
                         net (fo=1, routed)           0.586    11.226    u_core/u_issue/u_pipe_ctrl/u_exec/less_than_signed01_out[31]
    SLICE_X12Y23         LUT3 (Prop_lut3_I0_O)        0.307    11.533 r  u_core/u_issue/u_pipe_ctrl/branch_update_taken_q_i_7/O
                         net (fo=1, routed)           0.473    12.006    u_core/u_decode/branch_update_taken_q_i_2_0
    SLICE_X11Y21         LUT6 (Prop_lut6_I4_O)        0.124    12.130 r  u_core/u_decode/branch_update_taken_q_i_3/O
                         net (fo=1, routed)           0.264    12.394    u_core/u_decode/branch_update_taken_q_i_3_n_0
    SLICE_X11Y21         LUT6 (Prop_lut6_I0_O)        0.124    12.518 r  u_core/u_decode/branch_update_taken_q_i_2/O
                         net (fo=64, routed)          0.415    12.933    u_core/u_decode/branch_update_taken_q_i_2_n_0
    SLICE_X10Y21         LUT6 (Prop_lut6_I2_O)        0.124    13.057 r  u_core/u_decode/branch_pc_q[31]_i_1/O
                         net (fo=32, routed)          0.860    13.917    u_core/u_fetch/E[0]
    SLICE_X2Y21          FDCE                                         r  u_core/u_fetch/branch_pc_q_reg[17]/CE
  -------------------------------------------------------------------    -------------------

                         (clock clk_i rise edge)     12.500    12.500 r  
                                                      0.000    12.500 r  clk_i (IN)
                         net (fo=2310, unset)         1.647    14.147    u_core/u_fetch/clk_i
    SLICE_X2Y21          FDCE                                         r  u_core/u_fetch/branch_pc_q_reg[17]/C
                         clock pessimism              0.115    14.262    
                         clock uncertainty           -0.035    14.227    
    SLICE_X2Y21          FDCE (Setup_fdce_C_CE)      -0.169    14.058    u_core/u_fetch/branch_pc_q_reg[17]
  -------------------------------------------------------------------
                         required time                         14.058    
                         arrival time                         -13.917    
  -------------------------------------------------------------------
                         slack                                  0.140    

Slack (MET) :             0.140ns  (required time - arrival time)
  Source:                 u_tcm/u_ram/ram_reg_0_3/CLKARDCLK
                            (rising edge-triggered cell RAMB36E1 clocked by clk_i  {rise@0.000ns fall@6.250ns period=12.500ns})
  Destination:            u_core/u_fetch/branch_pc_q_reg[20]/CE
                            (rising edge-triggered cell FDCE clocked by clk_i  {rise@0.000ns fall@6.250ns period=12.500ns})
  Path Group:             clk_i
  Path Type:              Setup (Max at Slow Process Corner)
  Requirement:            12.500ns  (clk_i rise@12.500ns - clk_i rise@0.000ns)
  Data Path Delay:        12.133ns  (logic 5.193ns (42.801%)  route 6.940ns (57.199%))
  Logic Levels:           16  (CARRY4=6 LUT2=1 LUT3=1 LUT6=8)
  Clock Path Skew:        -0.022ns (DCD - SCD + CPR)
    Destination Clock Delay (DCD):    1.647ns = ( 14.147 - 12.500 ) 
    Source Clock Delay      (SCD):    1.784ns
    Clock Pessimism Removal (CPR):    0.115ns
  Clock Uncertainty:      0.035ns  ((TSJ^2 + TIJ^2)^1/2 + DJ) / 2 + PE
    Total System Jitter     (TSJ):    0.071ns
    Total Input Jitter      (TIJ):    0.000ns
    Discrete Jitter          (DJ):    0.000ns
    Phase Error              (PE):    0.000ns

    Location             Delay type                Incr(ns)  Path(ns)    Netlist Resource(s)
  -------------------------------------------------------------------    -------------------
                         (clock clk_i rise edge)      0.000     0.000 r  
                                                      0.000     0.000 r  clk_i (IN)
                         net (fo=2310, unset)         1.784     1.784    u_tcm/u_ram/clk_i
    RAMB36_X1Y3          RAMB36E1                                     r  u_tcm/u_ram/ram_reg_0_3/CLKARDCLK
  -------------------------------------------------------------------    -------------------
    RAMB36_X1Y3          RAMB36E1 (Prop_ramb36e1_CLKARDCLK_DOADO[1])
                                                      2.454     4.238 r  u_tcm/u_ram/ram_reg_0_3/DOADO[1]
                         net (fo=6, routed)           1.044     5.282    u_core/u_lsu/u_lsu_request/ram_read1_q[6]
    SLICE_X19Y18         LUT6 (Prop_lut6_I2_O)        0.124     5.406 f  u_core/u_lsu/u_lsu_request/result_wb_q[31]_i_16/O
                         net (fo=1, routed)           0.981     6.387    u_core/u_lsu/u_lsu_request/result_wb_q[31]_i_16_n_0
    SLICE_X15Y20         LUT6 (Prop_lut6_I3_O)        0.124     6.511 r  u_core/u_lsu/u_lsu_request/result_wb_q[31]_i_7/O
                         net (fo=29, routed)          0.838     7.350    u_core/u_lsu/u_lsu_request/result_wb_q[31]_i_7_n_0
    SLICE_X17Y15         LUT6 (Prop_lut6_I5_O)        0.124     7.474 r  u_core/u_lsu/u_lsu_request/result_wb_q[9]_i_2/O
                         net (fo=2, routed)           0.167     7.640    u_core/u_issue/u_pipe_ctrl/writeback_mem_value_w[9]
    SLICE_X17Y15         LUT6 (Prop_lut6_I5_O)        0.124     7.764 r  u_core/u_issue/u_pipe_ctrl/sub_res_w_carry__1_i_29/O
                         net (fo=2, routed)           0.307     8.071    u_core/u_issue/u_pipe_ctrl/sub_res_w_carry__1_i_29_n_0
    SLICE_X18Y15         LUT6 (Prop_lut6_I4_O)        0.124     8.195 r  u_core/u_issue/u_pipe_ctrl/sub_res_w_carry__1_i_14/O
                         net (fo=16, routed)          1.005     9.201    u_core/u_issue/u_pipe_ctrl/early_data_hold_q_reg[11][1]
    SLICE_X14Y18         LUT2 (Prop_lut2_I0_O)        0.124     9.325 r  u_core/u_issue/u_pipe_ctrl/branch_update_taken_q_i_128/O
                         net (fo=1, routed)           0.000     9.325    u_core/u_issue/u_pipe_ctrl/branch_update_taken_q_i_128_n_0
    SLICE_X14Y18         CARRY4 (Prop_carry4_S[1]_CO[3])
                                                      0.533     9.858 r  u_core/u_issue/u_pipe_ctrl/branch_update_taken_q_reg_i_115/CO[3]
                         net (fo=1, routed)           0.000     9.858    u_core/u_issue/u_pipe_ctrl/branch_update_taken_q_reg_i_115_n_0
    SLICE_X14Y19         CARRY4 (Prop_carry4_CI_CO[3])
                                                      0.117     9.975 r  u_core/u_issue/u_pipe_ctrl/branch_update_taken_q_reg_i_105/CO[3]
                         net (fo=1, routed)           0.000     9.975    u_core/u_issue/u_pipe_ctrl/branch_update_taken_q_reg_i_105_n_0
    SLICE_X14Y20         CARRY4 (Prop_carry4_CI_CO[3])
                                                      0.117    10.092 r  u_core/u_issue/u_pipe_ctrl/branch_update_taken_q_reg_i_87/CO[3]
                         net (fo=1, routed)           0.000    10.092    u_core/u_issue/u_pipe_ctrl/branch_update_taken_q_reg_i_87_n_0
    SLICE_X14Y21         CARRY4 (Prop_carry4_CI_CO[3])
                                                      0.117    10.209 r  u_core/u_issue/u_pipe_ctrl/branch_update_taken_q_reg_i_60/CO[3]
                         net (fo=1, routed)           0.000    10.209    u_core/u_issue/u_pipe_ctrl/branch_update_taken_q_reg_i_60_n_0
    SLICE_X14Y22         CARRY4 (Prop_carry4_CI_CO[3])
                                                      0.117    10.326 r  u_core/u_issue/u_pipe_ctrl/branch_update_taken_q_reg_i_31/CO[3]
                         net (fo=1, routed)           0.000    10.326    u_core/u_issue/u_pipe_ctrl/branch_update_taken_q_reg_i_31_n_0
    SLICE_X14Y23         CARRY4 (Prop_carry4_CI_O[3])
                                                      0.315    10.641 r  u_core/u_issue/u_pipe_ctrl/branch_update_taken_q_reg_i_12/O[3]
                         net (fo=1, routed)           0.586    11.226    u_core/u_issue/u_pipe_ctrl/u_exec/less_than_signed01_out[31]
    SLICE_X12Y23         LUT3 (Prop_lut3_I0_O)        0.307    11.533 r  u_core/u_issue/u_pipe_ctrl/branch_update_taken_q_i_7/O
                         net (fo=1, routed)           0.473    12.006    u_core/u_decode/branch_update_taken_q_i_2_0
    SLICE_X11Y21         LUT6 (Prop_lut6_I4_O)        0.124    12.130 r  u_core/u_decode/branch_update_taken_q_i_3/O
                         net (fo=1, routed)           0.264    12.394    u_core/u_decode/branch_update_taken_q_i_3_n_0
    SLICE_X11Y21         LUT6 (Prop_lut6_I0_O)        0.124    12.518 r  u_core/u_decode/branch_update_taken_q_i_2/O
                         net (fo=64, routed)          0.415    12.933    u_core/u_decode/branch_update_taken_q_i_2_n_0
    SLICE_X10Y21         LUT6 (Prop_lut6_I2_O)        0.124    13.057 r  u_core/u_decode/branch_pc_q[31]_i_1/O
                         net (fo=32, routed)          0.860    13.917    u_core/u_fetch/E[0]
    SLICE_X2Y21          FDCE                                         r  u_core/u_fetch/branch_pc_q_reg[20]/CE
  -------------------------------------------------------------------    -------------------

                         (clock clk_i rise edge)     12.500    12.500 r  
                                                      0.000    12.500 r  clk_i (IN)
                         net (fo=2310, unset)         1.647    14.147    u_core/u_fetch/clk_i
    SLICE_X2Y21          FDCE                                         r  u_core/u_fetch/branch_pc_q_reg[20]/C
                         clock pessimism              0.115    14.262    
                         clock uncertainty           -0.035    14.227    
    SLICE_X2Y21          FDCE (Setup_fdce_C_CE)      -0.169    14.058    u_core/u_fetch/branch_pc_q_reg[20]
  -------------------------------------------------------------------
                         required time                         14.058    
                         arrival time                         -13.917    
  -------------------------------------------------------------------
                         slack                                  0.140    

Slack (MET) :             0.140ns  (required time - arrival time)
  Source:                 u_tcm/u_ram/ram_reg_0_3/CLKARDCLK
                            (rising edge-triggered cell RAMB36E1 clocked by clk_i  {rise@0.000ns fall@6.250ns period=12.500ns})
  Destination:            u_core/u_fetch/branch_pc_q_reg[31]/CE
                            (rising edge-triggered cell FDCE clocked by clk_i  {rise@0.000ns fall@6.250ns period=12.500ns})
  Path Group:             clk_i
  Path Type:              Setup (Max at Slow Process Corner)
  Requirement:            12.500ns  (clk_i rise@12.500ns - clk_i rise@0.000ns)
  Data Path Delay:        12.130ns  (logic 5.193ns (42.812%)  route 6.937ns (57.188%))
  Logic Levels:           16  (CARRY4=6 LUT2=1 LUT3=1 LUT6=8)
  Clock Path Skew:        -0.025ns (DCD - SCD + CPR)
    Destination Clock Delay (DCD):    1.644ns = ( 14.144 - 12.500 ) 
    Source Clock Delay      (SCD):    1.784ns
    Clock Pessimism Removal (CPR):    0.115ns
  Clock Uncertainty:      0.035ns  ((TSJ^2 + TIJ^2)^1/2 + DJ) / 2 + PE
    Total System Jitter     (TSJ):    0.071ns
    Total Input Jitter      (TIJ):    0.000ns
    Discrete Jitter          (DJ):    0.000ns
    Phase Error              (PE):    0.000ns

    Location             Delay type                Incr(ns)  Path(ns)    Netlist Resource(s)
  -------------------------------------------------------------------    -------------------
                         (clock clk_i rise edge)      0.000     0.000 r  
                                                      0.000     0.000 r  clk_i (IN)
                         net (fo=2310, unset)         1.784     1.784    u_tcm/u_ram/clk_i
    RAMB36_X1Y3          RAMB36E1                                     r  u_tcm/u_ram/ram_reg_0_3/CLKARDCLK
  -------------------------------------------------------------------    -------------------
    RAMB36_X1Y3          RAMB36E1 (Prop_ramb36e1_CLKARDCLK_DOADO[1])
                                                      2.454     4.238 r  u_tcm/u_ram/ram_reg_0_3/DOADO[1]
                         net (fo=6, routed)           1.044     5.282    u_core/u_lsu/u_lsu_request/ram_read1_q[6]
    SLICE_X19Y18         LUT6 (Prop_lut6_I2_O)        0.124     5.406 f  u_core/u_lsu/u_lsu_request/result_wb_q[31]_i_16/O
                         net (fo=1, routed)           0.981     6.387    u_core/u_lsu/u_lsu_request/result_wb_q[31]_i_16_n_0
    SLICE_X15Y20         LUT6 (Prop_lut6_I3_O)        0.124     6.511 r  u_core/u_lsu/u_lsu_request/result_wb_q[31]_i_7/O
                         net (fo=29, routed)          0.838     7.350    u_core/u_lsu/u_lsu_request/result_wb_q[31]_i_7_n_0
    SLICE_X17Y15         LUT6 (Prop_lut6_I5_O)        0.124     7.474 r  u_core/u_lsu/u_lsu_request/result_wb_q[9]_i_2/O
                         net (fo=2, routed)           0.167     7.640    u_core/u_issue/u_pipe_ctrl/writeback_mem_value_w[9]
    SLICE_X17Y15         LUT6 (Prop_lut6_I5_O)        0.124     7.764 r  u_core/u_issue/u_pipe_ctrl/sub_res_w_carry__1_i_29/O
                         net (fo=2, routed)           0.307     8.071    u_core/u_issue/u_pipe_ctrl/sub_res_w_carry__1_i_29_n_0
    SLICE_X18Y15         LUT6 (Prop_lut6_I4_O)        0.124     8.195 r  u_core/u_issue/u_pipe_ctrl/sub_res_w_carry__1_i_14/O
                         net (fo=16, routed)          1.005     9.201    u_core/u_issue/u_pipe_ctrl/early_data_hold_q_reg[11][1]
    SLICE_X14Y18         LUT2 (Prop_lut2_I0_O)        0.124     9.325 r  u_core/u_issue/u_pipe_ctrl/branch_update_taken_q_i_128/O
                         net (fo=1, routed)           0.000     9.325    u_core/u_issue/u_pipe_ctrl/branch_update_taken_q_i_128_n_0
    SLICE_X14Y18         CARRY4 (Prop_carry4_S[1]_CO[3])
                                                      0.533     9.858 r  u_core/u_issue/u_pipe_ctrl/branch_update_taken_q_reg_i_115/CO[3]
                         net (fo=1, routed)           0.000     9.858    u_core/u_issue/u_pipe_ctrl/branch_update_taken_q_reg_i_115_n_0
    SLICE_X14Y19         CARRY4 (Prop_carry4_CI_CO[3])
                                                      0.117     9.975 r  u_core/u_issue/u_pipe_ctrl/branch_update_taken_q_reg_i_105/CO[3]
                         net (fo=1, routed)           0.000     9.975    u_core/u_issue/u_pipe_ctrl/branch_update_taken_q_reg_i_105_n_0
    SLICE_X14Y20         CARRY4 (Prop_carry4_CI_CO[3])
                                                      0.117    10.092 r  u_core/u_issue/u_pipe_ctrl/branch_update_taken_q_reg_i_87/CO[3]
                         net (fo=1, routed)           0.000    10.092    u_core/u_issue/u_pipe_ctrl/branch_update_taken_q_reg_i_87_n_0
    SLICE_X14Y21         CARRY4 (Prop_carry4_CI_CO[3])
                                                      0.117    10.209 r  u_core/u_issue/u_pipe_ctrl/branch_update_taken_q_reg_i_60/CO[3]
                         net (fo=1, routed)           0.000    10.209    u_core/u_issue/u_pipe_ctrl/branch_update_taken_q_reg_i_60_n_0
    SLICE_X14Y22         CARRY4 (Prop_carry4_CI_CO[3])
                                                      0.117    10.326 r  u_core/u_issue/u_pipe_ctrl/branch_update_taken_q_reg_i_31/CO[3]
                         net (fo=1, routed)           0.000    10.326    u_core/u_issue/u_pipe_ctrl/branch_update_taken_q_reg_i_31_n_0
    SLICE_X14Y23         CARRY4 (Prop_carry4_CI_O[3])
                                                      0.315    10.641 r  u_core/u_issue/u_pipe_ctrl/branch_update_taken_q_reg_i_12/O[3]
                         net (fo=1, routed)           0.586    11.226    u_core/u_issue/u_pipe_ctrl/u_exec/less_than_signed01_out[31]
    SLICE_X12Y23         LUT3 (Prop_lut3_I0_O)        0.307    11.533 r  u_core/u_issue/u_pipe_ctrl/branch_update_taken_q_i_7/O
                         net (fo=1, routed)           0.473    12.006    u_core/u_decode/branch_update_taken_q_i_2_0
    SLICE_X11Y21         LUT6 (Prop_lut6_I4_O)        0.124    12.130 r  u_core/u_decode/branch_update_taken_q_i_3/O
                         net (fo=1, routed)           0.264    12.394    u_core/u_decode/branch_update_taken_q_i_3_n_0
    SLICE_X11Y21         LUT6 (Prop_lut6_I0_O)        0.124    12.518 r  u_core/u_decode/branch_update_taken_q_i_2/O
                         net (fo=64, routed)          0.415    12.933    u_core/u_decode/branch_update_taken_q_i_2_n_0
    SLICE_X10Y21         LUT6 (Prop_lut6_I2_O)        0.124    13.057 r  u_core/u_decode/branch_pc_q[31]_i_1/O
                         net (fo=32, routed)          0.857    13.914    u_core/u_fetch/E[0]
    SLICE_X4Y22          FDCE                                         r  u_core/u_fetch/branch_pc_q_reg[31]/CE
  -------------------------------------------------------------------    -------------------

                         (clock clk_i rise edge)     12.500    12.500 r  
                                                      0.000    12.500 r  clk_i (IN)
                         net (fo=2310, unset)         1.644    14.144    u_core/u_fetch/clk_i
    SLICE_X4Y22          FDCE                                         r  u_core/u_fetch/branch_pc_q_reg[31]/C
                         clock pessimism              0.115    14.259    
                         clock uncertainty           -0.035    14.224    
    SLICE_X4Y22          FDCE (Setup_fdce_C_CE)      -0.169    14.055    u_core/u_fetch/branch_pc_q_reg[31]
  -------------------------------------------------------------------
                         required time                         14.055    
                         arrival time                         -13.914    
  -------------------------------------------------------------------
                         slack                                  0.140    

Slack (MET) :             0.140ns  (required time - arrival time)
  Source:                 u_tcm/u_ram/ram_reg_0_3/CLKARDCLK
                            (rising edge-triggered cell RAMB36E1 clocked by clk_i  {rise@0.000ns fall@6.250ns period=12.500ns})
  Destination:            u_core/u_fetch/branch_pc_q_reg[7]/CE
                            (rising edge-triggered cell FDCE clocked by clk_i  {rise@0.000ns fall@6.250ns period=12.500ns})
  Path Group:             clk_i
  Path Type:              Setup (Max at Slow Process Corner)
  Requirement:            12.500ns  (clk_i rise@12.500ns - clk_i rise@0.000ns)
  Data Path Delay:        12.130ns  (logic 5.193ns (42.812%)  route 6.937ns (57.188%))
  Logic Levels:           16  (CARRY4=6 LUT2=1 LUT3=1 LUT6=8)
  Clock Path Skew:        -0.025ns (DCD - SCD + CPR)
    Destination Clock Delay (DCD):    1.644ns = ( 14.144 - 12.500 ) 
    Source Clock Delay      (SCD):    1.784ns
    Clock Pessimism Removal (CPR):    0.115ns
  Clock Uncertainty:      0.035ns  ((TSJ^2 + TIJ^2)^1/2 + DJ) / 2 + PE
    Total System Jitter     (TSJ):    0.071ns
    Total Input Jitter      (TIJ):    0.000ns
    Discrete Jitter          (DJ):    0.000ns
    Phase Error              (PE):    0.000ns

    Location             Delay type                Incr(ns)  Path(ns)    Netlist Resource(s)
  -------------------------------------------------------------------    -------------------
                         (clock clk_i rise edge)      0.000     0.000 r  
                                                      0.000     0.000 r  clk_i (IN)
                         net (fo=2310, unset)         1.784     1.784    u_tcm/u_ram/clk_i
    RAMB36_X1Y3          RAMB36E1                                     r  u_tcm/u_ram/ram_reg_0_3/CLKARDCLK
  -------------------------------------------------------------------    -------------------
    RAMB36_X1Y3          RAMB36E1 (Prop_ramb36e1_CLKARDCLK_DOADO[1])
                                                      2.454     4.238 r  u_tcm/u_ram/ram_reg_0_3/DOADO[1]
                         net (fo=6, routed)           1.044     5.282    u_core/u_lsu/u_lsu_request/ram_read1_q[6]
    SLICE_X19Y18         LUT6 (Prop_lut6_I2_O)        0.124     5.406 f  u_core/u_lsu/u_lsu_request/result_wb_q[31]_i_16/O
                         net (fo=1, routed)           0.981     6.387    u_core/u_lsu/u_lsu_request/result_wb_q[31]_i_16_n_0
    SLICE_X15Y20         LUT6 (Prop_lut6_I3_O)        0.124     6.511 r  u_core/u_lsu/u_lsu_request/result_wb_q[31]_i_7/O
                         net (fo=29, routed)          0.838     7.350    u_core/u_lsu/u_lsu_request/result_wb_q[31]_i_7_n_0
    SLICE_X17Y15         LUT6 (Prop_lut6_I5_O)        0.124     7.474 r  u_core/u_lsu/u_lsu_request/result_wb_q[9]_i_2/O
                         net (fo=2, routed)           0.167     7.640    u_core/u_issue/u_pipe_ctrl/writeback_mem_value_w[9]
    SLICE_X17Y15         LUT6 (Prop_lut6_I5_O)        0.124     7.764 r  u_core/u_issue/u_pipe_ctrl/sub_res_w_carry__1_i_29/O
                         net (fo=2, routed)           0.307     8.071    u_core/u_issue/u_pipe_ctrl/sub_res_w_carry__1_i_29_n_0
    SLICE_X18Y15         LUT6 (Prop_lut6_I4_O)        0.124     8.195 r  u_core/u_issue/u_pipe_ctrl/sub_res_w_carry__1_i_14/O
                         net (fo=16, routed)          1.005     9.201    u_core/u_issue/u_pipe_ctrl/early_data_hold_q_reg[11][1]
    SLICE_X14Y18         LUT2 (Prop_lut2_I0_O)        0.124     9.325 r  u_core/u_issue/u_pipe_ctrl/branch_update_taken_q_i_128/O
                         net (fo=1, routed)           0.000     9.325    u_core/u_issue/u_pipe_ctrl/branch_update_taken_q_i_128_n_0
    SLICE_X14Y18         CARRY4 (Prop_carry4_S[1]_CO[3])
                                                      0.533     9.858 r  u_core/u_issue/u_pipe_ctrl/branch_update_taken_q_reg_i_115/CO[3]
                         net (fo=1, routed)           0.000     9.858    u_core/u_issue/u_pipe_ctrl/branch_update_taken_q_reg_i_115_n_0
    SLICE_X14Y19         CARRY4 (Prop_carry4_CI_CO[3])
                                                      0.117     9.975 r  u_core/u_issue/u_pipe_ctrl/branch_update_taken_q_reg_i_105/CO[3]
                         net (fo=1, routed)           0.000     9.975    u_core/u_issue/u_pipe_ctrl/branch_update_taken_q_reg_i_105_n_0
    SLICE_X14Y20         CARRY4 (Prop_carry4_CI_CO[3])
                                                      0.117    10.092 r  u_core/u_issue/u_pipe_ctrl/branch_update_taken_q_reg_i_87/CO[3]
                         net (fo=1, routed)           0.000    10.092    u_core/u_issue/u_pipe_ctrl/branch_update_taken_q_reg_i_87_n_0
    SLICE_X14Y21         CARRY4 (Prop_carry4_CI_CO[3])
                                                      0.117    10.209 r  u_core/u_issue/u_pipe_ctrl/branch_update_taken_q_reg_i_60/CO[3]
                         net (fo=1, routed)           0.000    10.209    u_core/u_issue/u_pipe_ctrl/branch_update_taken_q_reg_i_60_n_0
    SLICE_X14Y22         CARRY4 (Prop_carry4_CI_CO[3])
                                                      0.117    10.326 r  u_core/u_issue/u_pipe_ctrl/branch_update_taken_q_reg_i_31/CO[3]
                         net (fo=1, routed)           0.000    10.326    u_core/u_issue/u_pipe_ctrl/branch_update_taken_q_reg_i_31_n_0
    SLICE_X14Y23         CARRY4 (Prop_carry4_CI_O[3])
                                                      0.315    10.641 r  u_core/u_issue/u_pipe_ctrl/branch_update_taken_q_reg_i_12/O[3]
                         net (fo=1, routed)           0.586    11.226    u_core/u_issue/u_pipe_ctrl/u_exec/less_than_signed01_out[31]
    SLICE_X12Y23         LUT3 (Prop_lut3_I0_O)        0.307    11.533 r  u_core/u_issue/u_pipe_ctrl/branch_update_taken_q_i_7/O
                         net (fo=1, routed)           0.473    12.006    u_core/u_decode/branch_update_taken_q_i_2_0
    SLICE_X11Y21         LUT6 (Prop_lut6_I4_O)        0.124    12.130 r  u_core/u_decode/branch_update_taken_q_i_3/O
                         net (fo=1, routed)           0.264    12.394    u_core/u_decode/branch_update_taken_q_i_3_n_0
    SLICE_X11Y21         LUT6 (Prop_lut6_I0_O)        0.124    12.518 r  u_core/u_decode/branch_update_taken_q_i_2/O
                         net (fo=64, routed)          0.415    12.933    u_core/u_decode/branch_update_taken_q_i_2_n_0
    SLICE_X10Y21         LUT6 (Prop_lut6_I2_O)        0.124    13.057 r  u_core/u_decode/branch_pc_q[31]_i_1/O
                         net (fo=32, routed)          0.857    13.914    u_core/u_fetch/E[0]
    SLICE_X4Y22          FDCE                                         r  u_core/u_fetch/branch_pc_q_reg[7]/CE
  -------------------------------------------------------------------    -------------------

                         (clock clk_i rise edge)     12.500    12.500 r  
                                                      0.000    12.500 r  clk_i (IN)
                         net (fo=2310, unset)         1.644    14.144    u_core/u_fetch/clk_i
    SLICE_X4Y22          FDCE                                         r  u_core/u_fetch/branch_pc_q_reg[7]/C
                         clock pessimism              0.115    14.259    
                         clock uncertainty           -0.035    14.224    
    SLICE_X4Y22          FDCE (Setup_fdce_C_CE)      -0.169    14.055    u_core/u_fetch/branch_pc_q_reg[7]
  -------------------------------------------------------------------
                         required time                         14.055    
                         arrival time                         -13.914    
  -------------------------------------------------------------------
                         slack                                  0.140    

Slack (MET) :             0.143ns  (required time - arrival time)
  Source:                 u_tcm/u_ram/ram_reg_0_3/CLKARDCLK
                            (rising edge-triggered cell RAMB36E1 clocked by clk_i  {rise@0.000ns fall@6.250ns period=12.500ns})
  Destination:            u_core/u_fetch/branch_pc_q_reg[17]/D
                            (rising edge-triggered cell FDCE clocked by clk_i  {rise@0.000ns fall@6.250ns period=12.500ns})
  Path Group:             clk_i
  Path Type:              Setup (Max at Slow Process Corner)
  Requirement:            12.500ns  (clk_i rise@12.500ns - clk_i rise@0.000ns)
  Data Path Delay:        12.376ns  (logic 5.317ns (42.962%)  route 7.059ns (57.038%))
  Logic Levels:           17  (CARRY4=6 LUT2=1 LUT3=1 LUT4=2 LUT6=7)
  Clock Path Skew:        -0.022ns (DCD - SCD + CPR)
    Destination Clock Delay (DCD):    1.647ns = ( 14.147 - 12.500 ) 
    Source Clock Delay      (SCD):    1.784ns
    Clock Pessimism Removal (CPR):    0.115ns
  Clock Uncertainty:      0.035ns  ((TSJ^2 + TIJ^2)^1/2 + DJ) / 2 + PE
    Total System Jitter     (TSJ):    0.071ns
    Total Input Jitter      (TIJ):    0.000ns
    Discrete Jitter          (DJ):    0.000ns
    Phase Error              (PE):    0.000ns

    Location             Delay type                Incr(ns)  Path(ns)    Netlist Resource(s)
  -------------------------------------------------------------------    -------------------
                         (clock clk_i rise edge)      0.000     0.000 r  
                                                      0.000     0.000 r  clk_i (IN)
                         net (fo=2310, unset)         1.784     1.784    u_tcm/u_ram/clk_i
    RAMB36_X1Y3          RAMB36E1                                     r  u_tcm/u_ram/ram_reg_0_3/CLKARDCLK
  -------------------------------------------------------------------    -------------------
    RAMB36_X1Y3          RAMB36E1 (Prop_ramb36e1_CLKARDCLK_DOADO[1])
                                                      2.454     4.238 r  u_tcm/u_ram/ram_reg_0_3/DOADO[1]
                         net (fo=6, routed)           1.044     5.282    u_core/u_lsu/u_lsu_request/ram_read1_q[6]
    SLICE_X19Y18         LUT6 (Prop_lut6_I2_O)        0.124     5.406 f  u_core/u_lsu/u_lsu_request/result_wb_q[31]_i_16/O
                         net (fo=1, routed)           0.981     6.387    u_core/u_lsu/u_lsu_request/result_wb_q[31]_i_16_n_0
    SLICE_X15Y20         LUT6 (Prop_lut6_I3_O)        0.124     6.511 r  u_core/u_lsu/u_lsu_request/result_wb_q[31]_i_7/O
                         net (fo=29, routed)          0.838     7.350    u_core/u_lsu/u_lsu_request/result_wb_q[31]_i_7_n_0
    SLICE_X17Y15         LUT6 (Prop_lut6_I5_O)        0.124     7.474 r  u_core/u_lsu/u_lsu_request/result_wb_q[9]_i_2/O
                         net (fo=2, routed)           0.167     7.640    u_core/u_issue/u_pipe_ctrl/writeback_mem_value_w[9]
    SLICE_X17Y15         LUT6 (Prop_lut6_I5_O)        0.124     7.764 r  u_core/u_issue/u_pipe_ctrl/sub_res_w_carry__1_i_29/O
                         net (fo=2, routed)           0.307     8.071    u_core/u_issue/u_pipe_ctrl/sub_res_w_carry__1_i_29_n_0
    SLICE_X18Y15         LUT6 (Prop_lut6_I4_O)        0.124     8.195 r  u_core/u_issue/u_pipe_ctrl/sub_res_w_carry__1_i_14/O
                         net (fo=16, routed)          1.005     9.201    u_core/u_issue/u_pipe_ctrl/early_data_hold_q_reg[11][1]
    SLICE_X14Y18         LUT2 (Prop_lut2_I0_O)        0.124     9.325 r  u_core/u_issue/u_pipe_ctrl/branch_update_taken_q_i_128/O
                         net (fo=1, routed)           0.000     9.325    u_core/u_issue/u_pipe_ctrl/branch_update_taken_q_i_128_n_0
    SLICE_X14Y18         CARRY4 (Prop_carry4_S[1]_CO[3])
                                                      0.533     9.858 r  u_core/u_issue/u_pipe_ctrl/branch_update_taken_q_reg_i_115/CO[3]
                         net (fo=1, routed)           0.000     9.858    u_core/u_issue/u_pipe_ctrl/branch_update_taken_q_reg_i_115_n_0
    SLICE_X14Y19         CARRY4 (Prop_carry4_CI_CO[3])
                                                      0.117     9.975 r  u_core/u_issue/u_pipe_ctrl/branch_update_taken_q_reg_i_105/CO[3]
                         net (fo=1, routed)           0.000     9.975    u_core/u_issue/u_pipe_ctrl/branch_update_taken_q_reg_i_105_n_0
    SLICE_X14Y20         CARRY4 (Prop_carry4_CI_CO[3])
                                                      0.117    10.092 r  u_core/u_issue/u_pipe_ctrl/branch_update_taken_q_reg_i_87/CO[3]
                         net (fo=1, routed)           0.000    10.092    u_core/u_issue/u_pipe_ctrl/branch_update_taken_q_reg_i_87_n_0
    SLICE_X14Y21         CARRY4 (Prop_carry4_CI_CO[3])
                                                      0.117    10.209 r  u_core/u_issue/u_pipe_ctrl/branch_update_taken_q_reg_i_60/CO[3]
                         net (fo=1, routed)           0.000    10.209    u_core/u_issue/u_pipe_ctrl/branch_update_taken_q_reg_i_60_n_0
    SLICE_X14Y22         CARRY4 (Prop_carry4_CI_CO[3])
                                                      0.117    10.326 r  u_core/u_issue/u_pipe_ctrl/branch_update_taken_q_reg_i_31/CO[3]
                         net (fo=1, routed)           0.000    10.326    u_core/u_issue/u_pipe_ctrl/branch_update_taken_q_reg_i_31_n_0
    SLICE_X14Y23         CARRY4 (Prop_carry4_CI_O[3])
                                                      0.315    10.641 r  u_core/u_issue/u_pipe_ctrl/branch_update_taken_q_reg_i_12/O[3]
                         net (fo=1, routed)           0.586    11.226    u_core/u_issue/u_pipe_ctrl/u_exec/less_than_signed01_out[31]
    SLICE_X12Y23         LUT3 (Prop_lut3_I0_O)        0.307    11.533 r  u_core/u_issue/u_pipe_ctrl/branch_update_taken_q_i_7/O
                         net (fo=1, routed)           0.473    12.006    u_core/u_decode/branch_update_taken_q_i_2_0
    SLICE_X11Y21         LUT6 (Prop_lut6_I4_O)        0.124    12.130 r  u_core/u_decode/branch_update_taken_q_i_3/O
                         net (fo=1, routed)           0.264    12.394    u_core/u_decode/branch_update_taken_q_i_3_n_0
    SLICE_X11Y21         LUT6 (Prop_lut6_I0_O)        0.124    12.518 r  u_core/u_decode/branch_update_taken_q_i_2/O
                         net (fo=64, routed)          0.940    13.459    u_core/u_decode/branch_update_taken_q_i_2_n_0
    SLICE_X0Y21          LUT4 (Prop_lut4_I0_O)        0.124    13.583 r  u_core/u_decode/branch_pc_q[17]_i_3/O
                         net (fo=1, routed)           0.454    14.037    u_core/u_csr/branch_pc_q_reg[17]_0
    SLICE_X2Y21          LUT4 (Prop_lut4_I3_O)        0.124    14.161 r  u_core/u_csr/branch_pc_q[17]_i_1/O
                         net (fo=1, routed)           0.000    14.161    u_core/u_fetch/D[15]
    SLICE_X2Y21          FDCE                                         r  u_core/u_fetch/branch_pc_q_reg[17]/D
  -------------------------------------------------------------------    -------------------

                         (clock clk_i rise edge)     12.500    12.500 r  
                                                      0.000    12.500 r  clk_i (IN)
                         net (fo=2310, unset)         1.647    14.147    u_core/u_fetch/clk_i
    SLICE_X2Y21          FDCE                                         r  u_core/u_fetch/branch_pc_q_reg[17]/C
                         clock pessimism              0.115    14.262    
                         clock uncertainty           -0.035    14.227    
    SLICE_X2Y21          FDCE (Setup_fdce_C_D)        0.077    14.304    u_core/u_fetch/branch_pc_q_reg[17]
  -------------------------------------------------------------------
                         required time                         14.304    
                         arrival time                         -14.161    
  -------------------------------------------------------------------
                         slack                                  0.143    

Slack (MET) :             0.144ns  (required time - arrival time)
  Source:                 u_tcm/u_ram/ram_reg_0_3/CLKARDCLK
                            (rising edge-triggered cell RAMB36E1 clocked by clk_i  {rise@0.000ns fall@6.250ns period=12.500ns})
  Destination:            u_core/u_fetch/branch_pc_q_reg[16]/D
                            (rising edge-triggered cell FDCE clocked by clk_i  {rise@0.000ns fall@6.250ns period=12.500ns})
  Path Group:             clk_i
  Path Type:              Setup (Max at Slow Process Corner)
  Requirement:            12.500ns  (clk_i rise@12.500ns - clk_i rise@0.000ns)
  Data Path Delay:        12.328ns  (logic 5.317ns (43.130%)  route 7.011ns (56.870%))
  Logic Levels:           17  (CARRY4=6 LUT2=1 LUT3=1 LUT4=1 LUT5=1 LUT6=7)
  Clock Path Skew:        -0.023ns (DCD - SCD + CPR)
    Destination Clock Delay (DCD):    1.646ns = ( 14.146 - 12.500 ) 
    Source Clock Delay      (SCD):    1.784ns
    Clock Pessimism Removal (CPR):    0.115ns
  Clock Uncertainty:      0.035ns  ((TSJ^2 + TIJ^2)^1/2 + DJ) / 2 + PE
    Total System Jitter     (TSJ):    0.071ns
    Total Input Jitter      (TIJ):    0.000ns
    Discrete Jitter          (DJ):    0.000ns
    Phase Error              (PE):    0.000ns

    Location             Delay type                Incr(ns)  Path(ns)    Netlist Resource(s)
  -------------------------------------------------------------------    -------------------
                         (clock clk_i rise edge)      0.000     0.000 r  
                                                      0.000     0.000 r  clk_i (IN)
                         net (fo=2310, unset)         1.784     1.784    u_tcm/u_ram/clk_i
    RAMB36_X1Y3          RAMB36E1                                     r  u_tcm/u_ram/ram_reg_0_3/CLKARDCLK
  -------------------------------------------------------------------    -------------------
    RAMB36_X1Y3          RAMB36E1 (Prop_ramb36e1_CLKARDCLK_DOADO[1])
                                                      2.454     4.238 r  u_tcm/u_ram/ram_reg_0_3/DOADO[1]
                         net (fo=6, routed)           1.044     5.282    u_core/u_lsu/u_lsu_request/ram_read1_q[6]
    SLICE_X19Y18         LUT6 (Prop_lut6_I2_O)        0.124     5.406 f  u_core/u_lsu/u_lsu_request/result_wb_q[31]_i_16/O
                         net (fo=1, routed)           0.981     6.387    u_core/u_lsu/u_lsu_request/result_wb_q[31]_i_16_n_0
    SLICE_X15Y20         LUT6 (Prop_lut6_I3_O)        0.124     6.511 r  u_core/u_lsu/u_lsu_request/result_wb_q[31]_i_7/O
                         net (fo=29, routed)          0.838     7.350    u_core/u_lsu/u_lsu_request/result_wb_q[31]_i_7_n_0
    SLICE_X17Y15         LUT6 (Prop_lut6_I5_O)        0.124     7.474 r  u_core/u_lsu/u_lsu_request/result_wb_q[9]_i_2/O
                         net (fo=2, routed)           0.167     7.640    u_core/u_issue/u_pipe_ctrl/writeback_mem_value_w[9]
    SLICE_X17Y15         LUT6 (Prop_lut6_I5_O)        0.124     7.764 r  u_core/u_issue/u_pipe_ctrl/sub_res_w_carry__1_i_29/O
                         net (fo=2, routed)           0.307     8.071    u_core/u_issue/u_pipe_ctrl/sub_res_w_carry__1_i_29_n_0
    SLICE_X18Y15         LUT6 (Prop_lut6_I4_O)        0.124     8.195 r  u_core/u_issue/u_pipe_ctrl/sub_res_w_carry__1_i_14/O
                         net (fo=16, routed)          1.005     9.201    u_core/u_issue/u_pipe_ctrl/early_data_hold_q_reg[11][1]
    SLICE_X14Y18         LUT2 (Prop_lut2_I0_O)        0.124     9.325 r  u_core/u_issue/u_pipe_ctrl/branch_update_taken_q_i_128/O
                         net (fo=1, routed)           0.000     9.325    u_core/u_issue/u_pipe_ctrl/branch_update_taken_q_i_128_n_0
    SLICE_X14Y18         CARRY4 (Prop_carry4_S[1]_CO[3])
                                                      0.533     9.858 r  u_core/u_issue/u_pipe_ctrl/branch_update_taken_q_reg_i_115/CO[3]
                         net (fo=1, routed)           0.000     9.858    u_core/u_issue/u_pipe_ctrl/branch_update_taken_q_reg_i_115_n_0
    SLICE_X14Y19         CARRY4 (Prop_carry4_CI_CO[3])
                                                      0.117     9.975 r  u_core/u_issue/u_pipe_ctrl/branch_update_taken_q_reg_i_105/CO[3]
                         net (fo=1, routed)           0.000     9.975    u_core/u_issue/u_pipe_ctrl/branch_update_taken_q_reg_i_105_n_0
    SLICE_X14Y20         CARRY4 (Prop_carry4_CI_CO[3])
                                                      0.117    10.092 r  u_core/u_issue/u_pipe_ctrl/branch_update_taken_q_reg_i_87/CO[3]
                         net (fo=1, routed)           0.000    10.092    u_core/u_issue/u_pipe_ctrl/branch_update_taken_q_reg_i_87_n_0
    SLICE_X14Y21         CARRY4 (Prop_carry4_CI_CO[3])
                                                      0.117    10.209 r  u_core/u_issue/u_pipe_ctrl/branch_update_taken_q_reg_i_60/CO[3]
                         net (fo=1, routed)           0.000    10.209    u_core/u_issue/u_pipe_ctrl/branch_update_taken_q_reg_i_60_n_0
    SLICE_X14Y22         CARRY4 (Prop_carry4_CI_CO[3])
                                                      0.117    10.326 r  u_core/u_issue/u_pipe_ctrl/branch_update_taken_q_reg_i_31/CO[3]
                         net (fo=1, routed)           0.000    10.326    u_core/u_issue/u_pipe_ctrl/branch_update_taken_q_reg_i_31_n_0
    SLICE_X14Y23         CARRY4 (Prop_carry4_CI_O[3])
                                                      0.315    10.641 r  u_core/u_issue/u_pipe_ctrl/branch_update_taken_q_reg_i_12/O[3]
                         net (fo=1, routed)           0.586    11.226    u_core/u_issue/u_pipe_ctrl/u_exec/less_than_signed01_out[31]
    SLICE_X12Y23         LUT3 (Prop_lut3_I0_O)        0.307    11.533 r  u_core/u_issue/u_pipe_ctrl/branch_update_taken_q_i_7/O
                         net (fo=1, routed)           0.473    12.006    u_core/u_decode/branch_update_taken_q_i_2_0
    SLICE_X11Y21         LUT6 (Prop_lut6_I4_O)        0.124    12.130 r  u_core/u_decode/branch_update_taken_q_i_3/O
                         net (fo=1, routed)           0.264    12.394    u_core/u_decode/branch_update_taken_q_i_3_n_0
    SLICE_X11Y21         LUT6 (Prop_lut6_I0_O)        0.124    12.518 r  u_core/u_decode/branch_update_taken_q_i_2/O
                         net (fo=64, routed)          0.941    13.459    u_core/u_decode/branch_update_taken_q_i_2_n_0
    SLICE_X5Y22          LUT5 (Prop_lut5_I0_O)        0.124    13.583 r  u_core/u_decode/branch_pc_q[16]_i_2/O
                         net (fo=1, routed)           0.405    13.988    u_core/u_csr/branch_pc_q_reg[16]
    SLICE_X5Y21          LUT4 (Prop_lut4_I2_O)        0.124    14.112 r  u_core/u_csr/branch_pc_q[16]_i_1/O
                         net (fo=1, routed)           0.000    14.112    u_core/u_fetch/D[14]
    SLICE_X5Y21          FDCE                                         r  u_core/u_fetch/branch_pc_q_reg[16]/D
  -------------------------------------------------------------------    -------------------

                         (clock clk_i rise edge)     12.500    12.500 r  
                                                      0.000    12.500 r  clk_i (IN)
                         net (fo=2310, unset)         1.646    14.146    u_core/u_fetch/clk_i
    SLICE_X5Y21          FDCE                                         r  u_core/u_fetch/branch_pc_q_reg[16]/C
                         clock pessimism              0.115    14.261    
                         clock uncertainty           -0.035    14.226    
    SLICE_X5Y21          FDCE (Setup_fdce_C_D)        0.031    14.257    u_core/u_fetch/branch_pc_q_reg[16]
  -------------------------------------------------------------------
                         required time                         14.257    
                         arrival time                         -14.112    
  -------------------------------------------------------------------
                         slack                                  0.144    





Min Delay Paths
--------------------------------------------------------------------------------------
Slack (MET) :             0.052ns  (arrival time - required time)
  Source:                 u_core/u_issue/u_pipe_ctrl/opcode_e2_q_reg[22]/C
                            (rising edge-triggered cell FDCE clocked by clk_i  {rise@0.000ns fall@6.250ns period=12.500ns})
  Destination:            u_core/u_issue/u_pipe_ctrl/opcode_wb_q_reg[22]/D
                            (rising edge-triggered cell FDCE clocked by clk_i  {rise@0.000ns fall@6.250ns period=12.500ns})
  Path Group:             clk_i
  Path Type:              Hold (Min at Fast Process Corner)
  Requirement:            0.000ns  (clk_i rise@0.000ns - clk_i rise@0.000ns)
  Data Path Delay:        0.369ns  (logic 0.141ns (38.251%)  route 0.228ns (61.749%))
  Logic Levels:           0  
  Clock Path Skew:        0.258ns (DCD - SCD - CPR)
    Destination Clock Delay (DCD):    0.820ns
    Source Clock Delay      (SCD):    0.557ns
    Clock Pessimism Removal (CPR):    0.005ns

    Location             Delay type                Incr(ns)  Path(ns)    Netlist Resource(s)
  -------------------------------------------------------------------    -------------------
                         (clock clk_i rise edge)      0.000     0.000 r  
                                                      0.000     0.000 r  clk_i (IN)
                         net (fo=2310, unset)         0.557     0.557    u_core/u_issue/u_pipe_ctrl/clk_i
    SLICE_X40Y14         FDCE                                         r  u_core/u_issue/u_pipe_ctrl/opcode_e2_q_reg[22]/C
  -------------------------------------------------------------------    -------------------
    SLICE_X40Y14         FDCE (Prop_fdce_C_Q)         0.141     0.698 r  u_core/u_issue/u_pipe_ctrl/opcode_e2_q_reg[22]/Q
                         net (fo=1, routed)           0.228     0.926    u_core/u_issue/u_pipe_ctrl/opcode_e2_q_reg_n_0_[22]
    SLICE_X50Y14         FDCE                                         r  u_core/u_issue/u_pipe_ctrl/opcode_wb_q_reg[22]/D
  -------------------------------------------------------------------    -------------------

                         (clock clk_i rise edge)      0.000     0.000 r  
                                                      0.000     0.000 r  clk_i (IN)
                         net (fo=2310, unset)         0.820     0.820    u_core/u_issue/u_pipe_ctrl/clk_i
    SLICE_X50Y14         FDCE                                         r  u_core/u_issue/u_pipe_ctrl/opcode_wb_q_reg[22]/C
                         clock pessimism             -0.005     0.815    
    SLICE_X50Y14         FDCE (Hold_fdce_C_D)         0.059     0.874    u_core/u_issue/u_pipe_ctrl/opcode_wb_q_reg[22]
  -------------------------------------------------------------------
                         required time                         -0.874    
                         arrival time                           0.926    
  -------------------------------------------------------------------
                         slack                                  0.052    

Slack (MET) :             0.079ns  (arrival time - required time)
  Source:                 u_core/u_fetch/pc_f_q_reg[15]/C
                            (rising edge-triggered cell FDCE clocked by clk_i  {rise@0.000ns fall@6.250ns period=12.500ns})
  Destination:            u_tcm/u_ram/ram_reg_1_2/ADDRBWRADDR[14]
                            (rising edge-triggered cell RAMB36E1 clocked by clk_i  {rise@0.000ns fall@6.250ns period=12.500ns})
  Path Group:             clk_i
  Path Type:              Hold (Min at Fast Process Corner)
  Requirement:            0.000ns  (clk_i rise@0.000ns - clk_i rise@0.000ns)
  Data Path Delay:        0.322ns  (logic 0.141ns (43.783%)  route 0.181ns (56.217%))
  Logic Levels:           0  
  Clock Path Skew:        0.060ns (DCD - SCD - CPR)
    Destination Clock Delay (DCD):    0.860ns
    Source Clock Delay      (SCD):    0.550ns
    Clock Pessimism Removal (CPR):    0.250ns

    Location             Delay type                Incr(ns)  Path(ns)    Netlist Resource(s)
  -------------------------------------------------------------------    -------------------
                         (clock clk_i rise edge)      0.000     0.000 r  
                                                      0.000     0.000 r  clk_i (IN)
                         net (fo=2310, unset)         0.550     0.550    u_core/u_fetch/clk_i
    SLICE_X33Y24         FDCE                                         r  u_core/u_fetch/pc_f_q_reg[15]/C
  -------------------------------------------------------------------    -------------------
    SLICE_X33Y24         FDCE (Prop_fdce_C_Q)         0.141     0.691 r  u_core/u_fetch/pc_f_q_reg[15]/Q
                         net (fo=19, routed)          0.181     0.872    u_tcm/u_ram/icache_pc_o[13]
    RAMB36_X2Y4          RAMB36E1                                     r  u_tcm/u_ram/ram_reg_1_2/ADDRBWRADDR[14]
  -------------------------------------------------------------------    -------------------

                         (clock clk_i rise edge)      0.000     0.000 r  
                                                      0.000     0.000 r  clk_i (IN)
                         net (fo=2310, unset)         0.860     0.860    u_tcm/u_ram/clk_i
    RAMB36_X2Y4          RAMB36E1                                     r  u_tcm/u_ram/ram_reg_1_2/CLKBWRCLK
                         clock pessimism             -0.250     0.610    
    RAMB36_X2Y4          RAMB36E1 (Hold_ramb36e1_CLKBWRCLK_ADDRBWRADDR[14])
                                                      0.183     0.793    u_tcm/u_ram/ram_reg_1_2
  -------------------------------------------------------------------
                         required time                         -0.793    
                         arrival time                           0.872    
  -------------------------------------------------------------------
                         slack                                  0.079    

Slack (MET) :             0.079ns  (arrival time - required time)
  Source:                 u_core/u_fetch/pc_f_q_reg[9]/C
                            (rising edge-triggered cell FDCE clocked by clk_i  {rise@0.000ns fall@6.250ns period=12.500ns})
  Destination:            u_tcm/u_ram/ram_reg_1_2/ADDRBWRADDR[8]
                            (rising edge-triggered cell RAMB36E1 clocked by clk_i  {rise@0.000ns fall@6.250ns period=12.500ns})
  Path Group:             clk_i
  Path Type:              Hold (Min at Fast Process Corner)
  Requirement:            0.000ns  (clk_i rise@0.000ns - clk_i rise@0.000ns)
  Data Path Delay:        0.319ns  (logic 0.141ns (44.138%)  route 0.178ns (55.862%))
  Logic Levels:           0  
  Clock Path Skew:        0.057ns (DCD - SCD - CPR)
    Destination Clock Delay (DCD):    0.860ns
    Source Clock Delay      (SCD):    0.553ns
    Clock Pessimism Removal (CPR):    0.250ns

    Location             Delay type                Incr(ns)  Path(ns)    Netlist Resource(s)
  -------------------------------------------------------------------    -------------------
                         (clock clk_i rise edge)      0.000     0.000 r  
                                                      0.000     0.000 r  clk_i (IN)
                         net (fo=2310, unset)         0.553     0.553    u_core/u_fetch/clk_i
    SLICE_X33Y22         FDCE                                         r  u_core/u_fetch/pc_f_q_reg[9]/C
  -------------------------------------------------------------------    -------------------
    SLICE_X33Y22         FDCE (Prop_fdce_C_Q)         0.141     0.694 r  u_core/u_fetch/pc_f_q_reg[9]/Q
                         net (fo=19, routed)          0.178     0.872    u_tcm/u_ram/icache_pc_o[7]
    RAMB36_X2Y4          RAMB36E1                                     r  u_tcm/u_ram/ram_reg_1_2/ADDRBWRADDR[8]
  -------------------------------------------------------------------    -------------------

                         (clock clk_i rise edge)      0.000     0.000 r  
                                                      0.000     0.000 r  clk_i (IN)
                         net (fo=2310, unset)         0.860     0.860    u_tcm/u_ram/clk_i
    RAMB36_X2Y4          RAMB36E1                                     r  u_tcm/u_ram/ram_reg_1_2/CLKBWRCLK
                         clock pessimism             -0.250     0.610    
    RAMB36_X2Y4          RAMB36E1 (Hold_ramb36e1_CLKBWRCLK_ADDRBWRADDR[8])
                                                      0.183     0.793    u_tcm/u_ram/ram_reg_1_2
  -------------------------------------------------------------------
                         required time                         -0.793    
                         arrival time                           0.872    
  -------------------------------------------------------------------
                         slack                                  0.079    

Slack (MET) :             0.087ns  (arrival time - required time)
  Source:                 u_core/u_issue/u_pipe_ctrl/opcode_e2_q_reg[28]/C
                            (rising edge-triggered cell FDCE clocked by clk_i  {rise@0.000ns fall@6.250ns period=12.500ns})
  Destination:            u_core/u_issue/u_pipe_ctrl/opcode_wb_q_reg[28]/D
                            (rising edge-triggered cell FDCE clocked by clk_i  {rise@0.000ns fall@6.250ns period=12.500ns})
  Path Group:             clk_i
  Path Type:              Hold (Min at Fast Process Corner)
  Requirement:            0.000ns  (clk_i rise@0.000ns - clk_i rise@0.000ns)
  Data Path Delay:        0.394ns  (logic 0.141ns (35.830%)  route 0.253ns (64.170%))
  Logic Levels:           0  
  Clock Path Skew:        0.255ns (DCD - SCD - CPR)
    Destination Clock Delay (DCD):    0.818ns
    Source Clock Delay      (SCD):    0.558ns
    Clock Pessimism Removal (CPR):    0.005ns

    Location             Delay type                Incr(ns)  Path(ns)    Netlist Resource(s)
  -------------------------------------------------------------------    -------------------
                         (clock clk_i rise edge)      0.000     0.000 r  
                                                      0.000     0.000 r  clk_i (IN)
                         net (fo=2310, unset)         0.558     0.558    u_core/u_issue/u_pipe_ctrl/clk_i
    SLICE_X45Y12         FDCE                                         r  u_core/u_issue/u_pipe_ctrl/opcode_e2_q_reg[28]/C
  -------------------------------------------------------------------    -------------------
    SLICE_X45Y12         FDCE (Prop_fdce_C_Q)         0.141     0.699 r  u_core/u_issue/u_pipe_ctrl/opcode_e2_q_reg[28]/Q
                         net (fo=1, routed)           0.253     0.952    u_core/u_issue/u_pipe_ctrl/opcode_e2_q_reg_n_0_[28]
    SLICE_X50Y15         FDCE                                         r  u_core/u_issue/u_pipe_ctrl/opcode_wb_q_reg[28]/D
  -------------------------------------------------------------------    -------------------

                         (clock clk_i rise edge)      0.000     0.000 r  
                                                      0.000     0.000 r  clk_i (IN)
                         net (fo=2310, unset)         0.818     0.818    u_core/u_issue/u_pipe_ctrl/clk_i
    SLICE_X50Y15         FDCE                                         r  u_core/u_issue/u_pipe_ctrl/opcode_wb_q_reg[28]/C
                         clock pessimism             -0.005     0.813    
    SLICE_X50Y15         FDCE (Hold_fdce_C_D)         0.052     0.865    u_core/u_issue/u_pipe_ctrl/opcode_wb_q_reg[28]
  -------------------------------------------------------------------
                         required time                         -0.865    
                         arrival time                           0.952    
  -------------------------------------------------------------------
                         slack                                  0.087    

Slack (MET) :             0.093ns  (arrival time - required time)
  Source:                 u_core/u_exec/branch_update_pc_q_reg[8]/C
                            (rising edge-triggered cell FDCE clocked by clk_i  {rise@0.000ns fall@6.250ns period=12.500ns})
  Destination:            u_core/u_branch_predict/gen_predictor_enabled.gen_tag_ram[0].tag_bit/SP/I
                            (rising edge-triggered cell RAMD64E clocked by clk_i  {rise@0.000ns fall@6.250ns period=12.500ns})
  Path Group:             clk_i
  Path Type:              Hold (Min at Fast Process Corner)
  Requirement:            0.000ns  (clk_i rise@0.000ns - clk_i rise@0.000ns)
  Data Path Delay:        0.252ns  (logic 0.141ns (55.916%)  route 0.111ns (44.084%))
  Logic Levels:           0  
  Clock Path Skew:        0.013ns (DCD - SCD - CPR)
    Destination Clock Delay (DCD):    0.818ns
    Source Clock Delay      (SCD):    0.553ns
    Clock Pessimism Removal (CPR):    0.252ns

    Location             Delay type                Incr(ns)  Path(ns)    Netlist Resource(s)
  -------------------------------------------------------------------    -------------------
                         (clock clk_i rise edge)      0.000     0.000 r  
                                                      0.000     0.000 r  clk_i (IN)
                         net (fo=2310, unset)         0.553     0.553    u_core/u_exec/clk_i
    SLICE_X37Y19         FDCE                                         r  u_core/u_exec/branch_update_pc_q_reg[8]/C
  -------------------------------------------------------------------    -------------------
    SLICE_X37Y19         FDCE (Prop_fdce_C_Q)         0.141     0.694 r  u_core/u_exec/branch_update_pc_q_reg[8]/Q
                         net (fo=3, routed)           0.111     0.805    u_core/u_branch_predict/gen_predictor_enabled.gen_tag_ram[0].tag_bit/D
    SLICE_X38Y20         RAMD64E                                      r  u_core/u_branch_predict/gen_predictor_enabled.gen_tag_ram[0].tag_bit/SP/I
  -------------------------------------------------------------------    -------------------

                         (clock clk_i rise edge)      0.000     0.000 r  
                                                      0.000     0.000 r  clk_i (IN)
                         net (fo=2310, unset)         0.818     0.818    u_core/u_branch_predict/gen_predictor_enabled.gen_tag_ram[0].tag_bit/WCLK
    SLICE_X38Y20         RAMD64E                                      r  u_core/u_branch_predict/gen_predictor_enabled.gen_tag_ram[0].tag_bit/SP/CLK
                         clock pessimism             -0.252     0.566    
    SLICE_X38Y20         RAMD64E (Hold_ramd64e_CLK_I)
                                                      0.146     0.712    u_core/u_branch_predict/gen_predictor_enabled.gen_tag_ram[0].tag_bit/SP
  -------------------------------------------------------------------
                         required time                         -0.712    
                         arrival time                           0.805    
  -------------------------------------------------------------------
                         slack                                  0.093    

Slack (MET) :             0.106ns  (arrival time - required time)
  Source:                 u_core/u_exec/branch_update_pc_q_reg[18]/C
                            (rising edge-triggered cell FDCE clocked by clk_i  {rise@0.000ns fall@6.250ns period=12.500ns})
  Destination:            u_core/u_branch_predict/gen_predictor_enabled.gen_tag_ram[10].tag_bit/SP/I
                            (rising edge-triggered cell RAMD64E clocked by clk_i  {rise@0.000ns fall@6.250ns period=12.500ns})
  Path Group:             clk_i
  Path Type:              Hold (Min at Fast Process Corner)
  Requirement:            0.000ns  (clk_i rise@0.000ns - clk_i rise@0.000ns)
  Data Path Delay:        0.263ns  (logic 0.141ns (53.584%)  route 0.122ns (46.416%))
  Logic Levels:           0  
  Clock Path Skew:        0.013ns (DCD - SCD - CPR)
    Destination Clock Delay (DCD):    0.813ns
    Source Clock Delay      (SCD):    0.548ns
    Clock Pessimism Removal (CPR):    0.252ns

    Location             Delay type                Incr(ns)  Path(ns)    Netlist Resource(s)
  -------------------------------------------------------------------    -------------------
                         (clock clk_i rise edge)      0.000     0.000 r  
                                                      0.000     0.000 r  clk_i (IN)
                         net (fo=2310, unset)         0.548     0.548    u_core/u_exec/clk_i
    SLICE_X39Y25         FDCE                                         r  u_core/u_exec/branch_update_pc_q_reg[18]/C
  -------------------------------------------------------------------    -------------------
    SLICE_X39Y25         FDCE (Prop_fdce_C_Q)         0.141     0.689 r  u_core/u_exec/branch_update_pc_q_reg[18]/Q
                         net (fo=3, routed)           0.122     0.811    u_core/u_branch_predict/gen_predictor_enabled.gen_tag_ram[10].tag_bit/D
    SLICE_X38Y25         RAMD64E                                      r  u_core/u_branch_predict/gen_predictor_enabled.gen_tag_ram[10].tag_bit/SP/I
  -------------------------------------------------------------------    -------------------

                         (clock clk_i rise edge)      0.000     0.000 r  
                                                      0.000     0.000 r  clk_i (IN)
                         net (fo=2310, unset)         0.813     0.813    u_core/u_branch_predict/gen_predictor_enabled.gen_tag_ram[10].tag_bit/WCLK
    SLICE_X38Y25         RAMD64E                                      r  u_core/u_branch_predict/gen_predictor_enabled.gen_tag_ram[10].tag_bit/SP/CLK
                         clock pessimism             -0.252     0.561    
    SLICE_X38Y25         RAMD64E (Hold_ramd64e_CLK_I)
                                                      0.144     0.705    u_core/u_branch_predict/gen_predictor_enabled.gen_tag_ram[10].tag_bit/SP
  -------------------------------------------------------------------
                         required time                         -0.705    
                         arrival time                           0.811    
  -------------------------------------------------------------------
                         slack                                  0.106    

Slack (MET) :             0.110ns  (arrival time - required time)
  Source:                 u_core/u_exec/branch_update_pc_q_reg[29]/C
                            (rising edge-triggered cell FDCE clocked by clk_i  {rise@0.000ns fall@6.250ns period=12.500ns})
  Destination:            u_core/u_branch_predict/gen_predictor_enabled.gen_tag_ram[21].tag_bit/SP/I
                            (rising edge-triggered cell RAMD64E clocked by clk_i  {rise@0.000ns fall@6.250ns period=12.500ns})
  Path Group:             clk_i
  Path Type:              Hold (Min at Fast Process Corner)
  Requirement:            0.000ns  (clk_i rise@0.000ns - clk_i rise@0.000ns)
  Data Path Delay:        0.266ns  (logic 0.141ns (52.967%)  route 0.125ns (47.033%))
  Logic Levels:           0  
  Clock Path Skew:        0.012ns (DCD - SCD - CPR)
    Destination Clock Delay (DCD):    0.813ns
    Source Clock Delay      (SCD):    0.549ns
    Clock Pessimism Removal (CPR):    0.252ns

    Location             Delay type                Incr(ns)  Path(ns)    Netlist Resource(s)
  -------------------------------------------------------------------    -------------------
                         (clock clk_i rise edge)      0.000     0.000 r  
                                                      0.000     0.000 r  clk_i (IN)
                         net (fo=2310, unset)         0.549     0.549    u_core/u_exec/clk_i
    SLICE_X37Y26         FDCE                                         r  u_core/u_exec/branch_update_pc_q_reg[29]/C
  -------------------------------------------------------------------    -------------------
    SLICE_X37Y26         FDCE (Prop_fdce_C_Q)         0.141     0.690 r  u_core/u_exec/branch_update_pc_q_reg[29]/Q
                         net (fo=3, routed)           0.125     0.815    u_core/u_branch_predict/gen_predictor_enabled.gen_tag_ram[21].tag_bit/D
    SLICE_X36Y25         RAMD64E                                      r  u_core/u_branch_predict/gen_predictor_enabled.gen_tag_ram[21].tag_bit/SP/I
  -------------------------------------------------------------------    -------------------

                         (clock clk_i rise edge)      0.000     0.000 r  
                                                      0.000     0.000 r  clk_i (IN)
                         net (fo=2310, unset)         0.813     0.813    u_core/u_branch_predict/gen_predictor_enabled.gen_tag_ram[21].tag_bit/WCLK
    SLICE_X36Y25         RAMD64E                                      r  u_core/u_branch_predict/gen_predictor_enabled.gen_tag_ram[21].tag_bit/SP/CLK
                         clock pessimism             -0.252     0.561    
    SLICE_X36Y25         RAMD64E (Hold_ramd64e_CLK_I)
                                                      0.144     0.705    u_core/u_branch_predict/gen_predictor_enabled.gen_tag_ram[21].tag_bit/SP
  -------------------------------------------------------------------
                         required time                         -0.705    
                         arrival time                           0.815    
  -------------------------------------------------------------------
                         slack                                  0.110    

Slack (MET) :             0.110ns  (arrival time - required time)
  Source:                 u_core/u_exec/branch_update_pc_q_reg[10]/C
                            (rising edge-triggered cell FDCE clocked by clk_i  {rise@0.000ns fall@6.250ns period=12.500ns})
  Destination:            u_core/u_branch_predict/gen_predictor_enabled.gen_tag_ram[2].tag_bit/SP/I
                            (rising edge-triggered cell RAMD64E clocked by clk_i  {rise@0.000ns fall@6.250ns period=12.500ns})
  Path Group:             clk_i
  Path Type:              Hold (Min at Fast Process Corner)
  Requirement:            0.000ns  (clk_i rise@0.000ns - clk_i rise@0.000ns)
  Data Path Delay:        0.269ns  (logic 0.141ns (52.345%)  route 0.128ns (47.655%))
  Logic Levels:           0  
  Clock Path Skew:        0.013ns (DCD - SCD - CPR)
    Destination Clock Delay (DCD):    0.816ns
    Source Clock Delay      (SCD):    0.551ns
    Clock Pessimism Removal (CPR):    0.252ns

    Location             Delay type                Incr(ns)  Path(ns)    Netlist Resource(s)
  -------------------------------------------------------------------    -------------------
                         (clock clk_i rise edge)      0.000     0.000 r  
                                                      0.000     0.000 r  clk_i (IN)
                         net (fo=2310, unset)         0.551     0.551    u_core/u_exec/clk_i
    SLICE_X37Y21         FDCE                                         r  u_core/u_exec/branch_update_pc_q_reg[10]/C
  -------------------------------------------------------------------    -------------------
    SLICE_X37Y21         FDCE (Prop_fdce_C_Q)         0.141     0.692 r  u_core/u_exec/branch_update_pc_q_reg[10]/Q
                         net (fo=3, routed)           0.128     0.820    u_core/u_branch_predict/gen_predictor_enabled.gen_tag_ram[2].tag_bit/D
    SLICE_X36Y21         RAMD64E                                      r  u_core/u_branch_predict/gen_predictor_enabled.gen_tag_ram[2].tag_bit/SP/I
  -------------------------------------------------------------------    -------------------

                         (clock clk_i rise edge)      0.000     0.000 r  
                                                      0.000     0.000 r  clk_i (IN)
                         net (fo=2310, unset)         0.816     0.816    u_core/u_branch_predict/gen_predictor_enabled.gen_tag_ram[2].tag_bit/WCLK
    SLICE_X36Y21         RAMD64E                                      r  u_core/u_branch_predict/gen_predictor_enabled.gen_tag_ram[2].tag_bit/SP/CLK
                         clock pessimism             -0.252     0.564    
    SLICE_X36Y21         RAMD64E (Hold_ramd64e_CLK_I)
                                                      0.146     0.710    u_core/u_branch_predict/gen_predictor_enabled.gen_tag_ram[2].tag_bit/SP
  -------------------------------------------------------------------
                         required time                         -0.710    
                         arrival time                           0.820    
  -------------------------------------------------------------------
                         slack                                  0.110    

Slack (MET) :             0.113ns  (arrival time - required time)
  Source:                 u_core/u_exec/branch_update_pc_q_reg[26]/C
                            (rising edge-triggered cell FDCE clocked by clk_i  {rise@0.000ns fall@6.250ns period=12.500ns})
  Destination:            u_core/u_branch_predict/gen_predictor_enabled.gen_tag_ram[18].tag_bit/SP/I
                            (rising edge-triggered cell RAMD64E clocked by clk_i  {rise@0.000ns fall@6.250ns period=12.500ns})
  Path Group:             clk_i
  Path Type:              Hold (Min at Fast Process Corner)
  Requirement:            0.000ns  (clk_i rise@0.000ns - clk_i rise@0.000ns)
  Data Path Delay:        0.269ns  (logic 0.141ns (52.358%)  route 0.128ns (47.642%))
  Logic Levels:           0  
  Clock Path Skew:        0.012ns (DCD - SCD - CPR)
    Destination Clock Delay (DCD):    0.813ns
    Source Clock Delay      (SCD):    0.551ns
    Clock Pessimism Removal (CPR):    0.250ns

    Location             Delay type                Incr(ns)  Path(ns)    Netlist Resource(s)
  -------------------------------------------------------------------    -------------------
                         (clock clk_i rise edge)      0.000     0.000 r  
                                                      0.000     0.000 r  clk_i (IN)
                         net (fo=2310, unset)         0.551     0.551    u_core/u_exec/clk_i
    SLICE_X35Y26         FDCE                                         r  u_core/u_exec/branch_update_pc_q_reg[26]/C
  -------------------------------------------------------------------    -------------------
    SLICE_X35Y26         FDCE (Prop_fdce_C_Q)         0.141     0.692 r  u_core/u_exec/branch_update_pc_q_reg[26]/Q
                         net (fo=3, routed)           0.128     0.820    u_core/u_branch_predict/gen_predictor_enabled.gen_tag_ram[18].tag_bit/D
    SLICE_X34Y25         RAMD64E                                      r  u_core/u_branch_predict/gen_predictor_enabled.gen_tag_ram[18].tag_bit/SP/I
  -------------------------------------------------------------------    -------------------

                         (clock clk_i rise edge)      0.000     0.000 r  
                                                      0.000     0.000 r  clk_i (IN)
                         net (fo=2310, unset)         0.813     0.813    u_core/u_branch_predict/gen_predictor_enabled.gen_tag_ram[18].tag_bit/WCLK
    SLICE_X34Y25         RAMD64E                                      r  u_core/u_branch_predict/gen_predictor_enabled.gen_tag_ram[18].tag_bit/SP/CLK
                         clock pessimism             -0.250     0.563    
    SLICE_X34Y25         RAMD64E (Hold_ramd64e_CLK_I)
                                                      0.144     0.707    u_core/u_branch_predict/gen_predictor_enabled.gen_tag_ram[18].tag_bit/SP
  -------------------------------------------------------------------
                         required time                         -0.707    
                         arrival time                           0.820    
  -------------------------------------------------------------------
                         slack                                  0.113    

Slack (MET) :             0.114ns  (arrival time - required time)
  Source:                 u_core/u_exec/branch_update_pc_q_reg[20]/C
                            (rising edge-triggered cell FDCE clocked by clk_i  {rise@0.000ns fall@6.250ns period=12.500ns})
  Destination:            u_core/u_branch_predict/gen_predictor_enabled.gen_tag_ram[12].tag_bit/SP/I
                            (rising edge-triggered cell RAMD64E clocked by clk_i  {rise@0.000ns fall@6.250ns period=12.500ns})
  Path Group:             clk_i
  Path Type:              Hold (Min at Fast Process Corner)
  Requirement:            0.000ns  (clk_i rise@0.000ns - clk_i rise@0.000ns)
  Data Path Delay:        0.289ns  (logic 0.141ns (48.761%)  route 0.148ns (51.239%))
  Logic Levels:           0  
  Clock Path Skew:        0.031ns (DCD - SCD - CPR)
    Destination Clock Delay (DCD):    0.813ns
    Source Clock Delay      (SCD):    0.548ns
    Clock Pessimism Removal (CPR):    0.234ns

    Location             Delay type                Incr(ns)  Path(ns)    Netlist Resource(s)
  -------------------------------------------------------------------    -------------------
                         (clock clk_i rise edge)      0.000     0.000 r  
                                                      0.000     0.000 r  clk_i (IN)
                         net (fo=2310, unset)         0.548     0.548    u_core/u_exec/clk_i
    SLICE_X39Y25         FDCE                                         r  u_core/u_exec/branch_update_pc_q_reg[20]/C
  -------------------------------------------------------------------    -------------------
    SLICE_X39Y25         FDCE (Prop_fdce_C_Q)         0.141     0.689 r  u_core/u_exec/branch_update_pc_q_reg[20]/Q
                         net (fo=3, routed)           0.148     0.837    u_core/u_branch_predict/gen_predictor_enabled.gen_tag_ram[12].tag_bit/D
    SLICE_X38Y24         RAMD64E                                      r  u_core/u_branch_predict/gen_predictor_enabled.gen_tag_ram[12].tag_bit/SP/I
  -------------------------------------------------------------------    -------------------

                         (clock clk_i rise edge)      0.000     0.000 r  
                                                      0.000     0.000 r  clk_i (IN)
                         net (fo=2310, unset)         0.813     0.813    u_core/u_branch_predict/gen_predictor_enabled.gen_tag_ram[12].tag_bit/WCLK
    SLICE_X38Y24         RAMD64E                                      r  u_core/u_branch_predict/gen_predictor_enabled.gen_tag_ram[12].tag_bit/SP/CLK
                         clock pessimism             -0.234     0.579    
    SLICE_X38Y24         RAMD64E (Hold_ramd64e_CLK_I)
                                                      0.144     0.723    u_core/u_branch_predict/gen_predictor_enabled.gen_tag_ram[12].tag_bit/SP
  -------------------------------------------------------------------
                         required time                         -0.723    
                         arrival time                           0.837    
  -------------------------------------------------------------------
                         slack                                  0.114    

Slack (MET) :             0.115ns  (arrival time - required time)
  Source:                 u_core/u_issue/u_pipe_ctrl/opcode_e2_q_reg[25]/C
                            (rising edge-triggered cell FDCE clocked by clk_i  {rise@0.000ns fall@6.250ns period=12.500ns})
  Destination:            u_core/u_issue/u_pipe_ctrl/opcode_wb_q_reg[25]/D
                            (rising edge-triggered cell FDCE clocked by clk_i  {rise@0.000ns fall@6.250ns period=12.500ns})
  Path Group:             clk_i
  Path Type:              Hold (Min at Fast Process Corner)
  Requirement:            0.000ns  (clk_i rise@0.000ns - clk_i rise@0.000ns)
  Data Path Delay:        0.377ns  (logic 0.128ns (33.960%)  route 0.249ns (66.040%))
  Logic Levels:           0  
  Clock Path Skew:        0.256ns (DCD - SCD - CPR)
    Destination Clock Delay (DCD):    0.818ns
    Source Clock Delay      (SCD):    0.557ns
    Clock Pessimism Removal (CPR):    0.005ns

    Location             Delay type                Incr(ns)  Path(ns)    Netlist Resource(s)
  -------------------------------------------------------------------    -------------------
                         (clock clk_i rise edge)      0.000     0.000 r  
                                                      0.000     0.000 r  clk_i (IN)
                         net (fo=2310, unset)         0.557     0.557    u_core/u_issue/u_pipe_ctrl/clk_i
    SLICE_X40Y14         FDCE                                         r  u_core/u_issue/u_pipe_ctrl/opcode_e2_q_reg[25]/C
  -------------------------------------------------------------------    -------------------
    SLICE_X40Y14         FDCE (Prop_fdce_C_Q)         0.128     0.685 r  u_core/u_issue/u_pipe_ctrl/opcode_e2_q_reg[25]/Q
                         net (fo=1, routed)           0.249     0.934    u_core/u_issue/u_pipe_ctrl/opcode_e2_q_reg_n_0_[25]
    SLICE_X50Y15         FDCE                                         r  u_core/u_issue/u_pipe_ctrl/opcode_wb_q_reg[25]/D
  -------------------------------------------------------------------    -------------------

                         (clock clk_i rise edge)      0.000     0.000 r  
                                                      0.000     0.000 r  clk_i (IN)
                         net (fo=2310, unset)         0.818     0.818    u_core/u_issue/u_pipe_ctrl/clk_i
    SLICE_X50Y15         FDCE                                         r  u_core/u_issue/u_pipe_ctrl/opcode_wb_q_reg[25]/C
                         clock pessimism             -0.005     0.813    
    SLICE_X50Y15         FDCE (Hold_fdce_C_D)         0.006     0.819    u_core/u_issue/u_pipe_ctrl/opcode_wb_q_reg[25]
  -------------------------------------------------------------------
                         required time                         -0.819    
                         arrival time                           0.934    
  -------------------------------------------------------------------
                         slack                                  0.115    

Slack (MET) :             0.116ns  (arrival time - required time)
  Source:                 u_core/u_exec/branch_update_pc_q_reg[27]/C
                            (rising edge-triggered cell FDCE clocked by clk_i  {rise@0.000ns fall@6.250ns period=12.500ns})
  Destination:            u_core/u_branch_predict/gen_predictor_enabled.gen_tag_ram[19].tag_bit/SP/I
                            (rising edge-triggered cell RAMD64E clocked by clk_i  {rise@0.000ns fall@6.250ns period=12.500ns})
  Path Group:             clk_i
  Path Type:              Hold (Min at Fast Process Corner)
  Requirement:            0.000ns  (clk_i rise@0.000ns - clk_i rise@0.000ns)
  Data Path Delay:        0.291ns  (logic 0.141ns (48.524%)  route 0.150ns (51.476%))
  Logic Levels:           0  
  Clock Path Skew:        0.029ns (DCD - SCD - CPR)
    Destination Clock Delay (DCD):    0.813ns
    Source Clock Delay      (SCD):    0.550ns
    Clock Pessimism Removal (CPR):    0.234ns

    Location             Delay type                Incr(ns)  Path(ns)    Netlist Resource(s)
  -------------------------------------------------------------------    -------------------
                         (clock clk_i rise edge)      0.000     0.000 r  
                                                      0.000     0.000 r  clk_i (IN)
                         net (fo=2310, unset)         0.550     0.550    u_core/u_exec/clk_i
    SLICE_X35Y24         FDCE                                         r  u_core/u_exec/branch_update_pc_q_reg[27]/C
  -------------------------------------------------------------------    -------------------
    SLICE_X35Y24         FDCE (Prop_fdce_C_Q)         0.141     0.691 r  u_core/u_exec/branch_update_pc_q_reg[27]/Q
                         net (fo=3, routed)           0.150     0.841    u_core/u_branch_predict/gen_predictor_enabled.gen_tag_ram[19].tag_bit/D
    SLICE_X34Y25         RAMD64E                                      r  u_core/u_branch_predict/gen_predictor_enabled.gen_tag_ram[19].tag_bit/SP/I
  -------------------------------------------------------------------    -------------------

                         (clock clk_i rise edge)      0.000     0.000 r  
                                                      0.000     0.000 r  clk_i (IN)
                         net (fo=2310, unset)         0.813     0.813    u_core/u_branch_predict/gen_predictor_enabled.gen_tag_ram[19].tag_bit/WCLK
    SLICE_X34Y25         RAMD64E                                      r  u_core/u_branch_predict/gen_predictor_enabled.gen_tag_ram[19].tag_bit/SP/CLK
                         clock pessimism             -0.234     0.579    
    SLICE_X34Y25         RAMD64E (Hold_ramd64e_CLK_I)
                                                      0.146     0.725    u_core/u_branch_predict/gen_predictor_enabled.gen_tag_ram[19].tag_bit/SP
  -------------------------------------------------------------------
                         required time                         -0.725    
                         arrival time                           0.841    
  -------------------------------------------------------------------
                         slack                                  0.116    

Slack (MET) :             0.121ns  (arrival time - required time)
  Source:                 u_core/u_exec/branch_update_pc_q_reg[22]/C
                            (rising edge-triggered cell FDCE clocked by clk_i  {rise@0.000ns fall@6.250ns period=12.500ns})
  Destination:            u_core/u_branch_predict/gen_predictor_enabled.gen_tag_ram[14].tag_bit/SP/I
                            (rising edge-triggered cell RAMD64E clocked by clk_i  {rise@0.000ns fall@6.250ns period=12.500ns})
  Path Group:             clk_i
  Path Type:              Hold (Min at Fast Process Corner)
  Requirement:            0.000ns  (clk_i rise@0.000ns - clk_i rise@0.000ns)
  Data Path Delay:        0.277ns  (logic 0.164ns (59.162%)  route 0.113ns (40.838%))
  Logic Levels:           0  
  Clock Path Skew:        0.012ns (DCD - SCD - CPR)
    Destination Clock Delay (DCD):    0.815ns
    Source Clock Delay      (SCD):    0.551ns
    Clock Pessimism Removal (CPR):    0.252ns

    Location             Delay type                Incr(ns)  Path(ns)    Netlist Resource(s)
  -------------------------------------------------------------------    -------------------
                         (clock clk_i rise edge)      0.000     0.000 r  
                                                      0.000     0.000 r  clk_i (IN)
                         net (fo=2310, unset)         0.551     0.551    u_core/u_exec/clk_i
    SLICE_X36Y28         FDCE                                         r  u_core/u_exec/branch_update_pc_q_reg[22]/C
  -------------------------------------------------------------------    -------------------
    SLICE_X36Y28         FDCE (Prop_fdce_C_Q)         0.164     0.715 r  u_core/u_exec/branch_update_pc_q_reg[22]/Q
                         net (fo=3, routed)           0.113     0.828    u_core/u_branch_predict/gen_predictor_enabled.gen_tag_ram[14].tag_bit/D
    SLICE_X38Y27         RAMD64E                                      r  u_core/u_branch_predict/gen_predictor_enabled.gen_tag_ram[14].tag_bit/SP/I
  -------------------------------------------------------------------    -------------------

                         (clock clk_i rise edge)      0.000     0.000 r  
                                                      0.000     0.000 r  clk_i (IN)
                         net (fo=2310, unset)         0.815     0.815    u_core/u_branch_predict/gen_predictor_enabled.gen_tag_ram[14].tag_bit/WCLK
    SLICE_X38Y27         RAMD64E                                      r  u_core/u_branch_predict/gen_predictor_enabled.gen_tag_ram[14].tag_bit/SP/CLK
                         clock pessimism             -0.252     0.563    
    SLICE_X38Y27         RAMD64E (Hold_ramd64e_CLK_I)
                                                      0.144     0.707    u_core/u_branch_predict/gen_predictor_enabled.gen_tag_ram[14].tag_bit/SP
  -------------------------------------------------------------------
                         required time                         -0.707    
                         arrival time                           0.828    
  -------------------------------------------------------------------
                         slack                                  0.121    

Slack (MET) :             0.131ns  (arrival time - required time)
  Source:                 u_core/u_issue/u_pipe_ctrl/opcode_e2_q_reg[23]/C
                            (rising edge-triggered cell FDCE clocked by clk_i  {rise@0.000ns fall@6.250ns period=12.500ns})
  Destination:            u_core/u_issue/u_pipe_ctrl/opcode_wb_q_reg[23]/D
                            (rising edge-triggered cell FDCE clocked by clk_i  {rise@0.000ns fall@6.250ns period=12.500ns})
  Path Group:             clk_i
  Path Type:              Hold (Min at Fast Process Corner)
  Requirement:            0.000ns  (clk_i rise@0.000ns - clk_i rise@0.000ns)
  Data Path Delay:        0.388ns  (logic 0.128ns (32.967%)  route 0.260ns (67.033%))
  Logic Levels:           0  
  Clock Path Skew:        0.258ns (DCD - SCD - CPR)
    Destination Clock Delay (DCD):    0.820ns
    Source Clock Delay      (SCD):    0.557ns
    Clock Pessimism Removal (CPR):    0.005ns

    Location             Delay type                Incr(ns)  Path(ns)    Netlist Resource(s)
  -------------------------------------------------------------------    -------------------
                         (clock clk_i rise edge)      0.000     0.000 r  
                                                      0.000     0.000 r  clk_i (IN)
                         net (fo=2310, unset)         0.557     0.557    u_core/u_issue/u_pipe_ctrl/clk_i
    SLICE_X40Y14         FDCE                                         r  u_core/u_issue/u_pipe_ctrl/opcode_e2_q_reg[23]/C
  -------------------------------------------------------------------    -------------------
    SLICE_X40Y14         FDCE (Prop_fdce_C_Q)         0.128     0.685 r  u_core/u_issue/u_pipe_ctrl/opcode_e2_q_reg[23]/Q
                         net (fo=1, routed)           0.260     0.945    u_core/u_issue/u_pipe_ctrl/opcode_e2_q_reg_n_0_[23]
    SLICE_X50Y14         FDCE                                         r  u_core/u_issue/u_pipe_ctrl/opcode_wb_q_reg[23]/D
  -------------------------------------------------------------------    -------------------

                         (clock clk_i rise edge)      0.000     0.000 r  
                                                      0.000     0.000 r  clk_i (IN)
                         net (fo=2310, unset)         0.820     0.820    u_core/u_issue/u_pipe_ctrl/clk_i
    SLICE_X50Y14         FDCE                                         r  u_core/u_issue/u_pipe_ctrl/opcode_wb_q_reg[23]/C
                         clock pessimism             -0.005     0.815    
    SLICE_X50Y14         FDCE (Hold_fdce_C_D)        -0.001     0.814    u_core/u_issue/u_pipe_ctrl/opcode_wb_q_reg[23]
  -------------------------------------------------------------------
                         required time                         -0.814    
                         arrival time                           0.945    
  -------------------------------------------------------------------
                         slack                                  0.131    

Slack (MET) :             0.138ns  (arrival time - required time)
  Source:                 u_core/u_issue/u_pipe_ctrl/opcode_e2_q_reg[24]/C
                            (rising edge-triggered cell FDCE clocked by clk_i  {rise@0.000ns fall@6.250ns period=12.500ns})
  Destination:            u_core/u_issue/u_pipe_ctrl/opcode_wb_q_reg[24]/D
                            (rising edge-triggered cell FDCE clocked by clk_i  {rise@0.000ns fall@6.250ns period=12.500ns})
  Path Group:             clk_i
  Path Type:              Hold (Min at Fast Process Corner)
  Requirement:            0.000ns  (clk_i rise@0.000ns - clk_i rise@0.000ns)
  Data Path Delay:        0.459ns  (logic 0.141ns (30.722%)  route 0.318ns (69.278%))
  Logic Levels:           0  
  Clock Path Skew:        0.258ns (DCD - SCD - CPR)
    Destination Clock Delay (DCD):    0.820ns
    Source Clock Delay      (SCD):    0.557ns
    Clock Pessimism Removal (CPR):    0.005ns

    Location             Delay type                Incr(ns)  Path(ns)    Netlist Resource(s)
  -------------------------------------------------------------------    -------------------
                         (clock clk_i rise edge)      0.000     0.000 r  
                                                      0.000     0.000 r  clk_i (IN)
                         net (fo=2310, unset)         0.557     0.557    u_core/u_issue/u_pipe_ctrl/clk_i
    SLICE_X40Y14         FDCE                                         r  u_core/u_issue/u_pipe_ctrl/opcode_e2_q_reg[24]/C
  -------------------------------------------------------------------    -------------------
    SLICE_X40Y14         FDCE (Prop_fdce_C_Q)         0.141     0.698 r  u_core/u_issue/u_pipe_ctrl/opcode_e2_q_reg[24]/Q
                         net (fo=1, routed)           0.318     1.016    u_core/u_issue/u_pipe_ctrl/opcode_e2_q_reg_n_0_[24]
    SLICE_X50Y14         FDCE                                         r  u_core/u_issue/u_pipe_ctrl/opcode_wb_q_reg[24]/D
  -------------------------------------------------------------------    -------------------

                         (clock clk_i rise edge)      0.000     0.000 r  
                                                      0.000     0.000 r  clk_i (IN)
                         net (fo=2310, unset)         0.820     0.820    u_core/u_issue/u_pipe_ctrl/clk_i
    SLICE_X50Y14         FDCE                                         r  u_core/u_issue/u_pipe_ctrl/opcode_wb_q_reg[24]/C
                         clock pessimism             -0.005     0.815    
    SLICE_X50Y14         FDCE (Hold_fdce_C_D)         0.063     0.878    u_core/u_issue/u_pipe_ctrl/opcode_wb_q_reg[24]
  -------------------------------------------------------------------
                         required time                         -0.878    
                         arrival time                           1.016    
  -------------------------------------------------------------------
                         slack                                  0.138    

Slack (MET) :             0.140ns  (arrival time - required time)
  Source:                 u_core/u_fetch/pc_f_q_reg[3]/C
                            (rising edge-triggered cell FDCE clocked by clk_i  {rise@0.000ns fall@6.250ns period=12.500ns})
  Destination:            u_tcm/u_ram/ram_reg_1_2/ADDRBWRADDR[2]
                            (rising edge-triggered cell RAMB36E1 clocked by clk_i  {rise@0.000ns fall@6.250ns period=12.500ns})
  Path Group:             clk_i
  Path Type:              Hold (Min at Fast Process Corner)
  Requirement:            0.000ns  (clk_i rise@0.000ns - clk_i rise@0.000ns)
  Data Path Delay:        0.397ns  (logic 0.164ns (41.321%)  route 0.233ns (58.679%))
  Logic Levels:           0  
  Clock Path Skew:        0.073ns (DCD - SCD - CPR)
    Destination Clock Delay (DCD):    0.860ns
    Source Clock Delay      (SCD):    0.553ns
    Clock Pessimism Removal (CPR):    0.234ns

    Location             Delay type                Incr(ns)  Path(ns)    Netlist Resource(s)
  -------------------------------------------------------------------    -------------------
                         (clock clk_i rise edge)      0.000     0.000 r  
                                                      0.000     0.000 r  clk_i (IN)
                         net (fo=2310, unset)         0.553     0.553    u_core/u_fetch/clk_i
    SLICE_X34Y21         FDCE                                         r  u_core/u_fetch/pc_f_q_reg[3]/C
  -------------------------------------------------------------------    -------------------
    SLICE_X34Y21         FDCE (Prop_fdce_C_Q)         0.164     0.717 r  u_core/u_fetch/pc_f_q_reg[3]/Q
                         net (fo=90, routed)          0.233     0.950    u_tcm/u_ram/icache_pc_o[1]
    RAMB36_X2Y4          RAMB36E1                                     r  u_tcm/u_ram/ram_reg_1_2/ADDRBWRADDR[2]
  -------------------------------------------------------------------    -------------------

                         (clock clk_i rise edge)      0.000     0.000 r  
                                                      0.000     0.000 r  clk_i (IN)
                         net (fo=2310, unset)         0.860     0.860    u_tcm/u_ram/clk_i
    RAMB36_X2Y4          RAMB36E1                                     r  u_tcm/u_ram/ram_reg_1_2/CLKBWRCLK
                         clock pessimism             -0.234     0.626    
    RAMB36_X2Y4          RAMB36E1 (Hold_ramb36e1_CLKBWRCLK_ADDRBWRADDR[2])
                                                      0.183     0.809    u_tcm/u_ram/ram_reg_1_2
  -------------------------------------------------------------------
                         required time                         -0.809    
                         arrival time                           0.950    
  -------------------------------------------------------------------
                         slack                                  0.140    

Slack (MET) :             0.144ns  (arrival time - required time)
  Source:                 u_core/u_exec/branch_update_pc_q_reg[28]/C
                            (rising edge-triggered cell FDCE clocked by clk_i  {rise@0.000ns fall@6.250ns period=12.500ns})
  Destination:            u_core/u_branch_predict/gen_predictor_enabled.gen_tag_ram[20].tag_bit/SP/I
                            (rising edge-triggered cell RAMD64E clocked by clk_i  {rise@0.000ns fall@6.250ns period=12.500ns})
  Path Group:             clk_i
  Path Type:              Hold (Min at Fast Process Corner)
  Requirement:            0.000ns  (clk_i rise@0.000ns - clk_i rise@0.000ns)
  Data Path Delay:        0.319ns  (logic 0.141ns (44.179%)  route 0.178ns (55.821%))
  Logic Levels:           0  
  Clock Path Skew:        0.029ns (DCD - SCD - CPR)
    Destination Clock Delay (DCD):    0.813ns
    Source Clock Delay      (SCD):    0.550ns
    Clock Pessimism Removal (CPR):    0.234ns

    Location             Delay type                Incr(ns)  Path(ns)    Netlist Resource(s)
  -------------------------------------------------------------------    -------------------
                         (clock clk_i rise edge)      0.000     0.000 r  
                                                      0.000     0.000 r  clk_i (IN)
                         net (fo=2310, unset)         0.550     0.550    u_core/u_exec/clk_i
    SLICE_X35Y24         FDCE                                         r  u_core/u_exec/branch_update_pc_q_reg[28]/C
  -------------------------------------------------------------------    -------------------
    SLICE_X35Y24         FDCE (Prop_fdce_C_Q)         0.141     0.691 r  u_core/u_exec/branch_update_pc_q_reg[28]/Q
                         net (fo=3, routed)           0.178     0.869    u_core/u_branch_predict/gen_predictor_enabled.gen_tag_ram[20].tag_bit/D
    SLICE_X36Y24         RAMD64E                                      r  u_core/u_branch_predict/gen_predictor_enabled.gen_tag_ram[20].tag_bit/SP/I
  -------------------------------------------------------------------    -------------------

                         (clock clk_i rise edge)      0.000     0.000 r  
                                                      0.000     0.000 r  clk_i (IN)
                         net (fo=2310, unset)         0.813     0.813    u_core/u_branch_predict/gen_predictor_enabled.gen_tag_ram[20].tag_bit/WCLK
    SLICE_X36Y24         RAMD64E                                      r  u_core/u_branch_predict/gen_predictor_enabled.gen_tag_ram[20].tag_bit/SP/CLK
                         clock pessimism             -0.234     0.579    
    SLICE_X36Y24         RAMD64E (Hold_ramd64e_CLK_I)
                                                      0.146     0.725    u_core/u_branch_predict/gen_predictor_enabled.gen_tag_ram[20].tag_bit/SP
  -------------------------------------------------------------------
                         required time                         -0.725    
                         arrival time                           0.869    
  -------------------------------------------------------------------
                         slack                                  0.144    

Slack (MET) :             0.144ns  (arrival time - required time)
  Source:                 u_core/u_fetch/pc_f_q_reg[14]/C
                            (rising edge-triggered cell FDCE clocked by clk_i  {rise@0.000ns fall@6.250ns period=12.500ns})
  Destination:            u_tcm/u_ram/ram_reg_1_2/ADDRBWRADDR[13]
                            (rising edge-triggered cell RAMB36E1 clocked by clk_i  {rise@0.000ns fall@6.250ns period=12.500ns})
  Path Group:             clk_i
  Path Type:              Hold (Min at Fast Process Corner)
  Requirement:            0.000ns  (clk_i rise@0.000ns - clk_i rise@0.000ns)
  Data Path Delay:        0.385ns  (logic 0.141ns (36.646%)  route 0.244ns (63.354%))
  Logic Levels:           0  
  Clock Path Skew:        0.057ns (DCD - SCD - CPR)
    Destination Clock Delay (DCD):    0.860ns
    Source Clock Delay      (SCD):    0.553ns
    Clock Pessimism Removal (CPR):    0.250ns

    Location             Delay type                Incr(ns)  Path(ns)    Netlist Resource(s)
  -------------------------------------------------------------------    -------------------
                         (clock clk_i rise edge)      0.000     0.000 r  
                                                      0.000     0.000 r  clk_i (IN)
                         net (fo=2310, unset)         0.553     0.553    u_core/u_fetch/clk_i
    SLICE_X33Y22         FDCE                                         r  u_core/u_fetch/pc_f_q_reg[14]/C
  -------------------------------------------------------------------    -------------------
    SLICE_X33Y22         FDCE (Prop_fdce_C_Q)         0.141     0.694 r  u_core/u_fetch/pc_f_q_reg[14]/Q
                         net (fo=19, routed)          0.244     0.938    u_tcm/u_ram/icache_pc_o[12]
    RAMB36_X2Y4          RAMB36E1                                     r  u_tcm/u_ram/ram_reg_1_2/ADDRBWRADDR[13]
  -------------------------------------------------------------------    -------------------

                         (clock clk_i rise edge)      0.000     0.000 r  
                                                      0.000     0.000 r  clk_i (IN)
                         net (fo=2310, unset)         0.860     0.860    u_tcm/u_ram/clk_i
    RAMB36_X2Y4          RAMB36E1                                     r  u_tcm/u_ram/ram_reg_1_2/CLKBWRCLK
                         clock pessimism             -0.250     0.610    
    RAMB36_X2Y4          RAMB36E1 (Hold_ramb36e1_CLKBWRCLK_ADDRBWRADDR[13])
                                                      0.183     0.793    u_tcm/u_ram/ram_reg_1_2
  -------------------------------------------------------------------
                         required time                         -0.793    
                         arrival time                           0.938    
  -------------------------------------------------------------------
                         slack                                  0.144    

Slack (MET) :             0.146ns  (arrival time - required time)
  Source:                 u_core/u_exec/branch_update_pc_q_reg[25]/C
                            (rising edge-triggered cell FDCE clocked by clk_i  {rise@0.000ns fall@6.250ns period=12.500ns})
  Destination:            u_core/u_branch_predict/gen_predictor_enabled.gen_tag_ram[17].tag_bit/SP/I
                            (rising edge-triggered cell RAMD64E clocked by clk_i  {rise@0.000ns fall@6.250ns period=12.500ns})
  Path Group:             clk_i
  Path Type:              Hold (Min at Fast Process Corner)
  Requirement:            0.000ns  (clk_i rise@0.000ns - clk_i rise@0.000ns)
  Data Path Delay:        0.304ns  (logic 0.141ns (46.379%)  route 0.163ns (53.621%))
  Logic Levels:           0  
  Clock Path Skew:        0.012ns (DCD - SCD - CPR)
    Destination Clock Delay (DCD):    0.813ns
    Source Clock Delay      (SCD):    0.549ns
    Clock Pessimism Removal (CPR):    0.252ns

    Location             Delay type                Incr(ns)  Path(ns)    Netlist Resource(s)
  -------------------------------------------------------------------    -------------------
                         (clock clk_i rise edge)      0.000     0.000 r  
                                                      0.000     0.000 r  clk_i (IN)
                         net (fo=2310, unset)         0.549     0.549    u_core/u_exec/clk_i
    SLICE_X37Y26         FDCE                                         r  u_core/u_exec/branch_update_pc_q_reg[25]/C
  -------------------------------------------------------------------    -------------------
    SLICE_X37Y26         FDCE (Prop_fdce_C_Q)         0.141     0.690 r  u_core/u_exec/branch_update_pc_q_reg[25]/Q
                         net (fo=3, routed)           0.163     0.853    u_core/u_branch_predict/gen_predictor_enabled.gen_tag_ram[17].tag_bit/D
    SLICE_X38Y26         RAMD64E                                      r  u_core/u_branch_predict/gen_predictor_enabled.gen_tag_ram[17].tag_bit/SP/I
  -------------------------------------------------------------------    -------------------

                         (clock clk_i rise edge)      0.000     0.000 r  
                                                      0.000     0.000 r  clk_i (IN)
                         net (fo=2310, unset)         0.813     0.813    u_core/u_branch_predict/gen_predictor_enabled.gen_tag_ram[17].tag_bit/WCLK
    SLICE_X38Y26         RAMD64E                                      r  u_core/u_branch_predict/gen_predictor_enabled.gen_tag_ram[17].tag_bit/SP/CLK
                         clock pessimism             -0.252     0.561    
    SLICE_X38Y26         RAMD64E (Hold_ramd64e_CLK_I)
                                                      0.146     0.707    u_core/u_branch_predict/gen_predictor_enabled.gen_tag_ram[17].tag_bit/SP
  -------------------------------------------------------------------
                         required time                         -0.707    
                         arrival time                           0.853    
  -------------------------------------------------------------------
                         slack                                  0.146    

Slack (MET) :             0.148ns  (arrival time - required time)
  Source:                 u_core/u_csr/u_csrfile/csr_mepc_q_reg[18]/C
                            (rising edge-triggered cell FDCE clocked by clk_i  {rise@0.000ns fall@6.250ns period=12.500ns})
  Destination:            u_core/u_csr/branch_target_q_reg[18]/D
                            (rising edge-triggered cell FDCE clocked by clk_i  {rise@0.000ns fall@6.250ns period=12.500ns})
  Path Group:             clk_i
  Path Type:              Hold (Min at Fast Process Corner)
  Requirement:            0.000ns  (clk_i rise@0.000ns - clk_i rise@0.000ns)
  Data Path Delay:        0.252ns  (logic 0.186ns (73.783%)  route 0.066ns (26.217%))
  Logic Levels:           1  (LUT6=1)
  Clock Path Skew:        0.013ns (DCD - SCD - CPR)
    Destination Clock Delay (DCD):    0.816ns
    Source Clock Delay      (SCD):    0.551ns
    Clock Pessimism Removal (CPR):    0.252ns

    Location             Delay type                Incr(ns)  Path(ns)    Netlist Resource(s)
  -------------------------------------------------------------------    -------------------
                         (clock clk_i rise edge)      0.000     0.000 r  
                                                      0.000     0.000 r  clk_i (IN)
                         net (fo=2310, unset)         0.551     0.551    u_core/u_csr/u_csrfile/clk_i
    SLICE_X40Y21         FDCE                                         r  u_core/u_csr/u_csrfile/csr_mepc_q_reg[18]/C
  -------------------------------------------------------------------    -------------------
    SLICE_X40Y21         FDCE (Prop_fdce_C_Q)         0.141     0.692 r  u_core/u_csr/u_csrfile/csr_mepc_q_reg[18]/Q
                         net (fo=2, routed)           0.066     0.758    u_core/u_issue/u_pipe_ctrl/branch_target_q_reg[31][16]
    SLICE_X41Y21         LUT6 (Prop_lut6_I4_O)        0.045     0.803 r  u_core/u_issue/u_pipe_ctrl/branch_target_q[18]_i_1/O
                         net (fo=1, routed)           0.000     0.803    u_core/u_csr/branch_target_q_reg[31]_1[16]
    SLICE_X41Y21         FDCE                                         r  u_core/u_csr/branch_target_q_reg[18]/D
  -------------------------------------------------------------------    -------------------

                         (clock clk_i rise edge)      0.000     0.000 r  
                                                      0.000     0.000 r  clk_i (IN)
                         net (fo=2310, unset)         0.816     0.816    u_core/u_csr/clk_i
    SLICE_X41Y21         FDCE                                         r  u_core/u_csr/branch_target_q_reg[18]/C
                         clock pessimism             -0.252     0.564    
    SLICE_X41Y21         FDCE (Hold_fdce_C_D)         0.091     0.655    u_core/u_csr/branch_target_q_reg[18]
  -------------------------------------------------------------------
                         required time                         -0.655    
                         arrival time                           0.803    
  -------------------------------------------------------------------
                         slack                                  0.148    

Slack (MET) :             0.149ns  (arrival time - required time)
  Source:                 u_core/u_exec/branch_update_pc_q_reg[18]/C
                            (rising edge-triggered cell FDCE clocked by clk_i  {rise@0.000ns fall@6.250ns period=12.500ns})
  Destination:            u_core/u_branch_predict/gen_predictor_enabled.gen_tag_ram[10].tag_bit/DP/I
                            (rising edge-triggered cell RAMD64E clocked by clk_i  {rise@0.000ns fall@6.250ns period=12.500ns})
  Path Group:             clk_i
  Path Type:              Hold (Min at Fast Process Corner)
  Requirement:            0.000ns  (clk_i rise@0.000ns - clk_i rise@0.000ns)
  Data Path Delay:        0.263ns  (logic 0.141ns (53.584%)  route 0.122ns (46.416%))
  Logic Levels:           0  
  Clock Path Skew:        0.013ns (DCD - SCD - CPR)
    Destination Clock Delay (DCD):    0.813ns
    Source Clock Delay      (SCD):    0.548ns
    Clock Pessimism Removal (CPR):    0.252ns

    Location             Delay type                Incr(ns)  Path(ns)    Netlist Resource(s)
  -------------------------------------------------------------------    -------------------
                         (clock clk_i rise edge)      0.000     0.000 r  
                                                      0.000     0.000 r  clk_i (IN)
                         net (fo=2310, unset)         0.548     0.548    u_core/u_exec/clk_i
    SLICE_X39Y25         FDCE                                         r  u_core/u_exec/branch_update_pc_q_reg[18]/C
  -------------------------------------------------------------------    -------------------
    SLICE_X39Y25         FDCE (Prop_fdce_C_Q)         0.141     0.689 r  u_core/u_exec/branch_update_pc_q_reg[18]/Q
                         net (fo=3, routed)           0.122     0.811    u_core/u_branch_predict/gen_predictor_enabled.gen_tag_ram[10].tag_bit/D
    SLICE_X38Y25         RAMD64E                                      r  u_core/u_branch_predict/gen_predictor_enabled.gen_tag_ram[10].tag_bit/DP/I
  -------------------------------------------------------------------    -------------------

                         (clock clk_i rise edge)      0.000     0.000 r  
                                                      0.000     0.000 r  clk_i (IN)
                         net (fo=2310, unset)         0.813     0.813    u_core/u_branch_predict/gen_predictor_enabled.gen_tag_ram[10].tag_bit/WCLK
    SLICE_X38Y25         RAMD64E                                      r  u_core/u_branch_predict/gen_predictor_enabled.gen_tag_ram[10].tag_bit/DP/CLK
                         clock pessimism             -0.252     0.561    
    SLICE_X38Y25         RAMD64E (Hold_ramd64e_CLK_I)
                                                      0.101     0.662    u_core/u_branch_predict/gen_predictor_enabled.gen_tag_ram[10].tag_bit/DP
  -------------------------------------------------------------------
                         required time                         -0.662    
                         arrival time                           0.811    
  -------------------------------------------------------------------
                         slack                                  0.149    

Slack (MET) :             0.149ns  (arrival time - required time)
  Source:                 u_core/u_lsu/early_data_hold_q_reg[4]/C
                            (rising edge-triggered cell FDCE clocked by clk_i  {rise@0.000ns fall@6.250ns period=12.500ns})
  Destination:            u_core/u_issue/u_pipe_ctrl/result_e2_q_reg[4]/D
                            (rising edge-triggered cell FDCE clocked by clk_i  {rise@0.000ns fall@6.250ns period=12.500ns})
  Path Group:             clk_i
  Path Type:              Hold (Min at Fast Process Corner)
  Requirement:            0.000ns  (clk_i rise@0.000ns - clk_i rise@0.000ns)
  Data Path Delay:        0.284ns  (logic 0.186ns (65.445%)  route 0.098ns (34.555%))
  Logic Levels:           1  (LUT6=1)
  Clock Path Skew:        0.015ns (DCD - SCD - CPR)
    Destination Clock Delay (DCD):    0.858ns
    Source Clock Delay      (SCD):    0.590ns
    Clock Pessimism Removal (CPR):    0.253ns

    Location             Delay type                Incr(ns)  Path(ns)    Netlist Resource(s)
  -------------------------------------------------------------------    -------------------
                         (clock clk_i rise edge)      0.000     0.000 r  
                                                      0.000     0.000 r  clk_i (IN)
                         net (fo=2310, unset)         0.590     0.590    u_core/u_lsu/clk_i
    SLICE_X23Y13         FDCE                                         r  u_core/u_lsu/early_data_hold_q_reg[4]/C
  -------------------------------------------------------------------    -------------------
    SLICE_X23Y13         FDCE (Prop_fdce_C_Q)         0.141     0.731 r  u_core/u_lsu/early_data_hold_q_reg[4]/Q
                         net (fo=2, routed)           0.098     0.829    u_core/u_issue/u_pipe_ctrl/result_e2_q_reg[31]_3[4]
    SLICE_X22Y13         LUT6 (Prop_lut6_I3_O)        0.045     0.874 r  u_core/u_issue/u_pipe_ctrl/result_e2_q[4]_i_1__0/O
                         net (fo=1, routed)           0.000     0.874    u_core/u_issue/u_pipe_ctrl/result_e2_q[4]_i_1__0_n_0
    SLICE_X22Y13         FDCE                                         r  u_core/u_issue/u_pipe_ctrl/result_e2_q_reg[4]/D
  -------------------------------------------------------------------    -------------------

                         (clock clk_i rise edge)      0.000     0.000 r  
                                                      0.000     0.000 r  clk_i (IN)
                         net (fo=2310, unset)         0.858     0.858    u_core/u_issue/u_pipe_ctrl/clk_i
    SLICE_X22Y13         FDCE                                         r  u_core/u_issue/u_pipe_ctrl/result_e2_q_reg[4]/C
                         clock pessimism             -0.253     0.605    
    SLICE_X22Y13         FDCE (Hold_fdce_C_D)         0.120     0.725    u_core/u_issue/u_pipe_ctrl/result_e2_q_reg[4]
  -------------------------------------------------------------------
                         required time                         -0.725    
                         arrival time                           0.874    
  -------------------------------------------------------------------
                         slack                                  0.149    

Slack (MET) :             0.152ns  (arrival time - required time)
  Source:                 u_core/u_issue/u_pipe_ctrl/opcode_wb_q_reg[29]/C
                            (rising edge-triggered cell FDCE clocked by clk_i  {rise@0.000ns fall@6.250ns period=12.500ns})
  Destination:            u_core/u_csr/u_csrfile/csr_sr_q_reg[6]/D
                            (rising edge-triggered cell FDCE clocked by clk_i  {rise@0.000ns fall@6.250ns period=12.500ns})
  Path Group:             clk_i
  Path Type:              Hold (Min at Fast Process Corner)
  Requirement:            0.000ns  (clk_i rise@0.000ns - clk_i rise@0.000ns)
  Data Path Delay:        0.257ns  (logic 0.186ns (72.463%)  route 0.071ns (27.537%))
  Logic Levels:           1  (LUT4=1)
  Clock Path Skew:        0.014ns (DCD - SCD - CPR)
    Destination Clock Delay (DCD):    0.824ns
    Source Clock Delay      (SCD):    0.558ns
    Clock Pessimism Removal (CPR):    0.252ns

    Location             Delay type                Incr(ns)  Path(ns)    Netlist Resource(s)
  -------------------------------------------------------------------    -------------------
                         (clock clk_i rise edge)      0.000     0.000 r  
                                                      0.000     0.000 r  clk_i (IN)
                         net (fo=2310, unset)         0.558     0.558    u_core/u_issue/u_pipe_ctrl/clk_i
    SLICE_X45Y12         FDCE                                         r  u_core/u_issue/u_pipe_ctrl/opcode_wb_q_reg[29]/C
  -------------------------------------------------------------------    -------------------
    SLICE_X45Y12         FDCE (Prop_fdce_C_Q)         0.141     0.699 r  u_core/u_issue/u_pipe_ctrl/opcode_wb_q_reg[29]/Q
                         net (fo=30, routed)          0.071     0.770    u_core/u_issue/u_pipe_ctrl/csr_writeback_waddr_w[9]
    SLICE_X44Y12         LUT4 (Prop_lut4_I2_O)        0.045     0.815 r  u_core/u_issue/u_pipe_ctrl/csr_sr_q[6]_i_1/O
                         net (fo=1, routed)           0.000     0.815    u_core/u_csr/u_csrfile/csr_sr_q_reg[6]_0
    SLICE_X44Y12         FDCE                                         r  u_core/u_csr/u_csrfile/csr_sr_q_reg[6]/D
  -------------------------------------------------------------------    -------------------

                         (clock clk_i rise edge)      0.000     0.000 r  
                                                      0.000     0.000 r  clk_i (IN)
                         net (fo=2310, unset)         0.824     0.824    u_core/u_csr/u_csrfile/clk_i
    SLICE_X44Y12         FDCE                                         r  u_core/u_csr/u_csrfile/csr_sr_q_reg[6]/C
                         clock pessimism             -0.252     0.572    
    SLICE_X44Y12         FDCE (Hold_fdce_C_D)         0.091     0.663    u_core/u_csr/u_csrfile/csr_sr_q_reg[6]
  -------------------------------------------------------------------
                         required time                         -0.663    
                         arrival time                           0.815    
  -------------------------------------------------------------------
                         slack                                  0.152    

Slack (MET) :             0.152ns  (arrival time - required time)
  Source:                 u_core/u_issue/u_pipe_ctrl/csr_wr_e2_q_reg/C
                            (rising edge-triggered cell FDCE clocked by clk_i  {rise@0.000ns fall@6.250ns period=12.500ns})
  Destination:            u_core/u_issue/u_pipe_ctrl/csr_wr_wb_q_reg/D
                            (rising edge-triggered cell FDCE clocked by clk_i  {rise@0.000ns fall@6.250ns period=12.500ns})
  Path Group:             clk_i
  Path Type:              Hold (Min at Fast Process Corner)
  Requirement:            0.000ns  (clk_i rise@0.000ns - clk_i rise@0.000ns)
  Data Path Delay:        0.220ns  (logic 0.164ns (74.580%)  route 0.056ns (25.420%))
  Logic Levels:           0  
  Clock Path Skew:        0.015ns (DCD - SCD - CPR)
    Destination Clock Delay (DCD):    0.826ns
    Source Clock Delay      (SCD):    0.559ns
    Clock Pessimism Removal (CPR):    0.252ns

    Location             Delay type                Incr(ns)  Path(ns)    Netlist Resource(s)
  -------------------------------------------------------------------    -------------------
                         (clock clk_i rise edge)      0.000     0.000 r  
                                                      0.000     0.000 r  clk_i (IN)
                         net (fo=2310, unset)         0.559     0.559    u_core/u_issue/u_pipe_ctrl/clk_i
    SLICE_X38Y11         FDCE                                         r  u_core/u_issue/u_pipe_ctrl/csr_wr_e2_q_reg/C
  -------------------------------------------------------------------    -------------------
    SLICE_X38Y11         FDCE (Prop_fdce_C_Q)         0.164     0.723 r  u_core/u_issue/u_pipe_ctrl/csr_wr_e2_q_reg/Q
                         net (fo=1, routed)           0.056     0.779    u_core/u_issue/u_pipe_ctrl/csr_wr_e2_q
    SLICE_X38Y11         FDCE                                         r  u_core/u_issue/u_pipe_ctrl/csr_wr_wb_q_reg/D
  -------------------------------------------------------------------    -------------------

                         (clock clk_i rise edge)      0.000     0.000 r  
                                                      0.000     0.000 r  clk_i (IN)
                         net (fo=2310, unset)         0.826     0.826    u_core/u_issue/u_pipe_ctrl/clk_i
    SLICE_X38Y11         FDCE                                         r  u_core/u_issue/u_pipe_ctrl/csr_wr_wb_q_reg/C
                         clock pessimism             -0.252     0.574    
    SLICE_X38Y11         FDCE (Hold_fdce_C_D)         0.053     0.627    u_core/u_issue/u_pipe_ctrl/csr_wr_wb_q_reg
  -------------------------------------------------------------------
                         required time                         -0.627    
                         arrival time                           0.779    
  -------------------------------------------------------------------
                         slack                                  0.152    

Slack (MET) :             0.153ns  (arrival time - required time)
  Source:                 u_core/u_exec/branch_update_pc_q_reg[29]/C
                            (rising edge-triggered cell FDCE clocked by clk_i  {rise@0.000ns fall@6.250ns period=12.500ns})
  Destination:            u_core/u_branch_predict/gen_predictor_enabled.gen_tag_ram[21].tag_bit/DP/I
                            (rising edge-triggered cell RAMD64E clocked by clk_i  {rise@0.000ns fall@6.250ns period=12.500ns})
  Path Group:             clk_i
  Path Type:              Hold (Min at Fast Process Corner)
  Requirement:            0.000ns  (clk_i rise@0.000ns - clk_i rise@0.000ns)
  Data Path Delay:        0.266ns  (logic 0.141ns (52.967%)  route 0.125ns (47.033%))
  Logic Levels:           0  
  Clock Path Skew:        0.012ns (DCD - SCD - CPR)
    Destination Clock Delay (DCD):    0.813ns
    Source Clock Delay      (SCD):    0.549ns
    Clock Pessimism Removal (CPR):    0.252ns

    Location             Delay type                Incr(ns)  Path(ns)    Netlist Resource(s)
  -------------------------------------------------------------------    -------------------
                         (clock clk_i rise edge)      0.000     0.000 r  
                                                      0.000     0.000 r  clk_i (IN)
                         net (fo=2310, unset)         0.549     0.549    u_core/u_exec/clk_i
    SLICE_X37Y26         FDCE                                         r  u_core/u_exec/branch_update_pc_q_reg[29]/C
  -------------------------------------------------------------------    -------------------
    SLICE_X37Y26         FDCE (Prop_fdce_C_Q)         0.141     0.690 r  u_core/u_exec/branch_update_pc_q_reg[29]/Q
                         net (fo=3, routed)           0.125     0.815    u_core/u_branch_predict/gen_predictor_enabled.gen_tag_ram[21].tag_bit/D
    SLICE_X36Y25         RAMD64E                                      r  u_core/u_branch_predict/gen_predictor_enabled.gen_tag_ram[21].tag_bit/DP/I
  -------------------------------------------------------------------    -------------------

                         (clock clk_i rise edge)      0.000     0.000 r  
                                                      0.000     0.000 r  clk_i (IN)
                         net (fo=2310, unset)         0.813     0.813    u_core/u_branch_predict/gen_predictor_enabled.gen_tag_ram[21].tag_bit/WCLK
    SLICE_X36Y25         RAMD64E                                      r  u_core/u_branch_predict/gen_predictor_enabled.gen_tag_ram[21].tag_bit/DP/CLK
                         clock pessimism             -0.252     0.561    
    SLICE_X36Y25         RAMD64E (Hold_ramd64e_CLK_I)
                                                      0.101     0.662    u_core/u_branch_predict/gen_predictor_enabled.gen_tag_ram[21].tag_bit/DP
  -------------------------------------------------------------------
                         required time                         -0.662    
                         arrival time                           0.815    
  -------------------------------------------------------------------
                         slack                                  0.153    

Slack (MET) :             0.154ns  (arrival time - required time)
  Source:                 u_core/u_exec/branch_update_pc_q_reg[12]/C
                            (rising edge-triggered cell FDCE clocked by clk_i  {rise@0.000ns fall@6.250ns period=12.500ns})
  Destination:            u_core/u_branch_predict/gen_predictor_enabled.gen_tag_ram[4].tag_bit/SP/I
                            (rising edge-triggered cell RAMD64E clocked by clk_i  {rise@0.000ns fall@6.250ns period=12.500ns})
  Path Group:             clk_i
  Path Type:              Hold (Min at Fast Process Corner)
  Requirement:            0.000ns  (clk_i rise@0.000ns - clk_i rise@0.000ns)
  Data Path Delay:        0.312ns  (logic 0.141ns (45.245%)  route 0.171ns (54.755%))
  Logic Levels:           0  
  Clock Path Skew:        0.012ns (DCD - SCD - CPR)
    Destination Clock Delay (DCD):    0.815ns
    Source Clock Delay      (SCD):    0.551ns
    Clock Pessimism Removal (CPR):    0.252ns

    Location             Delay type                Incr(ns)  Path(ns)    Netlist Resource(s)
  -------------------------------------------------------------------    -------------------
                         (clock clk_i rise edge)      0.000     0.000 r  
                                                      0.000     0.000 r  clk_i (IN)
                         net (fo=2310, unset)         0.551     0.551    u_core/u_exec/clk_i
    SLICE_X37Y21         FDCE                                         r  u_core/u_exec/branch_update_pc_q_reg[12]/C
  -------------------------------------------------------------------    -------------------
    SLICE_X37Y21         FDCE (Prop_fdce_C_Q)         0.141     0.692 r  u_core/u_exec/branch_update_pc_q_reg[12]/Q
                         net (fo=3, routed)           0.171     0.863    u_core/u_branch_predict/gen_predictor_enabled.gen_tag_ram[4].tag_bit/D
    SLICE_X38Y22         RAMD64E                                      r  u_core/u_branch_predict/gen_predictor_enabled.gen_tag_ram[4].tag_bit/SP/I
  -------------------------------------------------------------------    -------------------

                         (clock clk_i rise edge)      0.000     0.000 r  
                                                      0.000     0.000 r  clk_i (IN)
                         net (fo=2310, unset)         0.815     0.815    u_core/u_branch_predict/gen_predictor_enabled.gen_tag_ram[4].tag_bit/WCLK
    SLICE_X38Y22         RAMD64E                                      r  u_core/u_branch_predict/gen_predictor_enabled.gen_tag_ram[4].tag_bit/SP/CLK
                         clock pessimism             -0.252     0.563    
    SLICE_X38Y22         RAMD64E (Hold_ramd64e_CLK_I)
                                                      0.146     0.709    u_core/u_branch_predict/gen_predictor_enabled.gen_tag_ram[4].tag_bit/SP
  -------------------------------------------------------------------
                         required time                         -0.709    
                         arrival time                           0.863    
  -------------------------------------------------------------------
                         slack                                  0.154    

Slack (MET) :             0.156ns  (arrival time - required time)
  Source:                 u_core/u_exec/branch_update_pc_q_reg[26]/C
                            (rising edge-triggered cell FDCE clocked by clk_i  {rise@0.000ns fall@6.250ns period=12.500ns})
  Destination:            u_core/u_branch_predict/gen_predictor_enabled.gen_tag_ram[18].tag_bit/DP/I
                            (rising edge-triggered cell RAMD64E clocked by clk_i  {rise@0.000ns fall@6.250ns period=12.500ns})
  Path Group:             clk_i
  Path Type:              Hold (Min at Fast Process Corner)
  Requirement:            0.000ns  (clk_i rise@0.000ns - clk_i rise@0.000ns)
  Data Path Delay:        0.269ns  (logic 0.141ns (52.358%)  route 0.128ns (47.642%))
  Logic Levels:           0  
  Clock Path Skew:        0.012ns (DCD - SCD - CPR)
    Destination Clock Delay (DCD):    0.813ns
    Source Clock Delay      (SCD):    0.551ns
    Clock Pessimism Removal (CPR):    0.250ns

    Location             Delay type                Incr(ns)  Path(ns)    Netlist Resource(s)
  -------------------------------------------------------------------    -------------------
                         (clock clk_i rise edge)      0.000     0.000 r  
                                                      0.000     0.000 r  clk_i (IN)
                         net (fo=2310, unset)         0.551     0.551    u_core/u_exec/clk_i
    SLICE_X35Y26         FDCE                                         r  u_core/u_exec/branch_update_pc_q_reg[26]/C
  -------------------------------------------------------------------    -------------------
    SLICE_X35Y26         FDCE (Prop_fdce_C_Q)         0.141     0.692 r  u_core/u_exec/branch_update_pc_q_reg[26]/Q
                         net (fo=3, routed)           0.128     0.820    u_core/u_branch_predict/gen_predictor_enabled.gen_tag_ram[18].tag_bit/D
    SLICE_X34Y25         RAMD64E                                      r  u_core/u_branch_predict/gen_predictor_enabled.gen_tag_ram[18].tag_bit/DP/I
  -------------------------------------------------------------------    -------------------

                         (clock clk_i rise edge)      0.000     0.000 r  
                                                      0.000     0.000 r  clk_i (IN)
                         net (fo=2310, unset)         0.813     0.813    u_core/u_branch_predict/gen_predictor_enabled.gen_tag_ram[18].tag_bit/WCLK
    SLICE_X34Y25         RAMD64E                                      r  u_core/u_branch_predict/gen_predictor_enabled.gen_tag_ram[18].tag_bit/DP/CLK
                         clock pessimism             -0.250     0.563    
    SLICE_X34Y25         RAMD64E (Hold_ramd64e_CLK_I)
                                                      0.101     0.664    u_core/u_branch_predict/gen_predictor_enabled.gen_tag_ram[18].tag_bit/DP
  -------------------------------------------------------------------
                         required time                         -0.664    
                         arrival time                           0.820    
  -------------------------------------------------------------------
                         slack                                  0.156    

Slack (MET) :             0.157ns  (arrival time - required time)
  Source:                 u_core/u_exec/branch_update_pc_q_reg[20]/C
                            (rising edge-triggered cell FDCE clocked by clk_i  {rise@0.000ns fall@6.250ns period=12.500ns})
  Destination:            u_core/u_branch_predict/gen_predictor_enabled.gen_tag_ram[12].tag_bit/DP/I
                            (rising edge-triggered cell RAMD64E clocked by clk_i  {rise@0.000ns fall@6.250ns period=12.500ns})
  Path Group:             clk_i
  Path Type:              Hold (Min at Fast Process Corner)
  Requirement:            0.000ns  (clk_i rise@0.000ns - clk_i rise@0.000ns)
  Data Path Delay:        0.289ns  (logic 0.141ns (48.761%)  route 0.148ns (51.239%))
  Logic Levels:           0  
  Clock Path Skew:        0.031ns (DCD - SCD - CPR)
    Destination Clock Delay (DCD):    0.813ns
    Source Clock Delay      (SCD):    0.548ns
    Clock Pessimism Removal (CPR):    0.234ns

    Location             Delay type                Incr(ns)  Path(ns)    Netlist Resource(s)
  -------------------------------------------------------------------    -------------------
                         (clock clk_i rise edge)      0.000     0.000 r  
                                                      0.000     0.000 r  clk_i (IN)
                         net (fo=2310, unset)         0.548     0.548    u_core/u_exec/clk_i
    SLICE_X39Y25         FDCE                                         r  u_core/u_exec/branch_update_pc_q_reg[20]/C
  -------------------------------------------------------------------    -------------------
    SLICE_X39Y25         FDCE (Prop_fdce_C_Q)         0.141     0.689 r  u_core/u_exec/branch_update_pc_q_reg[20]/Q
                         net (fo=3, routed)           0.148     0.837    u_core/u_branch_predict/gen_predictor_enabled.gen_tag_ram[12].tag_bit/D
    SLICE_X38Y24         RAMD64E                                      r  u_core/u_branch_predict/gen_predictor_enabled.gen_tag_ram[12].tag_bit/DP/I
  -------------------------------------------------------------------    -------------------

                         (clock clk_i rise edge)      0.000     0.000 r  
                                                      0.000     0.000 r  clk_i (IN)
                         net (fo=2310, unset)         0.813     0.813    u_core/u_branch_predict/gen_predictor_enabled.gen_tag_ram[12].tag_bit/WCLK
    SLICE_X38Y24         RAMD64E                                      r  u_core/u_branch_predict/gen_predictor_enabled.gen_tag_ram[12].tag_bit/DP/CLK
                         clock pessimism             -0.234     0.579    
    SLICE_X38Y24         RAMD64E (Hold_ramd64e_CLK_I)
                                                      0.101     0.680    u_core/u_branch_predict/gen_predictor_enabled.gen_tag_ram[12].tag_bit/DP
  -------------------------------------------------------------------
                         required time                         -0.680    
                         arrival time                           0.837    
  -------------------------------------------------------------------
                         slack                                  0.157    

Slack (MET) :             0.159ns  (arrival time - required time)
  Source:                 u_core/u_exec/branch_update_pc_q_reg[30]/C
                            (rising edge-triggered cell FDCE clocked by clk_i  {rise@0.000ns fall@6.250ns period=12.500ns})
  Destination:            u_core/u_branch_predict/gen_predictor_enabled.gen_tag_ram[22].tag_bit/SP/I
                            (rising edge-triggered cell RAMD64E clocked by clk_i  {rise@0.000ns fall@6.250ns period=12.500ns})
  Path Group:             clk_i
  Path Type:              Hold (Min at Fast Process Corner)
  Requirement:            0.000ns  (clk_i rise@0.000ns - clk_i rise@0.000ns)
  Data Path Delay:        0.317ns  (logic 0.141ns (44.514%)  route 0.176ns (55.486%))
  Logic Levels:           0  
  Clock Path Skew:        0.012ns (DCD - SCD - CPR)
    Destination Clock Delay (DCD):    0.813ns
    Source Clock Delay      (SCD):    0.549ns
    Clock Pessimism Removal (CPR):    0.252ns

    Location             Delay type                Incr(ns)  Path(ns)    Netlist Resource(s)
  -------------------------------------------------------------------    -------------------
                         (clock clk_i rise edge)      0.000     0.000 r  
                                                      0.000     0.000 r  clk_i (IN)
                         net (fo=2310, unset)         0.549     0.549    u_core/u_exec/clk_i
    SLICE_X37Y26         FDCE                                         r  u_core/u_exec/branch_update_pc_q_reg[30]/C
  -------------------------------------------------------------------    -------------------
    SLICE_X37Y26         FDCE (Prop_fdce_C_Q)         0.141     0.690 r  u_core/u_exec/branch_update_pc_q_reg[30]/Q
                         net (fo=3, routed)           0.176     0.866    u_core/u_branch_predict/gen_predictor_enabled.gen_tag_ram[22].tag_bit/D
    SLICE_X36Y25         RAMD64E                                      r  u_core/u_branch_predict/gen_predictor_enabled.gen_tag_ram[22].tag_bit/SP/I
  -------------------------------------------------------------------    -------------------

                         (clock clk_i rise edge)      0.000     0.000 r  
                                                      0.000     0.000 r  clk_i (IN)
                         net (fo=2310, unset)         0.813     0.813    u_core/u_branch_predict/gen_predictor_enabled.gen_tag_ram[22].tag_bit/WCLK
    SLICE_X36Y25         RAMD64E                                      r  u_core/u_branch_predict/gen_predictor_enabled.gen_tag_ram[22].tag_bit/SP/CLK
                         clock pessimism             -0.252     0.561    
    SLICE_X36Y25         RAMD64E (Hold_ramd64e_CLK_I)
                                                      0.146     0.707    u_core/u_branch_predict/gen_predictor_enabled.gen_tag_ram[22].tag_bit/SP
  -------------------------------------------------------------------
                         required time                         -0.707    
                         arrival time                           0.866    
  -------------------------------------------------------------------
                         slack                                  0.159    

Slack (MET) :             0.159ns  (arrival time - required time)
  Source:                 u_core/u_issue/u_pipe_ctrl/opcode_e2_q_reg[30]/C
                            (rising edge-triggered cell FDCE clocked by clk_i  {rise@0.000ns fall@6.250ns period=12.500ns})
  Destination:            u_core/u_issue/u_pipe_ctrl/opcode_wb_q_reg[30]/D
                            (rising edge-triggered cell FDCE clocked by clk_i  {rise@0.000ns fall@6.250ns period=12.500ns})
  Path Group:             clk_i
  Path Type:              Hold (Min at Fast Process Corner)
  Requirement:            0.000ns  (clk_i rise@0.000ns - clk_i rise@0.000ns)
  Data Path Delay:        0.251ns  (logic 0.141ns (56.174%)  route 0.110ns (43.826%))
  Logic Levels:           0  
  Clock Path Skew:        0.014ns (DCD - SCD - CPR)
    Destination Clock Delay (DCD):    0.823ns
    Source Clock Delay      (SCD):    0.557ns
    Clock Pessimism Removal (CPR):    0.252ns

    Location             Delay type                Incr(ns)  Path(ns)    Netlist Resource(s)
  -------------------------------------------------------------------    -------------------
                         (clock clk_i rise edge)      0.000     0.000 r  
                                                      0.000     0.000 r  clk_i (IN)
                         net (fo=2310, unset)         0.557     0.557    u_core/u_issue/u_pipe_ctrl/clk_i
    SLICE_X47Y14         FDCE                                         r  u_core/u_issue/u_pipe_ctrl/opcode_e2_q_reg[30]/C
  -------------------------------------------------------------------    -------------------
    SLICE_X47Y14         FDCE (Prop_fdce_C_Q)         0.141     0.698 r  u_core/u_issue/u_pipe_ctrl/opcode_e2_q_reg[30]/Q
                         net (fo=1, routed)           0.110     0.808    u_core/u_issue/u_pipe_ctrl/opcode_e2_q_reg_n_0_[30]
    SLICE_X47Y14         FDCE                                         r  u_core/u_issue/u_pipe_ctrl/opcode_wb_q_reg[30]/D
  -------------------------------------------------------------------    -------------------

                         (clock clk_i rise edge)      0.000     0.000 r  
                                                      0.000     0.000 r  clk_i (IN)
                         net (fo=2310, unset)         0.823     0.823    u_core/u_issue/u_pipe_ctrl/clk_i
    SLICE_X47Y14         FDCE                                         r  u_core/u_issue/u_pipe_ctrl/opcode_wb_q_reg[30]/C
                         clock pessimism             -0.252     0.571    
    SLICE_X47Y14         FDCE (Hold_fdce_C_D)         0.078     0.649    u_core/u_issue/u_pipe_ctrl/opcode_wb_q_reg[30]
  -------------------------------------------------------------------
                         required time                         -0.649    
                         arrival time                           0.808    
  -------------------------------------------------------------------
                         slack                                  0.159    





Pulse Width Checks
--------------------------------------------------------------------------------------
Clock Name:         clk_i
Waveform(ns):       { 0.000 6.250 }
Period(ns):         12.500
Sources:            { clk_i }

Check Type        Corner  Lib Pin             Reference Pin  Required(ns)  Actual(ns)  Slack(ns)  Location      Pin
Min Period        n/a     RAMB36E1/CLKARDCLK  n/a            2.944         12.500      9.556      RAMB36_X0Y0   u_tcm/u_ram/ram_reg_0_0/CLKARDCLK
Min Period        n/a     RAMB36E1/CLKBWRCLK  n/a            2.944         12.500      9.556      RAMB36_X0Y0   u_tcm/u_ram/ram_reg_0_0/CLKBWRCLK
Min Period        n/a     RAMB36E1/CLKARDCLK  n/a            2.944         12.500      9.556      RAMB36_X2Y3   u_tcm/u_ram/ram_reg_0_1/CLKARDCLK
Min Period        n/a     RAMB36E1/CLKBWRCLK  n/a            2.944         12.500      9.556      RAMB36_X2Y3   u_tcm/u_ram/ram_reg_0_1/CLKBWRCLK
Min Period        n/a     RAMB36E1/CLKARDCLK  n/a            2.944         12.500      9.556      RAMB36_X1Y6   u_tcm/u_ram/ram_reg_0_2/CLKARDCLK
Min Period        n/a     RAMB36E1/CLKBWRCLK  n/a            2.944         12.500      9.556      RAMB36_X1Y6   u_tcm/u_ram/ram_reg_0_2/CLKBWRCLK
Min Period        n/a     RAMB36E1/CLKARDCLK  n/a            2.944         12.500      9.556      RAMB36_X1Y3   u_tcm/u_ram/ram_reg_0_3/CLKARDCLK
Min Period        n/a     RAMB36E1/CLKBWRCLK  n/a            2.944         12.500      9.556      RAMB36_X1Y3   u_tcm/u_ram/ram_reg_0_3/CLKBWRCLK
Min Period        n/a     RAMB36E1/CLKARDCLK  n/a            2.944         12.500      9.556      RAMB36_X0Y1   u_tcm/u_ram/ram_reg_1_0/CLKARDCLK
Min Period        n/a     RAMB36E1/CLKBWRCLK  n/a            2.944         12.500      9.556      RAMB36_X0Y1   u_tcm/u_ram/ram_reg_1_0/CLKBWRCLK
Min Period        n/a     RAMB36E1/CLKARDCLK  n/a            2.944         12.500      9.556      RAMB36_X1Y2   u_tcm/u_ram/ram_reg_1_1/CLKARDCLK
Min Period        n/a     RAMB36E1/CLKBWRCLK  n/a            2.944         12.500      9.556      RAMB36_X1Y2   u_tcm/u_ram/ram_reg_1_1/CLKBWRCLK
Min Period        n/a     RAMB36E1/CLKARDCLK  n/a            2.944         12.500      9.556      RAMB36_X2Y4   u_tcm/u_ram/ram_reg_1_2/CLKARDCLK
Min Period        n/a     RAMB36E1/CLKBWRCLK  n/a            2.944         12.500      9.556      RAMB36_X2Y4   u_tcm/u_ram/ram_reg_1_2/CLKBWRCLK
Min Period        n/a     RAMB36E1/CLKARDCLK  n/a            2.944         12.500      9.556      RAMB36_X0Y6   u_tcm/u_ram/ram_reg_1_3/CLKARDCLK
Min Period        n/a     RAMB36E1/CLKBWRCLK  n/a            2.944         12.500      9.556      RAMB36_X0Y6   u_tcm/u_ram/ram_reg_1_3/CLKBWRCLK
Min Period        n/a     RAMB36E1/CLKARDCLK  n/a            2.944         12.500      9.556      RAMB36_X1Y0   u_tcm/u_ram/ram_reg_2_0/CLKARDCLK
Min Period        n/a     RAMB36E1/CLKBWRCLK  n/a            2.944         12.500      9.556      RAMB36_X1Y0   u_tcm/u_ram/ram_reg_2_0/CLKBWRCLK
Min Period        n/a     RAMB36E1/CLKARDCLK  n/a            2.944         12.500      9.556      RAMB36_X1Y1   u_tcm/u_ram/ram_reg_2_1/CLKARDCLK
Min Period        n/a     RAMB36E1/CLKBWRCLK  n/a            2.944         12.500      9.556      RAMB36_X1Y1   u_tcm/u_ram/ram_reg_2_1/CLKBWRCLK
Min Period        n/a     RAMB36E1/CLKARDCLK  n/a            2.944         12.500      9.556      RAMB36_X1Y4   u_tcm/u_ram/ram_reg_2_2/CLKARDCLK
Min Period        n/a     RAMB36E1/CLKBWRCLK  n/a            2.944         12.500      9.556      RAMB36_X1Y4   u_tcm/u_ram/ram_reg_2_2/CLKBWRCLK
Min Period        n/a     RAMB36E1/CLKARDCLK  n/a            2.944         12.500      9.556      RAMB36_X0Y3   u_tcm/u_ram/ram_reg_2_3/CLKARDCLK
Min Period        n/a     RAMB36E1/CLKBWRCLK  n/a            2.944         12.500      9.556      RAMB36_X0Y3   u_tcm/u_ram/ram_reg_2_3/CLKBWRCLK
Min Period        n/a     RAMB36E1/CLKARDCLK  n/a            2.944         12.500      9.556      RAMB36_X0Y2   u_tcm/u_ram/ram_reg_3_0/CLKARDCLK
Min Period        n/a     RAMB36E1/CLKBWRCLK  n/a            2.944         12.500      9.556      RAMB36_X0Y2   u_tcm/u_ram/ram_reg_3_0/CLKBWRCLK
Min Period        n/a     RAMB36E1/CLKARDCLK  n/a            2.944         12.500      9.556      RAMB36_X0Y4   u_tcm/u_ram/ram_reg_3_1/CLKARDCLK
Min Period        n/a     RAMB36E1/CLKBWRCLK  n/a            2.944         12.500      9.556      RAMB36_X0Y4   u_tcm/u_ram/ram_reg_3_1/CLKBWRCLK
Min Period        n/a     RAMB36E1/CLKARDCLK  n/a            2.944         12.500      9.556      RAMB36_X1Y5   u_tcm/u_ram/ram_reg_3_2/CLKARDCLK
Min Period        n/a     RAMB36E1/CLKBWRCLK  n/a            2.944         12.500      9.556      RAMB36_X1Y5   u_tcm/u_ram/ram_reg_3_2/CLKBWRCLK
Low Pulse Width   Slow    RAMS64E/CLK         n/a            1.250         6.250       5.000      SLICE_X38Y19  u_core/u_branch_predict/gen_predictor_enabled.gen_bht_ram[0].bht_bit/SP/CLK
Low Pulse Width   Fast    RAMS64E/CLK         n/a            1.250         6.250       5.000      SLICE_X38Y19  u_core/u_branch_predict/gen_predictor_enabled.gen_bht_ram[0].bht_bit/SP/CLK
Low Pulse Width   Slow    RAMD64E/CLK         n/a            1.250         6.250       5.000      SLICE_X38Y19  u_core/u_branch_predict/gen_predictor_enabled.gen_bht_ram[1].bht_bit/DP/CLK
Low Pulse Width   Fast    RAMD64E/CLK         n/a            1.250         6.250       5.000      SLICE_X38Y19  u_core/u_branch_predict/gen_predictor_enabled.gen_bht_ram[1].bht_bit/DP/CLK
Low Pulse Width   Slow    RAMD64E/CLK         n/a            1.250         6.250       5.000      SLICE_X38Y19  u_core/u_branch_predict/gen_predictor_enabled.gen_bht_ram[1].bht_bit/SP/CLK
Low Pulse Width   Fast    RAMD64E/CLK         n/a            1.250         6.250       5.000      SLICE_X38Y19  u_core/u_branch_predict/gen_predictor_enabled.gen_bht_ram[1].bht_bit/SP/CLK
Low Pulse Width   Slow    RAMD64E/CLK         n/a            1.250         6.250       5.000      SLICE_X38Y20  u_core/u_branch_predict/gen_predictor_enabled.gen_is_jal_ram.is_jal_bit/DP/CLK
Low Pulse Width   Fast    RAMD64E/CLK         n/a            1.250         6.250       5.000      SLICE_X38Y20  u_core/u_branch_predict/gen_predictor_enabled.gen_is_jal_ram.is_jal_bit/DP/CLK
Low Pulse Width   Slow    RAMD64E/CLK         n/a            1.250         6.250       5.000      SLICE_X38Y20  u_core/u_branch_predict/gen_predictor_enabled.gen_is_jal_ram.is_jal_bit/SP/CLK
Low Pulse Width   Fast    RAMD64E/CLK         n/a            1.250         6.250       5.000      SLICE_X38Y20  u_core/u_branch_predict/gen_predictor_enabled.gen_is_jal_ram.is_jal_bit/SP/CLK
Low Pulse Width   Slow    RAMD64E/CLK         n/a            1.250         6.250       5.000      SLICE_X38Y20  u_core/u_branch_predict/gen_predictor_enabled.gen_tag_ram[0].tag_bit/DP/CLK
Low Pulse Width   Fast    RAMD64E/CLK         n/a            1.250         6.250       5.000      SLICE_X38Y20  u_core/u_branch_predict/gen_predictor_enabled.gen_tag_ram[0].tag_bit/DP/CLK
Low Pulse Width   Slow    RAMD64E/CLK         n/a            1.250         6.250       5.000      SLICE_X38Y20  u_core/u_branch_predict/gen_predictor_enabled.gen_tag_ram[0].tag_bit/SP/CLK
Low Pulse Width   Fast    RAMD64E/CLK         n/a            1.250         6.250       5.000      SLICE_X38Y20  u_core/u_branch_predict/gen_predictor_enabled.gen_tag_ram[0].tag_bit/SP/CLK
Low Pulse Width   Slow    RAMD64E/CLK         n/a            1.250         6.250       5.000      SLICE_X38Y25  u_core/u_branch_predict/gen_predictor_enabled.gen_tag_ram[10].tag_bit/DP/CLK
Low Pulse Width   Fast    RAMD64E/CLK         n/a            1.250         6.250       5.000      SLICE_X38Y25  u_core/u_branch_predict/gen_predictor_enabled.gen_tag_ram[10].tag_bit/DP/CLK
Low Pulse Width   Slow    RAMD64E/CLK         n/a            1.250         6.250       5.000      SLICE_X38Y25  u_core/u_branch_predict/gen_predictor_enabled.gen_tag_ram[10].tag_bit/SP/CLK
Low Pulse Width   Fast    RAMD64E/CLK         n/a            1.250         6.250       5.000      SLICE_X38Y25  u_core/u_branch_predict/gen_predictor_enabled.gen_tag_ram[10].tag_bit/SP/CLK
Low Pulse Width   Slow    RAMD64E/CLK         n/a            1.250         6.250       5.000      SLICE_X38Y25  u_core/u_branch_predict/gen_predictor_enabled.gen_tag_ram[11].tag_bit/DP/CLK
Low Pulse Width   Fast    RAMD64E/CLK         n/a            1.250         6.250       5.000      SLICE_X38Y25  u_core/u_branch_predict/gen_predictor_enabled.gen_tag_ram[11].tag_bit/DP/CLK
Low Pulse Width   Slow    RAMD64E/CLK         n/a            1.250         6.250       5.000      SLICE_X38Y25  u_core/u_branch_predict/gen_predictor_enabled.gen_tag_ram[11].tag_bit/SP/CLK
Low Pulse Width   Fast    RAMD64E/CLK         n/a            1.250         6.250       5.000      SLICE_X38Y25  u_core/u_branch_predict/gen_predictor_enabled.gen_tag_ram[11].tag_bit/SP/CLK
Low Pulse Width   Slow    RAMD64E/CLK         n/a            1.250         6.250       5.000      SLICE_X38Y24  u_core/u_branch_predict/gen_predictor_enabled.gen_tag_ram[12].tag_bit/DP/CLK
Low Pulse Width   Fast    RAMD64E/CLK         n/a            1.250         6.250       5.000      SLICE_X38Y24  u_core/u_branch_predict/gen_predictor_enabled.gen_tag_ram[12].tag_bit/DP/CLK
Low Pulse Width   Slow    RAMD64E/CLK         n/a            1.250         6.250       5.000      SLICE_X38Y24  u_core/u_branch_predict/gen_predictor_enabled.gen_tag_ram[12].tag_bit/SP/CLK
Low Pulse Width   Fast    RAMD64E/CLK         n/a            1.250         6.250       5.000      SLICE_X38Y24  u_core/u_branch_predict/gen_predictor_enabled.gen_tag_ram[12].tag_bit/SP/CLK
Low Pulse Width   Slow    RAMD64E/CLK         n/a            1.250         6.250       5.000      SLICE_X38Y24  u_core/u_branch_predict/gen_predictor_enabled.gen_tag_ram[13].tag_bit/DP/CLK
Low Pulse Width   Fast    RAMD64E/CLK         n/a            1.250         6.250       5.000      SLICE_X38Y24  u_core/u_branch_predict/gen_predictor_enabled.gen_tag_ram[13].tag_bit/DP/CLK
Low Pulse Width   Slow    RAMD64E/CLK         n/a            1.250         6.250       5.000      SLICE_X38Y24  u_core/u_branch_predict/gen_predictor_enabled.gen_tag_ram[13].tag_bit/SP/CLK
Low Pulse Width   Fast    RAMD64E/CLK         n/a            1.250         6.250       5.000      SLICE_X38Y24  u_core/u_branch_predict/gen_predictor_enabled.gen_tag_ram[13].tag_bit/SP/CLK
High Pulse Width  Slow    RAMS64E/CLK         n/a            1.250         6.250       5.000      SLICE_X38Y19  u_core/u_branch_predict/gen_predictor_enabled.gen_bht_ram[0].bht_bit/SP/CLK
High Pulse Width  Fast    RAMS64E/CLK         n/a            1.250         6.250       5.000      SLICE_X38Y19  u_core/u_branch_predict/gen_predictor_enabled.gen_bht_ram[0].bht_bit/SP/CLK
High Pulse Width  Slow    RAMD64E/CLK         n/a            1.250         6.250       5.000      SLICE_X38Y19  u_core/u_branch_predict/gen_predictor_enabled.gen_bht_ram[1].bht_bit/DP/CLK
High Pulse Width  Fast    RAMD64E/CLK         n/a            1.250         6.250       5.000      SLICE_X38Y19  u_core/u_branch_predict/gen_predictor_enabled.gen_bht_ram[1].bht_bit/DP/CLK
High Pulse Width  Slow    RAMD64E/CLK         n/a            1.250         6.250       5.000      SLICE_X38Y19  u_core/u_branch_predict/gen_predictor_enabled.gen_bht_ram[1].bht_bit/SP/CLK
High Pulse Width  Fast    RAMD64E/CLK         n/a            1.250         6.250       5.000      SLICE_X38Y19  u_core/u_branch_predict/gen_predictor_enabled.gen_bht_ram[1].bht_bit/SP/CLK
High Pulse Width  Slow    RAMD64E/CLK         n/a            1.250         6.250       5.000      SLICE_X38Y20  u_core/u_branch_predict/gen_predictor_enabled.gen_is_jal_ram.is_jal_bit/DP/CLK
High Pulse Width  Fast    RAMD64E/CLK         n/a            1.250         6.250       5.000      SLICE_X38Y20  u_core/u_branch_predict/gen_predictor_enabled.gen_is_jal_ram.is_jal_bit/DP/CLK
High Pulse Width  Slow    RAMD64E/CLK         n/a            1.250         6.250       5.000      SLICE_X38Y20  u_core/u_branch_predict/gen_predictor_enabled.gen_is_jal_ram.is_jal_bit/SP/CLK
High Pulse Width  Fast    RAMD64E/CLK         n/a            1.250         6.250       5.000      SLICE_X38Y20  u_core/u_branch_predict/gen_predictor_enabled.gen_is_jal_ram.is_jal_bit/SP/CLK
High Pulse Width  Slow    RAMD64E/CLK         n/a            1.250         6.250       5.000      SLICE_X38Y20  u_core/u_branch_predict/gen_predictor_enabled.gen_tag_ram[0].tag_bit/DP/CLK
High Pulse Width  Fast    RAMD64E/CLK         n/a            1.250         6.250       5.000      SLICE_X38Y20  u_core/u_branch_predict/gen_predictor_enabled.gen_tag_ram[0].tag_bit/DP/CLK
High Pulse Width  Slow    RAMD64E/CLK         n/a            1.250         6.250       5.000      SLICE_X38Y20  u_core/u_branch_predict/gen_predictor_enabled.gen_tag_ram[0].tag_bit/SP/CLK
High Pulse Width  Fast    RAMD64E/CLK         n/a            1.250         6.250       5.000      SLICE_X38Y20  u_core/u_branch_predict/gen_predictor_enabled.gen_tag_ram[0].tag_bit/SP/CLK
High Pulse Width  Slow    RAMD64E/CLK         n/a            1.250         6.250       5.000      SLICE_X38Y25  u_core/u_branch_predict/gen_predictor_enabled.gen_tag_ram[10].tag_bit/DP/CLK
High Pulse Width  Fast    RAMD64E/CLK         n/a            1.250         6.250       5.000      SLICE_X38Y25  u_core/u_branch_predict/gen_predictor_enabled.gen_tag_ram[10].tag_bit/DP/CLK
High Pulse Width  Slow    RAMD64E/CLK         n/a            1.250         6.250       5.000      SLICE_X38Y25  u_core/u_branch_predict/gen_predictor_enabled.gen_tag_ram[10].tag_bit/SP/CLK
High Pulse Width  Fast    RAMD64E/CLK         n/a            1.250         6.250       5.000      SLICE_X38Y25  u_core/u_branch_predict/gen_predictor_enabled.gen_tag_ram[10].tag_bit/SP/CLK
High Pulse Width  Slow    RAMD64E/CLK         n/a            1.250         6.250       5.000      SLICE_X38Y25  u_core/u_branch_predict/gen_predictor_enabled.gen_tag_ram[11].tag_bit/DP/CLK
High Pulse Width  Fast    RAMD64E/CLK         n/a            1.250         6.250       5.000      SLICE_X38Y25  u_core/u_branch_predict/gen_predictor_enabled.gen_tag_ram[11].tag_bit/DP/CLK
High Pulse Width  Slow    RAMD64E/CLK         n/a            1.250         6.250       5.000      SLICE_X38Y25  u_core/u_branch_predict/gen_predictor_enabled.gen_tag_ram[11].tag_bit/SP/CLK
High Pulse Width  Fast    RAMD64E/CLK         n/a            1.250         6.250       5.000      SLICE_X38Y25  u_core/u_branch_predict/gen_predictor_enabled.gen_tag_ram[11].tag_bit/SP/CLK
High Pulse Width  Slow    RAMD64E/CLK         n/a            1.250         6.250       5.000      SLICE_X38Y24  u_core/u_branch_predict/gen_predictor_enabled.gen_tag_ram[12].tag_bit/DP/CLK
High Pulse Width  Fast    RAMD64E/CLK         n/a            1.250         6.250       5.000      SLICE_X38Y24  u_core/u_branch_predict/gen_predictor_enabled.gen_tag_ram[12].tag_bit/DP/CLK
High Pulse Width  Slow    RAMD64E/CLK         n/a            1.250         6.250       5.000      SLICE_X38Y24  u_core/u_branch_predict/gen_predictor_enabled.gen_tag_ram[12].tag_bit/SP/CLK
High Pulse Width  Fast    RAMD64E/CLK         n/a            1.250         6.250       5.000      SLICE_X38Y24  u_core/u_branch_predict/gen_predictor_enabled.gen_tag_ram[12].tag_bit/SP/CLK
High Pulse Width  Slow    RAMD64E/CLK         n/a            1.250         6.250       5.000      SLICE_X38Y24  u_core/u_branch_predict/gen_predictor_enabled.gen_tag_ram[13].tag_bit/DP/CLK
High Pulse Width  Fast    RAMD64E/CLK         n/a            1.250         6.250       5.000      SLICE_X38Y24  u_core/u_branch_predict/gen_predictor_enabled.gen_tag_ram[13].tag_bit/DP/CLK
High Pulse Width  Slow    RAMD64E/CLK         n/a            1.250         6.250       5.000      SLICE_X38Y24  u_core/u_branch_predict/gen_predictor_enabled.gen_tag_ram[13].tag_bit/SP/CLK
High Pulse Width  Fast    RAMD64E/CLK         n/a            1.250         6.250       5.000      SLICE_X38Y24  u_core/u_branch_predict/gen_predictor_enabled.gen_tag_ram[13].tag_bit/SP/CLK



