Copyright 1986-2022 Xilinx, Inc. All Rights Reserved.
-----------------------------------------------------------------------------------------------------------------------------------------------------------------------------
| Tool Version : Vivado v.2022.2 (win64) Build 3671981 Fri Oct 14 05:00:03 MDT 2022
| Date         : Sun Sep  6 21:27:21 2026
| Host         : LAPTOP-A7P3RQOS running 64-bit major release  (build 9200)
| Command      : report_timing -delay_type max -max_paths 20 -path_type full -file D:/code/FPGA/vivado/ultra_scalar_top_tcm_xc7z020/reports/param_sweep/B/critical_paths.rpt
| Design       : riscv_tcm_top
| Device       : 7z020-clg400
| Speed File   : -1  PRODUCTION 1.12 2019-11-22
-----------------------------------------------------------------------------------------------------------------------------------------------------------------------------

Timing Report

Slack (VIOLATED) :        -2.132ns  (required time - arrival time)
  Source:                 u_tcm/u_ram/ram_reg_0_3/CLKARDCLK
                            (rising edge-triggered cell RAMB36E1 clocked by clk_i  {rise@0.000ns fall@5.000ns period=10.000ns})
  Destination:            u_core/u_fetch/branch_pc_q_reg[21]/CE
                            (rising edge-triggered cell FDCE clocked by clk_i  {rise@0.000ns fall@5.000ns period=10.000ns})
  Path Group:             clk_i
  Path Type:              Setup (Max at Slow Process Corner)
  Requirement:            10.000ns  (clk_i rise@10.000ns - clk_i rise@0.000ns)
  Data Path Delay:        11.817ns  (logic 4.795ns (40.578%)  route 7.022ns (59.422%))
  Logic Levels:           14  (CARRY4=6 LUT3=1 LUT6=7)
  Clock Path Skew:        -0.110ns (DCD - SCD + CPR)
    Destination Clock Delay (DCD):    1.565ns = ( 11.565 - 10.000 ) 
    Source Clock Delay      (SCD):    1.790ns
    Clock Pessimism Removal (CPR):    0.115ns
  Clock Uncertainty:      0.035ns  ((TSJ^2 + TIJ^2)^1/2 + DJ) / 2 + PE
    Total System Jitter     (TSJ):    0.071ns
    Total Input Jitter      (TIJ):    0.000ns
    Discrete Jitter          (DJ):    0.000ns
    Phase Error              (PE):    0.000ns

    Location             Delay type                Incr(ns)  Path(ns)    Netlist Resource(s)
  -------------------------------------------------------------------    -------------------
                         (clock clk_i rise edge)      0.000     0.000 r  
                         propagated clock network latency
                                                      1.790     1.790    
    RAMB36_X1Y2          RAMB36E1                     0.000     1.790 r  u_tcm/u_ram/ram_reg_0_3/CLKARDCLK
    RAMB36_X1Y2          RAMB36E1 (Prop_ramb36e1_CLKARDCLK_DOADO[1])
                                                      2.454     4.244 r  u_tcm/u_ram/ram_reg_0_3/DOADO[1]
                         net (fo=6, routed)           1.180     5.425    u_core/u_lsu/u_lsu_request/ram_read1_q[1]
    SLICE_X21Y17         LUT6 (Prop_lut6_I2_O)        0.124     5.549 r  u_core/u_lsu/u_lsu_request/result_wb_q[31]_i_8/O
                         net (fo=1, routed)           0.670     6.219    u_core/u_lsu/u_lsu_request/result_wb_q[31]_i_8_n_0
    SLICE_X21Y17         LUT6 (Prop_lut6_I1_O)        0.124     6.343 r  u_core/u_lsu/u_lsu_request/result_wb_q[31]_i_3/O
                         net (fo=29, routed)          1.322     7.665    u_core/u_lsu/u_lsu_request/result_wb_q[31]_i_3_n_0
    SLICE_X17Y13         LUT6 (Prop_lut6_I2_O)        0.124     7.789 r  u_core/u_lsu/u_lsu_request/result_wb_q[10]_i_1/O
                         net (fo=3, routed)           0.597     8.386    u_core/u_issue/u_pipe_ctrl/result_wb_q_reg[31]_1[5]
    SLICE_X16Y13         LUT6 (Prop_lut6_I2_O)        0.124     8.510 r  u_core/u_issue/u_pipe_ctrl/sub_res_w_carry__1_i_10/O
                         net (fo=15, routed)          0.529     9.039    u_core/u_issue/u_pipe_ctrl/result_q_reg[11][2]
    SLICE_X19Y15         CARRY4 (Prop_carry4_DI[2]_CO[3])
                                                      0.398     9.437 r  u_core/u_issue/u_pipe_ctrl/buffer_q_reg[66]_i_125/CO[3]
                         net (fo=1, routed)           0.000     9.437    u_core/u_issue/u_pipe_ctrl/buffer_q_reg[66]_i_125_n_0
    SLICE_X19Y16         CARRY4 (Prop_carry4_CI_CO[3])
                                                      0.114     9.551 r  u_core/u_issue/u_pipe_ctrl/buffer_q_reg[66]_i_115/CO[3]
                         net (fo=1, routed)           0.000     9.551    u_core/u_issue/u_pipe_ctrl/buffer_q_reg[66]_i_115_n_0
    SLICE_X19Y17         CARRY4 (Prop_carry4_CI_CO[3])
                                                      0.114     9.665 r  u_core/u_issue/u_pipe_ctrl/buffer_q_reg[66]_i_97/CO[3]
                         net (fo=1, routed)           0.000     9.665    u_core/u_issue/u_pipe_ctrl/buffer_q_reg[66]_i_97_n_0
    SLICE_X19Y18         CARRY4 (Prop_carry4_CI_CO[3])
                                                      0.114     9.779 r  u_core/u_issue/u_pipe_ctrl/buffer_q_reg[66]_i_74/CO[3]
                         net (fo=1, routed)           0.000     9.779    u_core/u_issue/u_pipe_ctrl/buffer_q_reg[66]_i_74_n_0
    SLICE_X19Y19         CARRY4 (Prop_carry4_CI_CO[3])
                                                      0.114     9.893 r  u_core/u_issue/u_pipe_ctrl/buffer_q_reg[66]_i_46/CO[3]
                         net (fo=1, routed)           0.000     9.893    u_core/u_issue/u_pipe_ctrl/buffer_q_reg[66]_i_46_n_0
    SLICE_X19Y20         CARRY4 (Prop_carry4_CI_O[3])
                                                      0.313    10.206 r  u_core/u_issue/u_pipe_ctrl/buffer_q_reg[66]_i_22/O[3]
                         net (fo=1, routed)           0.452    10.658    u_core/u_issue/u_pipe_ctrl/u_exec/less_than_signed01_out[31]
    SLICE_X16Y17         LUT3 (Prop_lut3_I2_O)        0.306    10.964 r  u_core/u_issue/u_pipe_ctrl/buffer_q[66]_i_14/O
                         net (fo=1, routed)           0.629    11.594    u_core/u_decode/buffer_q[66]_i_4_0
    SLICE_X14Y16         LUT6 (Prop_lut6_I3_O)        0.124    11.718 r  u_core/u_decode/buffer_q[66]_i_9_comp_1/O
                         net (fo=3, routed)           0.344    12.062    u_core/u_decode/buffer_q[66]_i_9_n_0
    SLICE_X17Y17         LUT6 (Prop_lut6_I5_O)        0.124    12.186 r  u_core/u_decode/buffer_q[66]_i_4/O
                         net (fo=101, routed)         0.742    12.928    u_core/u_fetch/branch_d_exec_request_w
    SLICE_X16Y19         LUT6 (Prop_lut6_I3_O)        0.124    13.052 r  u_core/u_fetch/branch_pc_q[31]_i_1/O
                         net (fo=31, routed)          0.555    13.607    u_core/u_fetch/branch_pc_q[31]_i_1_n_0
    SLICE_X16Y23         FDCE                                         r  u_core/u_fetch/branch_pc_q_reg[21]/CE
  -------------------------------------------------------------------    -------------------

                         (clock clk_i rise edge)     10.000    10.000 r  
                         propagated clock network latency
                                                      1.565    11.565    
                         clock pessimism              0.115    11.680    
                         clock uncertainty           -0.035    11.645    
    SLICE_X16Y23         FDCE (Setup_fdce_C_CE)      -0.169    11.476    u_core/u_fetch/branch_pc_q_reg[21]
  -------------------------------------------------------------------
                         required time                         11.476    
                         arrival time                         -13.607    
  -------------------------------------------------------------------
                         slack                                 -2.132    

Slack (VIOLATED) :        -2.132ns  (required time - arrival time)
  Source:                 u_tcm/u_ram/ram_reg_0_3/CLKARDCLK
                            (rising edge-triggered cell RAMB36E1 clocked by clk_i  {rise@0.000ns fall@5.000ns period=10.000ns})
  Destination:            u_core/u_fetch/branch_pc_q_reg[22]/CE
                            (rising edge-triggered cell FDCE clocked by clk_i  {rise@0.000ns fall@5.000ns period=10.000ns})
  Path Group:             clk_i
  Path Type:              Setup (Max at Slow Process Corner)
  Requirement:            10.000ns  (clk_i rise@10.000ns - clk_i rise@0.000ns)
  Data Path Delay:        11.817ns  (logic 4.795ns (40.578%)  route 7.022ns (59.422%))
  Logic Levels:           14  (CARRY4=6 LUT3=1 LUT6=7)
  Clock Path Skew:        -0.110ns (DCD - SCD + CPR)
    Destination Clock Delay (DCD):    1.565ns = ( 11.565 - 10.000 ) 
    Source Clock Delay      (SCD):    1.790ns
    Clock Pessimism Removal (CPR):    0.115ns
  Clock Uncertainty:      0.035ns  ((TSJ^2 + TIJ^2)^1/2 + DJ) / 2 + PE
    Total System Jitter     (TSJ):    0.071ns
    Total Input Jitter      (TIJ):    0.000ns
    Discrete Jitter          (DJ):    0.000ns
    Phase Error              (PE):    0.000ns

    Location             Delay type                Incr(ns)  Path(ns)    Netlist Resource(s)
  -------------------------------------------------------------------    -------------------
                         (clock clk_i rise edge)      0.000     0.000 r  
                         propagated clock network latency
                                                      1.790     1.790    
    RAMB36_X1Y2          RAMB36E1                     0.000     1.790 r  u_tcm/u_ram/ram_reg_0_3/CLKARDCLK
    RAMB36_X1Y2          RAMB36E1 (Prop_ramb36e1_CLKARDCLK_DOADO[1])
                                                      2.454     4.244 r  u_tcm/u_ram/ram_reg_0_3/DOADO[1]
                         net (fo=6, routed)           1.180     5.425    u_core/u_lsu/u_lsu_request/ram_read1_q[1]
    SLICE_X21Y17         LUT6 (Prop_lut6_I2_O)        0.124     5.549 r  u_core/u_lsu/u_lsu_request/result_wb_q[31]_i_8/O
                         net (fo=1, routed)           0.670     6.219    u_core/u_lsu/u_lsu_request/result_wb_q[31]_i_8_n_0
    SLICE_X21Y17         LUT6 (Prop_lut6_I1_O)        0.124     6.343 r  u_core/u_lsu/u_lsu_request/result_wb_q[31]_i_3/O
                         net (fo=29, routed)          1.322     7.665    u_core/u_lsu/u_lsu_request/result_wb_q[31]_i_3_n_0
    SLICE_X17Y13         LUT6 (Prop_lut6_I2_O)        0.124     7.789 r  u_core/u_lsu/u_lsu_request/result_wb_q[10]_i_1/O
                         net (fo=3, routed)           0.597     8.386    u_core/u_issue/u_pipe_ctrl/result_wb_q_reg[31]_1[5]
    SLICE_X16Y13         LUT6 (Prop_lut6_I2_O)        0.124     8.510 r  u_core/u_issue/u_pipe_ctrl/sub_res_w_carry__1_i_10/O
                         net (fo=15, routed)          0.529     9.039    u_core/u_issue/u_pipe_ctrl/result_q_reg[11][2]
    SLICE_X19Y15         CARRY4 (Prop_carry4_DI[2]_CO[3])
                                                      0.398     9.437 r  u_core/u_issue/u_pipe_ctrl/buffer_q_reg[66]_i_125/CO[3]
                         net (fo=1, routed)           0.000     9.437    u_core/u_issue/u_pipe_ctrl/buffer_q_reg[66]_i_125_n_0
    SLICE_X19Y16         CARRY4 (Prop_carry4_CI_CO[3])
                                                      0.114     9.551 r  u_core/u_issue/u_pipe_ctrl/buffer_q_reg[66]_i_115/CO[3]
                         net (fo=1, routed)           0.000     9.551    u_core/u_issue/u_pipe_ctrl/buffer_q_reg[66]_i_115_n_0
    SLICE_X19Y17         CARRY4 (Prop_carry4_CI_CO[3])
                                                      0.114     9.665 r  u_core/u_issue/u_pipe_ctrl/buffer_q_reg[66]_i_97/CO[3]
                         net (fo=1, routed)           0.000     9.665    u_core/u_issue/u_pipe_ctrl/buffer_q_reg[66]_i_97_n_0
    SLICE_X19Y18         CARRY4 (Prop_carry4_CI_CO[3])
                                                      0.114     9.779 r  u_core/u_issue/u_pipe_ctrl/buffer_q_reg[66]_i_74/CO[3]
                         net (fo=1, routed)           0.000     9.779    u_core/u_issue/u_pipe_ctrl/buffer_q_reg[66]_i_74_n_0
    SLICE_X19Y19         CARRY4 (Prop_carry4_CI_CO[3])
                                                      0.114     9.893 r  u_core/u_issue/u_pipe_ctrl/buffer_q_reg[66]_i_46/CO[3]
                         net (fo=1, routed)           0.000     9.893    u_core/u_issue/u_pipe_ctrl/buffer_q_reg[66]_i_46_n_0
    SLICE_X19Y20         CARRY4 (Prop_carry4_CI_O[3])
                                                      0.313    10.206 r  u_core/u_issue/u_pipe_ctrl/buffer_q_reg[66]_i_22/O[3]
                         net (fo=1, routed)           0.452    10.658    u_core/u_issue/u_pipe_ctrl/u_exec/less_than_signed01_out[31]
    SLICE_X16Y17         LUT3 (Prop_lut3_I2_O)        0.306    10.964 r  u_core/u_issue/u_pipe_ctrl/buffer_q[66]_i_14/O
                         net (fo=1, routed)           0.629    11.594    u_core/u_decode/buffer_q[66]_i_4_0
    SLICE_X14Y16         LUT6 (Prop_lut6_I3_O)        0.124    11.718 r  u_core/u_decode/buffer_q[66]_i_9_comp_1/O
                         net (fo=3, routed)           0.344    12.062    u_core/u_decode/buffer_q[66]_i_9_n_0
    SLICE_X17Y17         LUT6 (Prop_lut6_I5_O)        0.124    12.186 r  u_core/u_decode/buffer_q[66]_i_4/O
                         net (fo=101, routed)         0.742    12.928    u_core/u_fetch/branch_d_exec_request_w
    SLICE_X16Y19         LUT6 (Prop_lut6_I3_O)        0.124    13.052 r  u_core/u_fetch/branch_pc_q[31]_i_1/O
                         net (fo=31, routed)          0.555    13.607    u_core/u_fetch/branch_pc_q[31]_i_1_n_0
    SLICE_X16Y23         FDCE                                         r  u_core/u_fetch/branch_pc_q_reg[22]/CE
  -------------------------------------------------------------------    -------------------

                         (clock clk_i rise edge)     10.000    10.000 r  
                         propagated clock network latency
                                                      1.565    11.565    
                         clock pessimism              0.115    11.680    
                         clock uncertainty           -0.035    11.645    
    SLICE_X16Y23         FDCE (Setup_fdce_C_CE)      -0.169    11.476    u_core/u_fetch/branch_pc_q_reg[22]
  -------------------------------------------------------------------
                         required time                         11.476    
                         arrival time                         -13.607    
  -------------------------------------------------------------------
                         slack                                 -2.132    

Slack (VIOLATED) :        -2.132ns  (required time - arrival time)
  Source:                 u_tcm/u_ram/ram_reg_0_3/CLKARDCLK
                            (rising edge-triggered cell RAMB36E1 clocked by clk_i  {rise@0.000ns fall@5.000ns period=10.000ns})
  Destination:            u_core/u_fetch/branch_pc_q_reg[23]/CE
                            (rising edge-triggered cell FDCE clocked by clk_i  {rise@0.000ns fall@5.000ns period=10.000ns})
  Path Group:             clk_i
  Path Type:              Setup (Max at Slow Process Corner)
  Requirement:            10.000ns  (clk_i rise@10.000ns - clk_i rise@0.000ns)
  Data Path Delay:        11.817ns  (logic 4.795ns (40.578%)  route 7.022ns (59.422%))
  Logic Levels:           14  (CARRY4=6 LUT3=1 LUT6=7)
  Clock Path Skew:        -0.110ns (DCD - SCD + CPR)
    Destination Clock Delay (DCD):    1.565ns = ( 11.565 - 10.000 ) 
    Source Clock Delay      (SCD):    1.790ns
    Clock Pessimism Removal (CPR):    0.115ns
  Clock Uncertainty:      0.035ns  ((TSJ^2 + TIJ^2)^1/2 + DJ) / 2 + PE
    Total System Jitter     (TSJ):    0.071ns
    Total Input Jitter      (TIJ):    0.000ns
    Discrete Jitter          (DJ):    0.000ns
    Phase Error              (PE):    0.000ns

    Location             Delay type                Incr(ns)  Path(ns)    Netlist Resource(s)
  -------------------------------------------------------------------    -------------------
                         (clock clk_i rise edge)      0.000     0.000 r  
                         propagated clock network latency
                                                      1.790     1.790    
    RAMB36_X1Y2          RAMB36E1                     0.000     1.790 r  u_tcm/u_ram/ram_reg_0_3/CLKARDCLK
    RAMB36_X1Y2          RAMB36E1 (Prop_ramb36e1_CLKARDCLK_DOADO[1])
                                                      2.454     4.244 r  u_tcm/u_ram/ram_reg_0_3/DOADO[1]
                         net (fo=6, routed)           1.180     5.425    u_core/u_lsu/u_lsu_request/ram_read1_q[1]
    SLICE_X21Y17         LUT6 (Prop_lut6_I2_O)        0.124     5.549 r  u_core/u_lsu/u_lsu_request/result_wb_q[31]_i_8/O
                         net (fo=1, routed)           0.670     6.219    u_core/u_lsu/u_lsu_request/result_wb_q[31]_i_8_n_0
    SLICE_X21Y17         LUT6 (Prop_lut6_I1_O)        0.124     6.343 r  u_core/u_lsu/u_lsu_request/result_wb_q[31]_i_3/O
                         net (fo=29, routed)          1.322     7.665    u_core/u_lsu/u_lsu_request/result_wb_q[31]_i_3_n_0
    SLICE_X17Y13         LUT6 (Prop_lut6_I2_O)        0.124     7.789 r  u_core/u_lsu/u_lsu_request/result_wb_q[10]_i_1/O
                         net (fo=3, routed)           0.597     8.386    u_core/u_issue/u_pipe_ctrl/result_wb_q_reg[31]_1[5]
    SLICE_X16Y13         LUT6 (Prop_lut6_I2_O)        0.124     8.510 r  u_core/u_issue/u_pipe_ctrl/sub_res_w_carry__1_i_10/O
                         net (fo=15, routed)          0.529     9.039    u_core/u_issue/u_pipe_ctrl/result_q_reg[11][2]
    SLICE_X19Y15         CARRY4 (Prop_carry4_DI[2]_CO[3])
                                                      0.398     9.437 r  u_core/u_issue/u_pipe_ctrl/buffer_q_reg[66]_i_125/CO[3]
                         net (fo=1, routed)           0.000     9.437    u_core/u_issue/u_pipe_ctrl/buffer_q_reg[66]_i_125_n_0
    SLICE_X19Y16         CARRY4 (Prop_carry4_CI_CO[3])
                                                      0.114     9.551 r  u_core/u_issue/u_pipe_ctrl/buffer_q_reg[66]_i_115/CO[3]
                         net (fo=1, routed)           0.000     9.551    u_core/u_issue/u_pipe_ctrl/buffer_q_reg[66]_i_115_n_0
    SLICE_X19Y17         CARRY4 (Prop_carry4_CI_CO[3])
                                                      0.114     9.665 r  u_core/u_issue/u_pipe_ctrl/buffer_q_reg[66]_i_97/CO[3]
                         net (fo=1, routed)           0.000     9.665    u_core/u_issue/u_pipe_ctrl/buffer_q_reg[66]_i_97_n_0
    SLICE_X19Y18         CARRY4 (Prop_carry4_CI_CO[3])
                                                      0.114     9.779 r  u_core/u_issue/u_pipe_ctrl/buffer_q_reg[66]_i_74/CO[3]
                         net (fo=1, routed)           0.000     9.779    u_core/u_issue/u_pipe_ctrl/buffer_q_reg[66]_i_74_n_0
    SLICE_X19Y19         CARRY4 (Prop_carry4_CI_CO[3])
                                                      0.114     9.893 r  u_core/u_issue/u_pipe_ctrl/buffer_q_reg[66]_i_46/CO[3]
                         net (fo=1, routed)           0.000     9.893    u_core/u_issue/u_pipe_ctrl/buffer_q_reg[66]_i_46_n_0
    SLICE_X19Y20         CARRY4 (Prop_carry4_CI_O[3])
                                                      0.313    10.206 r  u_core/u_issue/u_pipe_ctrl/buffer_q_reg[66]_i_22/O[3]
                         net (fo=1, routed)           0.452    10.658    u_core/u_issue/u_pipe_ctrl/u_exec/less_than_signed01_out[31]
    SLICE_X16Y17         LUT3 (Prop_lut3_I2_O)        0.306    10.964 r  u_core/u_issue/u_pipe_ctrl/buffer_q[66]_i_14/O
                         net (fo=1, routed)           0.629    11.594    u_core/u_decode/buffer_q[66]_i_4_0
    SLICE_X14Y16         LUT6 (Prop_lut6_I3_O)        0.124    11.718 r  u_core/u_decode/buffer_q[66]_i_9_comp_1/O
                         net (fo=3, routed)           0.344    12.062    u_core/u_decode/buffer_q[66]_i_9_n_0
    SLICE_X17Y17         LUT6 (Prop_lut6_I5_O)        0.124    12.186 r  u_core/u_decode/buffer_q[66]_i_4/O
                         net (fo=101, routed)         0.742    12.928    u_core/u_fetch/branch_d_exec_request_w
    SLICE_X16Y19         LUT6 (Prop_lut6_I3_O)        0.124    13.052 r  u_core/u_fetch/branch_pc_q[31]_i_1/O
                         net (fo=31, routed)          0.555    13.607    u_core/u_fetch/branch_pc_q[31]_i_1_n_0
    SLICE_X16Y23         FDCE                                         r  u_core/u_fetch/branch_pc_q_reg[23]/CE
  -------------------------------------------------------------------    -------------------

                         (clock clk_i rise edge)     10.000    10.000 r  
                         propagated clock network latency
                                                      1.565    11.565    
                         clock pessimism              0.115    11.680    
                         clock uncertainty           -0.035    11.645    
    SLICE_X16Y23         FDCE (Setup_fdce_C_CE)      -0.169    11.476    u_core/u_fetch/branch_pc_q_reg[23]
  -------------------------------------------------------------------
                         required time                         11.476    
                         arrival time                         -13.607    
  -------------------------------------------------------------------
                         slack                                 -2.132    

Slack (VIOLATED) :        -2.132ns  (required time - arrival time)
  Source:                 u_tcm/u_ram/ram_reg_0_3/CLKARDCLK
                            (rising edge-triggered cell RAMB36E1 clocked by clk_i  {rise@0.000ns fall@5.000ns period=10.000ns})
  Destination:            u_core/u_fetch/branch_pc_q_reg[7]/CE
                            (rising edge-triggered cell FDCE clocked by clk_i  {rise@0.000ns fall@5.000ns period=10.000ns})
  Path Group:             clk_i
  Path Type:              Setup (Max at Slow Process Corner)
  Requirement:            10.000ns  (clk_i rise@10.000ns - clk_i rise@0.000ns)
  Data Path Delay:        11.817ns  (logic 4.795ns (40.578%)  route 7.022ns (59.422%))
  Logic Levels:           14  (CARRY4=6 LUT3=1 LUT6=7)
  Clock Path Skew:        -0.110ns (DCD - SCD + CPR)
    Destination Clock Delay (DCD):    1.565ns = ( 11.565 - 10.000 ) 
    Source Clock Delay      (SCD):    1.790ns
    Clock Pessimism Removal (CPR):    0.115ns
  Clock Uncertainty:      0.035ns  ((TSJ^2 + TIJ^2)^1/2 + DJ) / 2 + PE
    Total System Jitter     (TSJ):    0.071ns
    Total Input Jitter      (TIJ):    0.000ns
    Discrete Jitter          (DJ):    0.000ns
    Phase Error              (PE):    0.000ns

    Location             Delay type                Incr(ns)  Path(ns)    Netlist Resource(s)
  -------------------------------------------------------------------    -------------------
                         (clock clk_i rise edge)      0.000     0.000 r  
                         propagated clock network latency
                                                      1.790     1.790    
    RAMB36_X1Y2          RAMB36E1                     0.000     1.790 r  u_tcm/u_ram/ram_reg_0_3/CLKARDCLK
    RAMB36_X1Y2          RAMB36E1 (Prop_ramb36e1_CLKARDCLK_DOADO[1])
                                                      2.454     4.244 r  u_tcm/u_ram/ram_reg_0_3/DOADO[1]
                         net (fo=6, routed)           1.180     5.425    u_core/u_lsu/u_lsu_request/ram_read1_q[1]
    SLICE_X21Y17         LUT6 (Prop_lut6_I2_O)        0.124     5.549 r  u_core/u_lsu/u_lsu_request/result_wb_q[31]_i_8/O
                         net (fo=1, routed)           0.670     6.219    u_core/u_lsu/u_lsu_request/result_wb_q[31]_i_8_n_0
    SLICE_X21Y17         LUT6 (Prop_lut6_I1_O)        0.124     6.343 r  u_core/u_lsu/u_lsu_request/result_wb_q[31]_i_3/O
                         net (fo=29, routed)          1.322     7.665    u_core/u_lsu/u_lsu_request/result_wb_q[31]_i_3_n_0
    SLICE_X17Y13         LUT6 (Prop_lut6_I2_O)        0.124     7.789 r  u_core/u_lsu/u_lsu_request/result_wb_q[10]_i_1/O
                         net (fo=3, routed)           0.597     8.386    u_core/u_issue/u_pipe_ctrl/result_wb_q_reg[31]_1[5]
    SLICE_X16Y13         LUT6 (Prop_lut6_I2_O)        0.124     8.510 r  u_core/u_issue/u_pipe_ctrl/sub_res_w_carry__1_i_10/O
                         net (fo=15, routed)          0.529     9.039    u_core/u_issue/u_pipe_ctrl/result_q_reg[11][2]
    SLICE_X19Y15         CARRY4 (Prop_carry4_DI[2]_CO[3])
                                                      0.398     9.437 r  u_core/u_issue/u_pipe_ctrl/buffer_q_reg[66]_i_125/CO[3]
                         net (fo=1, routed)           0.000     9.437    u_core/u_issue/u_pipe_ctrl/buffer_q_reg[66]_i_125_n_0
    SLICE_X19Y16         CARRY4 (Prop_carry4_CI_CO[3])
                                                      0.114     9.551 r  u_core/u_issue/u_pipe_ctrl/buffer_q_reg[66]_i_115/CO[3]
                         net (fo=1, routed)           0.000     9.551    u_core/u_issue/u_pipe_ctrl/buffer_q_reg[66]_i_115_n_0
    SLICE_X19Y17         CARRY4 (Prop_carry4_CI_CO[3])
                                                      0.114     9.665 r  u_core/u_issue/u_pipe_ctrl/buffer_q_reg[66]_i_97/CO[3]
                         net (fo=1, routed)           0.000     9.665    u_core/u_issue/u_pipe_ctrl/buffer_q_reg[66]_i_97_n_0
    SLICE_X19Y18         CARRY4 (Prop_carry4_CI_CO[3])
                                                      0.114     9.779 r  u_core/u_issue/u_pipe_ctrl/buffer_q_reg[66]_i_74/CO[3]
                         net (fo=1, routed)           0.000     9.779    u_core/u_issue/u_pipe_ctrl/buffer_q_reg[66]_i_74_n_0
    SLICE_X19Y19         CARRY4 (Prop_carry4_CI_CO[3])
                                                      0.114     9.893 r  u_core/u_issue/u_pipe_ctrl/buffer_q_reg[66]_i_46/CO[3]
                         net (fo=1, routed)           0.000     9.893    u_core/u_issue/u_pipe_ctrl/buffer_q_reg[66]_i_46_n_0
    SLICE_X19Y20         CARRY4 (Prop_carry4_CI_O[3])
                                                      0.313    10.206 r  u_core/u_issue/u_pipe_ctrl/buffer_q_reg[66]_i_22/O[3]
                         net (fo=1, routed)           0.452    10.658    u_core/u_issue/u_pipe_ctrl/u_exec/less_than_signed01_out[31]
    SLICE_X16Y17         LUT3 (Prop_lut3_I2_O)        0.306    10.964 r  u_core/u_issue/u_pipe_ctrl/buffer_q[66]_i_14/O
                         net (fo=1, routed)           0.629    11.594    u_core/u_decode/buffer_q[66]_i_4_0
    SLICE_X14Y16         LUT6 (Prop_lut6_I3_O)        0.124    11.718 r  u_core/u_decode/buffer_q[66]_i_9_comp_1/O
                         net (fo=3, routed)           0.344    12.062    u_core/u_decode/buffer_q[66]_i_9_n_0
    SLICE_X17Y17         LUT6 (Prop_lut6_I5_O)        0.124    12.186 r  u_core/u_decode/buffer_q[66]_i_4/O
                         net (fo=101, routed)         0.742    12.928    u_core/u_fetch/branch_d_exec_request_w
    SLICE_X16Y19         LUT6 (Prop_lut6_I3_O)        0.124    13.052 r  u_core/u_fetch/branch_pc_q[31]_i_1/O
                         net (fo=31, routed)          0.555    13.607    u_core/u_fetch/branch_pc_q[31]_i_1_n_0
    SLICE_X16Y23         FDCE                                         r  u_core/u_fetch/branch_pc_q_reg[7]/CE
  -------------------------------------------------------------------    -------------------

                         (clock clk_i rise edge)     10.000    10.000 r  
                         propagated clock network latency
                                                      1.565    11.565    
                         clock pessimism              0.115    11.680    
                         clock uncertainty           -0.035    11.645    
    SLICE_X16Y23         FDCE (Setup_fdce_C_CE)      -0.169    11.476    u_core/u_fetch/branch_pc_q_reg[7]
  -------------------------------------------------------------------
                         required time                         11.476    
                         arrival time                         -13.607    
  -------------------------------------------------------------------
                         slack                                 -2.132    

Slack (VIOLATED) :        -2.128ns  (required time - arrival time)
  Source:                 u_tcm/u_ram/ram_reg_0_3/CLKARDCLK
                            (rising edge-triggered cell RAMB36E1 clocked by clk_i  {rise@0.000ns fall@5.000ns period=10.000ns})
  Destination:            u_core/u_fetch/branch_pc_q_reg[24]/CE
                            (rising edge-triggered cell FDCE clocked by clk_i  {rise@0.000ns fall@5.000ns period=10.000ns})
  Path Group:             clk_i
  Path Type:              Setup (Max at Slow Process Corner)
  Requirement:            10.000ns  (clk_i rise@10.000ns - clk_i rise@0.000ns)
  Data Path Delay:        11.815ns  (logic 4.795ns (40.586%)  route 7.020ns (59.414%))
  Logic Levels:           14  (CARRY4=6 LUT3=1 LUT6=7)
  Clock Path Skew:        -0.109ns (DCD - SCD + CPR)
    Destination Clock Delay (DCD):    1.566ns = ( 11.566 - 10.000 ) 
    Source Clock Delay      (SCD):    1.790ns
    Clock Pessimism Removal (CPR):    0.115ns
  Clock Uncertainty:      0.035ns  ((TSJ^2 + TIJ^2)^1/2 + DJ) / 2 + PE
    Total System Jitter     (TSJ):    0.071ns
    Total Input Jitter      (TIJ):    0.000ns
    Discrete Jitter          (DJ):    0.000ns
    Phase Error              (PE):    0.000ns

    Location             Delay type                Incr(ns)  Path(ns)    Netlist Resource(s)
  -------------------------------------------------------------------    -------------------
                         (clock clk_i rise edge)      0.000     0.000 r  
                         propagated clock network latency
                                                      1.790     1.790    
    RAMB36_X1Y2          RAMB36E1                     0.000     1.790 r  u_tcm/u_ram/ram_reg_0_3/CLKARDCLK
    RAMB36_X1Y2          RAMB36E1 (Prop_ramb36e1_CLKARDCLK_DOADO[1])
                                                      2.454     4.244 r  u_tcm/u_ram/ram_reg_0_3/DOADO[1]
                         net (fo=6, routed)           1.180     5.425    u_core/u_lsu/u_lsu_request/ram_read1_q[1]
    SLICE_X21Y17         LUT6 (Prop_lut6_I2_O)        0.124     5.549 r  u_core/u_lsu/u_lsu_request/result_wb_q[31]_i_8/O
                         net (fo=1, routed)           0.670     6.219    u_core/u_lsu/u_lsu_request/result_wb_q[31]_i_8_n_0
    SLICE_X21Y17         LUT6 (Prop_lut6_I1_O)        0.124     6.343 r  u_core/u_lsu/u_lsu_request/result_wb_q[31]_i_3/O
                         net (fo=29, routed)          1.322     7.665    u_core/u_lsu/u_lsu_request/result_wb_q[31]_i_3_n_0
    SLICE_X17Y13         LUT6 (Prop_lut6_I2_O)        0.124     7.789 r  u_core/u_lsu/u_lsu_request/result_wb_q[10]_i_1/O
                         net (fo=3, routed)           0.597     8.386    u_core/u_issue/u_pipe_ctrl/result_wb_q_reg[31]_1[5]
    SLICE_X16Y13         LUT6 (Prop_lut6_I2_O)        0.124     8.510 r  u_core/u_issue/u_pipe_ctrl/sub_res_w_carry__1_i_10/O
                         net (fo=15, routed)          0.529     9.039    u_core/u_issue/u_pipe_ctrl/result_q_reg[11][2]
    SLICE_X19Y15         CARRY4 (Prop_carry4_DI[2]_CO[3])
                                                      0.398     9.437 r  u_core/u_issue/u_pipe_ctrl/buffer_q_reg[66]_i_125/CO[3]
                         net (fo=1, routed)           0.000     9.437    u_core/u_issue/u_pipe_ctrl/buffer_q_reg[66]_i_125_n_0
    SLICE_X19Y16         CARRY4 (Prop_carry4_CI_CO[3])
                                                      0.114     9.551 r  u_core/u_issue/u_pipe_ctrl/buffer_q_reg[66]_i_115/CO[3]
                         net (fo=1, routed)           0.000     9.551    u_core/u_issue/u_pipe_ctrl/buffer_q_reg[66]_i_115_n_0
    SLICE_X19Y17         CARRY4 (Prop_carry4_CI_CO[3])
                                                      0.114     9.665 r  u_core/u_issue/u_pipe_ctrl/buffer_q_reg[66]_i_97/CO[3]
                         net (fo=1, routed)           0.000     9.665    u_core/u_issue/u_pipe_ctrl/buffer_q_reg[66]_i_97_n_0
    SLICE_X19Y18         CARRY4 (Prop_carry4_CI_CO[3])
                                                      0.114     9.779 r  u_core/u_issue/u_pipe_ctrl/buffer_q_reg[66]_i_74/CO[3]
                         net (fo=1, routed)           0.000     9.779    u_core/u_issue/u_pipe_ctrl/buffer_q_reg[66]_i_74_n_0
    SLICE_X19Y19         CARRY4 (Prop_carry4_CI_CO[3])
                                                      0.114     9.893 r  u_core/u_issue/u_pipe_ctrl/buffer_q_reg[66]_i_46/CO[3]
                         net (fo=1, routed)           0.000     9.893    u_core/u_issue/u_pipe_ctrl/buffer_q_reg[66]_i_46_n_0
    SLICE_X19Y20         CARRY4 (Prop_carry4_CI_O[3])
                                                      0.313    10.206 r  u_core/u_issue/u_pipe_ctrl/buffer_q_reg[66]_i_22/O[3]
                         net (fo=1, routed)           0.452    10.658    u_core/u_issue/u_pipe_ctrl/u_exec/less_than_signed01_out[31]
    SLICE_X16Y17         LUT3 (Prop_lut3_I2_O)        0.306    10.964 r  u_core/u_issue/u_pipe_ctrl/buffer_q[66]_i_14/O
                         net (fo=1, routed)           0.629    11.594    u_core/u_decode/buffer_q[66]_i_4_0
    SLICE_X14Y16         LUT6 (Prop_lut6_I3_O)        0.124    11.718 r  u_core/u_decode/buffer_q[66]_i_9_comp_1/O
                         net (fo=3, routed)           0.344    12.062    u_core/u_decode/buffer_q[66]_i_9_n_0
    SLICE_X17Y17         LUT6 (Prop_lut6_I5_O)        0.124    12.186 r  u_core/u_decode/buffer_q[66]_i_4/O
                         net (fo=101, routed)         0.742    12.928    u_core/u_fetch/branch_d_exec_request_w
    SLICE_X16Y19         LUT6 (Prop_lut6_I3_O)        0.124    13.052 r  u_core/u_fetch/branch_pc_q[31]_i_1/O
                         net (fo=31, routed)          0.553    13.605    u_core/u_fetch/branch_pc_q[31]_i_1_n_0
    SLICE_X16Y22         FDCE                                         r  u_core/u_fetch/branch_pc_q_reg[24]/CE
  -------------------------------------------------------------------    -------------------

                         (clock clk_i rise edge)     10.000    10.000 r  
                         propagated clock network latency
                                                      1.566    11.566    
                         clock pessimism              0.115    11.681    
                         clock uncertainty           -0.035    11.646    
    SLICE_X16Y22         FDCE (Setup_fdce_C_CE)      -0.169    11.477    u_core/u_fetch/branch_pc_q_reg[24]
  -------------------------------------------------------------------
                         required time                         11.477    
                         arrival time                         -13.605    
  -------------------------------------------------------------------
                         slack                                 -2.128    

Slack (VIOLATED) :        -2.128ns  (required time - arrival time)
  Source:                 u_tcm/u_ram/ram_reg_0_3/CLKARDCLK
                            (rising edge-triggered cell RAMB36E1 clocked by clk_i  {rise@0.000ns fall@5.000ns period=10.000ns})
  Destination:            u_core/u_fetch/branch_pc_q_reg[25]/CE
                            (rising edge-triggered cell FDCE clocked by clk_i  {rise@0.000ns fall@5.000ns period=10.000ns})
  Path Group:             clk_i
  Path Type:              Setup (Max at Slow Process Corner)
  Requirement:            10.000ns  (clk_i rise@10.000ns - clk_i rise@0.000ns)
  Data Path Delay:        11.815ns  (logic 4.795ns (40.586%)  route 7.020ns (59.414%))
  Logic Levels:           14  (CARRY4=6 LUT3=1 LUT6=7)
  Clock Path Skew:        -0.109ns (DCD - SCD + CPR)
    Destination Clock Delay (DCD):    1.566ns = ( 11.566 - 10.000 ) 
    Source Clock Delay      (SCD):    1.790ns
    Clock Pessimism Removal (CPR):    0.115ns
  Clock Uncertainty:      0.035ns  ((TSJ^2 + TIJ^2)^1/2 + DJ) / 2 + PE
    Total System Jitter     (TSJ):    0.071ns
    Total Input Jitter      (TIJ):    0.000ns
    Discrete Jitter          (DJ):    0.000ns
    Phase Error              (PE):    0.000ns

    Location             Delay type                Incr(ns)  Path(ns)    Netlist Resource(s)
  -------------------------------------------------------------------    -------------------
                         (clock clk_i rise edge)      0.000     0.000 r  
                         propagated clock network latency
                                                      1.790     1.790    
    RAMB36_X1Y2          RAMB36E1                     0.000     1.790 r  u_tcm/u_ram/ram_reg_0_3/CLKARDCLK
    RAMB36_X1Y2          RAMB36E1 (Prop_ramb36e1_CLKARDCLK_DOADO[1])
                                                      2.454     4.244 r  u_tcm/u_ram/ram_reg_0_3/DOADO[1]
                         net (fo=6, routed)           1.180     5.425    u_core/u_lsu/u_lsu_request/ram_read1_q[1]
    SLICE_X21Y17         LUT6 (Prop_lut6_I2_O)        0.124     5.549 r  u_core/u_lsu/u_lsu_request/result_wb_q[31]_i_8/O
                         net (fo=1, routed)           0.670     6.219    u_core/u_lsu/u_lsu_request/result_wb_q[31]_i_8_n_0
    SLICE_X21Y17         LUT6 (Prop_lut6_I1_O)        0.124     6.343 r  u_core/u_lsu/u_lsu_request/result_wb_q[31]_i_3/O
                         net (fo=29, routed)          1.322     7.665    u_core/u_lsu/u_lsu_request/result_wb_q[31]_i_3_n_0
    SLICE_X17Y13         LUT6 (Prop_lut6_I2_O)        0.124     7.789 r  u_core/u_lsu/u_lsu_request/result_wb_q[10]_i_1/O
                         net (fo=3, routed)           0.597     8.386    u_core/u_issue/u_pipe_ctrl/result_wb_q_reg[31]_1[5]
    SLICE_X16Y13         LUT6 (Prop_lut6_I2_O)        0.124     8.510 r  u_core/u_issue/u_pipe_ctrl/sub_res_w_carry__1_i_10/O
                         net (fo=15, routed)          0.529     9.039    u_core/u_issue/u_pipe_ctrl/result_q_reg[11][2]
    SLICE_X19Y15         CARRY4 (Prop_carry4_DI[2]_CO[3])
                                                      0.398     9.437 r  u_core/u_issue/u_pipe_ctrl/buffer_q_reg[66]_i_125/CO[3]
                         net (fo=1, routed)           0.000     9.437    u_core/u_issue/u_pipe_ctrl/buffer_q_reg[66]_i_125_n_0
    SLICE_X19Y16         CARRY4 (Prop_carry4_CI_CO[3])
                                                      0.114     9.551 r  u_core/u_issue/u_pipe_ctrl/buffer_q_reg[66]_i_115/CO[3]
                         net (fo=1, routed)           0.000     9.551    u_core/u_issue/u_pipe_ctrl/buffer_q_reg[66]_i_115_n_0
    SLICE_X19Y17         CARRY4 (Prop_carry4_CI_CO[3])
                                                      0.114     9.665 r  u_core/u_issue/u_pipe_ctrl/buffer_q_reg[66]_i_97/CO[3]
                         net (fo=1, routed)           0.000     9.665    u_core/u_issue/u_pipe_ctrl/buffer_q_reg[66]_i_97_n_0
    SLICE_X19Y18         CARRY4 (Prop_carry4_CI_CO[3])
                                                      0.114     9.779 r  u_core/u_issue/u_pipe_ctrl/buffer_q_reg[66]_i_74/CO[3]
                         net (fo=1, routed)           0.000     9.779    u_core/u_issue/u_pipe_ctrl/buffer_q_reg[66]_i_74_n_0
    SLICE_X19Y19         CARRY4 (Prop_carry4_CI_CO[3])
                                                      0.114     9.893 r  u_core/u_issue/u_pipe_ctrl/buffer_q_reg[66]_i_46/CO[3]
                         net (fo=1, routed)           0.000     9.893    u_core/u_issue/u_pipe_ctrl/buffer_q_reg[66]_i_46_n_0
    SLICE_X19Y20         CARRY4 (Prop_carry4_CI_O[3])
                                                      0.313    10.206 r  u_core/u_issue/u_pipe_ctrl/buffer_q_reg[66]_i_22/O[3]
                         net (fo=1, routed)           0.452    10.658    u_core/u_issue/u_pipe_ctrl/u_exec/less_than_signed01_out[31]
    SLICE_X16Y17         LUT3 (Prop_lut3_I2_O)        0.306    10.964 r  u_core/u_issue/u_pipe_ctrl/buffer_q[66]_i_14/O
                         net (fo=1, routed)           0.629    11.594    u_core/u_decode/buffer_q[66]_i_4_0
    SLICE_X14Y16         LUT6 (Prop_lut6_I3_O)        0.124    11.718 r  u_core/u_decode/buffer_q[66]_i_9_comp_1/O
                         net (fo=3, routed)           0.344    12.062    u_core/u_decode/buffer_q[66]_i_9_n_0
    SLICE_X17Y17         LUT6 (Prop_lut6_I5_O)        0.124    12.186 r  u_core/u_decode/buffer_q[66]_i_4/O
                         net (fo=101, routed)         0.742    12.928    u_core/u_fetch/branch_d_exec_request_w
    SLICE_X16Y19         LUT6 (Prop_lut6_I3_O)        0.124    13.052 r  u_core/u_fetch/branch_pc_q[31]_i_1/O
                         net (fo=31, routed)          0.553    13.605    u_core/u_fetch/branch_pc_q[31]_i_1_n_0
    SLICE_X16Y22         FDCE                                         r  u_core/u_fetch/branch_pc_q_reg[25]/CE
  -------------------------------------------------------------------    -------------------

                         (clock clk_i rise edge)     10.000    10.000 r  
                         propagated clock network latency
                                                      1.566    11.566    
                         clock pessimism              0.115    11.681    
                         clock uncertainty           -0.035    11.646    
    SLICE_X16Y22         FDCE (Setup_fdce_C_CE)      -0.169    11.477    u_core/u_fetch/branch_pc_q_reg[25]
  -------------------------------------------------------------------
                         required time                         11.477    
                         arrival time                         -13.605    
  -------------------------------------------------------------------
                         slack                                 -2.128    

Slack (VIOLATED) :        -2.128ns  (required time - arrival time)
  Source:                 u_tcm/u_ram/ram_reg_0_3/CLKARDCLK
                            (rising edge-triggered cell RAMB36E1 clocked by clk_i  {rise@0.000ns fall@5.000ns period=10.000ns})
  Destination:            u_core/u_fetch/branch_pc_q_reg[26]/CE
                            (rising edge-triggered cell FDCE clocked by clk_i  {rise@0.000ns fall@5.000ns period=10.000ns})
  Path Group:             clk_i
  Path Type:              Setup (Max at Slow Process Corner)
  Requirement:            10.000ns  (clk_i rise@10.000ns - clk_i rise@0.000ns)
  Data Path Delay:        11.815ns  (logic 4.795ns (40.586%)  route 7.020ns (59.414%))
  Logic Levels:           14  (CARRY4=6 LUT3=1 LUT6=7)
  Clock Path Skew:        -0.109ns (DCD - SCD + CPR)
    Destination Clock Delay (DCD):    1.566ns = ( 11.566 - 10.000 ) 
    Source Clock Delay      (SCD):    1.790ns
    Clock Pessimism Removal (CPR):    0.115ns
  Clock Uncertainty:      0.035ns  ((TSJ^2 + TIJ^2)^1/2 + DJ) / 2 + PE
    Total System Jitter     (TSJ):    0.071ns
    Total Input Jitter      (TIJ):    0.000ns
    Discrete Jitter          (DJ):    0.000ns
    Phase Error              (PE):    0.000ns

    Location             Delay type                Incr(ns)  Path(ns)    Netlist Resource(s)
  -------------------------------------------------------------------    -------------------
                         (clock clk_i rise edge)      0.000     0.000 r  
                         propagated clock network latency
                                                      1.790     1.790    
    RAMB36_X1Y2          RAMB36E1                     0.000     1.790 r  u_tcm/u_ram/ram_reg_0_3/CLKARDCLK
    RAMB36_X1Y2          RAMB36E1 (Prop_ramb36e1_CLKARDCLK_DOADO[1])
                                                      2.454     4.244 r  u_tcm/u_ram/ram_reg_0_3/DOADO[1]
                         net (fo=6, routed)           1.180     5.425    u_core/u_lsu/u_lsu_request/ram_read1_q[1]
    SLICE_X21Y17         LUT6 (Prop_lut6_I2_O)        0.124     5.549 r  u_core/u_lsu/u_lsu_request/result_wb_q[31]_i_8/O
                         net (fo=1, routed)           0.670     6.219    u_core/u_lsu/u_lsu_request/result_wb_q[31]_i_8_n_0
    SLICE_X21Y17         LUT6 (Prop_lut6_I1_O)        0.124     6.343 r  u_core/u_lsu/u_lsu_request/result_wb_q[31]_i_3/O
                         net (fo=29, routed)          1.322     7.665    u_core/u_lsu/u_lsu_request/result_wb_q[31]_i_3_n_0
    SLICE_X17Y13         LUT6 (Prop_lut6_I2_O)        0.124     7.789 r  u_core/u_lsu/u_lsu_request/result_wb_q[10]_i_1/O
                         net (fo=3, routed)           0.597     8.386    u_core/u_issue/u_pipe_ctrl/result_wb_q_reg[31]_1[5]
    SLICE_X16Y13         LUT6 (Prop_lut6_I2_O)        0.124     8.510 r  u_core/u_issue/u_pipe_ctrl/sub_res_w_carry__1_i_10/O
                         net (fo=15, routed)          0.529     9.039    u_core/u_issue/u_pipe_ctrl/result_q_reg[11][2]
    SLICE_X19Y15         CARRY4 (Prop_carry4_DI[2]_CO[3])
                                                      0.398     9.437 r  u_core/u_issue/u_pipe_ctrl/buffer_q_reg[66]_i_125/CO[3]
                         net (fo=1, routed)           0.000     9.437    u_core/u_issue/u_pipe_ctrl/buffer_q_reg[66]_i_125_n_0
    SLICE_X19Y16         CARRY4 (Prop_carry4_CI_CO[3])
                                                      0.114     9.551 r  u_core/u_issue/u_pipe_ctrl/buffer_q_reg[66]_i_115/CO[3]
                         net (fo=1, routed)           0.000     9.551    u_core/u_issue/u_pipe_ctrl/buffer_q_reg[66]_i_115_n_0
    SLICE_X19Y17         CARRY4 (Prop_carry4_CI_CO[3])
                                                      0.114     9.665 r  u_core/u_issue/u_pipe_ctrl/buffer_q_reg[66]_i_97/CO[3]
                         net (fo=1, routed)           0.000     9.665    u_core/u_issue/u_pipe_ctrl/buffer_q_reg[66]_i_97_n_0
    SLICE_X19Y18         CARRY4 (Prop_carry4_CI_CO[3])
                                                      0.114     9.779 r  u_core/u_issue/u_pipe_ctrl/buffer_q_reg[66]_i_74/CO[3]
                         net (fo=1, routed)           0.000     9.779    u_core/u_issue/u_pipe_ctrl/buffer_q_reg[66]_i_74_n_0
    SLICE_X19Y19         CARRY4 (Prop_carry4_CI_CO[3])
                                                      0.114     9.893 r  u_core/u_issue/u_pipe_ctrl/buffer_q_reg[66]_i_46/CO[3]
                         net (fo=1, routed)           0.000     9.893    u_core/u_issue/u_pipe_ctrl/buffer_q_reg[66]_i_46_n_0
    SLICE_X19Y20         CARRY4 (Prop_carry4_CI_O[3])
                                                      0.313    10.206 r  u_core/u_issue/u_pipe_ctrl/buffer_q_reg[66]_i_22/O[3]
                         net (fo=1, routed)           0.452    10.658    u_core/u_issue/u_pipe_ctrl/u_exec/less_than_signed01_out[31]
    SLICE_X16Y17         LUT3 (Prop_lut3_I2_O)        0.306    10.964 r  u_core/u_issue/u_pipe_ctrl/buffer_q[66]_i_14/O
                         net (fo=1, routed)           0.629    11.594    u_core/u_decode/buffer_q[66]_i_4_0
    SLICE_X14Y16         LUT6 (Prop_lut6_I3_O)        0.124    11.718 r  u_core/u_decode/buffer_q[66]_i_9_comp_1/O
                         net (fo=3, routed)           0.344    12.062    u_core/u_decode/buffer_q[66]_i_9_n_0
    SLICE_X17Y17         LUT6 (Prop_lut6_I5_O)        0.124    12.186 r  u_core/u_decode/buffer_q[66]_i_4/O
                         net (fo=101, routed)         0.742    12.928    u_core/u_fetch/branch_d_exec_request_w
    SLICE_X16Y19         LUT6 (Prop_lut6_I3_O)        0.124    13.052 r  u_core/u_fetch/branch_pc_q[31]_i_1/O
                         net (fo=31, routed)          0.553    13.605    u_core/u_fetch/branch_pc_q[31]_i_1_n_0
    SLICE_X16Y22         FDCE                                         r  u_core/u_fetch/branch_pc_q_reg[26]/CE
  -------------------------------------------------------------------    -------------------

                         (clock clk_i rise edge)     10.000    10.000 r  
                         propagated clock network latency
                                                      1.566    11.566    
                         clock pessimism              0.115    11.681    
                         clock uncertainty           -0.035    11.646    
    SLICE_X16Y22         FDCE (Setup_fdce_C_CE)      -0.169    11.477    u_core/u_fetch/branch_pc_q_reg[26]
  -------------------------------------------------------------------
                         required time                         11.477    
                         arrival time                         -13.605    
  -------------------------------------------------------------------
                         slack                                 -2.128    

Slack (VIOLATED) :        -2.128ns  (required time - arrival time)
  Source:                 u_tcm/u_ram/ram_reg_0_3/CLKARDCLK
                            (rising edge-triggered cell RAMB36E1 clocked by clk_i  {rise@0.000ns fall@5.000ns period=10.000ns})
  Destination:            u_core/u_fetch/branch_pc_q_reg[29]/CE
                            (rising edge-triggered cell FDCE clocked by clk_i  {rise@0.000ns fall@5.000ns period=10.000ns})
  Path Group:             clk_i
  Path Type:              Setup (Max at Slow Process Corner)
  Requirement:            10.000ns  (clk_i rise@10.000ns - clk_i rise@0.000ns)
  Data Path Delay:        11.815ns  (logic 4.795ns (40.586%)  route 7.020ns (59.414%))
  Logic Levels:           14  (CARRY4=6 LUT3=1 LUT6=7)
  Clock Path Skew:        -0.109ns (DCD - SCD + CPR)
    Destination Clock Delay (DCD):    1.566ns = ( 11.566 - 10.000 ) 
    Source Clock Delay      (SCD):    1.790ns
    Clock Pessimism Removal (CPR):    0.115ns
  Clock Uncertainty:      0.035ns  ((TSJ^2 + TIJ^2)^1/2 + DJ) / 2 + PE
    Total System Jitter     (TSJ):    0.071ns
    Total Input Jitter      (TIJ):    0.000ns
    Discrete Jitter          (DJ):    0.000ns
    Phase Error              (PE):    0.000ns

    Location             Delay type                Incr(ns)  Path(ns)    Netlist Resource(s)
  -------------------------------------------------------------------    -------------------
                         (clock clk_i rise edge)      0.000     0.000 r  
                         propagated clock network latency
                                                      1.790     1.790    
    RAMB36_X1Y2          RAMB36E1                     0.000     1.790 r  u_tcm/u_ram/ram_reg_0_3/CLKARDCLK
    RAMB36_X1Y2          RAMB36E1 (Prop_ramb36e1_CLKARDCLK_DOADO[1])
                                                      2.454     4.244 r  u_tcm/u_ram/ram_reg_0_3/DOADO[1]
                         net (fo=6, routed)           1.180     5.425    u_core/u_lsu/u_lsu_request/ram_read1_q[1]
    SLICE_X21Y17         LUT6 (Prop_lut6_I2_O)        0.124     5.549 r  u_core/u_lsu/u_lsu_request/result_wb_q[31]_i_8/O
                         net (fo=1, routed)           0.670     6.219    u_core/u_lsu/u_lsu_request/result_wb_q[31]_i_8_n_0
    SLICE_X21Y17         LUT6 (Prop_lut6_I1_O)        0.124     6.343 r  u_core/u_lsu/u_lsu_request/result_wb_q[31]_i_3/O
                         net (fo=29, routed)          1.322     7.665    u_core/u_lsu/u_lsu_request/result_wb_q[31]_i_3_n_0
    SLICE_X17Y13         LUT6 (Prop_lut6_I2_O)        0.124     7.789 r  u_core/u_lsu/u_lsu_request/result_wb_q[10]_i_1/O
                         net (fo=3, routed)           0.597     8.386    u_core/u_issue/u_pipe_ctrl/result_wb_q_reg[31]_1[5]
    SLICE_X16Y13         LUT6 (Prop_lut6_I2_O)        0.124     8.510 r  u_core/u_issue/u_pipe_ctrl/sub_res_w_carry__1_i_10/O
                         net (fo=15, routed)          0.529     9.039    u_core/u_issue/u_pipe_ctrl/result_q_reg[11][2]
    SLICE_X19Y15         CARRY4 (Prop_carry4_DI[2]_CO[3])
                                                      0.398     9.437 r  u_core/u_issue/u_pipe_ctrl/buffer_q_reg[66]_i_125/CO[3]
                         net (fo=1, routed)           0.000     9.437    u_core/u_issue/u_pipe_ctrl/buffer_q_reg[66]_i_125_n_0
    SLICE_X19Y16         CARRY4 (Prop_carry4_CI_CO[3])
                                                      0.114     9.551 r  u_core/u_issue/u_pipe_ctrl/buffer_q_reg[66]_i_115/CO[3]
                         net (fo=1, routed)           0.000     9.551    u_core/u_issue/u_pipe_ctrl/buffer_q_reg[66]_i_115_n_0
    SLICE_X19Y17         CARRY4 (Prop_carry4_CI_CO[3])
                                                      0.114     9.665 r  u_core/u_issue/u_pipe_ctrl/buffer_q_reg[66]_i_97/CO[3]
                         net (fo=1, routed)           0.000     9.665    u_core/u_issue/u_pipe_ctrl/buffer_q_reg[66]_i_97_n_0
    SLICE_X19Y18         CARRY4 (Prop_carry4_CI_CO[3])
                                                      0.114     9.779 r  u_core/u_issue/u_pipe_ctrl/buffer_q_reg[66]_i_74/CO[3]
                         net (fo=1, routed)           0.000     9.779    u_core/u_issue/u_pipe_ctrl/buffer_q_reg[66]_i_74_n_0
    SLICE_X19Y19         CARRY4 (Prop_carry4_CI_CO[3])
                                                      0.114     9.893 r  u_core/u_issue/u_pipe_ctrl/buffer_q_reg[66]_i_46/CO[3]
                         net (fo=1, routed)           0.000     9.893    u_core/u_issue/u_pipe_ctrl/buffer_q_reg[66]_i_46_n_0
    SLICE_X19Y20         CARRY4 (Prop_carry4_CI_O[3])
                                                      0.313    10.206 r  u_core/u_issue/u_pipe_ctrl/buffer_q_reg[66]_i_22/O[3]
                         net (fo=1, routed)           0.452    10.658    u_core/u_issue/u_pipe_ctrl/u_exec/less_than_signed01_out[31]
    SLICE_X16Y17         LUT3 (Prop_lut3_I2_O)        0.306    10.964 r  u_core/u_issue/u_pipe_ctrl/buffer_q[66]_i_14/O
                         net (fo=1, routed)           0.629    11.594    u_core/u_decode/buffer_q[66]_i_4_0
    SLICE_X14Y16         LUT6 (Prop_lut6_I3_O)        0.124    11.718 r  u_core/u_decode/buffer_q[66]_i_9_comp_1/O
                         net (fo=3, routed)           0.344    12.062    u_core/u_decode/buffer_q[66]_i_9_n_0
    SLICE_X17Y17         LUT6 (Prop_lut6_I5_O)        0.124    12.186 r  u_core/u_decode/buffer_q[66]_i_4/O
                         net (fo=101, routed)         0.742    12.928    u_core/u_fetch/branch_d_exec_request_w
    SLICE_X16Y19         LUT6 (Prop_lut6_I3_O)        0.124    13.052 r  u_core/u_fetch/branch_pc_q[31]_i_1/O
                         net (fo=31, routed)          0.553    13.605    u_core/u_fetch/branch_pc_q[31]_i_1_n_0
    SLICE_X16Y22         FDCE                                         r  u_core/u_fetch/branch_pc_q_reg[29]/CE
  -------------------------------------------------------------------    -------------------

                         (clock clk_i rise edge)     10.000    10.000 r  
                         propagated clock network latency
                                                      1.566    11.566    
                         clock pessimism              0.115    11.681    
                         clock uncertainty           -0.035    11.646    
    SLICE_X16Y22         FDCE (Setup_fdce_C_CE)      -0.169    11.477    u_core/u_fetch/branch_pc_q_reg[29]
  -------------------------------------------------------------------
                         required time                         11.477    
                         arrival time                         -13.605    
  -------------------------------------------------------------------
                         slack                                 -2.128    

Slack (VIOLATED) :        -2.128ns  (required time - arrival time)
  Source:                 u_tcm/u_ram/ram_reg_0_3/CLKARDCLK
                            (rising edge-triggered cell RAMB36E1 clocked by clk_i  {rise@0.000ns fall@5.000ns period=10.000ns})
  Destination:            u_core/u_fetch/branch_pc_q_reg[6]/CE
                            (rising edge-triggered cell FDCE clocked by clk_i  {rise@0.000ns fall@5.000ns period=10.000ns})
  Path Group:             clk_i
  Path Type:              Setup (Max at Slow Process Corner)
  Requirement:            10.000ns  (clk_i rise@10.000ns - clk_i rise@0.000ns)
  Data Path Delay:        11.815ns  (logic 4.795ns (40.586%)  route 7.020ns (59.414%))
  Logic Levels:           14  (CARRY4=6 LUT3=1 LUT6=7)
  Clock Path Skew:        -0.109ns (DCD - SCD + CPR)
    Destination Clock Delay (DCD):    1.566ns = ( 11.566 - 10.000 ) 
    Source Clock Delay      (SCD):    1.790ns
    Clock Pessimism Removal (CPR):    0.115ns
  Clock Uncertainty:      0.035ns  ((TSJ^2 + TIJ^2)^1/2 + DJ) / 2 + PE
    Total System Jitter     (TSJ):    0.071ns
    Total Input Jitter      (TIJ):    0.000ns
    Discrete Jitter          (DJ):    0.000ns
    Phase Error              (PE):    0.000ns

    Location             Delay type                Incr(ns)  Path(ns)    Netlist Resource(s)
  -------------------------------------------------------------------    -------------------
                         (clock clk_i rise edge)      0.000     0.000 r  
                         propagated clock network latency
                                                      1.790     1.790    
    RAMB36_X1Y2          RAMB36E1                     0.000     1.790 r  u_tcm/u_ram/ram_reg_0_3/CLKARDCLK
    RAMB36_X1Y2          RAMB36E1 (Prop_ramb36e1_CLKARDCLK_DOADO[1])
                                                      2.454     4.244 r  u_tcm/u_ram/ram_reg_0_3/DOADO[1]
                         net (fo=6, routed)           1.180     5.425    u_core/u_lsu/u_lsu_request/ram_read1_q[1]
    SLICE_X21Y17         LUT6 (Prop_lut6_I2_O)        0.124     5.549 r  u_core/u_lsu/u_lsu_request/result_wb_q[31]_i_8/O
                         net (fo=1, routed)           0.670     6.219    u_core/u_lsu/u_lsu_request/result_wb_q[31]_i_8_n_0
    SLICE_X21Y17         LUT6 (Prop_lut6_I1_O)        0.124     6.343 r  u_core/u_lsu/u_lsu_request/result_wb_q[31]_i_3/O
                         net (fo=29, routed)          1.322     7.665    u_core/u_lsu/u_lsu_request/result_wb_q[31]_i_3_n_0
    SLICE_X17Y13         LUT6 (Prop_lut6_I2_O)        0.124     7.789 r  u_core/u_lsu/u_lsu_request/result_wb_q[10]_i_1/O
                         net (fo=3, routed)           0.597     8.386    u_core/u_issue/u_pipe_ctrl/result_wb_q_reg[31]_1[5]
    SLICE_X16Y13         LUT6 (Prop_lut6_I2_O)        0.124     8.510 r  u_core/u_issue/u_pipe_ctrl/sub_res_w_carry__1_i_10/O
                         net (fo=15, routed)          0.529     9.039    u_core/u_issue/u_pipe_ctrl/result_q_reg[11][2]
    SLICE_X19Y15         CARRY4 (Prop_carry4_DI[2]_CO[3])
                                                      0.398     9.437 r  u_core/u_issue/u_pipe_ctrl/buffer_q_reg[66]_i_125/CO[3]
                         net (fo=1, routed)           0.000     9.437    u_core/u_issue/u_pipe_ctrl/buffer_q_reg[66]_i_125_n_0
    SLICE_X19Y16         CARRY4 (Prop_carry4_CI_CO[3])
                                                      0.114     9.551 r  u_core/u_issue/u_pipe_ctrl/buffer_q_reg[66]_i_115/CO[3]
                         net (fo=1, routed)           0.000     9.551    u_core/u_issue/u_pipe_ctrl/buffer_q_reg[66]_i_115_n_0
    SLICE_X19Y17         CARRY4 (Prop_carry4_CI_CO[3])
                                                      0.114     9.665 r  u_core/u_issue/u_pipe_ctrl/buffer_q_reg[66]_i_97/CO[3]
                         net (fo=1, routed)           0.000     9.665    u_core/u_issue/u_pipe_ctrl/buffer_q_reg[66]_i_97_n_0
    SLICE_X19Y18         CARRY4 (Prop_carry4_CI_CO[3])
                                                      0.114     9.779 r  u_core/u_issue/u_pipe_ctrl/buffer_q_reg[66]_i_74/CO[3]
                         net (fo=1, routed)           0.000     9.779    u_core/u_issue/u_pipe_ctrl/buffer_q_reg[66]_i_74_n_0
    SLICE_X19Y19         CARRY4 (Prop_carry4_CI_CO[3])
                                                      0.114     9.893 r  u_core/u_issue/u_pipe_ctrl/buffer_q_reg[66]_i_46/CO[3]
                         net (fo=1, routed)           0.000     9.893    u_core/u_issue/u_pipe_ctrl/buffer_q_reg[66]_i_46_n_0
    SLICE_X19Y20         CARRY4 (Prop_carry4_CI_O[3])
                                                      0.313    10.206 r  u_core/u_issue/u_pipe_ctrl/buffer_q_reg[66]_i_22/O[3]
                         net (fo=1, routed)           0.452    10.658    u_core/u_issue/u_pipe_ctrl/u_exec/less_than_signed01_out[31]
    SLICE_X16Y17         LUT3 (Prop_lut3_I2_O)        0.306    10.964 r  u_core/u_issue/u_pipe_ctrl/buffer_q[66]_i_14/O
                         net (fo=1, routed)           0.629    11.594    u_core/u_decode/buffer_q[66]_i_4_0
    SLICE_X14Y16         LUT6 (Prop_lut6_I3_O)        0.124    11.718 r  u_core/u_decode/buffer_q[66]_i_9_comp_1/O
                         net (fo=3, routed)           0.344    12.062    u_core/u_decode/buffer_q[66]_i_9_n_0
    SLICE_X17Y17         LUT6 (Prop_lut6_I5_O)        0.124    12.186 r  u_core/u_decode/buffer_q[66]_i_4/O
                         net (fo=101, routed)         0.742    12.928    u_core/u_fetch/branch_d_exec_request_w
    SLICE_X16Y19         LUT6 (Prop_lut6_I3_O)        0.124    13.052 r  u_core/u_fetch/branch_pc_q[31]_i_1/O
                         net (fo=31, routed)          0.553    13.605    u_core/u_fetch/branch_pc_q[31]_i_1_n_0
    SLICE_X16Y22         FDCE                                         r  u_core/u_fetch/branch_pc_q_reg[6]/CE
  -------------------------------------------------------------------    -------------------

                         (clock clk_i rise edge)     10.000    10.000 r  
                         propagated clock network latency
                                                      1.566    11.566    
                         clock pessimism              0.115    11.681    
                         clock uncertainty           -0.035    11.646    
    SLICE_X16Y22         FDCE (Setup_fdce_C_CE)      -0.169    11.477    u_core/u_fetch/branch_pc_q_reg[6]
  -------------------------------------------------------------------
                         required time                         11.477    
                         arrival time                         -13.605    
  -------------------------------------------------------------------
                         slack                                 -2.128    

Slack (VIOLATED) :        -2.100ns  (required time - arrival time)
  Source:                 u_tcm/u_ram/ram_reg_0_3/CLKARDCLK
                            (rising edge-triggered cell RAMB36E1 clocked by clk_i  {rise@0.000ns fall@5.000ns period=10.000ns})
  Destination:            u_core/u_fetch/branch_pc_q_reg[2]/CE
                            (rising edge-triggered cell FDCE clocked by clk_i  {rise@0.000ns fall@5.000ns period=10.000ns})
  Path Group:             clk_i
  Path Type:              Setup (Max at Slow Process Corner)
  Requirement:            10.000ns  (clk_i rise@10.000ns - clk_i rise@0.000ns)
  Data Path Delay:        11.793ns  (logic 4.795ns (40.659%)  route 6.998ns (59.341%))
  Logic Levels:           14  (CARRY4=6 LUT3=1 LUT6=7)
  Clock Path Skew:        -0.102ns (DCD - SCD + CPR)
    Destination Clock Delay (DCD):    1.573ns = ( 11.573 - 10.000 ) 
    Source Clock Delay      (SCD):    1.790ns
    Clock Pessimism Removal (CPR):    0.115ns
  Clock Uncertainty:      0.035ns  ((TSJ^2 + TIJ^2)^1/2 + DJ) / 2 + PE
    Total System Jitter     (TSJ):    0.071ns
    Total Input Jitter      (TIJ):    0.000ns
    Discrete Jitter          (DJ):    0.000ns
    Phase Error              (PE):    0.000ns

    Location             Delay type                Incr(ns)  Path(ns)    Netlist Resource(s)
  -------------------------------------------------------------------    -------------------
                         (clock clk_i rise edge)      0.000     0.000 r  
                         propagated clock network latency
                                                      1.790     1.790    
    RAMB36_X1Y2          RAMB36E1                     0.000     1.790 r  u_tcm/u_ram/ram_reg_0_3/CLKARDCLK
    RAMB36_X1Y2          RAMB36E1 (Prop_ramb36e1_CLKARDCLK_DOADO[1])
                                                      2.454     4.244 r  u_tcm/u_ram/ram_reg_0_3/DOADO[1]
                         net (fo=6, routed)           1.180     5.425    u_core/u_lsu/u_lsu_request/ram_read1_q[1]
    SLICE_X21Y17         LUT6 (Prop_lut6_I2_O)        0.124     5.549 r  u_core/u_lsu/u_lsu_request/result_wb_q[31]_i_8/O
                         net (fo=1, routed)           0.670     6.219    u_core/u_lsu/u_lsu_request/result_wb_q[31]_i_8_n_0
    SLICE_X21Y17         LUT6 (Prop_lut6_I1_O)        0.124     6.343 r  u_core/u_lsu/u_lsu_request/result_wb_q[31]_i_3/O
                         net (fo=29, routed)          1.322     7.665    u_core/u_lsu/u_lsu_request/result_wb_q[31]_i_3_n_0
    SLICE_X17Y13         LUT6 (Prop_lut6_I2_O)        0.124     7.789 r  u_core/u_lsu/u_lsu_request/result_wb_q[10]_i_1/O
                         net (fo=3, routed)           0.597     8.386    u_core/u_issue/u_pipe_ctrl/result_wb_q_reg[31]_1[5]
    SLICE_X16Y13         LUT6 (Prop_lut6_I2_O)        0.124     8.510 r  u_core/u_issue/u_pipe_ctrl/sub_res_w_carry__1_i_10/O
                         net (fo=15, routed)          0.529     9.039    u_core/u_issue/u_pipe_ctrl/result_q_reg[11][2]
    SLICE_X19Y15         CARRY4 (Prop_carry4_DI[2]_CO[3])
                                                      0.398     9.437 r  u_core/u_issue/u_pipe_ctrl/buffer_q_reg[66]_i_125/CO[3]
                         net (fo=1, routed)           0.000     9.437    u_core/u_issue/u_pipe_ctrl/buffer_q_reg[66]_i_125_n_0
    SLICE_X19Y16         CARRY4 (Prop_carry4_CI_CO[3])
                                                      0.114     9.551 r  u_core/u_issue/u_pipe_ctrl/buffer_q_reg[66]_i_115/CO[3]
                         net (fo=1, routed)           0.000     9.551    u_core/u_issue/u_pipe_ctrl/buffer_q_reg[66]_i_115_n_0
    SLICE_X19Y17         CARRY4 (Prop_carry4_CI_CO[3])
                                                      0.114     9.665 r  u_core/u_issue/u_pipe_ctrl/buffer_q_reg[66]_i_97/CO[3]
                         net (fo=1, routed)           0.000     9.665    u_core/u_issue/u_pipe_ctrl/buffer_q_reg[66]_i_97_n_0
    SLICE_X19Y18         CARRY4 (Prop_carry4_CI_CO[3])
                                                      0.114     9.779 r  u_core/u_issue/u_pipe_ctrl/buffer_q_reg[66]_i_74/CO[3]
                         net (fo=1, routed)           0.000     9.779    u_core/u_issue/u_pipe_ctrl/buffer_q_reg[66]_i_74_n_0
    SLICE_X19Y19         CARRY4 (Prop_carry4_CI_CO[3])
                                                      0.114     9.893 r  u_core/u_issue/u_pipe_ctrl/buffer_q_reg[66]_i_46/CO[3]
                         net (fo=1, routed)           0.000     9.893    u_core/u_issue/u_pipe_ctrl/buffer_q_reg[66]_i_46_n_0
    SLICE_X19Y20         CARRY4 (Prop_carry4_CI_O[3])
                                                      0.313    10.206 r  u_core/u_issue/u_pipe_ctrl/buffer_q_reg[66]_i_22/O[3]
                         net (fo=1, routed)           0.452    10.658    u_core/u_issue/u_pipe_ctrl/u_exec/less_than_signed01_out[31]
    SLICE_X16Y17         LUT3 (Prop_lut3_I2_O)        0.306    10.964 r  u_core/u_issue/u_pipe_ctrl/buffer_q[66]_i_14/O
                         net (fo=1, routed)           0.629    11.594    u_core/u_decode/buffer_q[66]_i_4_0
    SLICE_X14Y16         LUT6 (Prop_lut6_I3_O)        0.124    11.718 r  u_core/u_decode/buffer_q[66]_i_9_comp_1/O
                         net (fo=3, routed)           0.344    12.062    u_core/u_decode/buffer_q[66]_i_9_n_0
    SLICE_X17Y17         LUT6 (Prop_lut6_I5_O)        0.124    12.186 r  u_core/u_decode/buffer_q[66]_i_4/O
                         net (fo=101, routed)         0.742    12.928    u_core/u_fetch/branch_d_exec_request_w
    SLICE_X16Y19         LUT6 (Prop_lut6_I3_O)        0.124    13.052 r  u_core/u_fetch/branch_pc_q[31]_i_1/O
                         net (fo=31, routed)          0.532    13.584    u_core/u_fetch/branch_pc_q[31]_i_1_n_0
    SLICE_X16Y16         FDCE                                         r  u_core/u_fetch/branch_pc_q_reg[2]/CE
  -------------------------------------------------------------------    -------------------

                         (clock clk_i rise edge)     10.000    10.000 r  
                         propagated clock network latency
                                                      1.573    11.573    
                         clock pessimism              0.115    11.688    
                         clock uncertainty           -0.035    11.653    
    SLICE_X16Y16         FDCE (Setup_fdce_C_CE)      -0.169    11.484    u_core/u_fetch/branch_pc_q_reg[2]
  -------------------------------------------------------------------
                         required time                         11.484    
                         arrival time                         -13.584    
  -------------------------------------------------------------------
                         slack                                 -2.100    

Slack (VIOLATED) :        -2.078ns  (required time - arrival time)
  Source:                 u_tcm/u_ram/ram_reg_0_3/CLKARDCLK
                            (rising edge-triggered cell RAMB36E1 clocked by clk_i  {rise@0.000ns fall@5.000ns period=10.000ns})
  Destination:            u_core/u_decode/buffer_q_reg[44]/D
                            (rising edge-triggered cell FDCE clocked by clk_i  {rise@0.000ns fall@5.000ns period=10.000ns})
  Path Group:             clk_i
  Path Type:              Setup (Max at Slow Process Corner)
  Requirement:            10.000ns  (clk_i rise@10.000ns - clk_i rise@0.000ns)
  Data Path Delay:        11.886ns  (logic 4.795ns (40.343%)  route 7.091ns (59.657%))
  Logic Levels:           14  (CARRY4=6 LUT3=1 LUT5=1 LUT6=6)
  Clock Path Skew:        -0.110ns (DCD - SCD + CPR)
    Destination Clock Delay (DCD):    1.565ns = ( 11.565 - 10.000 ) 
    Source Clock Delay      (SCD):    1.790ns
    Clock Pessimism Removal (CPR):    0.115ns
  Clock Uncertainty:      0.035ns  ((TSJ^2 + TIJ^2)^1/2 + DJ) / 2 + PE
    Total System Jitter     (TSJ):    0.071ns
    Total Input Jitter      (TIJ):    0.000ns
    Discrete Jitter          (DJ):    0.000ns
    Phase Error              (PE):    0.000ns

    Location             Delay type                Incr(ns)  Path(ns)    Netlist Resource(s)
  -------------------------------------------------------------------    -------------------
                         (clock clk_i rise edge)      0.000     0.000 r  
                         propagated clock network latency
                                                      1.790     1.790    
    RAMB36_X1Y2          RAMB36E1                     0.000     1.790 r  u_tcm/u_ram/ram_reg_0_3/CLKARDCLK
    RAMB36_X1Y2          RAMB36E1 (Prop_ramb36e1_CLKARDCLK_DOADO[1])
                                                      2.454     4.244 r  u_tcm/u_ram/ram_reg_0_3/DOADO[1]
                         net (fo=6, routed)           1.180     5.425    u_core/u_lsu/u_lsu_request/ram_read1_q[1]
    SLICE_X21Y17         LUT6 (Prop_lut6_I2_O)        0.124     5.549 r  u_core/u_lsu/u_lsu_request/result_wb_q[31]_i_8/O
                         net (fo=1, routed)           0.670     6.219    u_core/u_lsu/u_lsu_request/result_wb_q[31]_i_8_n_0
    SLICE_X21Y17         LUT6 (Prop_lut6_I1_O)        0.124     6.343 r  u_core/u_lsu/u_lsu_request/result_wb_q[31]_i_3/O
                         net (fo=29, routed)          1.322     7.665    u_core/u_lsu/u_lsu_request/result_wb_q[31]_i_3_n_0
    SLICE_X17Y13         LUT6 (Prop_lut6_I2_O)        0.124     7.789 r  u_core/u_lsu/u_lsu_request/result_wb_q[10]_i_1/O
                         net (fo=3, routed)           0.597     8.386    u_core/u_issue/u_pipe_ctrl/result_wb_q_reg[31]_1[5]
    SLICE_X16Y13         LUT6 (Prop_lut6_I2_O)        0.124     8.510 r  u_core/u_issue/u_pipe_ctrl/sub_res_w_carry__1_i_10/O
                         net (fo=15, routed)          0.529     9.039    u_core/u_issue/u_pipe_ctrl/result_q_reg[11][2]
    SLICE_X19Y15         CARRY4 (Prop_carry4_DI[2]_CO[3])
                                                      0.398     9.437 r  u_core/u_issue/u_pipe_ctrl/buffer_q_reg[66]_i_125/CO[3]
                         net (fo=1, routed)           0.000     9.437    u_core/u_issue/u_pipe_ctrl/buffer_q_reg[66]_i_125_n_0
    SLICE_X19Y16         CARRY4 (Prop_carry4_CI_CO[3])
                                                      0.114     9.551 r  u_core/u_issue/u_pipe_ctrl/buffer_q_reg[66]_i_115/CO[3]
                         net (fo=1, routed)           0.000     9.551    u_core/u_issue/u_pipe_ctrl/buffer_q_reg[66]_i_115_n_0
    SLICE_X19Y17         CARRY4 (Prop_carry4_CI_CO[3])
                                                      0.114     9.665 r  u_core/u_issue/u_pipe_ctrl/buffer_q_reg[66]_i_97/CO[3]
                         net (fo=1, routed)           0.000     9.665    u_core/u_issue/u_pipe_ctrl/buffer_q_reg[66]_i_97_n_0
    SLICE_X19Y18         CARRY4 (Prop_carry4_CI_CO[3])
                                                      0.114     9.779 r  u_core/u_issue/u_pipe_ctrl/buffer_q_reg[66]_i_74/CO[3]
                         net (fo=1, routed)           0.000     9.779    u_core/u_issue/u_pipe_ctrl/buffer_q_reg[66]_i_74_n_0
    SLICE_X19Y19         CARRY4 (Prop_carry4_CI_CO[3])
                                                      0.114     9.893 r  u_core/u_issue/u_pipe_ctrl/buffer_q_reg[66]_i_46/CO[3]
                         net (fo=1, routed)           0.000     9.893    u_core/u_issue/u_pipe_ctrl/buffer_q_reg[66]_i_46_n_0
    SLICE_X19Y20         CARRY4 (Prop_carry4_CI_O[3])
                                                      0.313    10.206 f  u_core/u_issue/u_pipe_ctrl/buffer_q_reg[66]_i_22/O[3]
                         net (fo=1, routed)           0.452    10.658    u_core/u_issue/u_pipe_ctrl/u_exec/less_than_signed01_out[31]
    SLICE_X16Y17         LUT3 (Prop_lut3_I2_O)        0.306    10.964 f  u_core/u_issue/u_pipe_ctrl/buffer_q[66]_i_14/O
                         net (fo=1, routed)           0.629    11.594    u_core/u_decode/buffer_q[66]_i_4_0
    SLICE_X14Y16         LUT6 (Prop_lut6_I3_O)        0.124    11.718 f  u_core/u_decode/buffer_q[66]_i_9_comp_1/O
                         net (fo=3, routed)           0.344    12.062    u_core/u_decode/buffer_q[66]_i_9_n_0
    SLICE_X17Y17         LUT6 (Prop_lut6_I5_O)        0.124    12.186 f  u_core/u_decode/buffer_q[66]_i_4/O
                         net (fo=101, routed)         0.864    13.050    u_core/u_fetch/branch_d_exec_request_w
    SLICE_X18Y23         LUT5 (Prop_lut5_I3_O)        0.124    13.174 r  u_core/u_fetch/buffer_q[44]_i_1/O
                         net (fo=1, routed)           0.502    13.676    u_core/u_decode/buffer_q_reg[66]_0[42]
    SLICE_X19Y26         FDCE                                         r  u_core/u_decode/buffer_q_reg[44]/D
  -------------------------------------------------------------------    -------------------

                         (clock clk_i rise edge)     10.000    10.000 r  
                         propagated clock network latency
                                                      1.565    11.565    
                         clock pessimism              0.115    11.680    
                         clock uncertainty           -0.035    11.645    
    SLICE_X19Y26         FDCE (Setup_fdce_C_D)       -0.047    11.598    u_core/u_decode/buffer_q_reg[44]
  -------------------------------------------------------------------
                         required time                         11.598    
                         arrival time                         -13.676    
  -------------------------------------------------------------------
                         slack                                 -2.078    

Slack (VIOLATED) :        -2.067ns  (required time - arrival time)
  Source:                 u_tcm/u_ram/ram_reg_0_3/CLKARDCLK
                            (rising edge-triggered cell RAMB36E1 clocked by clk_i  {rise@0.000ns fall@5.000ns period=10.000ns})
  Destination:            u_core/u_decode/buffer_q_reg[33]/D
                            (rising edge-triggered cell FDCE clocked by clk_i  {rise@0.000ns fall@5.000ns period=10.000ns})
  Path Group:             clk_i
  Path Type:              Setup (Max at Slow Process Corner)
  Requirement:            10.000ns  (clk_i rise@10.000ns - clk_i rise@0.000ns)
  Data Path Delay:        11.891ns  (logic 4.795ns (40.325%)  route 7.096ns (59.675%))
  Logic Levels:           14  (CARRY4=6 LUT3=1 LUT5=1 LUT6=6)
  Clock Path Skew:        -0.112ns (DCD - SCD + CPR)
    Destination Clock Delay (DCD):    1.563ns = ( 11.563 - 10.000 ) 
    Source Clock Delay      (SCD):    1.790ns
    Clock Pessimism Removal (CPR):    0.115ns
  Clock Uncertainty:      0.035ns  ((TSJ^2 + TIJ^2)^1/2 + DJ) / 2 + PE
    Total System Jitter     (TSJ):    0.071ns
    Total Input Jitter      (TIJ):    0.000ns
    Discrete Jitter          (DJ):    0.000ns
    Phase Error              (PE):    0.000ns

    Location             Delay type                Incr(ns)  Path(ns)    Netlist Resource(s)
  -------------------------------------------------------------------    -------------------
                         (clock clk_i rise edge)      0.000     0.000 r  
                         propagated clock network latency
                                                      1.790     1.790    
    RAMB36_X1Y2          RAMB36E1                     0.000     1.790 r  u_tcm/u_ram/ram_reg_0_3/CLKARDCLK
    RAMB36_X1Y2          RAMB36E1 (Prop_ramb36e1_CLKARDCLK_DOADO[1])
                                                      2.454     4.244 r  u_tcm/u_ram/ram_reg_0_3/DOADO[1]
                         net (fo=6, routed)           1.180     5.425    u_core/u_lsu/u_lsu_request/ram_read1_q[1]
    SLICE_X21Y17         LUT6 (Prop_lut6_I2_O)        0.124     5.549 r  u_core/u_lsu/u_lsu_request/result_wb_q[31]_i_8/O
                         net (fo=1, routed)           0.670     6.219    u_core/u_lsu/u_lsu_request/result_wb_q[31]_i_8_n_0
    SLICE_X21Y17         LUT6 (Prop_lut6_I1_O)        0.124     6.343 r  u_core/u_lsu/u_lsu_request/result_wb_q[31]_i_3/O
                         net (fo=29, routed)          1.322     7.665    u_core/u_lsu/u_lsu_request/result_wb_q[31]_i_3_n_0
    SLICE_X17Y13         LUT6 (Prop_lut6_I2_O)        0.124     7.789 r  u_core/u_lsu/u_lsu_request/result_wb_q[10]_i_1/O
                         net (fo=3, routed)           0.597     8.386    u_core/u_issue/u_pipe_ctrl/result_wb_q_reg[31]_1[5]
    SLICE_X16Y13         LUT6 (Prop_lut6_I2_O)        0.124     8.510 r  u_core/u_issue/u_pipe_ctrl/sub_res_w_carry__1_i_10/O
                         net (fo=15, routed)          0.529     9.039    u_core/u_issue/u_pipe_ctrl/result_q_reg[11][2]
    SLICE_X19Y15         CARRY4 (Prop_carry4_DI[2]_CO[3])
                                                      0.398     9.437 r  u_core/u_issue/u_pipe_ctrl/buffer_q_reg[66]_i_125/CO[3]
                         net (fo=1, routed)           0.000     9.437    u_core/u_issue/u_pipe_ctrl/buffer_q_reg[66]_i_125_n_0
    SLICE_X19Y16         CARRY4 (Prop_carry4_CI_CO[3])
                                                      0.114     9.551 r  u_core/u_issue/u_pipe_ctrl/buffer_q_reg[66]_i_115/CO[3]
                         net (fo=1, routed)           0.000     9.551    u_core/u_issue/u_pipe_ctrl/buffer_q_reg[66]_i_115_n_0
    SLICE_X19Y17         CARRY4 (Prop_carry4_CI_CO[3])
                                                      0.114     9.665 r  u_core/u_issue/u_pipe_ctrl/buffer_q_reg[66]_i_97/CO[3]
                         net (fo=1, routed)           0.000     9.665    u_core/u_issue/u_pipe_ctrl/buffer_q_reg[66]_i_97_n_0
    SLICE_X19Y18         CARRY4 (Prop_carry4_CI_CO[3])
                                                      0.114     9.779 r  u_core/u_issue/u_pipe_ctrl/buffer_q_reg[66]_i_74/CO[3]
                         net (fo=1, routed)           0.000     9.779    u_core/u_issue/u_pipe_ctrl/buffer_q_reg[66]_i_74_n_0
    SLICE_X19Y19         CARRY4 (Prop_carry4_CI_CO[3])
                                                      0.114     9.893 r  u_core/u_issue/u_pipe_ctrl/buffer_q_reg[66]_i_46/CO[3]
                         net (fo=1, routed)           0.000     9.893    u_core/u_issue/u_pipe_ctrl/buffer_q_reg[66]_i_46_n_0
    SLICE_X19Y20         CARRY4 (Prop_carry4_CI_O[3])
                                                      0.313    10.206 f  u_core/u_issue/u_pipe_ctrl/buffer_q_reg[66]_i_22/O[3]
                         net (fo=1, routed)           0.452    10.658    u_core/u_issue/u_pipe_ctrl/u_exec/less_than_signed01_out[31]
    SLICE_X16Y17         LUT3 (Prop_lut3_I2_O)        0.306    10.964 f  u_core/u_issue/u_pipe_ctrl/buffer_q[66]_i_14/O
                         net (fo=1, routed)           0.629    11.594    u_core/u_decode/buffer_q[66]_i_4_0
    SLICE_X14Y16         LUT6 (Prop_lut6_I3_O)        0.124    11.718 f  u_core/u_decode/buffer_q[66]_i_9_comp_1/O
                         net (fo=3, routed)           0.344    12.062    u_core/u_decode/buffer_q[66]_i_9_n_0
    SLICE_X17Y17         LUT6 (Prop_lut6_I5_O)        0.124    12.186 f  u_core/u_decode/buffer_q[66]_i_4/O
                         net (fo=101, routed)         0.867    13.053    u_core/u_fetch/branch_d_exec_request_w
    SLICE_X18Y23         LUT5 (Prop_lut5_I3_O)        0.124    13.177 r  u_core/u_fetch/buffer_q[33]_i_1/O
                         net (fo=1, routed)           0.504    13.681    u_core/u_decode/buffer_q_reg[66]_0[31]
    SLICE_X18Y25         FDCE                                         r  u_core/u_decode/buffer_q_reg[33]/D
  -------------------------------------------------------------------    -------------------

                         (clock clk_i rise edge)     10.000    10.000 r  
                         propagated clock network latency
                                                      1.563    11.563    
                         clock pessimism              0.115    11.678    
                         clock uncertainty           -0.035    11.643    
    SLICE_X18Y25         FDCE (Setup_fdce_C_D)       -0.028    11.615    u_core/u_decode/buffer_q_reg[33]
  -------------------------------------------------------------------
                         required time                         11.615    
                         arrival time                         -13.681    
  -------------------------------------------------------------------
                         slack                                 -2.067    

Slack (VIOLATED) :        -2.063ns  (required time - arrival time)
  Source:                 u_tcm/u_ram/ram_reg_0_3/CLKARDCLK
                            (rising edge-triggered cell RAMB36E1 clocked by clk_i  {rise@0.000ns fall@5.000ns period=10.000ns})
  Destination:            u_core/u_fetch/branch_pc_q_reg[12]/D
                            (rising edge-triggered cell FDCE clocked by clk_i  {rise@0.000ns fall@5.000ns period=10.000ns})
  Path Group:             clk_i
  Path Type:              Setup (Max at Slow Process Corner)
  Requirement:            10.000ns  (clk_i rise@10.000ns - clk_i rise@0.000ns)
  Data Path Delay:        11.908ns  (logic 4.795ns (40.268%)  route 7.113ns (59.732%))
  Logic Levels:           14  (CARRY4=6 LUT3=1 LUT4=1 LUT6=6)
  Clock Path Skew:        -0.107ns (DCD - SCD + CPR)
    Destination Clock Delay (DCD):    1.568ns = ( 11.568 - 10.000 ) 
    Source Clock Delay      (SCD):    1.790ns
    Clock Pessimism Removal (CPR):    0.115ns
  Clock Uncertainty:      0.035ns  ((TSJ^2 + TIJ^2)^1/2 + DJ) / 2 + PE
    Total System Jitter     (TSJ):    0.071ns
    Total Input Jitter      (TIJ):    0.000ns
    Discrete Jitter          (DJ):    0.000ns
    Phase Error              (PE):    0.000ns

    Location             Delay type                Incr(ns)  Path(ns)    Netlist Resource(s)
  -------------------------------------------------------------------    -------------------
                         (clock clk_i rise edge)      0.000     0.000 r  
                         propagated clock network latency
                                                      1.790     1.790    
    RAMB36_X1Y2          RAMB36E1                     0.000     1.790 r  u_tcm/u_ram/ram_reg_0_3/CLKARDCLK
    RAMB36_X1Y2          RAMB36E1 (Prop_ramb36e1_CLKARDCLK_DOADO[1])
                                                      2.454     4.244 r  u_tcm/u_ram/ram_reg_0_3/DOADO[1]
                         net (fo=6, routed)           1.180     5.425    u_core/u_lsu/u_lsu_request/ram_read1_q[1]
    SLICE_X21Y17         LUT6 (Prop_lut6_I2_O)        0.124     5.549 r  u_core/u_lsu/u_lsu_request/result_wb_q[31]_i_8/O
                         net (fo=1, routed)           0.670     6.219    u_core/u_lsu/u_lsu_request/result_wb_q[31]_i_8_n_0
    SLICE_X21Y17         LUT6 (Prop_lut6_I1_O)        0.124     6.343 r  u_core/u_lsu/u_lsu_request/result_wb_q[31]_i_3/O
                         net (fo=29, routed)          1.322     7.665    u_core/u_lsu/u_lsu_request/result_wb_q[31]_i_3_n_0
    SLICE_X17Y13         LUT6 (Prop_lut6_I2_O)        0.124     7.789 r  u_core/u_lsu/u_lsu_request/result_wb_q[10]_i_1/O
                         net (fo=3, routed)           0.597     8.386    u_core/u_issue/u_pipe_ctrl/result_wb_q_reg[31]_1[5]
    SLICE_X16Y13         LUT6 (Prop_lut6_I2_O)        0.124     8.510 r  u_core/u_issue/u_pipe_ctrl/sub_res_w_carry__1_i_10/O
                         net (fo=15, routed)          0.529     9.039    u_core/u_issue/u_pipe_ctrl/result_q_reg[11][2]
    SLICE_X19Y15         CARRY4 (Prop_carry4_DI[2]_CO[3])
                                                      0.398     9.437 r  u_core/u_issue/u_pipe_ctrl/buffer_q_reg[66]_i_125/CO[3]
                         net (fo=1, routed)           0.000     9.437    u_core/u_issue/u_pipe_ctrl/buffer_q_reg[66]_i_125_n_0
    SLICE_X19Y16         CARRY4 (Prop_carry4_CI_CO[3])
                                                      0.114     9.551 r  u_core/u_issue/u_pipe_ctrl/buffer_q_reg[66]_i_115/CO[3]
                         net (fo=1, routed)           0.000     9.551    u_core/u_issue/u_pipe_ctrl/buffer_q_reg[66]_i_115_n_0
    SLICE_X19Y17         CARRY4 (Prop_carry4_CI_CO[3])
                                                      0.114     9.665 r  u_core/u_issue/u_pipe_ctrl/buffer_q_reg[66]_i_97/CO[3]
                         net (fo=1, routed)           0.000     9.665    u_core/u_issue/u_pipe_ctrl/buffer_q_reg[66]_i_97_n_0
    SLICE_X19Y18         CARRY4 (Prop_carry4_CI_CO[3])
                                                      0.114     9.779 r  u_core/u_issue/u_pipe_ctrl/buffer_q_reg[66]_i_74/CO[3]
                         net (fo=1, routed)           0.000     9.779    u_core/u_issue/u_pipe_ctrl/buffer_q_reg[66]_i_74_n_0
    SLICE_X19Y19         CARRY4 (Prop_carry4_CI_CO[3])
                                                      0.114     9.893 r  u_core/u_issue/u_pipe_ctrl/buffer_q_reg[66]_i_46/CO[3]
                         net (fo=1, routed)           0.000     9.893    u_core/u_issue/u_pipe_ctrl/buffer_q_reg[66]_i_46_n_0
    SLICE_X19Y20         CARRY4 (Prop_carry4_CI_O[3])
                                                      0.313    10.206 r  u_core/u_issue/u_pipe_ctrl/buffer_q_reg[66]_i_22/O[3]
                         net (fo=1, routed)           0.452    10.658    u_core/u_issue/u_pipe_ctrl/u_exec/less_than_signed01_out[31]
    SLICE_X16Y17         LUT3 (Prop_lut3_I2_O)        0.306    10.964 r  u_core/u_issue/u_pipe_ctrl/buffer_q[66]_i_14/O
                         net (fo=1, routed)           0.629    11.594    u_core/u_decode/buffer_q[66]_i_4_0
    SLICE_X14Y16         LUT6 (Prop_lut6_I3_O)        0.124    11.718 r  u_core/u_decode/buffer_q[66]_i_9_comp_1/O
                         net (fo=3, routed)           0.344    12.062    u_core/u_decode/buffer_q[66]_i_9_n_0
    SLICE_X17Y17         LUT6 (Prop_lut6_I5_O)        0.124    12.186 r  u_core/u_decode/buffer_q[66]_i_4/O
                         net (fo=101, routed)         0.704    12.890    u_core/u_decode/branch_d_exec_request_w
    SLICE_X17Y14         LUT4 (Prop_lut4_I0_O)        0.124    13.014 r  u_core/u_decode/branch_pc_q[12]_i_1/O
                         net (fo=1, routed)           0.684    13.698    u_core/u_fetch/D[10]
    SLICE_X16Y21         FDCE                                         r  u_core/u_fetch/branch_pc_q_reg[12]/D
  -------------------------------------------------------------------    -------------------

                         (clock clk_i rise edge)     10.000    10.000 r  
                         propagated clock network latency
                                                      1.568    11.568    
                         clock pessimism              0.115    11.683    
                         clock uncertainty           -0.035    11.648    
    SLICE_X16Y21         FDCE (Setup_fdce_C_D)       -0.013    11.635    u_core/u_fetch/branch_pc_q_reg[12]
  -------------------------------------------------------------------
                         required time                         11.635    
                         arrival time                         -13.698    
  -------------------------------------------------------------------
                         slack                                 -2.063    

Slack (VIOLATED) :        -2.059ns  (required time - arrival time)
  Source:                 u_tcm/u_ram/ram_reg_0_3/CLKARDCLK
                            (rising edge-triggered cell RAMB36E1 clocked by clk_i  {rise@0.000ns fall@5.000ns period=10.000ns})
  Destination:            u_core/u_fetch/branch_pc_q_reg[31]/D
                            (rising edge-triggered cell FDCE clocked by clk_i  {rise@0.000ns fall@5.000ns period=10.000ns})
  Path Group:             clk_i
  Path Type:              Setup (Max at Slow Process Corner)
  Requirement:            10.000ns  (clk_i rise@10.000ns - clk_i rise@0.000ns)
  Data Path Delay:        11.887ns  (logic 4.795ns (40.337%)  route 7.092ns (59.663%))
  Logic Levels:           14  (CARRY4=6 LUT3=1 LUT4=1 LUT6=6)
  Clock Path Skew:        -0.106ns (DCD - SCD + CPR)
    Destination Clock Delay (DCD):    1.569ns = ( 11.569 - 10.000 ) 
    Source Clock Delay      (SCD):    1.790ns
    Clock Pessimism Removal (CPR):    0.115ns
  Clock Uncertainty:      0.035ns  ((TSJ^2 + TIJ^2)^1/2 + DJ) / 2 + PE
    Total System Jitter     (TSJ):    0.071ns
    Total Input Jitter      (TIJ):    0.000ns
    Discrete Jitter          (DJ):    0.000ns
    Phase Error              (PE):    0.000ns

    Location             Delay type                Incr(ns)  Path(ns)    Netlist Resource(s)
  -------------------------------------------------------------------    -------------------
                         (clock clk_i rise edge)      0.000     0.000 r  
                         propagated clock network latency
                                                      1.790     1.790    
    RAMB36_X1Y2          RAMB36E1                     0.000     1.790 r  u_tcm/u_ram/ram_reg_0_3/CLKARDCLK
    RAMB36_X1Y2          RAMB36E1 (Prop_ramb36e1_CLKARDCLK_DOADO[1])
                                                      2.454     4.244 r  u_tcm/u_ram/ram_reg_0_3/DOADO[1]
                         net (fo=6, routed)           1.180     5.425    u_core/u_lsu/u_lsu_request/ram_read1_q[1]
    SLICE_X21Y17         LUT6 (Prop_lut6_I2_O)        0.124     5.549 r  u_core/u_lsu/u_lsu_request/result_wb_q[31]_i_8/O
                         net (fo=1, routed)           0.670     6.219    u_core/u_lsu/u_lsu_request/result_wb_q[31]_i_8_n_0
    SLICE_X21Y17         LUT6 (Prop_lut6_I1_O)        0.124     6.343 r  u_core/u_lsu/u_lsu_request/result_wb_q[31]_i_3/O
                         net (fo=29, routed)          1.322     7.665    u_core/u_lsu/u_lsu_request/result_wb_q[31]_i_3_n_0
    SLICE_X17Y13         LUT6 (Prop_lut6_I2_O)        0.124     7.789 r  u_core/u_lsu/u_lsu_request/result_wb_q[10]_i_1/O
                         net (fo=3, routed)           0.597     8.386    u_core/u_issue/u_pipe_ctrl/result_wb_q_reg[31]_1[5]
    SLICE_X16Y13         LUT6 (Prop_lut6_I2_O)        0.124     8.510 r  u_core/u_issue/u_pipe_ctrl/sub_res_w_carry__1_i_10/O
                         net (fo=15, routed)          0.529     9.039    u_core/u_issue/u_pipe_ctrl/result_q_reg[11][2]
    SLICE_X19Y15         CARRY4 (Prop_carry4_DI[2]_CO[3])
                                                      0.398     9.437 r  u_core/u_issue/u_pipe_ctrl/buffer_q_reg[66]_i_125/CO[3]
                         net (fo=1, routed)           0.000     9.437    u_core/u_issue/u_pipe_ctrl/buffer_q_reg[66]_i_125_n_0
    SLICE_X19Y16         CARRY4 (Prop_carry4_CI_CO[3])
                                                      0.114     9.551 r  u_core/u_issue/u_pipe_ctrl/buffer_q_reg[66]_i_115/CO[3]
                         net (fo=1, routed)           0.000     9.551    u_core/u_issue/u_pipe_ctrl/buffer_q_reg[66]_i_115_n_0
    SLICE_X19Y17         CARRY4 (Prop_carry4_CI_CO[3])
                                                      0.114     9.665 r  u_core/u_issue/u_pipe_ctrl/buffer_q_reg[66]_i_97/CO[3]
                         net (fo=1, routed)           0.000     9.665    u_core/u_issue/u_pipe_ctrl/buffer_q_reg[66]_i_97_n_0
    SLICE_X19Y18         CARRY4 (Prop_carry4_CI_CO[3])
                                                      0.114     9.779 r  u_core/u_issue/u_pipe_ctrl/buffer_q_reg[66]_i_74/CO[3]
                         net (fo=1, routed)           0.000     9.779    u_core/u_issue/u_pipe_ctrl/buffer_q_reg[66]_i_74_n_0
    SLICE_X19Y19         CARRY4 (Prop_carry4_CI_CO[3])
                                                      0.114     9.893 r  u_core/u_issue/u_pipe_ctrl/buffer_q_reg[66]_i_46/CO[3]
                         net (fo=1, routed)           0.000     9.893    u_core/u_issue/u_pipe_ctrl/buffer_q_reg[66]_i_46_n_0
    SLICE_X19Y20         CARRY4 (Prop_carry4_CI_O[3])
                                                      0.313    10.206 r  u_core/u_issue/u_pipe_ctrl/buffer_q_reg[66]_i_22/O[3]
                         net (fo=1, routed)           0.452    10.658    u_core/u_issue/u_pipe_ctrl/u_exec/less_than_signed01_out[31]
    SLICE_X16Y17         LUT3 (Prop_lut3_I2_O)        0.306    10.964 r  u_core/u_issue/u_pipe_ctrl/buffer_q[66]_i_14/O
                         net (fo=1, routed)           0.629    11.594    u_core/u_decode/buffer_q[66]_i_4_0
    SLICE_X14Y16         LUT6 (Prop_lut6_I3_O)        0.124    11.718 r  u_core/u_decode/buffer_q[66]_i_9_comp_1/O
                         net (fo=3, routed)           0.344    12.062    u_core/u_decode/buffer_q[66]_i_9_n_0
    SLICE_X17Y17         LUT6 (Prop_lut6_I5_O)        0.124    12.186 r  u_core/u_decode/buffer_q[66]_i_4/O
                         net (fo=101, routed)         0.689    12.876    u_core/u_decode/branch_d_exec_request_w
    SLICE_X16Y15         LUT4 (Prop_lut4_I0_O)        0.124    13.000 r  u_core/u_decode/branch_pc_q[31]_i_2/O
                         net (fo=1, routed)           0.678    13.678    u_core/u_fetch/D[29]
    SLICE_X16Y20         FDCE                                         r  u_core/u_fetch/branch_pc_q_reg[31]/D
  -------------------------------------------------------------------    -------------------

                         (clock clk_i rise edge)     10.000    10.000 r  
                         propagated clock network latency
                                                      1.569    11.569    
                         clock pessimism              0.115    11.684    
                         clock uncertainty           -0.035    11.649    
    SLICE_X16Y20         FDCE (Setup_fdce_C_D)       -0.030    11.619    u_core/u_fetch/branch_pc_q_reg[31]
  -------------------------------------------------------------------
                         required time                         11.619    
                         arrival time                         -13.678    
  -------------------------------------------------------------------
                         slack                                 -2.059    

Slack (VIOLATED) :        -2.058ns  (required time - arrival time)
  Source:                 u_tcm/u_ram/ram_reg_0_3/CLKARDCLK
                            (rising edge-triggered cell RAMB36E1 clocked by clk_i  {rise@0.000ns fall@5.000ns period=10.000ns})
  Destination:            u_core/u_decode/buffer_q_reg[49]/D
                            (rising edge-triggered cell FDCE clocked by clk_i  {rise@0.000ns fall@5.000ns period=10.000ns})
  Path Group:             clk_i
  Path Type:              Setup (Max at Slow Process Corner)
  Requirement:            10.000ns  (clk_i rise@10.000ns - clk_i rise@0.000ns)
  Data Path Delay:        11.903ns  (logic 4.795ns (40.285%)  route 7.108ns (59.715%))
  Logic Levels:           14  (CARRY4=6 LUT3=1 LUT5=1 LUT6=6)
  Clock Path Skew:        -0.106ns (DCD - SCD + CPR)
    Destination Clock Delay (DCD):    1.569ns = ( 11.569 - 10.000 ) 
    Source Clock Delay      (SCD):    1.790ns
    Clock Pessimism Removal (CPR):    0.115ns
  Clock Uncertainty:      0.035ns  ((TSJ^2 + TIJ^2)^1/2 + DJ) / 2 + PE
    Total System Jitter     (TSJ):    0.071ns
    Total Input Jitter      (TIJ):    0.000ns
    Discrete Jitter          (DJ):    0.000ns
    Phase Error              (PE):    0.000ns

    Location             Delay type                Incr(ns)  Path(ns)    Netlist Resource(s)
  -------------------------------------------------------------------    -------------------
                         (clock clk_i rise edge)      0.000     0.000 r  
                         propagated clock network latency
                                                      1.790     1.790    
    RAMB36_X1Y2          RAMB36E1                     0.000     1.790 r  u_tcm/u_ram/ram_reg_0_3/CLKARDCLK
    RAMB36_X1Y2          RAMB36E1 (Prop_ramb36e1_CLKARDCLK_DOADO[1])
                                                      2.454     4.244 r  u_tcm/u_ram/ram_reg_0_3/DOADO[1]
                         net (fo=6, routed)           1.180     5.425    u_core/u_lsu/u_lsu_request/ram_read1_q[1]
    SLICE_X21Y17         LUT6 (Prop_lut6_I2_O)        0.124     5.549 r  u_core/u_lsu/u_lsu_request/result_wb_q[31]_i_8/O
                         net (fo=1, routed)           0.670     6.219    u_core/u_lsu/u_lsu_request/result_wb_q[31]_i_8_n_0
    SLICE_X21Y17         LUT6 (Prop_lut6_I1_O)        0.124     6.343 r  u_core/u_lsu/u_lsu_request/result_wb_q[31]_i_3/O
                         net (fo=29, routed)          1.322     7.665    u_core/u_lsu/u_lsu_request/result_wb_q[31]_i_3_n_0
    SLICE_X17Y13         LUT6 (Prop_lut6_I2_O)        0.124     7.789 r  u_core/u_lsu/u_lsu_request/result_wb_q[10]_i_1/O
                         net (fo=3, routed)           0.597     8.386    u_core/u_issue/u_pipe_ctrl/result_wb_q_reg[31]_1[5]
    SLICE_X16Y13         LUT6 (Prop_lut6_I2_O)        0.124     8.510 r  u_core/u_issue/u_pipe_ctrl/sub_res_w_carry__1_i_10/O
                         net (fo=15, routed)          0.529     9.039    u_core/u_issue/u_pipe_ctrl/result_q_reg[11][2]
    SLICE_X19Y15         CARRY4 (Prop_carry4_DI[2]_CO[3])
                                                      0.398     9.437 r  u_core/u_issue/u_pipe_ctrl/buffer_q_reg[66]_i_125/CO[3]
                         net (fo=1, routed)           0.000     9.437    u_core/u_issue/u_pipe_ctrl/buffer_q_reg[66]_i_125_n_0
    SLICE_X19Y16         CARRY4 (Prop_carry4_CI_CO[3])
                                                      0.114     9.551 r  u_core/u_issue/u_pipe_ctrl/buffer_q_reg[66]_i_115/CO[3]
                         net (fo=1, routed)           0.000     9.551    u_core/u_issue/u_pipe_ctrl/buffer_q_reg[66]_i_115_n_0
    SLICE_X19Y17         CARRY4 (Prop_carry4_CI_CO[3])
                                                      0.114     9.665 r  u_core/u_issue/u_pipe_ctrl/buffer_q_reg[66]_i_97/CO[3]
                         net (fo=1, routed)           0.000     9.665    u_core/u_issue/u_pipe_ctrl/buffer_q_reg[66]_i_97_n_0
    SLICE_X19Y18         CARRY4 (Prop_carry4_CI_CO[3])
                                                      0.114     9.779 r  u_core/u_issue/u_pipe_ctrl/buffer_q_reg[66]_i_74/CO[3]
                         net (fo=1, routed)           0.000     9.779    u_core/u_issue/u_pipe_ctrl/buffer_q_reg[66]_i_74_n_0
    SLICE_X19Y19         CARRY4 (Prop_carry4_CI_CO[3])
                                                      0.114     9.893 r  u_core/u_issue/u_pipe_ctrl/buffer_q_reg[66]_i_46/CO[3]
                         net (fo=1, routed)           0.000     9.893    u_core/u_issue/u_pipe_ctrl/buffer_q_reg[66]_i_46_n_0
    SLICE_X19Y20         CARRY4 (Prop_carry4_CI_O[3])
                                                      0.313    10.206 f  u_core/u_issue/u_pipe_ctrl/buffer_q_reg[66]_i_22/O[3]
                         net (fo=1, routed)           0.452    10.658    u_core/u_issue/u_pipe_ctrl/u_exec/less_than_signed01_out[31]
    SLICE_X16Y17         LUT3 (Prop_lut3_I2_O)        0.306    10.964 f  u_core/u_issue/u_pipe_ctrl/buffer_q[66]_i_14/O
                         net (fo=1, routed)           0.629    11.594    u_core/u_decode/buffer_q[66]_i_4_0
    SLICE_X14Y16         LUT6 (Prop_lut6_I3_O)        0.124    11.718 f  u_core/u_decode/buffer_q[66]_i_9_comp_1/O
                         net (fo=3, routed)           0.344    12.062    u_core/u_decode/buffer_q[66]_i_9_n_0
    SLICE_X17Y17         LUT6 (Prop_lut6_I5_O)        0.124    12.186 f  u_core/u_decode/buffer_q[66]_i_4/O
                         net (fo=101, routed)         0.905    13.091    u_core/u_fetch/branch_d_exec_request_w
    SLICE_X18Y22         LUT5 (Prop_lut5_I3_O)        0.124    13.215 r  u_core/u_fetch/buffer_q[49]_i_1/O
                         net (fo=1, routed)           0.478    13.693    u_core/u_decode/buffer_q_reg[66]_0[47]
    SLICE_X16Y19         FDCE                                         r  u_core/u_decode/buffer_q_reg[49]/D
  -------------------------------------------------------------------    -------------------

                         (clock clk_i rise edge)     10.000    10.000 r  
                         propagated clock network latency
                                                      1.569    11.569    
                         clock pessimism              0.115    11.684    
                         clock uncertainty           -0.035    11.649    
    SLICE_X16Y19         FDCE (Setup_fdce_C_D)       -0.013    11.636    u_core/u_decode/buffer_q_reg[49]
  -------------------------------------------------------------------
                         required time                         11.636    
                         arrival time                         -13.693    
  -------------------------------------------------------------------
                         slack                                 -2.058    

Slack (VIOLATED) :        -2.052ns  (required time - arrival time)
  Source:                 u_tcm/u_ram/ram_reg_0_3/CLKARDCLK
                            (rising edge-triggered cell RAMB36E1 clocked by clk_i  {rise@0.000ns fall@5.000ns period=10.000ns})
  Destination:            u_core/u_decode/buffer_q_reg[44]/CE
                            (rising edge-triggered cell FDCE clocked by clk_i  {rise@0.000ns fall@5.000ns period=10.000ns})
  Path Group:             clk_i
  Path Type:              Setup (Max at Slow Process Corner)
  Requirement:            10.000ns  (clk_i rise@10.000ns - clk_i rise@0.000ns)
  Data Path Delay:        11.701ns  (logic 4.671ns (39.920%)  route 7.030ns (60.080%))
  Logic Levels:           13  (CARRY4=6 LUT3=1 LUT6=6)
  Clock Path Skew:        -0.110ns (DCD - SCD + CPR)
    Destination Clock Delay (DCD):    1.565ns = ( 11.565 - 10.000 ) 
    Source Clock Delay      (SCD):    1.790ns
    Clock Pessimism Removal (CPR):    0.115ns
  Clock Uncertainty:      0.035ns  ((TSJ^2 + TIJ^2)^1/2 + DJ) / 2 + PE
    Total System Jitter     (TSJ):    0.071ns
    Total Input Jitter      (TIJ):    0.000ns
    Discrete Jitter          (DJ):    0.000ns
    Phase Error              (PE):    0.000ns

    Location             Delay type                Incr(ns)  Path(ns)    Netlist Resource(s)
  -------------------------------------------------------------------    -------------------
                         (clock clk_i rise edge)      0.000     0.000 r  
                         propagated clock network latency
                                                      1.790     1.790    
    RAMB36_X1Y2          RAMB36E1                     0.000     1.790 r  u_tcm/u_ram/ram_reg_0_3/CLKARDCLK
    RAMB36_X1Y2          RAMB36E1 (Prop_ramb36e1_CLKARDCLK_DOADO[1])
                                                      2.454     4.244 r  u_tcm/u_ram/ram_reg_0_3/DOADO[1]
                         net (fo=6, routed)           1.180     5.425    u_core/u_lsu/u_lsu_request/ram_read1_q[1]
    SLICE_X21Y17         LUT6 (Prop_lut6_I2_O)        0.124     5.549 r  u_core/u_lsu/u_lsu_request/result_wb_q[31]_i_8/O
                         net (fo=1, routed)           0.670     6.219    u_core/u_lsu/u_lsu_request/result_wb_q[31]_i_8_n_0
    SLICE_X21Y17         LUT6 (Prop_lut6_I1_O)        0.124     6.343 r  u_core/u_lsu/u_lsu_request/result_wb_q[31]_i_3/O
                         net (fo=29, routed)          1.322     7.665    u_core/u_lsu/u_lsu_request/result_wb_q[31]_i_3_n_0
    SLICE_X17Y13         LUT6 (Prop_lut6_I2_O)        0.124     7.789 r  u_core/u_lsu/u_lsu_request/result_wb_q[10]_i_1/O
                         net (fo=3, routed)           0.597     8.386    u_core/u_issue/u_pipe_ctrl/result_wb_q_reg[31]_1[5]
    SLICE_X16Y13         LUT6 (Prop_lut6_I2_O)        0.124     8.510 r  u_core/u_issue/u_pipe_ctrl/sub_res_w_carry__1_i_10/O
                         net (fo=15, routed)          0.529     9.039    u_core/u_issue/u_pipe_ctrl/result_q_reg[11][2]
    SLICE_X19Y15         CARRY4 (Prop_carry4_DI[2]_CO[3])
                                                      0.398     9.437 r  u_core/u_issue/u_pipe_ctrl/buffer_q_reg[66]_i_125/CO[3]
                         net (fo=1, routed)           0.000     9.437    u_core/u_issue/u_pipe_ctrl/buffer_q_reg[66]_i_125_n_0
    SLICE_X19Y16         CARRY4 (Prop_carry4_CI_CO[3])
                                                      0.114     9.551 r  u_core/u_issue/u_pipe_ctrl/buffer_q_reg[66]_i_115/CO[3]
                         net (fo=1, routed)           0.000     9.551    u_core/u_issue/u_pipe_ctrl/buffer_q_reg[66]_i_115_n_0
    SLICE_X19Y17         CARRY4 (Prop_carry4_CI_CO[3])
                                                      0.114     9.665 r  u_core/u_issue/u_pipe_ctrl/buffer_q_reg[66]_i_97/CO[3]
                         net (fo=1, routed)           0.000     9.665    u_core/u_issue/u_pipe_ctrl/buffer_q_reg[66]_i_97_n_0
    SLICE_X19Y18         CARRY4 (Prop_carry4_CI_CO[3])
                                                      0.114     9.779 r  u_core/u_issue/u_pipe_ctrl/buffer_q_reg[66]_i_74/CO[3]
                         net (fo=1, routed)           0.000     9.779    u_core/u_issue/u_pipe_ctrl/buffer_q_reg[66]_i_74_n_0
    SLICE_X19Y19         CARRY4 (Prop_carry4_CI_CO[3])
                                                      0.114     9.893 r  u_core/u_issue/u_pipe_ctrl/buffer_q_reg[66]_i_46/CO[3]
                         net (fo=1, routed)           0.000     9.893    u_core/u_issue/u_pipe_ctrl/buffer_q_reg[66]_i_46_n_0
    SLICE_X19Y20         CARRY4 (Prop_carry4_CI_O[3])
                                                      0.313    10.206 r  u_core/u_issue/u_pipe_ctrl/buffer_q_reg[66]_i_22/O[3]
                         net (fo=1, routed)           0.452    10.658    u_core/u_issue/u_pipe_ctrl/u_exec/less_than_signed01_out[31]
    SLICE_X16Y17         LUT3 (Prop_lut3_I2_O)        0.306    10.964 r  u_core/u_issue/u_pipe_ctrl/buffer_q[66]_i_14/O
                         net (fo=1, routed)           0.629    11.594    u_core/u_decode/buffer_q[66]_i_4_0
    SLICE_X14Y16         LUT6 (Prop_lut6_I3_O)        0.124    11.718 r  u_core/u_decode/buffer_q[66]_i_9_comp_1/O
                         net (fo=3, routed)           0.799    12.517    u_core/u_decode/buffer_q[66]_i_9_n_0
    SLICE_X16Y19         LUT6 (Prop_lut6_I3_O)        0.124    12.641 r  u_core/u_decode/buffer_q[66]_i_1_comp/O
                         net (fo=69, routed)          0.850    13.491    u_core/u_decode/buffer_q[66]_i_1_n_0
    SLICE_X19Y26         FDCE                                         r  u_core/u_decode/buffer_q_reg[44]/CE
  -------------------------------------------------------------------    -------------------

                         (clock clk_i rise edge)     10.000    10.000 r  
                         propagated clock network latency
                                                      1.565    11.565    
                         clock pessimism              0.115    11.680    
                         clock uncertainty           -0.035    11.645    
    SLICE_X19Y26         FDCE (Setup_fdce_C_CE)      -0.205    11.440    u_core/u_decode/buffer_q_reg[44]
  -------------------------------------------------------------------
                         required time                         11.440    
                         arrival time                         -13.491    
  -------------------------------------------------------------------
                         slack                                 -2.052    

Slack (VIOLATED) :        -2.045ns  (required time - arrival time)
  Source:                 u_tcm/u_ram/ram_reg_0_3/CLKARDCLK
                            (rising edge-triggered cell RAMB36E1 clocked by clk_i  {rise@0.000ns fall@5.000ns period=10.000ns})
  Destination:            u_core/u_decode/buffer_q_reg[13]/D
                            (rising edge-triggered cell FDCE clocked by clk_i  {rise@0.000ns fall@5.000ns period=10.000ns})
  Path Group:             clk_i
  Path Type:              Setup (Max at Slow Process Corner)
  Requirement:            10.000ns  (clk_i rise@10.000ns - clk_i rise@0.000ns)
  Data Path Delay:        11.891ns  (logic 4.795ns (40.324%)  route 7.096ns (59.676%))
  Logic Levels:           14  (CARRY4=6 LUT3=1 LUT5=1 LUT6=6)
  Clock Path Skew:        -0.105ns (DCD - SCD + CPR)
    Destination Clock Delay (DCD):    1.570ns = ( 11.570 - 10.000 ) 
    Source Clock Delay      (SCD):    1.790ns
    Clock Pessimism Removal (CPR):    0.115ns
  Clock Uncertainty:      0.035ns  ((TSJ^2 + TIJ^2)^1/2 + DJ) / 2 + PE
    Total System Jitter     (TSJ):    0.071ns
    Total Input Jitter      (TIJ):    0.000ns
    Discrete Jitter          (DJ):    0.000ns
    Phase Error              (PE):    0.000ns

    Location             Delay type                Incr(ns)  Path(ns)    Netlist Resource(s)
  -------------------------------------------------------------------    -------------------
                         (clock clk_i rise edge)      0.000     0.000 r  
                         propagated clock network latency
                                                      1.790     1.790    
    RAMB36_X1Y2          RAMB36E1                     0.000     1.790 r  u_tcm/u_ram/ram_reg_0_3/CLKARDCLK
    RAMB36_X1Y2          RAMB36E1 (Prop_ramb36e1_CLKARDCLK_DOADO[1])
                                                      2.454     4.244 r  u_tcm/u_ram/ram_reg_0_3/DOADO[1]
                         net (fo=6, routed)           1.180     5.425    u_core/u_lsu/u_lsu_request/ram_read1_q[1]
    SLICE_X21Y17         LUT6 (Prop_lut6_I2_O)        0.124     5.549 r  u_core/u_lsu/u_lsu_request/result_wb_q[31]_i_8/O
                         net (fo=1, routed)           0.670     6.219    u_core/u_lsu/u_lsu_request/result_wb_q[31]_i_8_n_0
    SLICE_X21Y17         LUT6 (Prop_lut6_I1_O)        0.124     6.343 r  u_core/u_lsu/u_lsu_request/result_wb_q[31]_i_3/O
                         net (fo=29, routed)          1.322     7.665    u_core/u_lsu/u_lsu_request/result_wb_q[31]_i_3_n_0
    SLICE_X17Y13         LUT6 (Prop_lut6_I2_O)        0.124     7.789 r  u_core/u_lsu/u_lsu_request/result_wb_q[10]_i_1/O
                         net (fo=3, routed)           0.597     8.386    u_core/u_issue/u_pipe_ctrl/result_wb_q_reg[31]_1[5]
    SLICE_X16Y13         LUT6 (Prop_lut6_I2_O)        0.124     8.510 r  u_core/u_issue/u_pipe_ctrl/sub_res_w_carry__1_i_10/O
                         net (fo=15, routed)          0.529     9.039    u_core/u_issue/u_pipe_ctrl/result_q_reg[11][2]
    SLICE_X19Y15         CARRY4 (Prop_carry4_DI[2]_CO[3])
                                                      0.398     9.437 r  u_core/u_issue/u_pipe_ctrl/buffer_q_reg[66]_i_125/CO[3]
                         net (fo=1, routed)           0.000     9.437    u_core/u_issue/u_pipe_ctrl/buffer_q_reg[66]_i_125_n_0
    SLICE_X19Y16         CARRY4 (Prop_carry4_CI_CO[3])
                                                      0.114     9.551 r  u_core/u_issue/u_pipe_ctrl/buffer_q_reg[66]_i_115/CO[3]
                         net (fo=1, routed)           0.000     9.551    u_core/u_issue/u_pipe_ctrl/buffer_q_reg[66]_i_115_n_0
    SLICE_X19Y17         CARRY4 (Prop_carry4_CI_CO[3])
                                                      0.114     9.665 r  u_core/u_issue/u_pipe_ctrl/buffer_q_reg[66]_i_97/CO[3]
                         net (fo=1, routed)           0.000     9.665    u_core/u_issue/u_pipe_ctrl/buffer_q_reg[66]_i_97_n_0
    SLICE_X19Y18         CARRY4 (Prop_carry4_CI_CO[3])
                                                      0.114     9.779 r  u_core/u_issue/u_pipe_ctrl/buffer_q_reg[66]_i_74/CO[3]
                         net (fo=1, routed)           0.000     9.779    u_core/u_issue/u_pipe_ctrl/buffer_q_reg[66]_i_74_n_0
    SLICE_X19Y19         CARRY4 (Prop_carry4_CI_CO[3])
                                                      0.114     9.893 r  u_core/u_issue/u_pipe_ctrl/buffer_q_reg[66]_i_46/CO[3]
                         net (fo=1, routed)           0.000     9.893    u_core/u_issue/u_pipe_ctrl/buffer_q_reg[66]_i_46_n_0
    SLICE_X19Y20         CARRY4 (Prop_carry4_CI_O[3])
                                                      0.313    10.206 f  u_core/u_issue/u_pipe_ctrl/buffer_q_reg[66]_i_22/O[3]
                         net (fo=1, routed)           0.452    10.658    u_core/u_issue/u_pipe_ctrl/u_exec/less_than_signed01_out[31]
    SLICE_X16Y17         LUT3 (Prop_lut3_I2_O)        0.306    10.964 f  u_core/u_issue/u_pipe_ctrl/buffer_q[66]_i_14/O
                         net (fo=1, routed)           0.629    11.594    u_core/u_decode/buffer_q[66]_i_4_0
    SLICE_X14Y16         LUT6 (Prop_lut6_I3_O)        0.124    11.718 f  u_core/u_decode/buffer_q[66]_i_9_comp_1/O
                         net (fo=3, routed)           0.344    12.062    u_core/u_decode/buffer_q[66]_i_9_n_0
    SLICE_X17Y17         LUT6 (Prop_lut6_I5_O)        0.124    12.186 f  u_core/u_decode/buffer_q[66]_i_4/O
                         net (fo=101, routed)         0.691    12.878    u_core/u_fetch/branch_d_exec_request_w
    SLICE_X23Y16         LUT5 (Prop_lut5_I3_O)        0.124    13.002 r  u_core/u_fetch/buffer_q[13]_i_1/O
                         net (fo=1, routed)           0.680    13.682    u_core/u_decode/buffer_q_reg[66]_0[11]
    SLICE_X18Y18         FDCE                                         r  u_core/u_decode/buffer_q_reg[13]/D
  -------------------------------------------------------------------    -------------------

                         (clock clk_i rise edge)     10.000    10.000 r  
                         propagated clock network latency
                                                      1.570    11.570    
                         clock pessimism              0.115    11.685    
                         clock uncertainty           -0.035    11.650    
    SLICE_X18Y18         FDCE (Setup_fdce_C_D)       -0.013    11.637    u_core/u_decode/buffer_q_reg[13]
  -------------------------------------------------------------------
                         required time                         11.637    
                         arrival time                         -13.682    
  -------------------------------------------------------------------
                         slack                                 -2.045    

Slack (VIOLATED) :        -2.040ns  (required time - arrival time)
  Source:                 u_tcm/u_ram/ram_reg_0_3/CLKARDCLK
                            (rising edge-triggered cell RAMB36E1 clocked by clk_i  {rise@0.000ns fall@5.000ns period=10.000ns})
  Destination:            u_core/u_decode/buffer_q_reg[45]/CE
                            (rising edge-triggered cell FDCE clocked by clk_i  {rise@0.000ns fall@5.000ns period=10.000ns})
  Path Group:             clk_i
  Path Type:              Setup (Max at Slow Process Corner)
  Requirement:            10.000ns  (clk_i rise@10.000ns - clk_i rise@0.000ns)
  Data Path Delay:        11.690ns  (logic 4.671ns (39.956%)  route 7.019ns (60.043%))
  Logic Levels:           13  (CARRY4=6 LUT3=1 LUT6=6)
  Clock Path Skew:        -0.109ns (DCD - SCD + CPR)
    Destination Clock Delay (DCD):    1.566ns = ( 11.566 - 10.000 ) 
    Source Clock Delay      (SCD):    1.790ns
    Clock Pessimism Removal (CPR):    0.115ns
  Clock Uncertainty:      0.035ns  ((TSJ^2 + TIJ^2)^1/2 + DJ) / 2 + PE
    Total System Jitter     (TSJ):    0.071ns
    Total Input Jitter      (TIJ):    0.000ns
    Discrete Jitter          (DJ):    0.000ns
    Phase Error              (PE):    0.000ns

    Location             Delay type                Incr(ns)  Path(ns)    Netlist Resource(s)
  -------------------------------------------------------------------    -------------------
                         (clock clk_i rise edge)      0.000     0.000 r  
                         propagated clock network latency
                                                      1.790     1.790    
    RAMB36_X1Y2          RAMB36E1                     0.000     1.790 r  u_tcm/u_ram/ram_reg_0_3/CLKARDCLK
    RAMB36_X1Y2          RAMB36E1 (Prop_ramb36e1_CLKARDCLK_DOADO[1])
                                                      2.454     4.244 r  u_tcm/u_ram/ram_reg_0_3/DOADO[1]
                         net (fo=6, routed)           1.180     5.425    u_core/u_lsu/u_lsu_request/ram_read1_q[1]
    SLICE_X21Y17         LUT6 (Prop_lut6_I2_O)        0.124     5.549 r  u_core/u_lsu/u_lsu_request/result_wb_q[31]_i_8/O
                         net (fo=1, routed)           0.670     6.219    u_core/u_lsu/u_lsu_request/result_wb_q[31]_i_8_n_0
    SLICE_X21Y17         LUT6 (Prop_lut6_I1_O)        0.124     6.343 r  u_core/u_lsu/u_lsu_request/result_wb_q[31]_i_3/O
                         net (fo=29, routed)          1.322     7.665    u_core/u_lsu/u_lsu_request/result_wb_q[31]_i_3_n_0
    SLICE_X17Y13         LUT6 (Prop_lut6_I2_O)        0.124     7.789 r  u_core/u_lsu/u_lsu_request/result_wb_q[10]_i_1/O
                         net (fo=3, routed)           0.597     8.386    u_core/u_issue/u_pipe_ctrl/result_wb_q_reg[31]_1[5]
    SLICE_X16Y13         LUT6 (Prop_lut6_I2_O)        0.124     8.510 r  u_core/u_issue/u_pipe_ctrl/sub_res_w_carry__1_i_10/O
                         net (fo=15, routed)          0.529     9.039    u_core/u_issue/u_pipe_ctrl/result_q_reg[11][2]
    SLICE_X19Y15         CARRY4 (Prop_carry4_DI[2]_CO[3])
                                                      0.398     9.437 r  u_core/u_issue/u_pipe_ctrl/buffer_q_reg[66]_i_125/CO[3]
                         net (fo=1, routed)           0.000     9.437    u_core/u_issue/u_pipe_ctrl/buffer_q_reg[66]_i_125_n_0
    SLICE_X19Y16         CARRY4 (Prop_carry4_CI_CO[3])
                                                      0.114     9.551 r  u_core/u_issue/u_pipe_ctrl/buffer_q_reg[66]_i_115/CO[3]
                         net (fo=1, routed)           0.000     9.551    u_core/u_issue/u_pipe_ctrl/buffer_q_reg[66]_i_115_n_0
    SLICE_X19Y17         CARRY4 (Prop_carry4_CI_CO[3])
                                                      0.114     9.665 r  u_core/u_issue/u_pipe_ctrl/buffer_q_reg[66]_i_97/CO[3]
                         net (fo=1, routed)           0.000     9.665    u_core/u_issue/u_pipe_ctrl/buffer_q_reg[66]_i_97_n_0
    SLICE_X19Y18         CARRY4 (Prop_carry4_CI_CO[3])
                                                      0.114     9.779 r  u_core/u_issue/u_pipe_ctrl/buffer_q_reg[66]_i_74/CO[3]
                         net (fo=1, routed)           0.000     9.779    u_core/u_issue/u_pipe_ctrl/buffer_q_reg[66]_i_74_n_0
    SLICE_X19Y19         CARRY4 (Prop_carry4_CI_CO[3])
                                                      0.114     9.893 r  u_core/u_issue/u_pipe_ctrl/buffer_q_reg[66]_i_46/CO[3]
                         net (fo=1, routed)           0.000     9.893    u_core/u_issue/u_pipe_ctrl/buffer_q_reg[66]_i_46_n_0
    SLICE_X19Y20         CARRY4 (Prop_carry4_CI_O[3])
                                                      0.313    10.206 r  u_core/u_issue/u_pipe_ctrl/buffer_q_reg[66]_i_22/O[3]
                         net (fo=1, routed)           0.452    10.658    u_core/u_issue/u_pipe_ctrl/u_exec/less_than_signed01_out[31]
    SLICE_X16Y17         LUT3 (Prop_lut3_I2_O)        0.306    10.964 r  u_core/u_issue/u_pipe_ctrl/buffer_q[66]_i_14/O
                         net (fo=1, routed)           0.629    11.594    u_core/u_decode/buffer_q[66]_i_4_0
    SLICE_X14Y16         LUT6 (Prop_lut6_I3_O)        0.124    11.718 r  u_core/u_decode/buffer_q[66]_i_9_comp_1/O
                         net (fo=3, routed)           0.799    12.517    u_core/u_decode/buffer_q[66]_i_9_n_0
    SLICE_X16Y19         LUT6 (Prop_lut6_I3_O)        0.124    12.641 r  u_core/u_decode/buffer_q[66]_i_1_comp/O
                         net (fo=69, routed)          0.839    13.481    u_core/u_decode/buffer_q[66]_i_1_n_0
    SLICE_X17Y27         FDCE                                         r  u_core/u_decode/buffer_q_reg[45]/CE
  -------------------------------------------------------------------    -------------------

                         (clock clk_i rise edge)     10.000    10.000 r  
                         propagated clock network latency
                                                      1.566    11.566    
                         clock pessimism              0.115    11.681    
                         clock uncertainty           -0.035    11.646    
    SLICE_X17Y27         FDCE (Setup_fdce_C_CE)      -0.205    11.441    u_core/u_decode/buffer_q_reg[45]
  -------------------------------------------------------------------
                         required time                         11.441    
                         arrival time                         -13.481    
  -------------------------------------------------------------------
                         slack                                 -2.040    

Slack (VIOLATED) :        -2.037ns  (required time - arrival time)
  Source:                 u_tcm/u_ram/ram_reg_0_3/CLKARDCLK
                            (rising edge-triggered cell RAMB36E1 clocked by clk_i  {rise@0.000ns fall@5.000ns period=10.000ns})
  Destination:            u_core/u_fetch/branch_pc_q_reg[5]/D
                            (rising edge-triggered cell FDCE clocked by clk_i  {rise@0.000ns fall@5.000ns period=10.000ns})
  Path Group:             clk_i
  Path Type:              Setup (Max at Slow Process Corner)
  Requirement:            10.000ns  (clk_i rise@10.000ns - clk_i rise@0.000ns)
  Data Path Delay:        11.882ns  (logic 4.795ns (40.356%)  route 7.087ns (59.644%))
  Logic Levels:           14  (CARRY4=6 LUT3=1 LUT4=1 LUT6=6)
  Clock Path Skew:        -0.106ns (DCD - SCD + CPR)
    Destination Clock Delay (DCD):    1.569ns = ( 11.569 - 10.000 ) 
    Source Clock Delay      (SCD):    1.790ns
    Clock Pessimism Removal (CPR):    0.115ns
  Clock Uncertainty:      0.035ns  ((TSJ^2 + TIJ^2)^1/2 + DJ) / 2 + PE
    Total System Jitter     (TSJ):    0.071ns
    Total Input Jitter      (TIJ):    0.000ns
    Discrete Jitter          (DJ):    0.000ns
    Phase Error              (PE):    0.000ns

    Location             Delay type                Incr(ns)  Path(ns)    Netlist Resource(s)
  -------------------------------------------------------------------    -------------------
                         (clock clk_i rise edge)      0.000     0.000 r  
                         propagated clock network latency
                                                      1.790     1.790    
    RAMB36_X1Y2          RAMB36E1                     0.000     1.790 r  u_tcm/u_ram/ram_reg_0_3/CLKARDCLK
    RAMB36_X1Y2          RAMB36E1 (Prop_ramb36e1_CLKARDCLK_DOADO[1])
                                                      2.454     4.244 r  u_tcm/u_ram/ram_reg_0_3/DOADO[1]
                         net (fo=6, routed)           1.180     5.425    u_core/u_lsu/u_lsu_request/ram_read1_q[1]
    SLICE_X21Y17         LUT6 (Prop_lut6_I2_O)        0.124     5.549 r  u_core/u_lsu/u_lsu_request/result_wb_q[31]_i_8/O
                         net (fo=1, routed)           0.670     6.219    u_core/u_lsu/u_lsu_request/result_wb_q[31]_i_8_n_0
    SLICE_X21Y17         LUT6 (Prop_lut6_I1_O)        0.124     6.343 r  u_core/u_lsu/u_lsu_request/result_wb_q[31]_i_3/O
                         net (fo=29, routed)          1.322     7.665    u_core/u_lsu/u_lsu_request/result_wb_q[31]_i_3_n_0
    SLICE_X17Y13         LUT6 (Prop_lut6_I2_O)        0.124     7.789 r  u_core/u_lsu/u_lsu_request/result_wb_q[10]_i_1/O
                         net (fo=3, routed)           0.597     8.386    u_core/u_issue/u_pipe_ctrl/result_wb_q_reg[31]_1[5]
    SLICE_X16Y13         LUT6 (Prop_lut6_I2_O)        0.124     8.510 r  u_core/u_issue/u_pipe_ctrl/sub_res_w_carry__1_i_10/O
                         net (fo=15, routed)          0.529     9.039    u_core/u_issue/u_pipe_ctrl/result_q_reg[11][2]
    SLICE_X19Y15         CARRY4 (Prop_carry4_DI[2]_CO[3])
                                                      0.398     9.437 r  u_core/u_issue/u_pipe_ctrl/buffer_q_reg[66]_i_125/CO[3]
                         net (fo=1, routed)           0.000     9.437    u_core/u_issue/u_pipe_ctrl/buffer_q_reg[66]_i_125_n_0
    SLICE_X19Y16         CARRY4 (Prop_carry4_CI_CO[3])
                                                      0.114     9.551 r  u_core/u_issue/u_pipe_ctrl/buffer_q_reg[66]_i_115/CO[3]
                         net (fo=1, routed)           0.000     9.551    u_core/u_issue/u_pipe_ctrl/buffer_q_reg[66]_i_115_n_0
    SLICE_X19Y17         CARRY4 (Prop_carry4_CI_CO[3])
                                                      0.114     9.665 r  u_core/u_issue/u_pipe_ctrl/buffer_q_reg[66]_i_97/CO[3]
                         net (fo=1, routed)           0.000     9.665    u_core/u_issue/u_pipe_ctrl/buffer_q_reg[66]_i_97_n_0
    SLICE_X19Y18         CARRY4 (Prop_carry4_CI_CO[3])
                                                      0.114     9.779 r  u_core/u_issue/u_pipe_ctrl/buffer_q_reg[66]_i_74/CO[3]
                         net (fo=1, routed)           0.000     9.779    u_core/u_issue/u_pipe_ctrl/buffer_q_reg[66]_i_74_n_0
    SLICE_X19Y19         CARRY4 (Prop_carry4_CI_CO[3])
                                                      0.114     9.893 r  u_core/u_issue/u_pipe_ctrl/buffer_q_reg[66]_i_46/CO[3]
                         net (fo=1, routed)           0.000     9.893    u_core/u_issue/u_pipe_ctrl/buffer_q_reg[66]_i_46_n_0
    SLICE_X19Y20         CARRY4 (Prop_carry4_CI_O[3])
                                                      0.313    10.206 r  u_core/u_issue/u_pipe_ctrl/buffer_q_reg[66]_i_22/O[3]
                         net (fo=1, routed)           0.452    10.658    u_core/u_issue/u_pipe_ctrl/u_exec/less_than_signed01_out[31]
    SLICE_X16Y17         LUT3 (Prop_lut3_I2_O)        0.306    10.964 r  u_core/u_issue/u_pipe_ctrl/buffer_q[66]_i_14/O
                         net (fo=1, routed)           0.629    11.594    u_core/u_decode/buffer_q[66]_i_4_0
    SLICE_X14Y16         LUT6 (Prop_lut6_I3_O)        0.124    11.718 r  u_core/u_decode/buffer_q[66]_i_9_comp_1/O
                         net (fo=3, routed)           0.344    12.062    u_core/u_decode/buffer_q[66]_i_9_n_0
    SLICE_X17Y17         LUT6 (Prop_lut6_I5_O)        0.124    12.186 r  u_core/u_decode/buffer_q[66]_i_4/O
                         net (fo=101, routed)         0.890    13.076    u_core/u_decode/branch_d_exec_request_w
    SLICE_X16Y24         LUT4 (Prop_lut4_I0_O)        0.124    13.200 r  u_core/u_decode/branch_pc_q[5]_i_1/O
                         net (fo=1, routed)           0.472    13.672    u_core/u_fetch/D[3]
    SLICE_X16Y20         FDCE                                         r  u_core/u_fetch/branch_pc_q_reg[5]/D
  -------------------------------------------------------------------    -------------------

                         (clock clk_i rise edge)     10.000    10.000 r  
                         propagated clock network latency
                                                      1.569    11.569    
                         clock pessimism              0.115    11.684    
                         clock uncertainty           -0.035    11.649    
    SLICE_X16Y20         FDCE (Setup_fdce_C_D)       -0.013    11.636    u_core/u_fetch/branch_pc_q_reg[5]
  -------------------------------------------------------------------
                         required time                         11.636    
                         arrival time                         -13.672    
  -------------------------------------------------------------------
                         slack                                 -2.037    

Slack (VIOLATED) :        -2.024ns  (required time - arrival time)
  Source:                 u_tcm/u_ram/ram_reg_0_3/CLKARDCLK
                            (rising edge-triggered cell RAMB36E1 clocked by clk_i  {rise@0.000ns fall@5.000ns period=10.000ns})
  Destination:            u_core/u_fetch/branch_pc_q_reg[13]/CE
                            (rising edge-triggered cell FDCE clocked by clk_i  {rise@0.000ns fall@5.000ns period=10.000ns})
  Path Group:             clk_i
  Path Type:              Setup (Max at Slow Process Corner)
  Requirement:            10.000ns  (clk_i rise@10.000ns - clk_i rise@0.000ns)
  Data Path Delay:        11.677ns  (logic 4.795ns (41.062%)  route 6.882ns (58.938%))
  Logic Levels:           14  (CARRY4=6 LUT3=1 LUT6=7)
  Clock Path Skew:        -0.106ns (DCD - SCD + CPR)
    Destination Clock Delay (DCD):    1.569ns = ( 11.569 - 10.000 ) 
    Source Clock Delay      (SCD):    1.790ns
    Clock Pessimism Removal (CPR):    0.115ns
  Clock Uncertainty:      0.035ns  ((TSJ^2 + TIJ^2)^1/2 + DJ) / 2 + PE
    Total System Jitter     (TSJ):    0.071ns
    Total Input Jitter      (TIJ):    0.000ns
    Discrete Jitter          (DJ):    0.000ns
    Phase Error              (PE):    0.000ns

    Location             Delay type                Incr(ns)  Path(ns)    Netlist Resource(s)
  -------------------------------------------------------------------    -------------------
                         (clock clk_i rise edge)      0.000     0.000 r  
                         propagated clock network latency
                                                      1.790     1.790    
    RAMB36_X1Y2          RAMB36E1                     0.000     1.790 r  u_tcm/u_ram/ram_reg_0_3/CLKARDCLK
    RAMB36_X1Y2          RAMB36E1 (Prop_ramb36e1_CLKARDCLK_DOADO[1])
                                                      2.454     4.244 r  u_tcm/u_ram/ram_reg_0_3/DOADO[1]
                         net (fo=6, routed)           1.180     5.425    u_core/u_lsu/u_lsu_request/ram_read1_q[1]
    SLICE_X21Y17         LUT6 (Prop_lut6_I2_O)        0.124     5.549 r  u_core/u_lsu/u_lsu_request/result_wb_q[31]_i_8/O
                         net (fo=1, routed)           0.670     6.219    u_core/u_lsu/u_lsu_request/result_wb_q[31]_i_8_n_0
    SLICE_X21Y17         LUT6 (Prop_lut6_I1_O)        0.124     6.343 r  u_core/u_lsu/u_lsu_request/result_wb_q[31]_i_3/O
                         net (fo=29, routed)          1.322     7.665    u_core/u_lsu/u_lsu_request/result_wb_q[31]_i_3_n_0
    SLICE_X17Y13         LUT6 (Prop_lut6_I2_O)        0.124     7.789 r  u_core/u_lsu/u_lsu_request/result_wb_q[10]_i_1/O
                         net (fo=3, routed)           0.597     8.386    u_core/u_issue/u_pipe_ctrl/result_wb_q_reg[31]_1[5]
    SLICE_X16Y13         LUT6 (Prop_lut6_I2_O)        0.124     8.510 r  u_core/u_issue/u_pipe_ctrl/sub_res_w_carry__1_i_10/O
                         net (fo=15, routed)          0.529     9.039    u_core/u_issue/u_pipe_ctrl/result_q_reg[11][2]
    SLICE_X19Y15         CARRY4 (Prop_carry4_DI[2]_CO[3])
                                                      0.398     9.437 r  u_core/u_issue/u_pipe_ctrl/buffer_q_reg[66]_i_125/CO[3]
                         net (fo=1, routed)           0.000     9.437    u_core/u_issue/u_pipe_ctrl/buffer_q_reg[66]_i_125_n_0
    SLICE_X19Y16         CARRY4 (Prop_carry4_CI_CO[3])
                                                      0.114     9.551 r  u_core/u_issue/u_pipe_ctrl/buffer_q_reg[66]_i_115/CO[3]
                         net (fo=1, routed)           0.000     9.551    u_core/u_issue/u_pipe_ctrl/buffer_q_reg[66]_i_115_n_0
    SLICE_X19Y17         CARRY4 (Prop_carry4_CI_CO[3])
                                                      0.114     9.665 r  u_core/u_issue/u_pipe_ctrl/buffer_q_reg[66]_i_97/CO[3]
                         net (fo=1, routed)           0.000     9.665    u_core/u_issue/u_pipe_ctrl/buffer_q_reg[66]_i_97_n_0
    SLICE_X19Y18         CARRY4 (Prop_carry4_CI_CO[3])
                                                      0.114     9.779 r  u_core/u_issue/u_pipe_ctrl/buffer_q_reg[66]_i_74/CO[3]
                         net (fo=1, routed)           0.000     9.779    u_core/u_issue/u_pipe_ctrl/buffer_q_reg[66]_i_74_n_0
    SLICE_X19Y19         CARRY4 (Prop_carry4_CI_CO[3])
                                                      0.114     9.893 r  u_core/u_issue/u_pipe_ctrl/buffer_q_reg[66]_i_46/CO[3]
                         net (fo=1, routed)           0.000     9.893    u_core/u_issue/u_pipe_ctrl/buffer_q_reg[66]_i_46_n_0
    SLICE_X19Y20         CARRY4 (Prop_carry4_CI_O[3])
                                                      0.313    10.206 r  u_core/u_issue/u_pipe_ctrl/buffer_q_reg[66]_i_22/O[3]
                         net (fo=1, routed)           0.452    10.658    u_core/u_issue/u_pipe_ctrl/u_exec/less_than_signed01_out[31]
    SLICE_X16Y17         LUT3 (Prop_lut3_I2_O)        0.306    10.964 r  u_core/u_issue/u_pipe_ctrl/buffer_q[66]_i_14/O
                         net (fo=1, routed)           0.629    11.594    u_core/u_decode/buffer_q[66]_i_4_0
    SLICE_X14Y16         LUT6 (Prop_lut6_I3_O)        0.124    11.718 r  u_core/u_decode/buffer_q[66]_i_9_comp_1/O
                         net (fo=3, routed)           0.344    12.062    u_core/u_decode/buffer_q[66]_i_9_n_0
    SLICE_X17Y17         LUT6 (Prop_lut6_I5_O)        0.124    12.186 r  u_core/u_decode/buffer_q[66]_i_4/O
                         net (fo=101, routed)         0.742    12.928    u_core/u_fetch/branch_d_exec_request_w
    SLICE_X16Y19         LUT6 (Prop_lut6_I3_O)        0.124    13.052 r  u_core/u_fetch/branch_pc_q[31]_i_1/O
                         net (fo=31, routed)          0.416    13.468    u_core/u_fetch/branch_pc_q[31]_i_1_n_0
    SLICE_X15Y20         FDCE                                         r  u_core/u_fetch/branch_pc_q_reg[13]/CE
  -------------------------------------------------------------------    -------------------

                         (clock clk_i rise edge)     10.000    10.000 r  
                         propagated clock network latency
                                                      1.569    11.569    
                         clock pessimism              0.115    11.684    
                         clock uncertainty           -0.035    11.649    
    SLICE_X15Y20         FDCE (Setup_fdce_C_CE)      -0.205    11.444    u_core/u_fetch/branch_pc_q_reg[13]
  -------------------------------------------------------------------
                         required time                         11.444    
                         arrival time                         -13.468    
  -------------------------------------------------------------------
                         slack                                 -2.024    




