Copyright 1986-2022 Xilinx, Inc. All Rights Reserved.
---------------------------------------------------------------------------------------------------------------------------------
| Tool Version : Vivado v.2022.2 (win64) Build 3671981 Fri Oct 14 05:00:03 MDT 2022
| Date         : Sun Sep  6 21:27:23 2026
| Host         : LAPTOP-A7P3RQOS running 64-bit major release  (build 9200)
| Command      : report_methodology -file D:/code/FPGA/vivado/ultra_scalar_top_tcm_xc7z020/reports/param_sweep/B/methodology.rpt
| Design       : riscv_tcm_top
| Device       : xc7z020clg400-1
| Speed File   : -1
| Design State : Fully Routed
---------------------------------------------------------------------------------------------------------------------------------

Report Methodology

Table of Contents
-----------------
1. REPORT SUMMARY
2. REPORT DETAILS

1. REPORT SUMMARY
-----------------
            Netlist: riscv_tcm_top
          Floorplan: design_1
      Design limits: <entire design considered>
             Max violations: <unlimited>
             Violations found: 802
+-----------+----------+-------------------------------------+------------+
| Rule      | Severity | Description                         | Violations |
+-----------+----------+-------------------------------------+------------+
| DPIR-1    | Warning  | Asynchronous driver check           | 135        |
| SYNTH-10  | Warning  | Wide multiplier                     | 4          |
| SYNTH-15  | Warning  | Byte wide write enable not inferred | 16         |
| TIMING-16 | Warning  | Large setup violation               | 295        |
| TIMING-18 | Warning  | Missing input or output delay       | 352        |
+-----------+----------+-------------------------------------+------------+

2. REPORT DETAILS
-----------------
DPIR-1#1 Warning
Asynchronous driver check  
DSP u_core/u_mul/mult_result_w input pin u_core/u_mul/mult_result_w/A[0] is connected to registers with an asynchronous reset. This is preventing the possibility of merging these registers in to the DSP Block since the DSP block registers only possess synchronous reset capability.  It is suggested to recode or change these registers to remove the reset or use a synchronous reset to get the best optimization for performance, power and area.
Related violations: <none>

DPIR-1#2 Warning
Asynchronous driver check  
DSP u_core/u_mul/mult_result_w input pin u_core/u_mul/mult_result_w/A[10] is connected to registers with an asynchronous reset. This is preventing the possibility of merging these registers in to the DSP Block since the DSP block registers only possess synchronous reset capability.  It is suggested to recode or change these registers to remove the reset or use a synchronous reset to get the best optimization for performance, power and area.
Related violations: <none>

DPIR-1#3 Warning
Asynchronous driver check  
DSP u_core/u_mul/mult_result_w input pin u_core/u_mul/mult_result_w/A[11] is connected to registers with an asynchronous reset. This is preventing the possibility of merging these registers in to the DSP Block since the DSP block registers only possess synchronous reset capability.  It is suggested to recode or change these registers to remove the reset or use a synchronous reset to get the best optimization for performance, power and area.
Related violations: <none>

DPIR-1#4 Warning
Asynchronous driver check  
DSP u_core/u_mul/mult_result_w input pin u_core/u_mul/mult_result_w/A[12] is connected to registers with an asynchronous reset. This is preventing the possibility of merging these registers in to the DSP Block since the DSP block registers only possess synchronous reset capability.  It is suggested to recode or change these registers to remove the reset or use a synchronous reset to get the best optimization for performance, power and area.
Related violations: <none>

DPIR-1#5 Warning
Asynchronous driver check  
DSP u_core/u_mul/mult_result_w input pin u_core/u_mul/mult_result_w/A[13] is connected to registers with an asynchronous reset. This is preventing the possibility of merging these registers in to the DSP Block since the DSP block registers only possess synchronous reset capability.  It is suggested to recode or change these registers to remove the reset or use a synchronous reset to get the best optimization for performance, power and area.
Related violations: <none>

DPIR-1#6 Warning
Asynchronous driver check  
DSP u_core/u_mul/mult_result_w input pin u_core/u_mul/mult_result_w/A[14] is connected to registers with an asynchronous reset. This is preventing the possibility of merging these registers in to the DSP Block since the DSP block registers only possess synchronous reset capability.  It is suggested to recode or change these registers to remove the reset or use a synchronous reset to get the best optimization for performance, power and area.
Related violations: <none>

DPIR-1#7 Warning
Asynchronous driver check  
DSP u_core/u_mul/mult_result_w input pin u_core/u_mul/mult_result_w/A[15] is connected to registers with an asynchronous reset. This is preventing the possibility of merging these registers in to the DSP Block since the DSP block registers only possess synchronous reset capability.  It is suggested to recode or change these registers to remove the reset or use a synchronous reset to get the best optimization for performance, power and area.
Related violations: <none>

DPIR-1#8 Warning
Asynchronous driver check  
DSP u_core/u_mul/mult_result_w input pin u_core/u_mul/mult_result_w/A[16] is connected to registers with an asynchronous reset. This is preventing the possibility of merging these registers in to the DSP Block since the DSP block registers only possess synchronous reset capability.  It is suggested to recode or change these registers to remove the reset or use a synchronous reset to get the best optimization for performance, power and area.
Related violations: <none>

DPIR-1#9 Warning
Asynchronous driver check  
DSP u_core/u_mul/mult_result_w input pin u_core/u_mul/mult_result_w/A[1] is connected to registers with an asynchronous reset. This is preventing the possibility of merging these registers in to the DSP Block since the DSP block registers only possess synchronous reset capability.  It is suggested to recode or change these registers to remove the reset or use a synchronous reset to get the best optimization for performance, power and area.
Related violations: <none>

DPIR-1#10 Warning
Asynchronous driver check  
DSP u_core/u_mul/mult_result_w input pin u_core/u_mul/mult_result_w/A[2] is connected to registers with an asynchronous reset. This is preventing the possibility of merging these registers in to the DSP Block since the DSP block registers only possess synchronous reset capability.  It is suggested to recode or change these registers to remove the reset or use a synchronous reset to get the best optimization for performance, power and area.
Related violations: <none>

DPIR-1#11 Warning
Asynchronous driver check  
DSP u_core/u_mul/mult_result_w input pin u_core/u_mul/mult_result_w/A[3] is connected to registers with an asynchronous reset. This is preventing the possibility of merging these registers in to the DSP Block since the DSP block registers only possess synchronous reset capability.  It is suggested to recode or change these registers to remove the reset or use a synchronous reset to get the best optimization for performance, power and area.
Related violations: <none>

DPIR-1#12 Warning
Asynchronous driver check  
DSP u_core/u_mul/mult_result_w input pin u_core/u_mul/mult_result_w/A[4] is connected to registers with an asynchronous reset. This is preventing the possibility of merging these registers in to the DSP Block since the DSP block registers only possess synchronous reset capability.  It is suggested to recode or change these registers to remove the reset or use a synchronous reset to get the best optimization for performance, power and area.
Related violations: <none>

DPIR-1#13 Warning
Asynchronous driver check  
DSP u_core/u_mul/mult_result_w input pin u_core/u_mul/mult_result_w/A[5] is connected to registers with an asynchronous reset. This is preventing the possibility of merging these registers in to the DSP Block since the DSP block registers only possess synchronous reset capability.  It is suggested to recode or change these registers to remove the reset or use a synchronous reset to get the best optimization for performance, power and area.
Related violations: <none>

DPIR-1#14 Warning
Asynchronous driver check  
DSP u_core/u_mul/mult_result_w input pin u_core/u_mul/mult_result_w/A[6] is connected to registers with an asynchronous reset. This is preventing the possibility of merging these registers in to the DSP Block since the DSP block registers only possess synchronous reset capability.  It is suggested to recode or change these registers to remove the reset or use a synchronous reset to get the best optimization for performance, power and area.
Related violations: <none>

DPIR-1#15 Warning
Asynchronous driver check  
DSP u_core/u_mul/mult_result_w input pin u_core/u_mul/mult_result_w/A[7] is connected to registers with an asynchronous reset. This is preventing the possibility of merging these registers in to the DSP Block since the DSP block registers only possess synchronous reset capability.  It is suggested to recode or change these registers to remove the reset or use a synchronous reset to get the best optimization for performance, power and area.
Related violations: <none>

DPIR-1#16 Warning
Asynchronous driver check  
DSP u_core/u_mul/mult_result_w input pin u_core/u_mul/mult_result_w/A[8] is connected to registers with an asynchronous reset. This is preventing the possibility of merging these registers in to the DSP Block since the DSP block registers only possess synchronous reset capability.  It is suggested to recode or change these registers to remove the reset or use a synchronous reset to get the best optimization for performance, power and area.
Related violations: <none>

DPIR-1#17 Warning
Asynchronous driver check  
DSP u_core/u_mul/mult_result_w input pin u_core/u_mul/mult_result_w/A[9] is connected to registers with an asynchronous reset. This is preventing the possibility of merging these registers in to the DSP Block since the DSP block registers only possess synchronous reset capability.  It is suggested to recode or change these registers to remove the reset or use a synchronous reset to get the best optimization for performance, power and area.
Related violations: <none>

DPIR-1#18 Warning
Asynchronous driver check  
DSP u_core/u_mul/mult_result_w input pin u_core/u_mul/mult_result_w/B[0] is connected to registers with an asynchronous reset. This is preventing the possibility of merging these registers in to the DSP Block since the DSP block registers only possess synchronous reset capability.  It is suggested to recode or change these registers to remove the reset or use a synchronous reset to get the best optimization for performance, power and area.
Related violations: <none>

DPIR-1#19 Warning
Asynchronous driver check  
DSP u_core/u_mul/mult_result_w input pin u_core/u_mul/mult_result_w/B[10] is connected to registers with an asynchronous reset. This is preventing the possibility of merging these registers in to the DSP Block since the DSP block registers only possess synchronous reset capability.  It is suggested to recode or change these registers to remove the reset or use a synchronous reset to get the best optimization for performance, power and area.
Related violations: <none>

DPIR-1#20 Warning
Asynchronous driver check  
DSP u_core/u_mul/mult_result_w input pin u_core/u_mul/mult_result_w/B[11] is connected to registers with an asynchronous reset. This is preventing the possibility of merging these registers in to the DSP Block since the DSP block registers only possess synchronous reset capability.  It is suggested to recode or change these registers to remove the reset or use a synchronous reset to get the best optimization for performance, power and area.
Related violations: <none>

DPIR-1#21 Warning
Asynchronous driver check  
DSP u_core/u_mul/mult_result_w input pin u_core/u_mul/mult_result_w/B[12] is connected to registers with an asynchronous reset. This is preventing the possibility of merging these registers in to the DSP Block since the DSP block registers only possess synchronous reset capability.  It is suggested to recode or change these registers to remove the reset or use a synchronous reset to get the best optimization for performance, power and area.
Related violations: <none>

DPIR-1#22 Warning
Asynchronous driver check  
DSP u_core/u_mul/mult_result_w input pin u_core/u_mul/mult_result_w/B[13] is connected to registers with an asynchronous reset. This is preventing the possibility of merging these registers in to the DSP Block since the DSP block registers only possess synchronous reset capability.  It is suggested to recode or change these registers to remove the reset or use a synchronous reset to get the best optimization for performance, power and area.
Related violations: <none>

DPIR-1#23 Warning
Asynchronous driver check  
DSP u_core/u_mul/mult_result_w input pin u_core/u_mul/mult_result_w/B[14] is connected to registers with an asynchronous reset. This is preventing the possibility of merging these registers in to the DSP Block since the DSP block registers only possess synchronous reset capability.  It is suggested to recode or change these registers to remove the reset or use a synchronous reset to get the best optimization for performance, power and area.
Related violations: <none>

DPIR-1#24 Warning
Asynchronous driver check  
DSP u_core/u_mul/mult_result_w input pin u_core/u_mul/mult_result_w/B[15] is connected to registers with an asynchronous reset. This is preventing the possibility of merging these registers in to the DSP Block since the DSP block registers only possess synchronous reset capability.  It is suggested to recode or change these registers to remove the reset or use a synchronous reset to get the best optimization for performance, power and area.
Related violations: <none>

DPIR-1#25 Warning
Asynchronous driver check  
DSP u_core/u_mul/mult_result_w input pin u_core/u_mul/mult_result_w/B[16] is connected to registers with an asynchronous reset. This is preventing the possibility of merging these registers in to the DSP Block since the DSP block registers only possess synchronous reset capability.  It is suggested to recode or change these registers to remove the reset or use a synchronous reset to get the best optimization for performance, power and area.
Related violations: <none>

DPIR-1#26 Warning
Asynchronous driver check  
DSP u_core/u_mul/mult_result_w input pin u_core/u_mul/mult_result_w/B[17] is connected to registers with an asynchronous reset. This is preventing the possibility of merging these registers in to the DSP Block since the DSP block registers only possess synchronous reset capability.  It is suggested to recode or change these registers to remove the reset or use a synchronous reset to get the best optimization for performance, power and area.
Related violations: <none>

DPIR-1#27 Warning
Asynchronous driver check  
DSP u_core/u_mul/mult_result_w input pin u_core/u_mul/mult_result_w/B[1] is connected to registers with an asynchronous reset. This is preventing the possibility of merging these registers in to the DSP Block since the DSP block registers only possess synchronous reset capability.  It is suggested to recode or change these registers to remove the reset or use a synchronous reset to get the best optimization for performance, power and area.
Related violations: <none>

DPIR-1#28 Warning
Asynchronous driver check  
DSP u_core/u_mul/mult_result_w input pin u_core/u_mul/mult_result_w/B[2] is connected to registers with an asynchronous reset. This is preventing the possibility of merging these registers in to the DSP Block since the DSP block registers only possess synchronous reset capability.  It is suggested to recode or change these registers to remove the reset or use a synchronous reset to get the best optimization for performance, power and area.
Related violations: <none>

DPIR-1#29 Warning
Asynchronous driver check  
DSP u_core/u_mul/mult_result_w input pin u_core/u_mul/mult_result_w/B[3] is connected to registers with an asynchronous reset. This is preventing the possibility of merging these registers in to the DSP Block since the DSP block registers only possess synchronous reset capability.  It is suggested to recode or change these registers to remove the reset or use a synchronous reset to get the best optimization for performance, power and area.
Related violations: <none>

DPIR-1#30 Warning
Asynchronous driver check  
DSP u_core/u_mul/mult_result_w input pin u_core/u_mul/mult_result_w/B[4] is connected to registers with an asynchronous reset. This is preventing the possibility of merging these registers in to the DSP Block since the DSP block registers only possess synchronous reset capability.  It is suggested to recode or change these registers to remove the reset or use a synchronous reset to get the best optimization for performance, power and area.
Related violations: <none>

DPIR-1#31 Warning
Asynchronous driver check  
DSP u_core/u_mul/mult_result_w input pin u_core/u_mul/mult_result_w/B[5] is connected to registers with an asynchronous reset. This is preventing the possibility of merging these registers in to the DSP Block since the DSP block registers only possess synchronous reset capability.  It is suggested to recode or change these registers to remove the reset or use a synchronous reset to get the best optimization for performance, power and area.
Related violations: <none>

DPIR-1#32 Warning
Asynchronous driver check  
DSP u_core/u_mul/mult_result_w input pin u_core/u_mul/mult_result_w/B[6] is connected to registers with an asynchronous reset. This is preventing the possibility of merging these registers in to the DSP Block since the DSP block registers only possess synchronous reset capability.  It is suggested to recode or change these registers to remove the reset or use a synchronous reset to get the best optimization for performance, power and area.
Related violations: <none>

DPIR-1#33 Warning
Asynchronous driver check  
DSP u_core/u_mul/mult_result_w input pin u_core/u_mul/mult_result_w/B[7] is connected to registers with an asynchronous reset. This is preventing the possibility of merging these registers in to the DSP Block since the DSP block registers only possess synchronous reset capability.  It is suggested to recode or change these registers to remove the reset or use a synchronous reset to get the best optimization for performance, power and area.
Related violations: <none>

DPIR-1#34 Warning
Asynchronous driver check  
DSP u_core/u_mul/mult_result_w input pin u_core/u_mul/mult_result_w/B[8] is connected to registers with an asynchronous reset. This is preventing the possibility of merging these registers in to the DSP Block since the DSP block registers only possess synchronous reset capability.  It is suggested to recode or change these registers to remove the reset or use a synchronous reset to get the best optimization for performance, power and area.
Related violations: <none>

DPIR-1#35 Warning
Asynchronous driver check  
DSP u_core/u_mul/mult_result_w input pin u_core/u_mul/mult_result_w/B[9] is connected to registers with an asynchronous reset. This is preventing the possibility of merging these registers in to the DSP Block since the DSP block registers only possess synchronous reset capability.  It is suggested to recode or change these registers to remove the reset or use a synchronous reset to get the best optimization for performance, power and area.
Related violations: <none>

DPIR-1#36 Warning
Asynchronous driver check  
DSP u_core/u_mul/mult_result_w__0 input pin u_core/u_mul/mult_result_w__0/A[0] is connected to registers with an asynchronous reset. This is preventing the possibility of merging these registers in to the DSP Block since the DSP block registers only possess synchronous reset capability.  It is suggested to recode or change these registers to remove the reset or use a synchronous reset to get the best optimization for performance, power and area.
Related violations: <none>

DPIR-1#37 Warning
Asynchronous driver check  
DSP u_core/u_mul/mult_result_w__0 input pin u_core/u_mul/mult_result_w__0/A[10] is connected to registers with an asynchronous reset. This is preventing the possibility of merging these registers in to the DSP Block since the DSP block registers only possess synchronous reset capability.  It is suggested to recode or change these registers to remove the reset or use a synchronous reset to get the best optimization for performance, power and area.
Related violations: <none>

DPIR-1#38 Warning
Asynchronous driver check  
DSP u_core/u_mul/mult_result_w__0 input pin u_core/u_mul/mult_result_w__0/A[11] is connected to registers with an asynchronous reset. This is preventing the possibility of merging these registers in to the DSP Block since the DSP block registers only possess synchronous reset capability.  It is suggested to recode or change these registers to remove the reset or use a synchronous reset to get the best optimization for performance, power and area.
Related violations: <none>

DPIR-1#39 Warning
Asynchronous driver check  
DSP u_core/u_mul/mult_result_w__0 input pin u_core/u_mul/mult_result_w__0/A[12] is connected to registers with an asynchronous reset. This is preventing the possibility of merging these registers in to the DSP Block since the DSP block registers only possess synchronous reset capability.  It is suggested to recode or change these registers to remove the reset or use a synchronous reset to get the best optimization for performance, power and area.
Related violations: <none>

DPIR-1#40 Warning
Asynchronous driver check  
DSP u_core/u_mul/mult_result_w__0 input pin u_core/u_mul/mult_result_w__0/A[13] is connected to registers with an asynchronous reset. This is preventing the possibility of merging these registers in to the DSP Block since the DSP block registers only possess synchronous reset capability.  It is suggested to recode or change these registers to remove the reset or use a synchronous reset to get the best optimization for performance, power and area.
Related violations: <none>

DPIR-1#41 Warning
Asynchronous driver check  
DSP u_core/u_mul/mult_result_w__0 input pin u_core/u_mul/mult_result_w__0/A[14] is connected to registers with an asynchronous reset. This is preventing the possibility of merging these registers in to the DSP Block since the DSP block registers only possess synchronous reset capability.  It is suggested to recode or change these registers to remove the reset or use a synchronous reset to get the best optimization for performance, power and area.
Related violations: <none>

DPIR-1#42 Warning
Asynchronous driver check  
DSP u_core/u_mul/mult_result_w__0 input pin u_core/u_mul/mult_result_w__0/A[15] is connected to registers with an asynchronous reset. This is preventing the possibility of merging these registers in to the DSP Block since the DSP block registers only possess synchronous reset capability.  It is suggested to recode or change these registers to remove the reset or use a synchronous reset to get the best optimization for performance, power and area.
Related violations: <none>

DPIR-1#43 Warning
Asynchronous driver check  
DSP u_core/u_mul/mult_result_w__0 input pin u_core/u_mul/mult_result_w__0/A[16] is connected to registers with an asynchronous reset. This is preventing the possibility of merging these registers in to the DSP Block since the DSP block registers only possess synchronous reset capability.  It is suggested to recode or change these registers to remove the reset or use a synchronous reset to get the best optimization for performance, power and area.
Related violations: <none>

DPIR-1#44 Warning
Asynchronous driver check  
DSP u_core/u_mul/mult_result_w__0 input pin u_core/u_mul/mult_result_w__0/A[17] is connected to registers with an asynchronous reset. This is preventing the possibility of merging these registers in to the DSP Block since the DSP block registers only possess synchronous reset capability.  It is suggested to recode or change these registers to remove the reset or use a synchronous reset to get the best optimization for performance, power and area.
Related violations: <none>

DPIR-1#45 Warning
Asynchronous driver check  
DSP u_core/u_mul/mult_result_w__0 input pin u_core/u_mul/mult_result_w__0/A[18] is connected to registers with an asynchronous reset. This is preventing the possibility of merging these registers in to the DSP Block since the DSP block registers only possess synchronous reset capability.  It is suggested to recode or change these registers to remove the reset or use a synchronous reset to get the best optimization for performance, power and area.
Related violations: <none>

DPIR-1#46 Warning
Asynchronous driver check  
DSP u_core/u_mul/mult_result_w__0 input pin u_core/u_mul/mult_result_w__0/A[19] is connected to registers with an asynchronous reset. This is preventing the possibility of merging these registers in to the DSP Block since the DSP block registers only possess synchronous reset capability.  It is suggested to recode or change these registers to remove the reset or use a synchronous reset to get the best optimization for performance, power and area.
Related violations: <none>

DPIR-1#47 Warning
Asynchronous driver check  
DSP u_core/u_mul/mult_result_w__0 input pin u_core/u_mul/mult_result_w__0/A[1] is connected to registers with an asynchronous reset. This is preventing the possibility of merging these registers in to the DSP Block since the DSP block registers only possess synchronous reset capability.  It is suggested to recode or change these registers to remove the reset or use a synchronous reset to get the best optimization for performance, power and area.
Related violations: <none>

DPIR-1#48 Warning
Asynchronous driver check  
DSP u_core/u_mul/mult_result_w__0 input pin u_core/u_mul/mult_result_w__0/A[20] is connected to registers with an asynchronous reset. This is preventing the possibility of merging these registers in to the DSP Block since the DSP block registers only possess synchronous reset capability.  It is suggested to recode or change these registers to remove the reset or use a synchronous reset to get the best optimization for performance, power and area.
Related violations: <none>

DPIR-1#49 Warning
Asynchronous driver check  
DSP u_core/u_mul/mult_result_w__0 input pin u_core/u_mul/mult_result_w__0/A[21] is connected to registers with an asynchronous reset. This is preventing the possibility of merging these registers in to the DSP Block since the DSP block registers only possess synchronous reset capability.  It is suggested to recode or change these registers to remove the reset or use a synchronous reset to get the best optimization for performance, power and area.
Related violations: <none>

DPIR-1#50 Warning
Asynchronous driver check  
DSP u_core/u_mul/mult_result_w__0 input pin u_core/u_mul/mult_result_w__0/A[22] is connected to registers with an asynchronous reset. This is preventing the possibility of merging these registers in to the DSP Block since the DSP block registers only possess synchronous reset capability.  It is suggested to recode or change these registers to remove the reset or use a synchronous reset to get the best optimization for performance, power and area.
Related violations: <none>

DPIR-1#51 Warning
Asynchronous driver check  
DSP u_core/u_mul/mult_result_w__0 input pin u_core/u_mul/mult_result_w__0/A[23] is connected to registers with an asynchronous reset. This is preventing the possibility of merging these registers in to the DSP Block since the DSP block registers only possess synchronous reset capability.  It is suggested to recode or change these registers to remove the reset or use a synchronous reset to get the best optimization for performance, power and area.
Related violations: <none>

DPIR-1#52 Warning
Asynchronous driver check  
DSP u_core/u_mul/mult_result_w__0 input pin u_core/u_mul/mult_result_w__0/A[24] is connected to registers with an asynchronous reset. This is preventing the possibility of merging these registers in to the DSP Block since the DSP block registers only possess synchronous reset capability.  It is suggested to recode or change these registers to remove the reset or use a synchronous reset to get the best optimization for performance, power and area.
Related violations: <none>

DPIR-1#53 Warning
Asynchronous driver check  
DSP u_core/u_mul/mult_result_w__0 input pin u_core/u_mul/mult_result_w__0/A[25] is connected to registers with an asynchronous reset. This is preventing the possibility of merging these registers in to the DSP Block since the DSP block registers only possess synchronous reset capability.  It is suggested to recode or change these registers to remove the reset or use a synchronous reset to get the best optimization for performance, power and area.
Related violations: <none>

DPIR-1#54 Warning
Asynchronous driver check  
DSP u_core/u_mul/mult_result_w__0 input pin u_core/u_mul/mult_result_w__0/A[26] is connected to registers with an asynchronous reset. This is preventing the possibility of merging these registers in to the DSP Block since the DSP block registers only possess synchronous reset capability.  It is suggested to recode or change these registers to remove the reset or use a synchronous reset to get the best optimization for performance, power and area.
Related violations: <none>

DPIR-1#55 Warning
Asynchronous driver check  
DSP u_core/u_mul/mult_result_w__0 input pin u_core/u_mul/mult_result_w__0/A[27] is connected to registers with an asynchronous reset. This is preventing the possibility of merging these registers in to the DSP Block since the DSP block registers only possess synchronous reset capability.  It is suggested to recode or change these registers to remove the reset or use a synchronous reset to get the best optimization for performance, power and area.
Related violations: <none>

DPIR-1#56 Warning
Asynchronous driver check  
DSP u_core/u_mul/mult_result_w__0 input pin u_core/u_mul/mult_result_w__0/A[28] is connected to registers with an asynchronous reset. This is preventing the possibility of merging these registers in to the DSP Block since the DSP block registers only possess synchronous reset capability.  It is suggested to recode or change these registers to remove the reset or use a synchronous reset to get the best optimization for performance, power and area.
Related violations: <none>

DPIR-1#57 Warning
Asynchronous driver check  
DSP u_core/u_mul/mult_result_w__0 input pin u_core/u_mul/mult_result_w__0/A[29] is connected to registers with an asynchronous reset. This is preventing the possibility of merging these registers in to the DSP Block since the DSP block registers only possess synchronous reset capability.  It is suggested to recode or change these registers to remove the reset or use a synchronous reset to get the best optimization for performance, power and area.
Related violations: <none>

DPIR-1#58 Warning
Asynchronous driver check  
DSP u_core/u_mul/mult_result_w__0 input pin u_core/u_mul/mult_result_w__0/A[2] is connected to registers with an asynchronous reset. This is preventing the possibility of merging these registers in to the DSP Block since the DSP block registers only possess synchronous reset capability.  It is suggested to recode or change these registers to remove the reset or use a synchronous reset to get the best optimization for performance, power and area.
Related violations: <none>

DPIR-1#59 Warning
Asynchronous driver check  
DSP u_core/u_mul/mult_result_w__0 input pin u_core/u_mul/mult_result_w__0/A[3] is connected to registers with an asynchronous reset. This is preventing the possibility of merging these registers in to the DSP Block since the DSP block registers only possess synchronous reset capability.  It is suggested to recode or change these registers to remove the reset or use a synchronous reset to get the best optimization for performance, power and area.
Related violations: <none>

DPIR-1#60 Warning
Asynchronous driver check  
DSP u_core/u_mul/mult_result_w__0 input pin u_core/u_mul/mult_result_w__0/A[4] is connected to registers with an asynchronous reset. This is preventing the possibility of merging these registers in to the DSP Block since the DSP block registers only possess synchronous reset capability.  It is suggested to recode or change these registers to remove the reset or use a synchronous reset to get the best optimization for performance, power and area.
Related violations: <none>

DPIR-1#61 Warning
Asynchronous driver check  
DSP u_core/u_mul/mult_result_w__0 input pin u_core/u_mul/mult_result_w__0/A[5] is connected to registers with an asynchronous reset. This is preventing the possibility of merging these registers in to the DSP Block since the DSP block registers only possess synchronous reset capability.  It is suggested to recode or change these registers to remove the reset or use a synchronous reset to get the best optimization for performance, power and area.
Related violations: <none>

DPIR-1#62 Warning
Asynchronous driver check  
DSP u_core/u_mul/mult_result_w__0 input pin u_core/u_mul/mult_result_w__0/A[6] is connected to registers with an asynchronous reset. This is preventing the possibility of merging these registers in to the DSP Block since the DSP block registers only possess synchronous reset capability.  It is suggested to recode or change these registers to remove the reset or use a synchronous reset to get the best optimization for performance, power and area.
Related violations: <none>

DPIR-1#63 Warning
Asynchronous driver check  
DSP u_core/u_mul/mult_result_w__0 input pin u_core/u_mul/mult_result_w__0/A[7] is connected to registers with an asynchronous reset. This is preventing the possibility of merging these registers in to the DSP Block since the DSP block registers only possess synchronous reset capability.  It is suggested to recode or change these registers to remove the reset or use a synchronous reset to get the best optimization for performance, power and area.
Related violations: <none>

DPIR-1#64 Warning
Asynchronous driver check  
DSP u_core/u_mul/mult_result_w__0 input pin u_core/u_mul/mult_result_w__0/A[8] is connected to registers with an asynchronous reset. This is preventing the possibility of merging these registers in to the DSP Block since the DSP block registers only possess synchronous reset capability.  It is suggested to recode or change these registers to remove the reset or use a synchronous reset to get the best optimization for performance, power and area.
Related violations: <none>

DPIR-1#65 Warning
Asynchronous driver check  
DSP u_core/u_mul/mult_result_w__0 input pin u_core/u_mul/mult_result_w__0/A[9] is connected to registers with an asynchronous reset. This is preventing the possibility of merging these registers in to the DSP Block since the DSP block registers only possess synchronous reset capability.  It is suggested to recode or change these registers to remove the reset or use a synchronous reset to get the best optimization for performance, power and area.
Related violations: <none>

DPIR-1#66 Warning
Asynchronous driver check  
DSP u_core/u_mul/mult_result_w__0 input pin u_core/u_mul/mult_result_w__0/B[0] is connected to registers with an asynchronous reset. This is preventing the possibility of merging these registers in to the DSP Block since the DSP block registers only possess synchronous reset capability.  It is suggested to recode or change these registers to remove the reset or use a synchronous reset to get the best optimization for performance, power and area.
Related violations: <none>

DPIR-1#67 Warning
Asynchronous driver check  
DSP u_core/u_mul/mult_result_w__0 input pin u_core/u_mul/mult_result_w__0/B[10] is connected to registers with an asynchronous reset. This is preventing the possibility of merging these registers in to the DSP Block since the DSP block registers only possess synchronous reset capability.  It is suggested to recode or change these registers to remove the reset or use a synchronous reset to get the best optimization for performance, power and area.
Related violations: <none>

DPIR-1#68 Warning
Asynchronous driver check  
DSP u_core/u_mul/mult_result_w__0 input pin u_core/u_mul/mult_result_w__0/B[11] is connected to registers with an asynchronous reset. This is preventing the possibility of merging these registers in to the DSP Block since the DSP block registers only possess synchronous reset capability.  It is suggested to recode or change these registers to remove the reset or use a synchronous reset to get the best optimization for performance, power and area.
Related violations: <none>

DPIR-1#69 Warning
Asynchronous driver check  
DSP u_core/u_mul/mult_result_w__0 input pin u_core/u_mul/mult_result_w__0/B[12] is connected to registers with an asynchronous reset. This is preventing the possibility of merging these registers in to the DSP Block since the DSP block registers only possess synchronous reset capability.  It is suggested to recode or change these registers to remove the reset or use a synchronous reset to get the best optimization for performance, power and area.
Related violations: <none>

DPIR-1#70 Warning
Asynchronous driver check  
DSP u_core/u_mul/mult_result_w__0 input pin u_core/u_mul/mult_result_w__0/B[13] is connected to registers with an asynchronous reset. This is preventing the possibility of merging these registers in to the DSP Block since the DSP block registers only possess synchronous reset capability.  It is suggested to recode or change these registers to remove the reset or use a synchronous reset to get the best optimization for performance, power and area.
Related violations: <none>

DPIR-1#71 Warning
Asynchronous driver check  
DSP u_core/u_mul/mult_result_w__0 input pin u_core/u_mul/mult_result_w__0/B[14] is connected to registers with an asynchronous reset. This is preventing the possibility of merging these registers in to the DSP Block since the DSP block registers only possess synchronous reset capability.  It is suggested to recode or change these registers to remove the reset or use a synchronous reset to get the best optimization for performance, power and area.
Related violations: <none>

DPIR-1#72 Warning
Asynchronous driver check  
DSP u_core/u_mul/mult_result_w__0 input pin u_core/u_mul/mult_result_w__0/B[15] is connected to registers with an asynchronous reset. This is preventing the possibility of merging these registers in to the DSP Block since the DSP block registers only possess synchronous reset capability.  It is suggested to recode or change these registers to remove the reset or use a synchronous reset to get the best optimization for performance, power and area.
Related violations: <none>

DPIR-1#73 Warning
Asynchronous driver check  
DSP u_core/u_mul/mult_result_w__0 input pin u_core/u_mul/mult_result_w__0/B[16] is connected to registers with an asynchronous reset. This is preventing the possibility of merging these registers in to the DSP Block since the DSP block registers only possess synchronous reset capability.  It is suggested to recode or change these registers to remove the reset or use a synchronous reset to get the best optimization for performance, power and area.
Related violations: <none>

DPIR-1#74 Warning
Asynchronous driver check  
DSP u_core/u_mul/mult_result_w__0 input pin u_core/u_mul/mult_result_w__0/B[17] is connected to registers with an asynchronous reset. This is preventing the possibility of merging these registers in to the DSP Block since the DSP block registers only possess synchronous reset capability.  It is suggested to recode or change these registers to remove the reset or use a synchronous reset to get the best optimization for performance, power and area.
Related violations: <none>

DPIR-1#75 Warning
Asynchronous driver check  
DSP u_core/u_mul/mult_result_w__0 input pin u_core/u_mul/mult_result_w__0/B[1] is connected to registers with an asynchronous reset. This is preventing the possibility of merging these registers in to the DSP Block since the DSP block registers only possess synchronous reset capability.  It is suggested to recode or change these registers to remove the reset or use a synchronous reset to get the best optimization for performance, power and area.
Related violations: <none>

DPIR-1#76 Warning
Asynchronous driver check  
DSP u_core/u_mul/mult_result_w__0 input pin u_core/u_mul/mult_result_w__0/B[2] is connected to registers with an asynchronous reset. This is preventing the possibility of merging these registers in to the DSP Block since the DSP block registers only possess synchronous reset capability.  It is suggested to recode or change these registers to remove the reset or use a synchronous reset to get the best optimization for performance, power and area.
Related violations: <none>

DPIR-1#77 Warning
Asynchronous driver check  
DSP u_core/u_mul/mult_result_w__0 input pin u_core/u_mul/mult_result_w__0/B[3] is connected to registers with an asynchronous reset. This is preventing the possibility of merging these registers in to the DSP Block since the DSP block registers only possess synchronous reset capability.  It is suggested to recode or change these registers to remove the reset or use a synchronous reset to get the best optimization for performance, power and area.
Related violations: <none>

DPIR-1#78 Warning
Asynchronous driver check  
DSP u_core/u_mul/mult_result_w__0 input pin u_core/u_mul/mult_result_w__0/B[4] is connected to registers with an asynchronous reset. This is preventing the possibility of merging these registers in to the DSP Block since the DSP block registers only possess synchronous reset capability.  It is suggested to recode or change these registers to remove the reset or use a synchronous reset to get the best optimization for performance, power and area.
Related violations: <none>

DPIR-1#79 Warning
Asynchronous driver check  
DSP u_core/u_mul/mult_result_w__0 input pin u_core/u_mul/mult_result_w__0/B[5] is connected to registers with an asynchronous reset. This is preventing the possibility of merging these registers in to the DSP Block since the DSP block registers only possess synchronous reset capability.  It is suggested to recode or change these registers to remove the reset or use a synchronous reset to get the best optimization for performance, power and area.
Related violations: <none>

DPIR-1#80 Warning
Asynchronous driver check  
DSP u_core/u_mul/mult_result_w__0 input pin u_core/u_mul/mult_result_w__0/B[6] is connected to registers with an asynchronous reset. This is preventing the possibility of merging these registers in to the DSP Block since the DSP block registers only possess synchronous reset capability.  It is suggested to recode or change these registers to remove the reset or use a synchronous reset to get the best optimization for performance, power and area.
Related violations: <none>

DPIR-1#81 Warning
Asynchronous driver check  
DSP u_core/u_mul/mult_result_w__0 input pin u_core/u_mul/mult_result_w__0/B[7] is connected to registers with an asynchronous reset. This is preventing the possibility of merging these registers in to the DSP Block since the DSP block registers only possess synchronous reset capability.  It is suggested to recode or change these registers to remove the reset or use a synchronous reset to get the best optimization for performance, power and area.
Related violations: <none>

DPIR-1#82 Warning
Asynchronous driver check  
DSP u_core/u_mul/mult_result_w__0 input pin u_core/u_mul/mult_result_w__0/B[8] is connected to registers with an asynchronous reset. This is preventing the possibility of merging these registers in to the DSP Block since the DSP block registers only possess synchronous reset capability.  It is suggested to recode or change these registers to remove the reset or use a synchronous reset to get the best optimization for performance, power and area.
Related violations: <none>

DPIR-1#83 Warning
Asynchronous driver check  
DSP u_core/u_mul/mult_result_w__0 input pin u_core/u_mul/mult_result_w__0/B[9] is connected to registers with an asynchronous reset. This is preventing the possibility of merging these registers in to the DSP Block since the DSP block registers only possess synchronous reset capability.  It is suggested to recode or change these registers to remove the reset or use a synchronous reset to get the best optimization for performance, power and area.
Related violations: <none>

DPIR-1#84 Warning
Asynchronous driver check  
DSP u_core/u_mul/mult_result_w__1 input pin u_core/u_mul/mult_result_w__1/A[0] is connected to registers with an asynchronous reset. This is preventing the possibility of merging these registers in to the DSP Block since the DSP block registers only possess synchronous reset capability.  It is suggested to recode or change these registers to remove the reset or use a synchronous reset to get the best optimization for performance, power and area.
Related violations: <none>

DPIR-1#85 Warning
Asynchronous driver check  
DSP u_core/u_mul/mult_result_w__1 input pin u_core/u_mul/mult_result_w__1/A[10] is connected to registers with an asynchronous reset. This is preventing the possibility of merging these registers in to the DSP Block since the DSP block registers only possess synchronous reset capability.  It is suggested to recode or change these registers to remove the reset or use a synchronous reset to get the best optimization for performance, power and area.
Related violations: <none>

DPIR-1#86 Warning
Asynchronous driver check  
DSP u_core/u_mul/mult_result_w__1 input pin u_core/u_mul/mult_result_w__1/A[11] is connected to registers with an asynchronous reset. This is preventing the possibility of merging these registers in to the DSP Block since the DSP block registers only possess synchronous reset capability.  It is suggested to recode or change these registers to remove the reset or use a synchronous reset to get the best optimization for performance, power and area.
Related violations: <none>

DPIR-1#87 Warning
Asynchronous driver check  
DSP u_core/u_mul/mult_result_w__1 input pin u_core/u_mul/mult_result_w__1/A[12] is connected to registers with an asynchronous reset. This is preventing the possibility of merging these registers in to the DSP Block since the DSP block registers only possess synchronous reset capability.  It is suggested to recode or change these registers to remove the reset or use a synchronous reset to get the best optimization for performance, power and area.
Related violations: <none>

DPIR-1#88 Warning
Asynchronous driver check  
DSP u_core/u_mul/mult_result_w__1 input pin u_core/u_mul/mult_result_w__1/A[13] is connected to registers with an asynchronous reset. This is preventing the possibility of merging these registers in to the DSP Block since the DSP block registers only possess synchronous reset capability.  It is suggested to recode or change these registers to remove the reset or use a synchronous reset to get the best optimization for performance, power and area.
Related violations: <none>

DPIR-1#89 Warning
Asynchronous driver check  
DSP u_core/u_mul/mult_result_w__1 input pin u_core/u_mul/mult_result_w__1/A[14] is connected to registers with an asynchronous reset. This is preventing the possibility of merging these registers in to the DSP Block since the DSP block registers only possess synchronous reset capability.  It is suggested to recode or change these registers to remove the reset or use a synchronous reset to get the best optimization for performance, power and area.
Related violations: <none>

DPIR-1#90 Warning
Asynchronous driver check  
DSP u_core/u_mul/mult_result_w__1 input pin u_core/u_mul/mult_result_w__1/A[15] is connected to registers with an asynchronous reset. This is preventing the possibility of merging these registers in to the DSP Block since the DSP block registers only possess synchronous reset capability.  It is suggested to recode or change these registers to remove the reset or use a synchronous reset to get the best optimization for performance, power and area.
Related violations: <none>

DPIR-1#91 Warning
Asynchronous driver check  
DSP u_core/u_mul/mult_result_w__1 input pin u_core/u_mul/mult_result_w__1/A[16] is connected to registers with an asynchronous reset. This is preventing the possibility of merging these registers in to the DSP Block since the DSP block registers only possess synchronous reset capability.  It is suggested to recode or change these registers to remove the reset or use a synchronous reset to get the best optimization for performance, power and area.
Related violations: <none>

DPIR-1#92 Warning
Asynchronous driver check  
DSP u_core/u_mul/mult_result_w__1 input pin u_core/u_mul/mult_result_w__1/A[1] is connected to registers with an asynchronous reset. This is preventing the possibility of merging these registers in to the DSP Block since the DSP block registers only possess synchronous reset capability.  It is suggested to recode or change these registers to remove the reset or use a synchronous reset to get the best optimization for performance, power and area.
Related violations: <none>

DPIR-1#93 Warning
Asynchronous driver check  
DSP u_core/u_mul/mult_result_w__1 input pin u_core/u_mul/mult_result_w__1/A[2] is connected to registers with an asynchronous reset. This is preventing the possibility of merging these registers in to the DSP Block since the DSP block registers only possess synchronous reset capability.  It is suggested to recode or change these registers to remove the reset or use a synchronous reset to get the best optimization for performance, power and area.
Related violations: <none>

DPIR-1#94 Warning
Asynchronous driver check  
DSP u_core/u_mul/mult_result_w__1 input pin u_core/u_mul/mult_result_w__1/A[3] is connected to registers with an asynchronous reset. This is preventing the possibility of merging these registers in to the DSP Block since the DSP block registers only possess synchronous reset capability.  It is suggested to recode or change these registers to remove the reset or use a synchronous reset to get the best optimization for performance, power and area.
Related violations: <none>

DPIR-1#95 Warning
Asynchronous driver check  
DSP u_core/u_mul/mult_result_w__1 input pin u_core/u_mul/mult_result_w__1/A[4] is connected to registers with an asynchronous reset. This is preventing the possibility of merging these registers in to the DSP Block since the DSP block registers only possess synchronous reset capability.  It is suggested to recode or change these registers to remove the reset or use a synchronous reset to get the best optimization for performance, power and area.
Related violations: <none>

DPIR-1#96 Warning
Asynchronous driver check  
DSP u_core/u_mul/mult_result_w__1 input pin u_core/u_mul/mult_result_w__1/A[5] is connected to registers with an asynchronous reset. This is preventing the possibility of merging these registers in to the DSP Block since the DSP block registers only possess synchronous reset capability.  It is suggested to recode or change these registers to remove the reset or use a synchronous reset to get the best optimization for performance, power and area.
Related violations: <none>

DPIR-1#97 Warning
Asynchronous driver check  
DSP u_core/u_mul/mult_result_w__1 input pin u_core/u_mul/mult_result_w__1/A[6] is connected to registers with an asynchronous reset. This is preventing the possibility of merging these registers in to the DSP Block since the DSP block registers only possess synchronous reset capability.  It is suggested to recode or change these registers to remove the reset or use a synchronous reset to get the best optimization for performance, power and area.
Related violations: <none>

DPIR-1#98 Warning
Asynchronous driver check  
DSP u_core/u_mul/mult_result_w__1 input pin u_core/u_mul/mult_result_w__1/A[7] is connected to registers with an asynchronous reset. This is preventing the possibility of merging these registers in to the DSP Block since the DSP block registers only possess synchronous reset capability.  It is suggested to recode or change these registers to remove the reset or use a synchronous reset to get the best optimization for performance, power and area.
Related violations: <none>

DPIR-1#99 Warning
Asynchronous driver check  
DSP u_core/u_mul/mult_result_w__1 input pin u_core/u_mul/mult_result_w__1/A[8] is connected to registers with an asynchronous reset. This is preventing the possibility of merging these registers in to the DSP Block since the DSP block registers only possess synchronous reset capability.  It is suggested to recode or change these registers to remove the reset or use a synchronous reset to get the best optimization for performance, power and area.
Related violations: <none>

DPIR-1#100 Warning
Asynchronous driver check  
DSP u_core/u_mul/mult_result_w__1 input pin u_core/u_mul/mult_result_w__1/A[9] is connected to registers with an asynchronous reset. This is preventing the possibility of merging these registers in to the DSP Block since the DSP block registers only possess synchronous reset capability.  It is suggested to recode or change these registers to remove the reset or use a synchronous reset to get the best optimization for performance, power and area.
Related violations: <none>

DPIR-1#101 Warning
Asynchronous driver check  
DSP u_core/u_mul/mult_result_w__1 input pin u_core/u_mul/mult_result_w__1/B[0] is connected to registers with an asynchronous reset. This is preventing the possibility of merging these registers in to the DSP Block since the DSP block registers only possess synchronous reset capability.  It is suggested to recode or change these registers to remove the reset or use a synchronous reset to get the best optimization for performance, power and area.
Related violations: <none>

DPIR-1#102 Warning
Asynchronous driver check  
DSP u_core/u_mul/mult_result_w__1 input pin u_core/u_mul/mult_result_w__1/B[10] is connected to registers with an asynchronous reset. This is preventing the possibility of merging these registers in to the DSP Block since the DSP block registers only possess synchronous reset capability.  It is suggested to recode or change these registers to remove the reset or use a synchronous reset to get the best optimization for performance, power and area.
Related violations: <none>

DPIR-1#103 Warning
Asynchronous driver check  
DSP u_core/u_mul/mult_result_w__1 input pin u_core/u_mul/mult_result_w__1/B[11] is connected to registers with an asynchronous reset. This is preventing the possibility of merging these registers in to the DSP Block since the DSP block registers only possess synchronous reset capability.  It is suggested to recode or change these registers to remove the reset or use a synchronous reset to get the best optimization for performance, power and area.
Related violations: <none>

DPIR-1#104 Warning
Asynchronous driver check  
DSP u_core/u_mul/mult_result_w__1 input pin u_core/u_mul/mult_result_w__1/B[12] is connected to registers with an asynchronous reset. This is preventing the possibility of merging these registers in to the DSP Block since the DSP block registers only possess synchronous reset capability.  It is suggested to recode or change these registers to remove the reset or use a synchronous reset to get the best optimization for performance, power and area.
Related violations: <none>

DPIR-1#105 Warning
Asynchronous driver check  
DSP u_core/u_mul/mult_result_w__1 input pin u_core/u_mul/mult_result_w__1/B[13] is connected to registers with an asynchronous reset. This is preventing the possibility of merging these registers in to the DSP Block since the DSP block registers only possess synchronous reset capability.  It is suggested to recode or change these registers to remove the reset or use a synchronous reset to get the best optimization for performance, power and area.
Related violations: <none>

DPIR-1#106 Warning
Asynchronous driver check  
DSP u_core/u_mul/mult_result_w__1 input pin u_core/u_mul/mult_result_w__1/B[14] is connected to registers with an asynchronous reset. This is preventing the possibility of merging these registers in to the DSP Block since the DSP block registers only possess synchronous reset capability.  It is suggested to recode or change these registers to remove the reset or use a synchronous reset to get the best optimization for performance, power and area.
Related violations: <none>

DPIR-1#107 Warning
Asynchronous driver check  
DSP u_core/u_mul/mult_result_w__1 input pin u_core/u_mul/mult_result_w__1/B[15] is connected to registers with an asynchronous reset. This is preventing the possibility of merging these registers in to the DSP Block since the DSP block registers only possess synchronous reset capability.  It is suggested to recode or change these registers to remove the reset or use a synchronous reset to get the best optimization for performance, power and area.
Related violations: <none>

DPIR-1#108 Warning
Asynchronous driver check  
DSP u_core/u_mul/mult_result_w__1 input pin u_core/u_mul/mult_result_w__1/B[16] is connected to registers with an asynchronous reset. This is preventing the possibility of merging these registers in to the DSP Block since the DSP block registers only possess synchronous reset capability.  It is suggested to recode or change these registers to remove the reset or use a synchronous reset to get the best optimization for performance, power and area.
Related violations: <none>

DPIR-1#109 Warning
Asynchronous driver check  
DSP u_core/u_mul/mult_result_w__1 input pin u_core/u_mul/mult_result_w__1/B[1] is connected to registers with an asynchronous reset. This is preventing the possibility of merging these registers in to the DSP Block since the DSP block registers only possess synchronous reset capability.  It is suggested to recode or change these registers to remove the reset or use a synchronous reset to get the best optimization for performance, power and area.
Related violations: <none>

DPIR-1#110 Warning
Asynchronous driver check  
DSP u_core/u_mul/mult_result_w__1 input pin u_core/u_mul/mult_result_w__1/B[2] is connected to registers with an asynchronous reset. This is preventing the possibility of merging these registers in to the DSP Block since the DSP block registers only possess synchronous reset capability.  It is suggested to recode or change these registers to remove the reset or use a synchronous reset to get the best optimization for performance, power and area.
Related violations: <none>

DPIR-1#111 Warning
Asynchronous driver check  
DSP u_core/u_mul/mult_result_w__1 input pin u_core/u_mul/mult_result_w__1/B[3] is connected to registers with an asynchronous reset. This is preventing the possibility of merging these registers in to the DSP Block since the DSP block registers only possess synchronous reset capability.  It is suggested to recode or change these registers to remove the reset or use a synchronous reset to get the best optimization for performance, power and area.
Related violations: <none>

DPIR-1#112 Warning
Asynchronous driver check  
DSP u_core/u_mul/mult_result_w__1 input pin u_core/u_mul/mult_result_w__1/B[4] is connected to registers with an asynchronous reset. This is preventing the possibility of merging these registers in to the DSP Block since the DSP block registers only possess synchronous reset capability.  It is suggested to recode or change these registers to remove the reset or use a synchronous reset to get the best optimization for performance, power and area.
Related violations: <none>

DPIR-1#113 Warning
Asynchronous driver check  
DSP u_core/u_mul/mult_result_w__1 input pin u_core/u_mul/mult_result_w__1/B[5] is connected to registers with an asynchronous reset. This is preventing the possibility of merging these registers in to the DSP Block since the DSP block registers only possess synchronous reset capability.  It is suggested to recode or change these registers to remove the reset or use a synchronous reset to get the best optimization for performance, power and area.
Related violations: <none>

DPIR-1#114 Warning
Asynchronous driver check  
DSP u_core/u_mul/mult_result_w__1 input pin u_core/u_mul/mult_result_w__1/B[6] is connected to registers with an asynchronous reset. This is preventing the possibility of merging these registers in to the DSP Block since the DSP block registers only possess synchronous reset capability.  It is suggested to recode or change these registers to remove the reset or use a synchronous reset to get the best optimization for performance, power and area.
Related violations: <none>

DPIR-1#115 Warning
Asynchronous driver check  
DSP u_core/u_mul/mult_result_w__1 input pin u_core/u_mul/mult_result_w__1/B[7] is connected to registers with an asynchronous reset. This is preventing the possibility of merging these registers in to the DSP Block since the DSP block registers only possess synchronous reset capability.  It is suggested to recode or change these registers to remove the reset or use a synchronous reset to get the best optimization for performance, power and area.
Related violations: <none>

DPIR-1#116 Warning
Asynchronous driver check  
DSP u_core/u_mul/mult_result_w__1 input pin u_core/u_mul/mult_result_w__1/B[8] is connected to registers with an asynchronous reset. This is preventing the possibility of merging these registers in to the DSP Block since the DSP block registers only possess synchronous reset capability.  It is suggested to recode or change these registers to remove the reset or use a synchronous reset to get the best optimization for performance, power and area.
Related violations: <none>

DPIR-1#117 Warning
Asynchronous driver check  
DSP u_core/u_mul/mult_result_w__1 input pin u_core/u_mul/mult_result_w__1/B[9] is connected to registers with an asynchronous reset. This is preventing the possibility of merging these registers in to the DSP Block since the DSP block registers only possess synchronous reset capability.  It is suggested to recode or change these registers to remove the reset or use a synchronous reset to get the best optimization for performance, power and area.
Related violations: <none>

DPIR-1#118 Warning
Asynchronous driver check  
DSP u_core/u_mul/mult_result_w__2 input pin u_core/u_mul/mult_result_w__2/B[0] is connected to registers with an asynchronous reset. This is preventing the possibility of merging these registers in to the DSP Block since the DSP block registers only possess synchronous reset capability.  It is suggested to recode or change these registers to remove the reset or use a synchronous reset to get the best optimization for performance, power and area.
Related violations: <none>

DPIR-1#119 Warning
Asynchronous driver check  
DSP u_core/u_mul/mult_result_w__2 input pin u_core/u_mul/mult_result_w__2/B[10] is connected to registers with an asynchronous reset. This is preventing the possibility of merging these registers in to the DSP Block since the DSP block registers only possess synchronous reset capability.  It is suggested to recode or change these registers to remove the reset or use a synchronous reset to get the best optimization for performance, power and area.
Related violations: <none>

DPIR-1#120 Warning
Asynchronous driver check  
DSP u_core/u_mul/mult_result_w__2 input pin u_core/u_mul/mult_result_w__2/B[11] is connected to registers with an asynchronous reset. This is preventing the possibility of merging these registers in to the DSP Block since the DSP block registers only possess synchronous reset capability.  It is suggested to recode or change these registers to remove the reset or use a synchronous reset to get the best optimization for performance, power and area.
Related violations: <none>

DPIR-1#121 Warning
Asynchronous driver check  
DSP u_core/u_mul/mult_result_w__2 input pin u_core/u_mul/mult_result_w__2/B[12] is connected to registers with an asynchronous reset. This is preventing the possibility of merging these registers in to the DSP Block since the DSP block registers only possess synchronous reset capability.  It is suggested to recode or change these registers to remove the reset or use a synchronous reset to get the best optimization for performance, power and area.
Related violations: <none>

DPIR-1#122 Warning
Asynchronous driver check  
DSP u_core/u_mul/mult_result_w__2 input pin u_core/u_mul/mult_result_w__2/B[13] is connected to registers with an asynchronous reset. This is preventing the possibility of merging these registers in to the DSP Block since the DSP block registers only possess synchronous reset capability.  It is suggested to recode or change these registers to remove the reset or use a synchronous reset to get the best optimization for performance, power and area.
Related violations: <none>

DPIR-1#123 Warning
Asynchronous driver check  
DSP u_core/u_mul/mult_result_w__2 input pin u_core/u_mul/mult_result_w__2/B[14] is connected to registers with an asynchronous reset. This is preventing the possibility of merging these registers in to the DSP Block since the DSP block registers only possess synchronous reset capability.  It is suggested to recode or change these registers to remove the reset or use a synchronous reset to get the best optimization for performance, power and area.
Related violations: <none>

DPIR-1#124 Warning
Asynchronous driver check  
DSP u_core/u_mul/mult_result_w__2 input pin u_core/u_mul/mult_result_w__2/B[15] is connected to registers with an asynchronous reset. This is preventing the possibility of merging these registers in to the DSP Block since the DSP block registers only possess synchronous reset capability.  It is suggested to recode or change these registers to remove the reset or use a synchronous reset to get the best optimization for performance, power and area.
Related violations: <none>

DPIR-1#125 Warning
Asynchronous driver check  
DSP u_core/u_mul/mult_result_w__2 input pin u_core/u_mul/mult_result_w__2/B[16] is connected to registers with an asynchronous reset. This is preventing the possibility of merging these registers in to the DSP Block since the DSP block registers only possess synchronous reset capability.  It is suggested to recode or change these registers to remove the reset or use a synchronous reset to get the best optimization for performance, power and area.
Related violations: <none>

DPIR-1#126 Warning
Asynchronous driver check  
DSP u_core/u_mul/mult_result_w__2 input pin u_core/u_mul/mult_result_w__2/B[17] is connected to registers with an asynchronous reset. This is preventing the possibility of merging these registers in to the DSP Block since the DSP block registers only possess synchronous reset capability.  It is suggested to recode or change these registers to remove the reset or use a synchronous reset to get the best optimization for performance, power and area.
Related violations: <none>

DPIR-1#127 Warning
Asynchronous driver check  
DSP u_core/u_mul/mult_result_w__2 input pin u_core/u_mul/mult_result_w__2/B[1] is connected to registers with an asynchronous reset. This is preventing the possibility of merging these registers in to the DSP Block since the DSP block registers only possess synchronous reset capability.  It is suggested to recode or change these registers to remove the reset or use a synchronous reset to get the best optimization for performance, power and area.
Related violations: <none>

DPIR-1#128 Warning
Asynchronous driver check  
DSP u_core/u_mul/mult_result_w__2 input pin u_core/u_mul/mult_result_w__2/B[2] is connected to registers with an asynchronous reset. This is preventing the possibility of merging these registers in to the DSP Block since the DSP block registers only possess synchronous reset capability.  It is suggested to recode or change these registers to remove the reset or use a synchronous reset to get the best optimization for performance, power and area.
Related violations: <none>

DPIR-1#129 Warning
Asynchronous driver check  
DSP u_core/u_mul/mult_result_w__2 input pin u_core/u_mul/mult_result_w__2/B[3] is connected to registers with an asynchronous reset. This is preventing the possibility of merging these registers in to the DSP Block since the DSP block registers only possess synchronous reset capability.  It is suggested to recode or change these registers to remove the reset or use a synchronous reset to get the best optimization for performance, power and area.
Related violations: <none>

DPIR-1#130 Warning
Asynchronous driver check  
DSP u_core/u_mul/mult_result_w__2 input pin u_core/u_mul/mult_result_w__2/B[4] is connected to registers with an asynchronous reset. This is preventing the possibility of merging these registers in to the DSP Block since the DSP block registers only possess synchronous reset capability.  It is suggested to recode or change these registers to remove the reset or use a synchronous reset to get the best optimization for performance, power and area.
Related violations: <none>

DPIR-1#131 Warning
Asynchronous driver check  
DSP u_core/u_mul/mult_result_w__2 input pin u_core/u_mul/mult_result_w__2/B[5] is connected to registers with an asynchronous reset. This is preventing the possibility of merging these registers in to the DSP Block since the DSP block registers only possess synchronous reset capability.  It is suggested to recode or change these registers to remove the reset or use a synchronous reset to get the best optimization for performance, power and area.
Related violations: <none>

DPIR-1#132 Warning
Asynchronous driver check  
DSP u_core/u_mul/mult_result_w__2 input pin u_core/u_mul/mult_result_w__2/B[6] is connected to registers with an asynchronous reset. This is preventing the possibility of merging these registers in to the DSP Block since the DSP block registers only possess synchronous reset capability.  It is suggested to recode or change these registers to remove the reset or use a synchronous reset to get the best optimization for performance, power and area.
Related violations: <none>

DPIR-1#133 Warning
Asynchronous driver check  
DSP u_core/u_mul/mult_result_w__2 input pin u_core/u_mul/mult_result_w__2/B[7] is connected to registers with an asynchronous reset. This is preventing the possibility of merging these registers in to the DSP Block since the DSP block registers only possess synchronous reset capability.  It is suggested to recode or change these registers to remove the reset or use a synchronous reset to get the best optimization for performance, power and area.
Related violations: <none>

DPIR-1#134 Warning
Asynchronous driver check  
DSP u_core/u_mul/mult_result_w__2 input pin u_core/u_mul/mult_result_w__2/B[8] is connected to registers with an asynchronous reset. This is preventing the possibility of merging these registers in to the DSP Block since the DSP block registers only possess synchronous reset capability.  It is suggested to recode or change these registers to remove the reset or use a synchronous reset to get the best optimization for performance, power and area.
Related violations: <none>

DPIR-1#135 Warning
Asynchronous driver check  
DSP u_core/u_mul/mult_result_w__2 input pin u_core/u_mul/mult_result_w__2/B[9] is connected to registers with an asynchronous reset. This is preventing the possibility of merging these registers in to the DSP Block since the DSP block registers only possess synchronous reset capability.  It is suggested to recode or change these registers to remove the reset or use a synchronous reset to get the best optimization for performance, power and area.
Related violations: <none>

SYNTH-10#1 Warning
Wide multiplier  
Detected multiplier at u_core/u_mul/mult_result_w of size 16x18, it is decomposed from a wide multipler into 4 DSP blocks.
Related violations: <none>

SYNTH-10#2 Warning
Wide multiplier  
Detected multiplier at u_core/u_mul/mult_result_w__0 of size 16x16, it is decomposed from a wide multipler into 4 DSP blocks.
Related violations: <none>

SYNTH-10#3 Warning
Wide multiplier  
Detected multiplier at u_core/u_mul/mult_result_w__1 of size 18x18, it is decomposed from a wide multipler into 4 DSP blocks.
Related violations: <none>

SYNTH-10#4 Warning
Wide multiplier  
Detected multiplier at u_core/u_mul/mult_result_w__2 of size 18x16, it is decomposed from a wide multipler into 4 DSP blocks.
Related violations: <none>

SYNTH-15#1 Warning
Byte wide write enable not inferred  
Byte wide write enable (BWWE) is not inferred for Block RAM u_tcm/u_ram/ram_reg_0_0 because address width (14) is more than optimal threshold of 12. Implementing using BWWE will require more logic and timing would be suboptimal. Please use attribute ram_decomp = power if BWWE is desired..
Related violations: <none>

SYNTH-15#2 Warning
Byte wide write enable not inferred  
Byte wide write enable (BWWE) is not inferred for Block RAM u_tcm/u_ram/ram_reg_0_1 because address width (14) is more than optimal threshold of 12. Implementing using BWWE will require more logic and timing would be suboptimal. Please use attribute ram_decomp = power if BWWE is desired..
Related violations: <none>

SYNTH-15#3 Warning
Byte wide write enable not inferred  
Byte wide write enable (BWWE) is not inferred for Block RAM u_tcm/u_ram/ram_reg_0_2 because address width (14) is more than optimal threshold of 12. Implementing using BWWE will require more logic and timing would be suboptimal. Please use attribute ram_decomp = power if BWWE is desired..
Related violations: <none>

SYNTH-15#4 Warning
Byte wide write enable not inferred  
Byte wide write enable (BWWE) is not inferred for Block RAM u_tcm/u_ram/ram_reg_0_3 because address width (14) is more than optimal threshold of 12. Implementing using BWWE will require more logic and timing would be suboptimal. Please use attribute ram_decomp = power if BWWE is desired..
Related violations: <none>

SYNTH-15#5 Warning
Byte wide write enable not inferred  
Byte wide write enable (BWWE) is not inferred for Block RAM u_tcm/u_ram/ram_reg_1_0 because address width (14) is more than optimal threshold of 12. Implementing using BWWE will require more logic and timing would be suboptimal. Please use attribute ram_decomp = power if BWWE is desired..
Related violations: <none>

SYNTH-15#6 Warning
Byte wide write enable not inferred  
Byte wide write enable (BWWE) is not inferred for Block RAM u_tcm/u_ram/ram_reg_1_1 because address width (14) is more than optimal threshold of 12. Implementing using BWWE will require more logic and timing would be suboptimal. Please use attribute ram_decomp = power if BWWE is desired..
Related violations: <none>

SYNTH-15#7 Warning
Byte wide write enable not inferred  
Byte wide write enable (BWWE) is not inferred for Block RAM u_tcm/u_ram/ram_reg_1_2 because address width (14) is more than optimal threshold of 12. Implementing using BWWE will require more logic and timing would be suboptimal. Please use attribute ram_decomp = power if BWWE is desired..
Related violations: <none>

SYNTH-15#8 Warning
Byte wide write enable not inferred  
Byte wide write enable (BWWE) is not inferred for Block RAM u_tcm/u_ram/ram_reg_1_3 because address width (14) is more than optimal threshold of 12. Implementing using BWWE will require more logic and timing would be suboptimal. Please use attribute ram_decomp = power if BWWE is desired..
Related violations: <none>

SYNTH-15#9 Warning
Byte wide write enable not inferred  
Byte wide write enable (BWWE) is not inferred for Block RAM u_tcm/u_ram/ram_reg_2_0 because address width (14) is more than optimal threshold of 12. Implementing using BWWE will require more logic and timing would be suboptimal. Please use attribute ram_decomp = power if BWWE is desired..
Related violations: <none>

SYNTH-15#10 Warning
Byte wide write enable not inferred  
Byte wide write enable (BWWE) is not inferred for Block RAM u_tcm/u_ram/ram_reg_2_1 because address width (14) is more than optimal threshold of 12. Implementing using BWWE will require more logic and timing would be suboptimal. Please use attribute ram_decomp = power if BWWE is desired..
Related violations: <none>

SYNTH-15#11 Warning
Byte wide write enable not inferred  
Byte wide write enable (BWWE) is not inferred for Block RAM u_tcm/u_ram/ram_reg_2_2 because address width (14) is more than optimal threshold of 12. Implementing using BWWE will require more logic and timing would be suboptimal. Please use attribute ram_decomp = power if BWWE is desired..
Related violations: <none>

SYNTH-15#12 Warning
Byte wide write enable not inferred  
Byte wide write enable (BWWE) is not inferred for Block RAM u_tcm/u_ram/ram_reg_2_3 because address width (14) is more than optimal threshold of 12. Implementing using BWWE will require more logic and timing would be suboptimal. Please use attribute ram_decomp = power if BWWE is desired..
Related violations: <none>

SYNTH-15#13 Warning
Byte wide write enable not inferred  
Byte wide write enable (BWWE) is not inferred for Block RAM u_tcm/u_ram/ram_reg_3_0 because address width (14) is more than optimal threshold of 12. Implementing using BWWE will require more logic and timing would be suboptimal. Please use attribute ram_decomp = power if BWWE is desired..
Related violations: <none>

SYNTH-15#14 Warning
Byte wide write enable not inferred  
Byte wide write enable (BWWE) is not inferred for Block RAM u_tcm/u_ram/ram_reg_3_1 because address width (14) is more than optimal threshold of 12. Implementing using BWWE will require more logic and timing would be suboptimal. Please use attribute ram_decomp = power if BWWE is desired..
Related violations: <none>

SYNTH-15#15 Warning
Byte wide write enable not inferred  
Byte wide write enable (BWWE) is not inferred for Block RAM u_tcm/u_ram/ram_reg_3_2 because address width (14) is more than optimal threshold of 12. Implementing using BWWE will require more logic and timing would be suboptimal. Please use attribute ram_decomp = power if BWWE is desired..
Related violations: <none>

SYNTH-15#16 Warning
Byte wide write enable not inferred  
Byte wide write enable (BWWE) is not inferred for Block RAM u_tcm/u_ram/ram_reg_3_3 because address width (14) is more than optimal threshold of 12. Implementing using BWWE will require more logic and timing would be suboptimal. Please use attribute ram_decomp = power if BWWE is desired..
Related violations: <none>

TIMING-16#1 Warning
Large setup violation  
There is a large setup violation of -1.002 ns between u_core/u_decode/buffer_q_reg[44]/C (clocked by clk_i) and u_core/u_div/quotient_q_reg[0]/CE (clocked by clk_i). Large setup violations at the end of those stages might be difficult to fix during the post-placement implementation flow and could be the result of non-optimal XDC constraints or non-optimal design architecture
Related violations: <none>

TIMING-16#2 Warning
Large setup violation  
There is a large setup violation of -1.002 ns between u_core/u_decode/buffer_q_reg[44]/C (clocked by clk_i) and u_core/u_div/quotient_q_reg[1]/CE (clocked by clk_i). Large setup violations at the end of those stages might be difficult to fix during the post-placement implementation flow and could be the result of non-optimal XDC constraints or non-optimal design architecture
Related violations: <none>

TIMING-16#3 Warning
Large setup violation  
There is a large setup violation of -1.003 ns between u_core/u_decode/buffer_q_reg[44]/C (clocked by clk_i) and u_core/u_div/dividend_q_reg[7]/D (clocked by clk_i). Large setup violations at the end of those stages might be difficult to fix during the post-placement implementation flow and could be the result of non-optimal XDC constraints or non-optimal design architecture
Related violations: <none>

TIMING-16#4 Warning
Large setup violation  
There is a large setup violation of -1.006 ns between u_core/u_mul/operand_b_e1_q_reg[11]/C (clocked by clk_i) and u_core/u_mul/result_e2_q_reg[29]/D (clocked by clk_i). Large setup violations at the end of those stages might be difficult to fix during the post-placement implementation flow and could be the result of non-optimal XDC constraints or non-optimal design architecture
Related violations: <none>

TIMING-16#5 Warning
Large setup violation  
There is a large setup violation of -1.016 ns between u_core/u_decode/buffer_q_reg[44]/C (clocked by clk_i) and u_core/u_lsu/mem_addr_q_reg[27]/D (clocked by clk_i). Large setup violations at the end of those stages might be difficult to fix during the post-placement implementation flow and could be the result of non-optimal XDC constraints or non-optimal design architecture
Related violations: <none>

TIMING-16#6 Warning
Large setup violation  
There is a large setup violation of -1.019 ns between u_tcm/u_ram/ram_reg_2_0/CLKARDCLK (clocked by clk_i) and u_core/u_exec/result_q_reg[28]/D (clocked by clk_i). Large setup violations at the end of those stages might be difficult to fix during the post-placement implementation flow and could be the result of non-optimal XDC constraints or non-optimal design architecture
Related violations: <none>

TIMING-16#7 Warning
Large setup violation  
There is a large setup violation of -1.024 ns between u_core/u_decode/buffer_q_reg[44]/C (clocked by clk_i) and u_core/u_div/dividend_q_reg[5]/D (clocked by clk_i). Large setup violations at the end of those stages might be difficult to fix during the post-placement implementation flow and could be the result of non-optimal XDC constraints or non-optimal design architecture
Related violations: <none>

TIMING-16#8 Warning
Large setup violation  
There is a large setup violation of -1.024 ns between u_core/u_decode/buffer_q_reg[44]/C (clocked by clk_i) and u_core/u_lsu/mem_addr_q_reg[25]/D (clocked by clk_i). Large setup violations at the end of those stages might be difficult to fix during the post-placement implementation flow and could be the result of non-optimal XDC constraints or non-optimal design architecture
Related violations: <none>

TIMING-16#9 Warning
Large setup violation  
There is a large setup violation of -1.028 ns between u_core/u_decode/buffer_q_reg[44]/C (clocked by clk_i) and u_core/u_div/dividend_q_reg[8]/D (clocked by clk_i). Large setup violations at the end of those stages might be difficult to fix during the post-placement implementation flow and could be the result of non-optimal XDC constraints or non-optimal design architecture
Related violations: <none>

TIMING-16#10 Warning
Large setup violation  
There is a large setup violation of -1.036 ns between u_core/u_decode/buffer_q_reg[44]/C (clocked by clk_i) and u_core/u_lsu/mem_addr_q_reg[28]/D (clocked by clk_i). Large setup violations at the end of those stages might be difficult to fix during the post-placement implementation flow and could be the result of non-optimal XDC constraints or non-optimal design architecture
Related violations: <none>

TIMING-16#11 Warning
Large setup violation  
There is a large setup violation of -1.044 ns between u_core/u_decode/buffer_q_reg[44]/C (clocked by clk_i) and u_core/u_div/dividend_q_reg[10]/D (clocked by clk_i). Large setup violations at the end of those stages might be difficult to fix during the post-placement implementation flow and could be the result of non-optimal XDC constraints or non-optimal design architecture
Related violations: <none>

TIMING-16#12 Warning
Large setup violation  
There is a large setup violation of -1.053 ns between u_tcm/u_ram/ram_reg_0_3/CLKARDCLK (clocked by clk_i) and u_core/u_div/invert_res_q_reg/D (clocked by clk_i). Large setup violations at the end of those stages might be difficult to fix during the post-placement implementation flow and could be the result of non-optimal XDC constraints or non-optimal design architecture
Related violations: <none>

TIMING-16#13 Warning
Large setup violation  
There is a large setup violation of -1.056 ns between u_core/u_decode/buffer_q_reg[44]/C (clocked by clk_i) and u_core/u_lsu/mem_addr_q_reg[30]/D (clocked by clk_i). Large setup violations at the end of those stages might be difficult to fix during the post-placement implementation flow and could be the result of non-optimal XDC constraints or non-optimal design architecture
Related violations: <none>

TIMING-16#14 Warning
Large setup violation  
There is a large setup violation of -1.058 ns between u_tcm/u_ram/ram_reg_2_0/CLKARDCLK (clocked by clk_i) and u_core/u_exec/result_q_reg[14]/D (clocked by clk_i). Large setup violations at the end of those stages might be difficult to fix during the post-placement implementation flow and could be the result of non-optimal XDC constraints or non-optimal design architecture
Related violations: <none>

TIMING-16#15 Warning
Large setup violation  
There is a large setup violation of -1.118 ns between u_core/u_decode/buffer_q_reg[44]/C (clocked by clk_i) and u_core/u_div/dividend_q_reg[11]/D (clocked by clk_i). Large setup violations at the end of those stages might be difficult to fix during the post-placement implementation flow and could be the result of non-optimal XDC constraints or non-optimal design architecture
Related violations: <none>

TIMING-16#16 Warning
Large setup violation  
There is a large setup violation of -1.129 ns between u_tcm/u_ram/ram_reg_0_3/CLKARDCLK (clocked by clk_i) and u_core/u_fetch/branch_pc_q_reg[2]/D (clocked by clk_i). Large setup violations at the end of those stages might be difficult to fix during the post-placement implementation flow and could be the result of non-optimal XDC constraints or non-optimal design architecture
Related violations: <none>

TIMING-16#17 Warning
Large setup violation  
There is a large setup violation of -1.132 ns between u_core/u_decode/buffer_q_reg[44]/C (clocked by clk_i) and u_core/u_lsu/mem_addr_q_reg[31]/D (clocked by clk_i). Large setup violations at the end of those stages might be difficult to fix during the post-placement implementation flow and could be the result of non-optimal XDC constraints or non-optimal design architecture
Related violations: <none>

TIMING-16#18 Warning
Large setup violation  
There is a large setup violation of -1.139 ns between u_core/u_decode/buffer_q_reg[44]/C (clocked by clk_i) and u_core/u_div/dividend_q_reg[9]/D (clocked by clk_i). Large setup violations at the end of those stages might be difficult to fix during the post-placement implementation flow and could be the result of non-optimal XDC constraints or non-optimal design architecture
Related violations: <none>

TIMING-16#19 Warning
Large setup violation  
There is a large setup violation of -1.140 ns between u_core/u_decode/buffer_q_reg[44]/C (clocked by clk_i) and u_core/u_lsu/mem_addr_q_reg[29]/D (clocked by clk_i). Large setup violations at the end of those stages might be difficult to fix during the post-placement implementation flow and could be the result of non-optimal XDC constraints or non-optimal design architecture
Related violations: <none>

TIMING-16#20 Warning
Large setup violation  
There is a large setup violation of -1.142 ns between u_core/u_decode/buffer_q_reg[44]/C (clocked by clk_i) and u_core/u_div/dividend_q_reg[12]/D (clocked by clk_i). Large setup violations at the end of those stages might be difficult to fix during the post-placement implementation flow and could be the result of non-optimal XDC constraints or non-optimal design architecture
Related violations: <none>

TIMING-16#21 Warning
Large setup violation  
There is a large setup violation of -1.158 ns between u_core/u_decode/buffer_q_reg[44]/C (clocked by clk_i) and u_core/u_div/dividend_q_reg[14]/D (clocked by clk_i). Large setup violations at the end of those stages might be difficult to fix during the post-placement implementation flow and could be the result of non-optimal XDC constraints or non-optimal design architecture
Related violations: <none>

TIMING-16#22 Warning
Large setup violation  
There is a large setup violation of -1.162 ns between u_tcm/u_ram/ram_reg_0_3/CLKARDCLK (clocked by clk_i) and u_core/u_decode/buffer_q_reg[31]/D (clocked by clk_i). Large setup violations at the end of those stages might be difficult to fix during the post-placement implementation flow and could be the result of non-optimal XDC constraints or non-optimal design architecture
Related violations: <none>

TIMING-16#23 Warning
Large setup violation  
There is a large setup violation of -1.163 ns between u_tcm/u_ram/ram_reg_0_3/CLKARDCLK (clocked by clk_i) and u_core/u_decode/buffer_q_reg[11]/D (clocked by clk_i). Large setup violations at the end of those stages might be difficult to fix during the post-placement implementation flow and could be the result of non-optimal XDC constraints or non-optimal design architecture
Related violations: <none>

TIMING-16#24 Warning
Large setup violation  
There is a large setup violation of -1.165 ns between u_tcm/u_ram/ram_reg_0_3/CLKARDCLK (clocked by clk_i) and u_core/u_decode/buffer_q_reg[12]/D (clocked by clk_i). Large setup violations at the end of those stages might be difficult to fix during the post-placement implementation flow and could be the result of non-optimal XDC constraints or non-optimal design architecture
Related violations: <none>

TIMING-16#25 Warning
Large setup violation  
There is a large setup violation of -1.179 ns between u_core/u_mul/operand_b_e1_q_reg[11]/C (clocked by clk_i) and u_core/u_mul/result_e2_q_reg[31]/D (clocked by clk_i). Large setup violations at the end of those stages might be difficult to fix during the post-placement implementation flow and could be the result of non-optimal XDC constraints or non-optimal design architecture
Related violations: <none>

TIMING-16#26 Warning
Large setup violation  
There is a large setup violation of -1.182 ns between u_tcm/u_ram/ram_reg_0_3/CLKARDCLK (clocked by clk_i) and u_core/u_exec/result_q_reg[19]/D (clocked by clk_i). Large setup violations at the end of those stages might be difficult to fix during the post-placement implementation flow and could be the result of non-optimal XDC constraints or non-optimal design architecture
Related violations: <none>

TIMING-16#27 Warning
Large setup violation  
There is a large setup violation of -1.183 ns between u_tcm/u_ram/ram_reg_2_0/CLKARDCLK (clocked by clk_i) and u_core/u_exec/result_q_reg[13]/D (clocked by clk_i). Large setup violations at the end of those stages might be difficult to fix during the post-placement implementation flow and could be the result of non-optimal XDC constraints or non-optimal design architecture
Related violations: <none>

TIMING-16#28 Warning
Large setup violation  
There is a large setup violation of -1.189 ns between u_tcm/u_ram/ram_reg_0_3/CLKARDCLK (clocked by clk_i) and u_core/u_decode/buffer_q_reg[19]/D (clocked by clk_i). Large setup violations at the end of those stages might be difficult to fix during the post-placement implementation flow and could be the result of non-optimal XDC constraints or non-optimal design architecture
Related violations: <none>

TIMING-16#29 Warning
Large setup violation  
There is a large setup violation of -1.191 ns between u_tcm/u_ram/ram_reg_0_3/CLKARDCLK (clocked by clk_i) and u_core/u_decode/buffer_q_reg[30]/D (clocked by clk_i). Large setup violations at the end of those stages might be difficult to fix during the post-placement implementation flow and could be the result of non-optimal XDC constraints or non-optimal design architecture
Related violations: <none>

TIMING-16#30 Warning
Large setup violation  
There is a large setup violation of -1.200 ns between u_tcm/u_ram/ram_reg_0_3/CLKARDCLK (clocked by clk_i) and u_core/u_decode/buffer_q_reg[10]/D (clocked by clk_i). Large setup violations at the end of those stages might be difficult to fix during the post-placement implementation flow and could be the result of non-optimal XDC constraints or non-optimal design architecture
Related violations: <none>

TIMING-16#31 Warning
Large setup violation  
There is a large setup violation of -1.209 ns between u_tcm/u_ram/ram_reg_2_0/CLKARDCLK (clocked by clk_i) and u_core/u_exec/result_q_reg[15]/D (clocked by clk_i). Large setup violations at the end of those stages might be difficult to fix during the post-placement implementation flow and could be the result of non-optimal XDC constraints or non-optimal design architecture
Related violations: <none>

TIMING-16#32 Warning
Large setup violation  
There is a large setup violation of -1.232 ns between u_core/u_decode/buffer_q_reg[44]/C (clocked by clk_i) and u_core/u_div/dividend_q_reg[15]/D (clocked by clk_i). Large setup violations at the end of those stages might be difficult to fix during the post-placement implementation flow and could be the result of non-optimal XDC constraints or non-optimal design architecture
Related violations: <none>

TIMING-16#33 Warning
Large setup violation  
There is a large setup violation of -1.252 ns between u_tcm/u_ram/ram_reg_0_3/CLKARDCLK (clocked by clk_i) and u_core/u_exec/result_q_reg[1]/D (clocked by clk_i). Large setup violations at the end of those stages might be difficult to fix during the post-placement implementation flow and could be the result of non-optimal XDC constraints or non-optimal design architecture
Related violations: <none>

TIMING-16#34 Warning
Large setup violation  
There is a large setup violation of -1.253 ns between u_core/u_decode/buffer_q_reg[44]/C (clocked by clk_i) and u_core/u_div/dividend_q_reg[13]/D (clocked by clk_i). Large setup violations at the end of those stages might be difficult to fix during the post-placement implementation flow and could be the result of non-optimal XDC constraints or non-optimal design architecture
Related violations: <none>

TIMING-16#35 Warning
Large setup violation  
There is a large setup violation of -1.257 ns between u_core/u_decode/buffer_q_reg[44]/C (clocked by clk_i) and u_core/u_div/dividend_q_reg[16]/D (clocked by clk_i). Large setup violations at the end of those stages might be difficult to fix during the post-placement implementation flow and could be the result of non-optimal XDC constraints or non-optimal design architecture
Related violations: <none>

TIMING-16#36 Warning
Large setup violation  
There is a large setup violation of -1.261 ns between u_tcm/u_ram/ram_reg_0_3/CLKARDCLK (clocked by clk_i) and u_core/u_exec/result_q_reg[17]/D (clocked by clk_i). Large setup violations at the end of those stages might be difficult to fix during the post-placement implementation flow and could be the result of non-optimal XDC constraints or non-optimal design architecture
Related violations: <none>

TIMING-16#37 Warning
Large setup violation  
There is a large setup violation of -1.266 ns between u_tcm/u_ram/ram_reg_0_3/CLKARDCLK (clocked by clk_i) and u_core/u_exec/result_q_reg[20]/D (clocked by clk_i). Large setup violations at the end of those stages might be difficult to fix during the post-placement implementation flow and could be the result of non-optimal XDC constraints or non-optimal design architecture
Related violations: <none>

TIMING-16#38 Warning
Large setup violation  
There is a large setup violation of -1.272 ns between u_tcm/u_ram/ram_reg_0_3/CLKARDCLK (clocked by clk_i) and u_core/u_exec/result_q_reg[10]/D (clocked by clk_i). Large setup violations at the end of those stages might be difficult to fix during the post-placement implementation flow and could be the result of non-optimal XDC constraints or non-optimal design architecture
Related violations: <none>

TIMING-16#39 Warning
Large setup violation  
There is a large setup violation of -1.273 ns between u_core/u_decode/buffer_q_reg[44]/C (clocked by clk_i) and u_core/u_div/dividend_q_reg[18]/D (clocked by clk_i). Large setup violations at the end of those stages might be difficult to fix during the post-placement implementation flow and could be the result of non-optimal XDC constraints or non-optimal design architecture
Related violations: <none>

TIMING-16#40 Warning
Large setup violation  
There is a large setup violation of -1.276 ns between u_tcm/u_ram/ram_reg_0_3/CLKARDCLK (clocked by clk_i) and u_core/u_decode/buffer_q_reg[2]/D (clocked by clk_i). Large setup violations at the end of those stages might be difficult to fix during the post-placement implementation flow and could be the result of non-optimal XDC constraints or non-optimal design architecture
Related violations: <none>

TIMING-16#41 Warning
Large setup violation  
There is a large setup violation of -1.280 ns between u_tcm/u_ram/ram_reg_0_3/CLKARDCLK (clocked by clk_i) and u_core/u_decode/buffer_q_reg[6]/D (clocked by clk_i). Large setup violations at the end of those stages might be difficult to fix during the post-placement implementation flow and could be the result of non-optimal XDC constraints or non-optimal design architecture
Related violations: <none>

TIMING-16#42 Warning
Large setup violation  
There is a large setup violation of -1.286 ns between u_tcm/u_ram/ram_reg_0_3/CLKARDCLK (clocked by clk_i) and u_core/u_decode/buffer_q_reg[24]/D (clocked by clk_i). Large setup violations at the end of those stages might be difficult to fix during the post-placement implementation flow and could be the result of non-optimal XDC constraints or non-optimal design architecture
Related violations: <none>

TIMING-16#43 Warning
Large setup violation  
There is a large setup violation of -1.290 ns between u_tcm/u_ram/ram_reg_0_3/CLKARDCLK (clocked by clk_i) and u_core/u_decode/buffer_q_reg[25]/D (clocked by clk_i). Large setup violations at the end of those stages might be difficult to fix during the post-placement implementation flow and could be the result of non-optimal XDC constraints or non-optimal design architecture
Related violations: <none>

TIMING-16#44 Warning
Large setup violation  
There is a large setup violation of -1.291 ns between u_tcm/u_ram/ram_reg_0_3/CLKARDCLK (clocked by clk_i) and u_core/u_exec/result_q_reg[11]/D (clocked by clk_i). Large setup violations at the end of those stages might be difficult to fix during the post-placement implementation flow and could be the result of non-optimal XDC constraints or non-optimal design architecture
Related violations: <none>

TIMING-16#45 Warning
Large setup violation  
There is a large setup violation of -1.323 ns between u_tcm/u_ram/ram_reg_0_3/CLKARDCLK (clocked by clk_i) and u_core/u_decode/buffer_q_reg[47]_rep__0/D (clocked by clk_i). Large setup violations at the end of those stages might be difficult to fix during the post-placement implementation flow and could be the result of non-optimal XDC constraints or non-optimal design architecture
Related violations: <none>

TIMING-16#46 Warning
Large setup violation  
There is a large setup violation of -1.324 ns between u_tcm/u_ram/ram_reg_0_3/CLKARDCLK (clocked by clk_i) and u_core/u_decode/buffer_q_reg[50]/D (clocked by clk_i). Large setup violations at the end of those stages might be difficult to fix during the post-placement implementation flow and could be the result of non-optimal XDC constraints or non-optimal design architecture
Related violations: <none>

TIMING-16#47 Warning
Large setup violation  
There is a large setup violation of -1.330 ns between u_tcm/u_ram/ram_reg_0_3/CLKARDCLK (clocked by clk_i) and u_core/u_decode/buffer_q_reg[23]/D (clocked by clk_i). Large setup violations at the end of those stages might be difficult to fix during the post-placement implementation flow and could be the result of non-optimal XDC constraints or non-optimal design architecture
Related violations: <none>

TIMING-16#48 Warning
Large setup violation  
There is a large setup violation of -1.331 ns between u_tcm/u_ram/ram_reg_0_3/CLKARDCLK (clocked by clk_i) and u_core/u_decode/buffer_q_reg[15]/D (clocked by clk_i). Large setup violations at the end of those stages might be difficult to fix during the post-placement implementation flow and could be the result of non-optimal XDC constraints or non-optimal design architecture
Related violations: <none>

TIMING-16#49 Warning
Large setup violation  
There is a large setup violation of -1.334 ns between u_tcm/u_ram/ram_reg_0_3/CLKARDCLK (clocked by clk_i) and u_core/u_decode/buffer_q_reg[20]/D (clocked by clk_i). Large setup violations at the end of those stages might be difficult to fix during the post-placement implementation flow and could be the result of non-optimal XDC constraints or non-optimal design architecture
Related violations: <none>

TIMING-16#50 Warning
Large setup violation  
There is a large setup violation of -1.335 ns between u_tcm/u_ram/ram_reg_0_3/CLKARDCLK (clocked by clk_i) and u_core/u_decode/buffer_q_reg[45]/D (clocked by clk_i). Large setup violations at the end of those stages might be difficult to fix during the post-placement implementation flow and could be the result of non-optimal XDC constraints or non-optimal design architecture
Related violations: <none>

TIMING-16#51 Warning
Large setup violation  
There is a large setup violation of -1.341 ns between u_tcm/u_ram/ram_reg_0_3/CLKARDCLK (clocked by clk_i) and u_core/u_decode/buffer_q_reg[21]/D (clocked by clk_i). Large setup violations at the end of those stages might be difficult to fix during the post-placement implementation flow and could be the result of non-optimal XDC constraints or non-optimal design architecture
Related violations: <none>

TIMING-16#52 Warning
Large setup violation  
There is a large setup violation of -1.343 ns between u_tcm/u_ram/ram_reg_0_3/CLKARDCLK (clocked by clk_i) and u_core/u_exec/result_q_reg[18]/D (clocked by clk_i). Large setup violations at the end of those stages might be difficult to fix during the post-placement implementation flow and could be the result of non-optimal XDC constraints or non-optimal design architecture
Related violations: <none>

TIMING-16#53 Warning
Large setup violation  
There is a large setup violation of -1.347 ns between u_core/u_decode/buffer_q_reg[44]/C (clocked by clk_i) and u_core/u_div/dividend_q_reg[19]/D (clocked by clk_i). Large setup violations at the end of those stages might be difficult to fix during the post-placement implementation flow and could be the result of non-optimal XDC constraints or non-optimal design architecture
Related violations: <none>

TIMING-16#54 Warning
Large setup violation  
There is a large setup violation of -1.358 ns between u_tcm/u_ram/ram_reg_2_0/CLKARDCLK (clocked by clk_i) and u_core/u_exec/result_q_reg[25]/D (clocked by clk_i). Large setup violations at the end of those stages might be difficult to fix during the post-placement implementation flow and could be the result of non-optimal XDC constraints or non-optimal design architecture
Related violations: <none>

TIMING-16#55 Warning
Large setup violation  
There is a large setup violation of -1.361 ns between u_tcm/u_ram/ram_reg_0_3/CLKARDCLK (clocked by clk_i) and u_core/u_issue/u_pipe_ctrl/exception_e1_q_reg[4]/D (clocked by clk_i). Large setup violations at the end of those stages might be difficult to fix during the post-placement implementation flow and could be the result of non-optimal XDC constraints or non-optimal design architecture
Related violations: <none>

TIMING-16#56 Warning
Large setup violation  
There is a large setup violation of -1.368 ns between u_core/u_decode/buffer_q_reg[44]/C (clocked by clk_i) and u_core/u_div/dividend_q_reg[17]/D (clocked by clk_i). Large setup violations at the end of those stages might be difficult to fix during the post-placement implementation flow and could be the result of non-optimal XDC constraints or non-optimal design architecture
Related violations: <none>

TIMING-16#57 Warning
Large setup violation  
There is a large setup violation of -1.370 ns between u_tcm/u_ram/ram_reg_2_0/CLKARDCLK (clocked by clk_i) and u_core/u_exec/result_q_reg[7]/D (clocked by clk_i). Large setup violations at the end of those stages might be difficult to fix during the post-placement implementation flow and could be the result of non-optimal XDC constraints or non-optimal design architecture
Related violations: <none>

TIMING-16#58 Warning
Large setup violation  
There is a large setup violation of -1.372 ns between u_core/u_decode/buffer_q_reg[44]/C (clocked by clk_i) and u_core/u_div/dividend_q_reg[20]/D (clocked by clk_i). Large setup violations at the end of those stages might be difficult to fix during the post-placement implementation flow and could be the result of non-optimal XDC constraints or non-optimal design architecture
Related violations: <none>

TIMING-16#59 Warning
Large setup violation  
There is a large setup violation of -1.374 ns between u_tcm/u_ram/ram_reg_0_3/CLKARDCLK (clocked by clk_i) and u_core/u_decode/buffer_q_reg[56]/D (clocked by clk_i). Large setup violations at the end of those stages might be difficult to fix during the post-placement implementation flow and could be the result of non-optimal XDC constraints or non-optimal design architecture
Related violations: <none>

TIMING-16#60 Warning
Large setup violation  
There is a large setup violation of -1.378 ns between u_tcm/u_ram/ram_reg_0_3/CLKARDCLK (clocked by clk_i) and u_core/u_decode/buffer_q_reg[59]/D (clocked by clk_i). Large setup violations at the end of those stages might be difficult to fix during the post-placement implementation flow and could be the result of non-optimal XDC constraints or non-optimal design architecture
Related violations: <none>

TIMING-16#61 Warning
Large setup violation  
There is a large setup violation of -1.382 ns between u_core/u_decode/buffer_q_reg[44]/C (clocked by clk_i) and u_core/u_lsu/mem_data_wr_q_reg[14]/D (clocked by clk_i). Large setup violations at the end of those stages might be difficult to fix during the post-placement implementation flow and could be the result of non-optimal XDC constraints or non-optimal design architecture
Related violations: <none>

TIMING-16#62 Warning
Large setup violation  
There is a large setup violation of -1.388 ns between u_core/u_decode/buffer_q_reg[44]/C (clocked by clk_i) and u_core/u_div/dividend_q_reg[22]/D (clocked by clk_i). Large setup violations at the end of those stages might be difficult to fix during the post-placement implementation flow and could be the result of non-optimal XDC constraints or non-optimal design architecture
Related violations: <none>

TIMING-16#63 Warning
Large setup violation  
There is a large setup violation of -1.388 ns between u_tcm/u_ram/ram_reg_0_3/CLKARDCLK (clocked by clk_i) and u_core/u_decode/buffer_q_reg[53]_rep__0/D (clocked by clk_i). Large setup violations at the end of those stages might be difficult to fix during the post-placement implementation flow and could be the result of non-optimal XDC constraints or non-optimal design architecture
Related violations: <none>

TIMING-16#64 Warning
Large setup violation  
There is a large setup violation of -1.389 ns between u_tcm/u_ram/ram_reg_0_3/CLKARDCLK (clocked by clk_i) and u_core/u_decode/buffer_q_reg[29]/D (clocked by clk_i). Large setup violations at the end of those stages might be difficult to fix during the post-placement implementation flow and could be the result of non-optimal XDC constraints or non-optimal design architecture
Related violations: <none>

TIMING-16#65 Warning
Large setup violation  
There is a large setup violation of -1.392 ns between u_tcm/u_ram/ram_reg_0_3/CLKARDCLK (clocked by clk_i) and u_core/u_decode/buffer_q_reg[22]/D (clocked by clk_i). Large setup violations at the end of those stages might be difficult to fix during the post-placement implementation flow and could be the result of non-optimal XDC constraints or non-optimal design architecture
Related violations: <none>

TIMING-16#66 Warning
Large setup violation  
There is a large setup violation of -1.392 ns between u_tcm/u_ram/ram_reg_2_0/CLKARDCLK (clocked by clk_i) and u_core/u_exec/result_q_reg[30]/D (clocked by clk_i). Large setup violations at the end of those stages might be difficult to fix during the post-placement implementation flow and could be the result of non-optimal XDC constraints or non-optimal design architecture
Related violations: <none>

TIMING-16#67 Warning
Large setup violation  
There is a large setup violation of -1.399 ns between u_tcm/u_ram/ram_reg_0_3/CLKARDCLK (clocked by clk_i) and u_core/u_decode/buffer_q_reg[5]/D (clocked by clk_i). Large setup violations at the end of those stages might be difficult to fix during the post-placement implementation flow and could be the result of non-optimal XDC constraints or non-optimal design architecture
Related violations: <none>

TIMING-16#68 Warning
Large setup violation  
There is a large setup violation of -1.401 ns between u_tcm/u_ram/ram_reg_0_3/CLKARDCLK (clocked by clk_i) and u_core/u_decode/buffer_q_reg[26]/D (clocked by clk_i). Large setup violations at the end of those stages might be difficult to fix during the post-placement implementation flow and could be the result of non-optimal XDC constraints or non-optimal design architecture
Related violations: <none>

TIMING-16#69 Warning
Large setup violation  
There is a large setup violation of -1.405 ns between u_tcm/u_ram/ram_reg_0_3/CLKARDCLK (clocked by clk_i) and u_core/u_decode/buffer_q_reg[17]/D (clocked by clk_i). Large setup violations at the end of those stages might be difficult to fix during the post-placement implementation flow and could be the result of non-optimal XDC constraints or non-optimal design architecture
Related violations: <none>

TIMING-16#70 Warning
Large setup violation  
There is a large setup violation of -1.409 ns between u_tcm/u_ram/ram_reg_0_3/CLKARDCLK (clocked by clk_i) and u_core/u_fetch/branch_pc_q_reg[9]/D (clocked by clk_i). Large setup violations at the end of those stages might be difficult to fix during the post-placement implementation flow and could be the result of non-optimal XDC constraints or non-optimal design architecture
Related violations: <none>

TIMING-16#71 Warning
Large setup violation  
There is a large setup violation of -1.410 ns between u_tcm/u_ram/ram_reg_0_3/CLKARDCLK (clocked by clk_i) and u_core/u_decode/buffer_q_reg[16]/D (clocked by clk_i). Large setup violations at the end of those stages might be difficult to fix during the post-placement implementation flow and could be the result of non-optimal XDC constraints or non-optimal design architecture
Related violations: <none>

TIMING-16#72 Warning
Large setup violation  
There is a large setup violation of -1.413 ns between u_tcm/u_ram/ram_reg_0_3/CLKARDCLK (clocked by clk_i) and u_core/u_exec/result_q_reg[26]/D (clocked by clk_i). Large setup violations at the end of those stages might be difficult to fix during the post-placement implementation flow and could be the result of non-optimal XDC constraints or non-optimal design architecture
Related violations: <none>

TIMING-16#73 Warning
Large setup violation  
There is a large setup violation of -1.416 ns between u_tcm/u_ram/ram_reg_0_3/CLKARDCLK (clocked by clk_i) and u_core/u_exec/result_q_reg[31]/D (clocked by clk_i). Large setup violations at the end of those stages might be difficult to fix during the post-placement implementation flow and could be the result of non-optimal XDC constraints or non-optimal design architecture
Related violations: <none>

TIMING-16#74 Warning
Large setup violation  
There is a large setup violation of -1.433 ns between u_tcm/u_ram/ram_reg_2_0/CLKARDCLK (clocked by clk_i) and u_core/u_exec/result_q_reg[29]/D (clocked by clk_i). Large setup violations at the end of those stages might be difficult to fix during the post-placement implementation flow and could be the result of non-optimal XDC constraints or non-optimal design architecture
Related violations: <none>

TIMING-16#75 Warning
Large setup violation  
There is a large setup violation of -1.434 ns between u_tcm/u_ram/ram_reg_0_3/CLKARDCLK (clocked by clk_i) and u_core/u_decode/buffer_q_reg[35]/D (clocked by clk_i). Large setup violations at the end of those stages might be difficult to fix during the post-placement implementation flow and could be the result of non-optimal XDC constraints or non-optimal design architecture
Related violations: <none>

TIMING-16#76 Warning
Large setup violation  
There is a large setup violation of -1.436 ns between u_tcm/u_ram/ram_reg_0_3/CLKARDCLK (clocked by clk_i) and u_core/u_decode/buffer_q_reg[62]/D (clocked by clk_i). Large setup violations at the end of those stages might be difficult to fix during the post-placement implementation flow and could be the result of non-optimal XDC constraints or non-optimal design architecture
Related violations: <none>

TIMING-16#77 Warning
Large setup violation  
There is a large setup violation of -1.439 ns between u_tcm/u_ram/ram_reg_0_3/CLKARDCLK (clocked by clk_i) and u_core/u_exec/result_q_reg[21]/D (clocked by clk_i). Large setup violations at the end of those stages might be difficult to fix during the post-placement implementation flow and could be the result of non-optimal XDC constraints or non-optimal design architecture
Related violations: <none>

TIMING-16#78 Warning
Large setup violation  
There is a large setup violation of -1.440 ns between u_tcm/u_ram/ram_reg_0_3/CLKARDCLK (clocked by clk_i) and u_core/u_decode/buffer_q_reg[61]/D (clocked by clk_i). Large setup violations at the end of those stages might be difficult to fix during the post-placement implementation flow and could be the result of non-optimal XDC constraints or non-optimal design architecture
Related violations: <none>

TIMING-16#79 Warning
Large setup violation  
There is a large setup violation of -1.446 ns between u_tcm/u_ram/ram_reg_0_3/CLKARDCLK (clocked by clk_i) and u_core/u_fetch/branch_pc_q_reg[17]/D (clocked by clk_i). Large setup violations at the end of those stages might be difficult to fix during the post-placement implementation flow and could be the result of non-optimal XDC constraints or non-optimal design architecture
Related violations: <none>

TIMING-16#80 Warning
Large setup violation  
There is a large setup violation of -1.447 ns between u_tcm/u_ram/ram_reg_0_3/CLKARDCLK (clocked by clk_i) and u_core/u_decode/buffer_q_reg[51]/D (clocked by clk_i). Large setup violations at the end of those stages might be difficult to fix during the post-placement implementation flow and could be the result of non-optimal XDC constraints or non-optimal design architecture
Related violations: <none>

TIMING-16#81 Warning
Large setup violation  
There is a large setup violation of -1.450 ns between u_tcm/u_ram/ram_reg_0_3/CLKARDCLK (clocked by clk_i) and u_core/u_decode/buffer_q_reg[57]/D (clocked by clk_i). Large setup violations at the end of those stages might be difficult to fix during the post-placement implementation flow and could be the result of non-optimal XDC constraints or non-optimal design architecture
Related violations: <none>

TIMING-16#82 Warning
Large setup violation  
There is a large setup violation of -1.455 ns between u_tcm/u_ram/ram_reg_0_3/CLKARDCLK (clocked by clk_i) and u_core/u_decode/buffer_q_reg[18]/D (clocked by clk_i). Large setup violations at the end of those stages might be difficult to fix during the post-placement implementation flow and could be the result of non-optimal XDC constraints or non-optimal design architecture
Related violations: <none>

TIMING-16#83 Warning
Large setup violation  
There is a large setup violation of -1.458 ns between u_tcm/u_ram/ram_reg_0_3/CLKARDCLK (clocked by clk_i) and u_core/u_decode/buffer_q_reg[37]/D (clocked by clk_i). Large setup violations at the end of those stages might be difficult to fix during the post-placement implementation flow and could be the result of non-optimal XDC constraints or non-optimal design architecture
Related violations: <none>

TIMING-16#84 Warning
Large setup violation  
There is a large setup violation of -1.459 ns between u_tcm/u_ram/ram_reg_0_3/CLKARDCLK (clocked by clk_i) and u_core/u_decode/buffer_q_reg[7]/D (clocked by clk_i). Large setup violations at the end of those stages might be difficult to fix during the post-placement implementation flow and could be the result of non-optimal XDC constraints or non-optimal design architecture
Related violations: <none>

TIMING-16#85 Warning
Large setup violation  
There is a large setup violation of -1.462 ns between u_core/u_decode/buffer_q_reg[44]/C (clocked by clk_i) and u_core/u_div/dividend_q_reg[23]/D (clocked by clk_i). Large setup violations at the end of those stages might be difficult to fix during the post-placement implementation flow and could be the result of non-optimal XDC constraints or non-optimal design architecture
Related violations: <none>

TIMING-16#86 Warning
Large setup violation  
There is a large setup violation of -1.471 ns between u_tcm/u_ram/ram_reg_0_3/CLKARDCLK (clocked by clk_i) and u_core/u_decode/buffer_q_reg[53]_rep/D (clocked by clk_i). Large setup violations at the end of those stages might be difficult to fix during the post-placement implementation flow and could be the result of non-optimal XDC constraints or non-optimal design architecture
Related violations: <none>

TIMING-16#87 Warning
Large setup violation  
There is a large setup violation of -1.472 ns between u_core/u_decode/buffer_q_reg[44]/C (clocked by clk_i) and u_core/u_lsu/mem_data_wr_q_reg[26]/D (clocked by clk_i). Large setup violations at the end of those stages might be difficult to fix during the post-placement implementation flow and could be the result of non-optimal XDC constraints or non-optimal design architecture
Related violations: <none>

TIMING-16#88 Warning
Large setup violation  
There is a large setup violation of -1.473 ns between u_tcm/u_ram/ram_reg_0_3/CLKARDCLK (clocked by clk_i) and u_core/u_decode/buffer_q_reg[14]/D (clocked by clk_i). Large setup violations at the end of those stages might be difficult to fix during the post-placement implementation flow and could be the result of non-optimal XDC constraints or non-optimal design architecture
Related violations: <none>

TIMING-16#89 Warning
Large setup violation  
There is a large setup violation of -1.476 ns between u_tcm/u_ram/ram_reg_0_3/CLKARDCLK (clocked by clk_i) and u_core/u_fetch/branch_pc_q_reg[16]/D (clocked by clk_i). Large setup violations at the end of those stages might be difficult to fix during the post-placement implementation flow and could be the result of non-optimal XDC constraints or non-optimal design architecture
Related violations: <none>

TIMING-16#90 Warning
Large setup violation  
There is a large setup violation of -1.483 ns between u_core/u_decode/buffer_q_reg[44]/C (clocked by clk_i) and u_core/u_div/dividend_q_reg[21]/D (clocked by clk_i). Large setup violations at the end of those stages might be difficult to fix during the post-placement implementation flow and could be the result of non-optimal XDC constraints or non-optimal design architecture
Related violations: <none>

TIMING-16#91 Warning
Large setup violation  
There is a large setup violation of -1.483 ns between u_tcm/u_ram/ram_reg_0_3/CLKARDCLK (clocked by clk_i) and u_core/u_fetch/branch_pc_q_reg[15]/D (clocked by clk_i). Large setup violations at the end of those stages might be difficult to fix during the post-placement implementation flow and could be the result of non-optimal XDC constraints or non-optimal design architecture
Related violations: <none>

TIMING-16#92 Warning
Large setup violation  
There is a large setup violation of -1.486 ns between u_tcm/u_ram/ram_reg_0_3/CLKARDCLK (clocked by clk_i) and u_core/u_decode/buffer_q_reg[58]/D (clocked by clk_i). Large setup violations at the end of those stages might be difficult to fix during the post-placement implementation flow and could be the result of non-optimal XDC constraints or non-optimal design architecture
Related violations: <none>

TIMING-16#93 Warning
Large setup violation  
There is a large setup violation of -1.486 ns between u_tcm/u_ram/ram_reg_0_3/CLKARDCLK (clocked by clk_i) and u_core/u_fetch/branch_pc_q_reg[3]/D (clocked by clk_i). Large setup violations at the end of those stages might be difficult to fix during the post-placement implementation flow and could be the result of non-optimal XDC constraints or non-optimal design architecture
Related violations: <none>

TIMING-16#94 Warning
Large setup violation  
There is a large setup violation of -1.487 ns between u_core/u_decode/buffer_q_reg[44]/C (clocked by clk_i) and u_core/u_div/dividend_q_reg[24]/D (clocked by clk_i). Large setup violations at the end of those stages might be difficult to fix during the post-placement implementation flow and could be the result of non-optimal XDC constraints or non-optimal design architecture
Related violations: <none>

TIMING-16#95 Warning
Large setup violation  
There is a large setup violation of -1.488 ns between u_tcm/u_ram/ram_reg_0_3/CLKARDCLK (clocked by clk_i) and u_core/u_decode/buffer_q_reg[39]/D (clocked by clk_i). Large setup violations at the end of those stages might be difficult to fix during the post-placement implementation flow and could be the result of non-optimal XDC constraints or non-optimal design architecture
Related violations: <none>

TIMING-16#96 Warning
Large setup violation  
There is a large setup violation of -1.489 ns between u_tcm/u_ram/ram_reg_0_3/CLKARDCLK (clocked by clk_i) and u_core/u_decode/buffer_q_reg[53]_rep__1/D (clocked by clk_i). Large setup violations at the end of those stages might be difficult to fix during the post-placement implementation flow and could be the result of non-optimal XDC constraints or non-optimal design architecture
Related violations: <none>

TIMING-16#97 Warning
Large setup violation  
There is a large setup violation of -1.490 ns between u_tcm/u_ram/ram_reg_0_3/CLKARDCLK (clocked by clk_i) and u_core/u_decode/buffer_q_reg[3]/D (clocked by clk_i). Large setup violations at the end of those stages might be difficult to fix during the post-placement implementation flow and could be the result of non-optimal XDC constraints or non-optimal design architecture
Related violations: <none>

TIMING-16#98 Warning
Large setup violation  
There is a large setup violation of -1.496 ns between u_core/u_decode/buffer_q_reg[44]/C (clocked by clk_i) and u_core/u_lsu/mem_data_wr_q_reg[11]/D (clocked by clk_i). Large setup violations at the end of those stages might be difficult to fix during the post-placement implementation flow and could be the result of non-optimal XDC constraints or non-optimal design architecture
Related violations: <none>

TIMING-16#99 Warning
Large setup violation  
There is a large setup violation of -1.496 ns between u_tcm/u_ram/ram_reg_0_3/CLKARDCLK (clocked by clk_i) and u_core/u_fetch/branch_q_reg/D (clocked by clk_i). Large setup violations at the end of those stages might be difficult to fix during the post-placement implementation flow and could be the result of non-optimal XDC constraints or non-optimal design architecture
Related violations: <none>

TIMING-16#100 Warning
Large setup violation  
There is a large setup violation of -1.498 ns between u_core/u_decode/buffer_q_reg[44]/C (clocked by clk_i) and u_core/u_lsu/mem_data_wr_q_reg[13]/D (clocked by clk_i). Large setup violations at the end of those stages might be difficult to fix during the post-placement implementation flow and could be the result of non-optimal XDC constraints or non-optimal design architecture
Related violations: <none>

TIMING-16#101 Warning
Large setup violation  
There is a large setup violation of -1.499 ns between u_tcm/u_ram/ram_reg_0_3/CLKARDCLK (clocked by clk_i) and u_core/u_fetch/branch_pc_q_reg[22]/D (clocked by clk_i). Large setup violations at the end of those stages might be difficult to fix during the post-placement implementation flow and could be the result of non-optimal XDC constraints or non-optimal design architecture
Related violations: <none>

TIMING-16#102 Warning
Large setup violation  
There is a large setup violation of -1.500 ns between u_tcm/u_ram/ram_reg_0_3/CLKARDCLK (clocked by clk_i) and u_core/u_fetch/branch_pc_q_reg[23]/D (clocked by clk_i). Large setup violations at the end of those stages might be difficult to fix during the post-placement implementation flow and could be the result of non-optimal XDC constraints or non-optimal design architecture
Related violations: <none>

TIMING-16#103 Warning
Large setup violation  
There is a large setup violation of -1.501 ns between u_core/u_decode/buffer_q_reg[44]/C (clocked by clk_i) and u_core/u_lsu/mem_data_wr_q_reg[10]/D (clocked by clk_i). Large setup violations at the end of those stages might be difficult to fix during the post-placement implementation flow and could be the result of non-optimal XDC constraints or non-optimal design architecture
Related violations: <none>

TIMING-16#104 Warning
Large setup violation  
There is a large setup violation of -1.502 ns between u_core/u_decode/buffer_q_reg[44]/C (clocked by clk_i) and u_core/u_lsu/mem_data_wr_q_reg[12]/D (clocked by clk_i). Large setup violations at the end of those stages might be difficult to fix during the post-placement implementation flow and could be the result of non-optimal XDC constraints or non-optimal design architecture
Related violations: <none>

TIMING-16#105 Warning
Large setup violation  
There is a large setup violation of -1.503 ns between u_core/u_decode/buffer_q_reg[44]/C (clocked by clk_i) and u_core/u_div/dividend_q_reg[26]/D (clocked by clk_i). Large setup violations at the end of those stages might be difficult to fix during the post-placement implementation flow and could be the result of non-optimal XDC constraints or non-optimal design architecture
Related violations: <none>

TIMING-16#106 Warning
Large setup violation  
There is a large setup violation of -1.504 ns between u_core/u_decode/buffer_q_reg[44]/C (clocked by clk_i) and u_core/u_lsu/mem_data_wr_q_reg[9]/D (clocked by clk_i). Large setup violations at the end of those stages might be difficult to fix during the post-placement implementation flow and could be the result of non-optimal XDC constraints or non-optimal design architecture
Related violations: <none>

TIMING-16#107 Warning
Large setup violation  
There is a large setup violation of -1.506 ns between u_tcm/u_ram/ram_reg_0_3/CLKARDCLK (clocked by clk_i) and u_core/u_fetch/branch_pc_q_reg[21]/D (clocked by clk_i). Large setup violations at the end of those stages might be difficult to fix during the post-placement implementation flow and could be the result of non-optimal XDC constraints or non-optimal design architecture
Related violations: <none>

TIMING-16#108 Warning
Large setup violation  
There is a large setup violation of -1.509 ns between u_tcm/u_ram/ram_reg_0_3/CLKARDCLK (clocked by clk_i) and u_core/u_decode/buffer_q_reg[66]/D (clocked by clk_i). Large setup violations at the end of those stages might be difficult to fix during the post-placement implementation flow and could be the result of non-optimal XDC constraints or non-optimal design architecture
Related violations: <none>

TIMING-16#109 Warning
Large setup violation  
There is a large setup violation of -1.510 ns between u_tcm/u_ram/ram_reg_0_3/CLKARDCLK (clocked by clk_i) and u_core/u_decode/buffer_q_reg[47]_rep/D (clocked by clk_i). Large setup violations at the end of those stages might be difficult to fix during the post-placement implementation flow and could be the result of non-optimal XDC constraints or non-optimal design architecture
Related violations: <none>

TIMING-16#110 Warning
Large setup violation  
There is a large setup violation of -1.510 ns between u_tcm/u_ram/ram_reg_0_3/CLKARDCLK (clocked by clk_i) and u_core/u_decode/buffer_q_reg[63]/D (clocked by clk_i). Large setup violations at the end of those stages might be difficult to fix during the post-placement implementation flow and could be the result of non-optimal XDC constraints or non-optimal design architecture
Related violations: <none>

TIMING-16#111 Warning
Large setup violation  
There is a large setup violation of -1.510 ns between u_tcm/u_ram/ram_reg_0_3/CLKARDCLK (clocked by clk_i) and u_core/u_fetch/branch_pc_q_reg[7]/D (clocked by clk_i). Large setup violations at the end of those stages might be difficult to fix during the post-placement implementation flow and could be the result of non-optimal XDC constraints or non-optimal design architecture
Related violations: <none>

TIMING-16#112 Warning
Large setup violation  
There is a large setup violation of -1.521 ns between u_tcm/u_ram/ram_reg_0_3/CLKARDCLK (clocked by clk_i) and u_core/u_decode/buffer_q_reg[46]/D (clocked by clk_i). Large setup violations at the end of those stages might be difficult to fix during the post-placement implementation flow and could be the result of non-optimal XDC constraints or non-optimal design architecture
Related violations: <none>

TIMING-16#113 Warning
Large setup violation  
There is a large setup violation of -1.524 ns between u_tcm/u_ram/ram_reg_0_3/CLKARDCLK (clocked by clk_i) and u_core/u_fetch/branch_pc_q_reg[25]/D (clocked by clk_i). Large setup violations at the end of those stages might be difficult to fix during the post-placement implementation flow and could be the result of non-optimal XDC constraints or non-optimal design architecture
Related violations: <none>

TIMING-16#114 Warning
Large setup violation  
There is a large setup violation of -1.528 ns between u_tcm/u_ram/ram_reg_0_3/CLKARDCLK (clocked by clk_i) and u_core/u_decode/buffer_q_reg[47]_rep__1/D (clocked by clk_i). Large setup violations at the end of those stages might be difficult to fix during the post-placement implementation flow and could be the result of non-optimal XDC constraints or non-optimal design architecture
Related violations: <none>

TIMING-16#115 Warning
Large setup violation  
There is a large setup violation of -1.534 ns between u_tcm/u_ram/ram_reg_0_3/CLKARDCLK (clocked by clk_i) and u_core/u_fetch/branch_pc_q_reg[24]/D (clocked by clk_i). Large setup violations at the end of those stages might be difficult to fix during the post-placement implementation flow and could be the result of non-optimal XDC constraints or non-optimal design architecture
Related violations: <none>

TIMING-16#116 Warning
Large setup violation  
There is a large setup violation of -1.534 ns between u_tcm/u_ram/ram_reg_2_0/CLKARDCLK (clocked by clk_i) and u_core/u_exec/result_q_reg[0]/D (clocked by clk_i). Large setup violations at the end of those stages might be difficult to fix during the post-placement implementation flow and could be the result of non-optimal XDC constraints or non-optimal design architecture
Related violations: <none>

TIMING-16#117 Warning
Large setup violation  
There is a large setup violation of -1.539 ns between u_tcm/u_ram/ram_reg_0_3/CLKARDCLK (clocked by clk_i) and u_core/u_fetch/branch_pc_q_reg[26]/D (clocked by clk_i). Large setup violations at the end of those stages might be difficult to fix during the post-placement implementation flow and could be the result of non-optimal XDC constraints or non-optimal design architecture
Related violations: <none>

TIMING-16#118 Warning
Large setup violation  
There is a large setup violation of -1.545 ns between u_core/u_decode/buffer_q_reg[44]/C (clocked by clk_i) and u_core/u_lsu/mem_data_wr_q_reg[19]/D (clocked by clk_i). Large setup violations at the end of those stages might be difficult to fix during the post-placement implementation flow and could be the result of non-optimal XDC constraints or non-optimal design architecture
Related violations: <none>

TIMING-16#119 Warning
Large setup violation  
There is a large setup violation of -1.549 ns between u_tcm/u_ram/ram_reg_0_3/CLKARDCLK (clocked by clk_i) and u_core/u_decode/buffer_q_reg[28]/D (clocked by clk_i). Large setup violations at the end of those stages might be difficult to fix during the post-placement implementation flow and could be the result of non-optimal XDC constraints or non-optimal design architecture
Related violations: <none>

TIMING-16#120 Warning
Large setup violation  
There is a large setup violation of -1.549 ns between u_tcm/u_ram/ram_reg_0_3/CLKARDCLK (clocked by clk_i) and u_core/u_fetch/branch_pc_q_reg[6]/D (clocked by clk_i). Large setup violations at the end of those stages might be difficult to fix during the post-placement implementation flow and could be the result of non-optimal XDC constraints or non-optimal design architecture
Related violations: <none>

TIMING-16#121 Warning
Large setup violation  
There is a large setup violation of -1.556 ns between u_tcm/u_ram/ram_reg_2_0/CLKARDCLK (clocked by clk_i) and u_core/u_exec/result_q_reg[12]/D (clocked by clk_i). Large setup violations at the end of those stages might be difficult to fix during the post-placement implementation flow and could be the result of non-optimal XDC constraints or non-optimal design architecture
Related violations: <none>

TIMING-16#122 Warning
Large setup violation  
There is a large setup violation of -1.559 ns between u_tcm/u_ram/ram_reg_0_3/CLKARDCLK (clocked by clk_i) and u_core/u_decode/buffer_q_reg[32]/D (clocked by clk_i). Large setup violations at the end of those stages might be difficult to fix during the post-placement implementation flow and could be the result of non-optimal XDC constraints or non-optimal design architecture
Related violations: <none>

TIMING-16#123 Warning
Large setup violation  
There is a large setup violation of -1.563 ns between u_core/u_decode/buffer_q_reg[44]/C (clocked by clk_i) and u_core/u_lsu/mem_data_wr_q_reg[17]/D (clocked by clk_i). Large setup violations at the end of those stages might be difficult to fix during the post-placement implementation flow and could be the result of non-optimal XDC constraints or non-optimal design architecture
Related violations: <none>

TIMING-16#124 Warning
Large setup violation  
There is a large setup violation of -1.577 ns between u_core/u_decode/buffer_q_reg[44]/C (clocked by clk_i) and u_core/u_div/dividend_q_reg[27]/D (clocked by clk_i). Large setup violations at the end of those stages might be difficult to fix during the post-placement implementation flow and could be the result of non-optimal XDC constraints or non-optimal design architecture
Related violations: <none>

TIMING-16#125 Warning
Large setup violation  
There is a large setup violation of -1.583 ns between u_core/u_decode/buffer_q_reg[44]/C (clocked by clk_i) and u_core/u_lsu/mem_data_wr_q_reg[7]/D (clocked by clk_i). Large setup violations at the end of those stages might be difficult to fix during the post-placement implementation flow and could be the result of non-optimal XDC constraints or non-optimal design architecture
Related violations: <none>

TIMING-16#126 Warning
Large setup violation  
There is a large setup violation of -1.590 ns between u_core/u_decode/buffer_q_reg[44]/C (clocked by clk_i) and u_core/u_lsu/mem_wr_q_reg[1]/D (clocked by clk_i). Large setup violations at the end of those stages might be difficult to fix during the post-placement implementation flow and could be the result of non-optimal XDC constraints or non-optimal design architecture
Related violations: <none>

TIMING-16#127 Warning
Large setup violation  
There is a large setup violation of -1.591 ns between u_tcm/u_ram/ram_reg_0_3/CLKARDCLK (clocked by clk_i) and u_core/u_decode/buffer_q_reg[41]/D (clocked by clk_i). Large setup violations at the end of those stages might be difficult to fix during the post-placement implementation flow and could be the result of non-optimal XDC constraints or non-optimal design architecture
Related violations: <none>

TIMING-16#128 Warning
Large setup violation  
There is a large setup violation of -1.594 ns between u_core/u_decode/buffer_q_reg[44]/C (clocked by clk_i) and u_core/u_lsu/mem_wr_q_reg[2]/D (clocked by clk_i). Large setup violations at the end of those stages might be difficult to fix during the post-placement implementation flow and could be the result of non-optimal XDC constraints or non-optimal design architecture
Related violations: <none>

TIMING-16#129 Warning
Large setup violation  
There is a large setup violation of -1.598 ns between u_core/u_decode/buffer_q_reg[44]/C (clocked by clk_i) and u_core/u_div/dividend_q_reg[25]/D (clocked by clk_i). Large setup violations at the end of those stages might be difficult to fix during the post-placement implementation flow and could be the result of non-optimal XDC constraints or non-optimal design architecture
Related violations: <none>

TIMING-16#130 Warning
Large setup violation  
There is a large setup violation of -1.603 ns between u_core/u_decode/buffer_q_reg[44]/C (clocked by clk_i) and u_core/u_div/dividend_q_reg[28]/D (clocked by clk_i). Large setup violations at the end of those stages might be difficult to fix during the post-placement implementation flow and could be the result of non-optimal XDC constraints or non-optimal design architecture
Related violations: <none>

TIMING-16#131 Warning
Large setup violation  
There is a large setup violation of -1.605 ns between u_core/u_decode/buffer_q_reg[44]/C (clocked by clk_i) and u_core/u_lsu/mem_data_wr_q_reg[25]/D (clocked by clk_i). Large setup violations at the end of those stages might be difficult to fix during the post-placement implementation flow and could be the result of non-optimal XDC constraints or non-optimal design architecture
Related violations: <none>

TIMING-16#132 Warning
Large setup violation  
There is a large setup violation of -1.607 ns between u_core/u_decode/buffer_q_reg[44]/C (clocked by clk_i) and u_core/u_lsu/mem_data_wr_q_reg[24]/D (clocked by clk_i). Large setup violations at the end of those stages might be difficult to fix during the post-placement implementation flow and could be the result of non-optimal XDC constraints or non-optimal design architecture
Related violations: <none>

TIMING-16#133 Warning
Large setup violation  
There is a large setup violation of -1.610 ns between u_tcm/u_ram/ram_reg_0_3/CLKARDCLK (clocked by clk_i) and u_core/u_fetch/branch_pc_q_reg[11]/D (clocked by clk_i). Large setup violations at the end of those stages might be difficult to fix during the post-placement implementation flow and could be the result of non-optimal XDC constraints or non-optimal design architecture
Related violations: <none>

TIMING-16#134 Warning
Large setup violation  
There is a large setup violation of -1.617 ns between u_tcm/u_ram/ram_reg_0_3/CLKARDCLK (clocked by clk_i) and u_core/u_fetch/branch_pc_q_reg[18]/D (clocked by clk_i). Large setup violations at the end of those stages might be difficult to fix during the post-placement implementation flow and could be the result of non-optimal XDC constraints or non-optimal design architecture
Related violations: <none>

TIMING-16#135 Warning
Large setup violation  
There is a large setup violation of -1.619 ns between u_core/u_decode/buffer_q_reg[44]/C (clocked by clk_i) and u_core/u_div/dividend_q_reg[30]/D (clocked by clk_i). Large setup violations at the end of those stages might be difficult to fix during the post-placement implementation flow and could be the result of non-optimal XDC constraints or non-optimal design architecture
Related violations: <none>

TIMING-16#136 Warning
Large setup violation  
There is a large setup violation of -1.621 ns between u_tcm/u_ram/ram_reg_0_3/CLKARDCLK (clocked by clk_i) and u_core/u_decode/buffer_q_reg[38]/D (clocked by clk_i). Large setup violations at the end of those stages might be difficult to fix during the post-placement implementation flow and could be the result of non-optimal XDC constraints or non-optimal design architecture
Related violations: <none>

TIMING-16#137 Warning
Large setup violation  
There is a large setup violation of -1.624 ns between u_core/u_decode/buffer_q_reg[44]/C (clocked by clk_i) and u_core/u_lsu/mem_data_wr_q_reg[27]/D (clocked by clk_i). Large setup violations at the end of those stages might be difficult to fix during the post-placement implementation flow and could be the result of non-optimal XDC constraints or non-optimal design architecture
Related violations: <none>

TIMING-16#138 Warning
Large setup violation  
There is a large setup violation of -1.625 ns between u_tcm/u_ram/ram_reg_0_3/CLKARDCLK (clocked by clk_i) and u_core/u_decode/buffer_q_reg[60]/D (clocked by clk_i). Large setup violations at the end of those stages might be difficult to fix during the post-placement implementation flow and could be the result of non-optimal XDC constraints or non-optimal design architecture
Related violations: <none>

TIMING-16#139 Warning
Large setup violation  
There is a large setup violation of -1.627 ns between u_tcm/u_ram/ram_reg_0_3/CLKARDCLK (clocked by clk_i) and u_core/u_decode/buffer_q_reg[8]/D (clocked by clk_i). Large setup violations at the end of those stages might be difficult to fix during the post-placement implementation flow and could be the result of non-optimal XDC constraints or non-optimal design architecture
Related violations: <none>

TIMING-16#140 Warning
Large setup violation  
There is a large setup violation of -1.632 ns between u_core/u_decode/buffer_q_reg[44]/C (clocked by clk_i) and u_core/u_lsu/mem_data_wr_q_reg[6]/D (clocked by clk_i). Large setup violations at the end of those stages might be difficult to fix during the post-placement implementation flow and could be the result of non-optimal XDC constraints or non-optimal design architecture
Related violations: <none>

TIMING-16#141 Warning
Large setup violation  
There is a large setup violation of -1.637 ns between u_tcm/u_ram/ram_reg_0_3/CLKARDCLK (clocked by clk_i) and u_core/u_decode/buffer_q_reg[27]/D (clocked by clk_i). Large setup violations at the end of those stages might be difficult to fix during the post-placement implementation flow and could be the result of non-optimal XDC constraints or non-optimal design architecture
Related violations: <none>

TIMING-16#142 Warning
Large setup violation  
There is a large setup violation of -1.639 ns between u_core/u_decode/buffer_q_reg[44]/C (clocked by clk_i) and u_core/u_lsu/mem_data_wr_q_reg[31]/D (clocked by clk_i). Large setup violations at the end of those stages might be difficult to fix during the post-placement implementation flow and could be the result of non-optimal XDC constraints or non-optimal design architecture
Related violations: <none>

TIMING-16#143 Warning
Large setup violation  
There is a large setup violation of -1.644 ns between u_tcm/u_ram/ram_reg_0_3/CLKARDCLK (clocked by clk_i) and u_core/u_decode/buffer_q_reg[47]/D (clocked by clk_i). Large setup violations at the end of those stages might be difficult to fix during the post-placement implementation flow and could be the result of non-optimal XDC constraints or non-optimal design architecture
Related violations: <none>

TIMING-16#144 Warning
Large setup violation  
There is a large setup violation of -1.645 ns between u_core/u_decode/buffer_q_reg[44]/C (clocked by clk_i) and u_core/u_lsu/mem_data_wr_q_reg[15]/D (clocked by clk_i). Large setup violations at the end of those stages might be difficult to fix during the post-placement implementation flow and could be the result of non-optimal XDC constraints or non-optimal design architecture
Related violations: <none>

TIMING-16#145 Warning
Large setup violation  
There is a large setup violation of -1.647 ns between u_core/u_decode/buffer_q_reg[44]/C (clocked by clk_i) and u_core/u_lsu/mem_data_wr_q_reg[8]/D (clocked by clk_i). Large setup violations at the end of those stages might be difficult to fix during the post-placement implementation flow and could be the result of non-optimal XDC constraints or non-optimal design architecture
Related violations: <none>

TIMING-16#146 Warning
Large setup violation  
There is a large setup violation of -1.652 ns between u_tcm/u_ram/ram_reg_0_3/CLKARDCLK (clocked by clk_i) and u_core/u_decode/buffer_q_reg[4]/D (clocked by clk_i). Large setup violations at the end of those stages might be difficult to fix during the post-placement implementation flow and could be the result of non-optimal XDC constraints or non-optimal design architecture
Related violations: <none>

TIMING-16#147 Warning
Large setup violation  
There is a large setup violation of -1.654 ns between u_tcm/u_ram/ram_reg_0_3/CLKARDCLK (clocked by clk_i) and u_core/u_decode/buffer_q_reg[15]/CE (clocked by clk_i). Large setup violations at the end of those stages might be difficult to fix during the post-placement implementation flow and could be the result of non-optimal XDC constraints or non-optimal design architecture
Related violations: <none>

TIMING-16#148 Warning
Large setup violation  
There is a large setup violation of -1.654 ns between u_tcm/u_ram/ram_reg_0_3/CLKARDCLK (clocked by clk_i) and u_core/u_decode/buffer_q_reg[43]/D (clocked by clk_i). Large setup violations at the end of those stages might be difficult to fix during the post-placement implementation flow and could be the result of non-optimal XDC constraints or non-optimal design architecture
Related violations: <none>

TIMING-16#149 Warning
Large setup violation  
There is a large setup violation of -1.654 ns between u_tcm/u_ram/ram_reg_0_3/CLKARDCLK (clocked by clk_i) and u_core/u_decode/buffer_q_reg[49]/CE (clocked by clk_i). Large setup violations at the end of those stages might be difficult to fix during the post-placement implementation flow and could be the result of non-optimal XDC constraints or non-optimal design architecture
Related violations: <none>

TIMING-16#150 Warning
Large setup violation  
There is a large setup violation of -1.654 ns between u_tcm/u_ram/ram_reg_0_3/CLKARDCLK (clocked by clk_i) and u_core/u_decode/buffer_q_reg[50]/CE (clocked by clk_i). Large setup violations at the end of those stages might be difficult to fix during the post-placement implementation flow and could be the result of non-optimal XDC constraints or non-optimal design architecture
Related violations: <none>

TIMING-16#151 Warning
Large setup violation  
There is a large setup violation of -1.654 ns between u_tcm/u_ram/ram_reg_0_3/CLKARDCLK (clocked by clk_i) and u_core/u_decode/buffer_q_reg[9]/CE (clocked by clk_i). Large setup violations at the end of those stages might be difficult to fix during the post-placement implementation flow and could be the result of non-optimal XDC constraints or non-optimal design architecture
Related violations: <none>

TIMING-16#152 Warning
Large setup violation  
There is a large setup violation of -1.655 ns between u_tcm/u_ram/ram_reg_0_3/CLKARDCLK (clocked by clk_i) and u_core/u_decode/buffer_q_reg[34]/D (clocked by clk_i). Large setup violations at the end of those stages might be difficult to fix during the post-placement implementation flow and could be the result of non-optimal XDC constraints or non-optimal design architecture
Related violations: <none>

TIMING-16#153 Warning
Large setup violation  
There is a large setup violation of -1.657 ns between u_tcm/u_ram/ram_reg_0_3/CLKARDCLK (clocked by clk_i) and u_core/u_decode/buffer_q_reg[36]/D (clocked by clk_i). Large setup violations at the end of those stages might be difficult to fix during the post-placement implementation flow and could be the result of non-optimal XDC constraints or non-optimal design architecture
Related violations: <none>

TIMING-16#154 Warning
Large setup violation  
There is a large setup violation of -1.657 ns between u_tcm/u_ram/ram_reg_0_3/CLKARDCLK (clocked by clk_i) and u_core/u_decode/buffer_q_reg[42]/D (clocked by clk_i). Large setup violations at the end of those stages might be difficult to fix during the post-placement implementation flow and could be the result of non-optimal XDC constraints or non-optimal design architecture
Related violations: <none>

TIMING-16#155 Warning
Large setup violation  
There is a large setup violation of -1.665 ns between u_core/u_decode/buffer_q_reg[44]/C (clocked by clk_i) and u_core/u_lsu/mem_data_wr_q_reg[28]/D (clocked by clk_i). Large setup violations at the end of those stages might be difficult to fix during the post-placement implementation flow and could be the result of non-optimal XDC constraints or non-optimal design architecture
Related violations: <none>

TIMING-16#156 Warning
Large setup violation  
There is a large setup violation of -1.670 ns between u_core/u_decode/buffer_q_reg[44]/C (clocked by clk_i) and u_core/u_lsu/mem_data_wr_q_reg[30]/D (clocked by clk_i). Large setup violations at the end of those stages might be difficult to fix during the post-placement implementation flow and could be the result of non-optimal XDC constraints or non-optimal design architecture
Related violations: <none>

TIMING-16#157 Warning
Large setup violation  
There is a large setup violation of -1.670 ns between u_tcm/u_ram/ram_reg_0_3/CLKARDCLK (clocked by clk_i) and u_core/u_decode/buffer_q_reg[53]/CE (clocked by clk_i). Large setup violations at the end of those stages might be difficult to fix during the post-placement implementation flow and could be the result of non-optimal XDC constraints or non-optimal design architecture
Related violations: <none>

TIMING-16#158 Warning
Large setup violation  
There is a large setup violation of -1.684 ns between u_tcm/u_ram/ram_reg_0_3/CLKARDCLK (clocked by clk_i) and u_core/u_decode/buffer_q_reg[40]/D (clocked by clk_i). Large setup violations at the end of those stages might be difficult to fix during the post-placement implementation flow and could be the result of non-optimal XDC constraints or non-optimal design architecture
Related violations: <none>

TIMING-16#159 Warning
Large setup violation  
There is a large setup violation of -1.693 ns between u_core/u_decode/buffer_q_reg[44]/C (clocked by clk_i) and u_core/u_div/dividend_q_reg[31]/D (clocked by clk_i). Large setup violations at the end of those stages might be difficult to fix during the post-placement implementation flow and could be the result of non-optimal XDC constraints or non-optimal design architecture
Related violations: <none>

TIMING-16#160 Warning
Large setup violation  
There is a large setup violation of -1.712 ns between u_core/u_decode/buffer_q_reg[44]/C (clocked by clk_i) and u_core/u_lsu/mem_data_wr_q_reg[23]/D (clocked by clk_i). Large setup violations at the end of those stages might be difficult to fix during the post-placement implementation flow and could be the result of non-optimal XDC constraints or non-optimal design architecture
Related violations: <none>

TIMING-16#161 Warning
Large setup violation  
There is a large setup violation of -1.714 ns between u_core/u_decode/buffer_q_reg[44]/C (clocked by clk_i) and u_core/u_div/dividend_q_reg[29]/D (clocked by clk_i). Large setup violations at the end of those stages might be difficult to fix during the post-placement implementation flow and could be the result of non-optimal XDC constraints or non-optimal design architecture
Related violations: <none>

TIMING-16#162 Warning
Large setup violation  
There is a large setup violation of -1.717 ns between u_core/u_decode/buffer_q_reg[44]/C (clocked by clk_i) and u_core/u_lsu/mem_data_wr_q_reg[18]/D (clocked by clk_i). Large setup violations at the end of those stages might be difficult to fix during the post-placement implementation flow and could be the result of non-optimal XDC constraints or non-optimal design architecture
Related violations: <none>

TIMING-16#163 Warning
Large setup violation  
There is a large setup violation of -1.723 ns between u_core/u_decode/buffer_q_reg[44]/C (clocked by clk_i) and u_core/u_lsu/mem_data_wr_q_reg[5]/D (clocked by clk_i). Large setup violations at the end of those stages might be difficult to fix during the post-placement implementation flow and could be the result of non-optimal XDC constraints or non-optimal design architecture
Related violations: <none>

TIMING-16#164 Warning
Large setup violation  
There is a large setup violation of -1.724 ns between u_tcm/u_ram/ram_reg_2_0/CLKARDCLK (clocked by clk_i) and u_core/u_exec/result_q_reg[6]/D (clocked by clk_i). Large setup violations at the end of those stages might be difficult to fix during the post-placement implementation flow and could be the result of non-optimal XDC constraints or non-optimal design architecture
Related violations: <none>

TIMING-16#165 Warning
Large setup violation  
There is a large setup violation of -1.728 ns between u_core/u_decode/buffer_q_reg[44]/C (clocked by clk_i) and u_core/u_lsu/mem_data_wr_q_reg[1]/D (clocked by clk_i). Large setup violations at the end of those stages might be difficult to fix during the post-placement implementation flow and could be the result of non-optimal XDC constraints or non-optimal design architecture
Related violations: <none>

TIMING-16#166 Warning
Large setup violation  
There is a large setup violation of -1.743 ns between u_core/u_decode/buffer_q_reg[44]/C (clocked by clk_i) and u_core/u_lsu/mem_data_wr_q_reg[16]/D (clocked by clk_i). Large setup violations at the end of those stages might be difficult to fix during the post-placement implementation flow and could be the result of non-optimal XDC constraints or non-optimal design architecture
Related violations: <none>

TIMING-16#167 Warning
Large setup violation  
There is a large setup violation of -1.756 ns between u_tcm/u_ram/ram_reg_0_3/CLKARDCLK (clocked by clk_i) and u_core/u_decode/buffer_q_reg[13]/CE (clocked by clk_i). Large setup violations at the end of those stages might be difficult to fix during the post-placement implementation flow and could be the result of non-optimal XDC constraints or non-optimal design architecture
Related violations: <none>

TIMING-16#168 Warning
Large setup violation  
There is a large setup violation of -1.764 ns between u_tcm/u_ram/ram_reg_0_3/CLKARDCLK (clocked by clk_i) and u_core/u_decode/buffer_q_reg[27]/CE (clocked by clk_i). Large setup violations at the end of those stages might be difficult to fix during the post-placement implementation flow and could be the result of non-optimal XDC constraints or non-optimal design architecture
Related violations: <none>

TIMING-16#169 Warning
Large setup violation  
There is a large setup violation of -1.764 ns between u_tcm/u_ram/ram_reg_0_3/CLKARDCLK (clocked by clk_i) and u_core/u_decode/buffer_q_reg[28]/CE (clocked by clk_i). Large setup violations at the end of those stages might be difficult to fix during the post-placement implementation flow and could be the result of non-optimal XDC constraints or non-optimal design architecture
Related violations: <none>

TIMING-16#170 Warning
Large setup violation  
There is a large setup violation of -1.764 ns between u_tcm/u_ram/ram_reg_0_3/CLKARDCLK (clocked by clk_i) and u_core/u_decode/buffer_q_reg[8]/CE (clocked by clk_i). Large setup violations at the end of those stages might be difficult to fix during the post-placement implementation flow and could be the result of non-optimal XDC constraints or non-optimal design architecture
Related violations: <none>

TIMING-16#171 Warning
Large setup violation  
There is a large setup violation of -1.765 ns between u_tcm/u_ram/ram_reg_0_3/CLKARDCLK (clocked by clk_i) and u_core/u_decode/buffer_q_reg[51]/CE (clocked by clk_i). Large setup violations at the end of those stages might be difficult to fix during the post-placement implementation flow and could be the result of non-optimal XDC constraints or non-optimal design architecture
Related violations: <none>

TIMING-16#172 Warning
Large setup violation  
There is a large setup violation of -1.765 ns between u_tcm/u_ram/ram_reg_0_3/CLKARDCLK (clocked by clk_i) and u_core/u_decode/buffer_q_reg[61]/CE (clocked by clk_i). Large setup violations at the end of those stages might be difficult to fix during the post-placement implementation flow and could be the result of non-optimal XDC constraints or non-optimal design architecture
Related violations: <none>

TIMING-16#173 Warning
Large setup violation  
There is a large setup violation of -1.772 ns between u_core/u_decode/buffer_q_reg[44]/C (clocked by clk_i) and u_core/u_lsu/mem_data_wr_q_reg[29]/D (clocked by clk_i). Large setup violations at the end of those stages might be difficult to fix during the post-placement implementation flow and could be the result of non-optimal XDC constraints or non-optimal design architecture
Related violations: <none>

TIMING-16#174 Warning
Large setup violation  
There is a large setup violation of -1.772 ns between u_core/u_decode/buffer_q_reg[44]/C (clocked by clk_i) and u_core/u_lsu/mem_data_wr_q_reg[4]/D (clocked by clk_i). Large setup violations at the end of those stages might be difficult to fix during the post-placement implementation flow and could be the result of non-optimal XDC constraints or non-optimal design architecture
Related violations: <none>

TIMING-16#175 Warning
Large setup violation  
There is a large setup violation of -1.777 ns between u_core/u_decode/buffer_q_reg[44]/C (clocked by clk_i) and u_core/u_lsu/mem_wr_q_reg[0]/D (clocked by clk_i). Large setup violations at the end of those stages might be difficult to fix during the post-placement implementation flow and could be the result of non-optimal XDC constraints or non-optimal design architecture
Related violations: <none>

TIMING-16#176 Warning
Large setup violation  
There is a large setup violation of -1.777 ns between u_tcm/u_ram/ram_reg_0_3/CLKARDCLK (clocked by clk_i) and u_core/u_decode/buffer_q_reg[53]_rep__1/CE (clocked by clk_i). Large setup violations at the end of those stages might be difficult to fix during the post-placement implementation flow and could be the result of non-optimal XDC constraints or non-optimal design architecture
Related violations: <none>

TIMING-16#177 Warning
Large setup violation  
There is a large setup violation of -1.778 ns between u_core/u_decode/buffer_q_reg[44]/C (clocked by clk_i) and u_core/u_lsu/mem_data_wr_q_reg[0]/D (clocked by clk_i). Large setup violations at the end of those stages might be difficult to fix during the post-placement implementation flow and could be the result of non-optimal XDC constraints or non-optimal design architecture
Related violations: <none>

TIMING-16#178 Warning
Large setup violation  
There is a large setup violation of -1.782 ns between u_core/u_decode/buffer_q_reg[44]/C (clocked by clk_i) and u_core/u_lsu/mem_data_wr_q_reg[20]/D (clocked by clk_i). Large setup violations at the end of those stages might be difficult to fix during the post-placement implementation flow and could be the result of non-optimal XDC constraints or non-optimal design architecture
Related violations: <none>

TIMING-16#179 Warning
Large setup violation  
There is a large setup violation of -1.783 ns between u_tcm/u_ram/ram_reg_0_3/CLKARDCLK (clocked by clk_i) and u_core/u_decode/buffer_q_reg[53]_rep/CE (clocked by clk_i). Large setup violations at the end of those stages might be difficult to fix during the post-placement implementation flow and could be the result of non-optimal XDC constraints or non-optimal design architecture
Related violations: <none>

TIMING-16#180 Warning
Large setup violation  
There is a large setup violation of -1.783 ns between u_tcm/u_ram/ram_reg_0_3/CLKARDCLK (clocked by clk_i) and u_core/u_decode/buffer_q_reg[66]/CE (clocked by clk_i). Large setup violations at the end of those stages might be difficult to fix during the post-placement implementation flow and could be the result of non-optimal XDC constraints or non-optimal design architecture
Related violations: <none>

TIMING-16#181 Warning
Large setup violation  
There is a large setup violation of -1.792 ns between u_tcm/u_ram/ram_reg_0_3/CLKARDCLK (clocked by clk_i) and u_core/u_decode/buffer_q_reg[37]/CE (clocked by clk_i). Large setup violations at the end of those stages might be difficult to fix during the post-placement implementation flow and could be the result of non-optimal XDC constraints or non-optimal design architecture
Related violations: <none>

TIMING-16#182 Warning
Large setup violation  
There is a large setup violation of -1.798 ns between u_tcm/u_ram/ram_reg_0_3/CLKARDCLK (clocked by clk_i) and u_core/u_decode/buffer_q_reg[47]_rep/CE (clocked by clk_i). Large setup violations at the end of those stages might be difficult to fix during the post-placement implementation flow and could be the result of non-optimal XDC constraints or non-optimal design architecture
Related violations: <none>

TIMING-16#183 Warning
Large setup violation  
There is a large setup violation of -1.799 ns between u_core/u_decode/buffer_q_reg[44]/C (clocked by clk_i) and u_core/u_lsu/mem_data_wr_q_reg[22]/D (clocked by clk_i). Large setup violations at the end of those stages might be difficult to fix during the post-placement implementation flow and could be the result of non-optimal XDC constraints or non-optimal design architecture
Related violations: <none>

TIMING-16#184 Warning
Large setup violation  
There is a large setup violation of -1.801 ns between u_tcm/u_ram/ram_reg_0_3/CLKARDCLK (clocked by clk_i) and u_core/u_decode/buffer_q_reg[14]/CE (clocked by clk_i). Large setup violations at the end of those stages might be difficult to fix during the post-placement implementation flow and could be the result of non-optimal XDC constraints or non-optimal design architecture
Related violations: <none>

TIMING-16#185 Warning
Large setup violation  
There is a large setup violation of -1.801 ns between u_tcm/u_ram/ram_reg_0_3/CLKARDCLK (clocked by clk_i) and u_core/u_decode/buffer_q_reg[22]/CE (clocked by clk_i). Large setup violations at the end of those stages might be difficult to fix during the post-placement implementation flow and could be the result of non-optimal XDC constraints or non-optimal design architecture
Related violations: <none>

TIMING-16#186 Warning
Large setup violation  
There is a large setup violation of -1.801 ns between u_tcm/u_ram/ram_reg_0_3/CLKARDCLK (clocked by clk_i) and u_core/u_decode/buffer_q_reg[2]/CE (clocked by clk_i). Large setup violations at the end of those stages might be difficult to fix during the post-placement implementation flow and could be the result of non-optimal XDC constraints or non-optimal design architecture
Related violations: <none>

TIMING-16#187 Warning
Large setup violation  
There is a large setup violation of -1.801 ns between u_tcm/u_ram/ram_reg_0_3/CLKARDCLK (clocked by clk_i) and u_core/u_decode/buffer_q_reg[6]/CE (clocked by clk_i). Large setup violations at the end of those stages might be difficult to fix during the post-placement implementation flow and could be the result of non-optimal XDC constraints or non-optimal design architecture
Related violations: <none>

TIMING-16#188 Warning
Large setup violation  
There is a large setup violation of -1.803 ns between u_tcm/u_ram/ram_reg_0_3/CLKARDCLK (clocked by clk_i) and u_core/u_decode/buffer_q_reg[23]/CE (clocked by clk_i). Large setup violations at the end of those stages might be difficult to fix during the post-placement implementation flow and could be the result of non-optimal XDC constraints or non-optimal design architecture
Related violations: <none>

TIMING-16#189 Warning
Large setup violation  
There is a large setup violation of -1.803 ns between u_tcm/u_ram/ram_reg_0_3/CLKARDCLK (clocked by clk_i) and u_core/u_decode/buffer_q_reg[24]/CE (clocked by clk_i). Large setup violations at the end of those stages might be difficult to fix during the post-placement implementation flow and could be the result of non-optimal XDC constraints or non-optimal design architecture
Related violations: <none>

TIMING-16#190 Warning
Large setup violation  
There is a large setup violation of -1.803 ns between u_tcm/u_ram/ram_reg_0_3/CLKARDCLK (clocked by clk_i) and u_core/u_decode/buffer_q_reg[25]/CE (clocked by clk_i). Large setup violations at the end of those stages might be difficult to fix during the post-placement implementation flow and could be the result of non-optimal XDC constraints or non-optimal design architecture
Related violations: <none>

TIMING-16#191 Warning
Large setup violation  
There is a large setup violation of -1.803 ns between u_tcm/u_ram/ram_reg_0_3/CLKARDCLK (clocked by clk_i) and u_core/u_decode/buffer_q_reg[47]_rep__0/CE (clocked by clk_i). Large setup violations at the end of those stages might be difficult to fix during the post-placement implementation flow and could be the result of non-optimal XDC constraints or non-optimal design architecture
Related violations: <none>

TIMING-16#192 Warning
Large setup violation  
There is a large setup violation of -1.805 ns between u_tcm/u_ram/ram_reg_0_3/CLKARDCLK (clocked by clk_i) and u_core/u_fetch/branch_pc_q_reg[14]/D (clocked by clk_i). Large setup violations at the end of those stages might be difficult to fix during the post-placement implementation flow and could be the result of non-optimal XDC constraints or non-optimal design architecture
Related violations: <none>

TIMING-16#193 Warning
Large setup violation  
There is a large setup violation of -1.810 ns between u_tcm/u_ram/ram_reg_0_3/CLKARDCLK (clocked by clk_i) and u_core/u_decode/buffer_q_reg[32]/CE (clocked by clk_i). Large setup violations at the end of those stages might be difficult to fix during the post-placement implementation flow and could be the result of non-optimal XDC constraints or non-optimal design architecture
Related violations: <none>

TIMING-16#194 Warning
Large setup violation  
There is a large setup violation of -1.810 ns between u_tcm/u_ram/ram_reg_0_3/CLKARDCLK (clocked by clk_i) and u_core/u_decode/buffer_q_reg[42]/CE (clocked by clk_i). Large setup violations at the end of those stages might be difficult to fix during the post-placement implementation flow and could be the result of non-optimal XDC constraints or non-optimal design architecture
Related violations: <none>

TIMING-16#195 Warning
Large setup violation  
There is a large setup violation of -1.810 ns between u_tcm/u_ram/ram_reg_0_3/CLKARDCLK (clocked by clk_i) and u_core/u_decode/buffer_q_reg[60]/CE (clocked by clk_i). Large setup violations at the end of those stages might be difficult to fix during the post-placement implementation flow and could be the result of non-optimal XDC constraints or non-optimal design architecture
Related violations: <none>

TIMING-16#196 Warning
Large setup violation  
There is a large setup violation of -1.821 ns between u_tcm/u_ram/ram_reg_0_3/CLKARDCLK (clocked by clk_i) and u_core/u_decode/buffer_q_reg[10]/CE (clocked by clk_i). Large setup violations at the end of those stages might be difficult to fix during the post-placement implementation flow and could be the result of non-optimal XDC constraints or non-optimal design architecture
Related violations: <none>

TIMING-16#197 Warning
Large setup violation  
There is a large setup violation of -1.826 ns between u_tcm/u_ram/ram_reg_0_3/CLKARDCLK (clocked by clk_i) and u_core/u_decode/buffer_q_reg[39]/CE (clocked by clk_i). Large setup violations at the end of those stages might be difficult to fix during the post-placement implementation flow and could be the result of non-optimal XDC constraints or non-optimal design architecture
Related violations: <none>

TIMING-16#198 Warning
Large setup violation  
There is a large setup violation of -1.826 ns between u_tcm/u_ram/ram_reg_0_3/CLKARDCLK (clocked by clk_i) and u_core/u_decode/buffer_q_reg[3]/CE (clocked by clk_i). Large setup violations at the end of those stages might be difficult to fix during the post-placement implementation flow and could be the result of non-optimal XDC constraints or non-optimal design architecture
Related violations: <none>

TIMING-16#199 Warning
Large setup violation  
There is a large setup violation of -1.826 ns between u_tcm/u_ram/ram_reg_0_3/CLKARDCLK (clocked by clk_i) and u_core/u_decode/buffer_q_reg[56]/CE (clocked by clk_i). Large setup violations at the end of those stages might be difficult to fix during the post-placement implementation flow and could be the result of non-optimal XDC constraints or non-optimal design architecture
Related violations: <none>

TIMING-16#200 Warning
Large setup violation  
There is a large setup violation of -1.826 ns between u_tcm/u_ram/ram_reg_0_3/CLKARDCLK (clocked by clk_i) and u_core/u_decode/buffer_q_reg[59]/CE (clocked by clk_i). Large setup violations at the end of those stages might be difficult to fix during the post-placement implementation flow and could be the result of non-optimal XDC constraints or non-optimal design architecture
Related violations: <none>

TIMING-16#201 Warning
Large setup violation  
There is a large setup violation of -1.842 ns between u_core/u_decode/buffer_q_reg[44]/C (clocked by clk_i) and u_core/u_lsu/mem_data_wr_q_reg[21]/D (clocked by clk_i). Large setup violations at the end of those stages might be difficult to fix during the post-placement implementation flow and could be the result of non-optimal XDC constraints or non-optimal design architecture
Related violations: <none>

TIMING-16#202 Warning
Large setup violation  
There is a large setup violation of -1.842 ns between u_tcm/u_ram/ram_reg_0_3/CLKARDCLK (clocked by clk_i) and u_core/u_decode/buffer_q_reg[48]/D (clocked by clk_i). Large setup violations at the end of those stages might be difficult to fix during the post-placement implementation flow and could be the result of non-optimal XDC constraints or non-optimal design architecture
Related violations: <none>

TIMING-16#203 Warning
Large setup violation  
There is a large setup violation of -1.846 ns between u_tcm/u_ram/ram_reg_0_3/CLKARDCLK (clocked by clk_i) and u_core/u_decode/buffer_q_reg[40]/CE (clocked by clk_i). Large setup violations at the end of those stages might be difficult to fix during the post-placement implementation flow and could be the result of non-optimal XDC constraints or non-optimal design architecture
Related violations: <none>

TIMING-16#204 Warning
Large setup violation  
There is a large setup violation of -1.846 ns between u_tcm/u_ram/ram_reg_0_3/CLKARDCLK (clocked by clk_i) and u_core/u_decode/buffer_q_reg[41]/CE (clocked by clk_i). Large setup violations at the end of those stages might be difficult to fix during the post-placement implementation flow and could be the result of non-optimal XDC constraints or non-optimal design architecture
Related violations: <none>

TIMING-16#205 Warning
Large setup violation  
There is a large setup violation of -1.846 ns between u_tcm/u_ram/ram_reg_0_3/CLKARDCLK (clocked by clk_i) and u_core/u_decode/buffer_q_reg[43]/CE (clocked by clk_i). Large setup violations at the end of those stages might be difficult to fix during the post-placement implementation flow and could be the result of non-optimal XDC constraints or non-optimal design architecture
Related violations: <none>

TIMING-16#206 Warning
Large setup violation  
There is a large setup violation of -1.846 ns between u_tcm/u_ram/ram_reg_0_3/CLKARDCLK (clocked by clk_i) and u_core/u_decode/buffer_q_reg[4]/CE (clocked by clk_i). Large setup violations at the end of those stages might be difficult to fix during the post-placement implementation flow and could be the result of non-optimal XDC constraints or non-optimal design architecture
Related violations: <none>

TIMING-16#207 Warning
Large setup violation  
There is a large setup violation of -1.847 ns between u_tcm/u_ram/ram_reg_0_3/CLKARDCLK (clocked by clk_i) and u_core/u_decode/buffer_q_reg[54]/D (clocked by clk_i). Large setup violations at the end of those stages might be difficult to fix during the post-placement implementation flow and could be the result of non-optimal XDC constraints or non-optimal design architecture
Related violations: <none>

TIMING-16#208 Warning
Large setup violation  
There is a large setup violation of -1.858 ns between u_tcm/u_ram/ram_reg_0_3/CLKARDCLK (clocked by clk_i) and u_core/u_decode/buffer_q_reg[33]/CE (clocked by clk_i). Large setup violations at the end of those stages might be difficult to fix during the post-placement implementation flow and could be the result of non-optimal XDC constraints or non-optimal design architecture
Related violations: <none>

TIMING-16#209 Warning
Large setup violation  
There is a large setup violation of -1.858 ns between u_tcm/u_ram/ram_reg_0_3/CLKARDCLK (clocked by clk_i) and u_core/u_decode/buffer_q_reg[46]/CE (clocked by clk_i). Large setup violations at the end of those stages might be difficult to fix during the post-placement implementation flow and could be the result of non-optimal XDC constraints or non-optimal design architecture
Related violations: <none>

TIMING-16#210 Warning
Large setup violation  
There is a large setup violation of -1.858 ns between u_tcm/u_ram/ram_reg_0_3/CLKARDCLK (clocked by clk_i) and u_core/u_decode/buffer_q_reg[47]_rep__1/CE (clocked by clk_i). Large setup violations at the end of those stages might be difficult to fix during the post-placement implementation flow and could be the result of non-optimal XDC constraints or non-optimal design architecture
Related violations: <none>

TIMING-16#211 Warning
Large setup violation  
There is a large setup violation of -1.858 ns between u_tcm/u_ram/ram_reg_0_3/CLKARDCLK (clocked by clk_i) and u_core/u_decode/buffer_q_reg[55]/CE (clocked by clk_i). Large setup violations at the end of those stages might be difficult to fix during the post-placement implementation flow and could be the result of non-optimal XDC constraints or non-optimal design architecture
Related violations: <none>

TIMING-16#212 Warning
Large setup violation  
There is a large setup violation of -1.858 ns between u_tcm/u_ram/ram_reg_0_3/CLKARDCLK (clocked by clk_i) and u_core/u_fetch/branch_pc_q_reg[19]/D (clocked by clk_i). Large setup violations at the end of those stages might be difficult to fix during the post-placement implementation flow and could be the result of non-optimal XDC constraints or non-optimal design architecture
Related violations: <none>

TIMING-16#213 Warning
Large setup violation  
There is a large setup violation of -1.858 ns between u_tcm/u_ram/ram_reg_0_3/CLKARDCLK (clocked by clk_i) and u_core/u_fetch/branch_pc_q_reg[20]/D (clocked by clk_i). Large setup violations at the end of those stages might be difficult to fix during the post-placement implementation flow and could be the result of non-optimal XDC constraints or non-optimal design architecture
Related violations: <none>

TIMING-16#214 Warning
Large setup violation  
There is a large setup violation of -1.863 ns between u_tcm/u_ram/ram_reg_0_3/CLKARDCLK (clocked by clk_i) and u_core/u_decode/buffer_q_reg[47]/CE (clocked by clk_i). Large setup violations at the end of those stages might be difficult to fix during the post-placement implementation flow and could be the result of non-optimal XDC constraints or non-optimal design architecture
Related violations: <none>

TIMING-16#215 Warning
Large setup violation  
There is a large setup violation of -1.863 ns between u_tcm/u_ram/ram_reg_0_3/CLKARDCLK (clocked by clk_i) and u_core/u_decode/buffer_q_reg[53]/D (clocked by clk_i). Large setup violations at the end of those stages might be difficult to fix during the post-placement implementation flow and could be the result of non-optimal XDC constraints or non-optimal design architecture
Related violations: <none>

TIMING-16#216 Warning
Large setup violation  
There is a large setup violation of -1.863 ns between u_tcm/u_ram/ram_reg_0_3/CLKARDCLK (clocked by clk_i) and u_core/u_decode/buffer_q_reg[63]/CE (clocked by clk_i). Large setup violations at the end of those stages might be difficult to fix during the post-placement implementation flow and could be the result of non-optimal XDC constraints or non-optimal design architecture
Related violations: <none>

TIMING-16#217 Warning
Large setup violation  
There is a large setup violation of -1.867 ns between u_core/u_decode/buffer_q_reg[44]/C (clocked by clk_i) and u_core/u_lsu/mem_data_wr_q_reg[3]/D (clocked by clk_i). Large setup violations at the end of those stages might be difficult to fix during the post-placement implementation flow and could be the result of non-optimal XDC constraints or non-optimal design architecture
Related violations: <none>

TIMING-16#218 Warning
Large setup violation  
There is a large setup violation of -1.869 ns between u_tcm/u_ram/ram_reg_0_3/CLKARDCLK (clocked by clk_i) and u_core/u_fetch/branch_pc_q_reg[10]/D (clocked by clk_i). Large setup violations at the end of those stages might be difficult to fix during the post-placement implementation flow and could be the result of non-optimal XDC constraints or non-optimal design architecture
Related violations: <none>

TIMING-16#219 Warning
Large setup violation  
There is a large setup violation of -1.883 ns between u_tcm/u_ram/ram_reg_0_3/CLKARDCLK (clocked by clk_i) and u_core/u_decode/buffer_q_reg[38]/CE (clocked by clk_i). Large setup violations at the end of those stages might be difficult to fix during the post-placement implementation flow and could be the result of non-optimal XDC constraints or non-optimal design architecture
Related violations: <none>

TIMING-16#220 Warning
Large setup violation  
There is a large setup violation of -1.894 ns between u_tcm/u_ram/ram_reg_0_3/CLKARDCLK (clocked by clk_i) and u_core/u_fetch/branch_pc_q_reg[29]/D (clocked by clk_i). Large setup violations at the end of those stages might be difficult to fix during the post-placement implementation flow and could be the result of non-optimal XDC constraints or non-optimal design architecture
Related violations: <none>

TIMING-16#221 Warning
Large setup violation  
There is a large setup violation of -1.903 ns between u_tcm/u_ram/ram_reg_0_3/CLKARDCLK (clocked by clk_i) and u_core/u_decode/buffer_q_reg[20]/CE (clocked by clk_i). Large setup violations at the end of those stages might be difficult to fix during the post-placement implementation flow and could be the result of non-optimal XDC constraints or non-optimal design architecture
Related violations: <none>

TIMING-16#222 Warning
Large setup violation  
There is a large setup violation of -1.903 ns between u_tcm/u_ram/ram_reg_0_3/CLKARDCLK (clocked by clk_i) and u_core/u_decode/buffer_q_reg[21]/CE (clocked by clk_i). Large setup violations at the end of those stages might be difficult to fix during the post-placement implementation flow and could be the result of non-optimal XDC constraints or non-optimal design architecture
Related violations: <none>

TIMING-16#223 Warning
Large setup violation  
There is a large setup violation of -1.903 ns between u_tcm/u_ram/ram_reg_0_3/CLKARDCLK (clocked by clk_i) and u_core/u_decode/buffer_q_reg[29]/CE (clocked by clk_i). Large setup violations at the end of those stages might be difficult to fix during the post-placement implementation flow and could be the result of non-optimal XDC constraints or non-optimal design architecture
Related violations: <none>

TIMING-16#224 Warning
Large setup violation  
There is a large setup violation of -1.903 ns between u_tcm/u_ram/ram_reg_0_3/CLKARDCLK (clocked by clk_i) and u_core/u_decode/buffer_q_reg[58]/CE (clocked by clk_i). Large setup violations at the end of those stages might be difficult to fix during the post-placement implementation flow and could be the result of non-optimal XDC constraints or non-optimal design architecture
Related violations: <none>

TIMING-16#225 Warning
Large setup violation  
There is a large setup violation of -1.903 ns between u_tcm/u_ram/ram_reg_0_3/CLKARDCLK (clocked by clk_i) and u_core/u_decode/buffer_q_reg[5]/CE (clocked by clk_i). Large setup violations at the end of those stages might be difficult to fix during the post-placement implementation flow and could be the result of non-optimal XDC constraints or non-optimal design architecture
Related violations: <none>

TIMING-16#226 Warning
Large setup violation  
There is a large setup violation of -1.906 ns between u_tcm/u_ram/ram_reg_0_3/CLKARDCLK (clocked by clk_i) and u_core/u_decode/buffer_q_reg[9]/D (clocked by clk_i). Large setup violations at the end of those stages might be difficult to fix during the post-placement implementation flow and could be the result of non-optimal XDC constraints or non-optimal design architecture
Related violations: <none>

TIMING-16#227 Warning
Large setup violation  
There is a large setup violation of -1.917 ns between u_core/u_decode/buffer_q_reg[44]/C (clocked by clk_i) and u_core/u_lsu/mem_data_wr_q_reg[2]/D (clocked by clk_i). Large setup violations at the end of those stages might be difficult to fix during the post-placement implementation flow and could be the result of non-optimal XDC constraints or non-optimal design architecture
Related violations: <none>

TIMING-16#228 Warning
Large setup violation  
There is a large setup violation of -1.917 ns between u_core/u_decode/buffer_q_reg[44]/C (clocked by clk_i) and u_core/u_lsu/mem_wr_q_reg[3]/D (clocked by clk_i). Large setup violations at the end of those stages might be difficult to fix during the post-placement implementation flow and could be the result of non-optimal XDC constraints or non-optimal design architecture
Related violations: <none>

TIMING-16#229 Warning
Large setup violation  
There is a large setup violation of -1.917 ns between u_tcm/u_ram/ram_reg_0_3/CLKARDCLK (clocked by clk_i) and u_core/u_decode/buffer_q_reg[55]/D (clocked by clk_i). Large setup violations at the end of those stages might be difficult to fix during the post-placement implementation flow and could be the result of non-optimal XDC constraints or non-optimal design architecture
Related violations: <none>

TIMING-16#230 Warning
Large setup violation  
There is a large setup violation of -1.919 ns between u_tcm/u_ram/ram_reg_0_3/CLKARDCLK (clocked by clk_i) and u_core/u_decode/buffer_q_reg[34]/CE (clocked by clk_i). Large setup violations at the end of those stages might be difficult to fix during the post-placement implementation flow and could be the result of non-optimal XDC constraints or non-optimal design architecture
Related violations: <none>

TIMING-16#231 Warning
Large setup violation  
There is a large setup violation of -1.919 ns between u_tcm/u_ram/ram_reg_0_3/CLKARDCLK (clocked by clk_i) and u_core/u_decode/buffer_q_reg[36]/CE (clocked by clk_i). Large setup violations at the end of those stages might be difficult to fix during the post-placement implementation flow and could be the result of non-optimal XDC constraints or non-optimal design architecture
Related violations: <none>

TIMING-16#232 Warning
Large setup violation  
There is a large setup violation of -1.930 ns between u_tcm/u_ram/ram_reg_0_3/CLKARDCLK (clocked by clk_i) and u_core/u_decode/buffer_q_reg[48]/CE (clocked by clk_i). Large setup violations at the end of those stages might be difficult to fix during the post-placement implementation flow and could be the result of non-optimal XDC constraints or non-optimal design architecture
Related violations: <none>

TIMING-16#233 Warning
Large setup violation  
There is a large setup violation of -1.930 ns between u_tcm/u_ram/ram_reg_0_3/CLKARDCLK (clocked by clk_i) and u_core/u_decode/buffer_q_reg[54]/CE (clocked by clk_i). Large setup violations at the end of those stages might be difficult to fix during the post-placement implementation flow and could be the result of non-optimal XDC constraints or non-optimal design architecture
Related violations: <none>

TIMING-16#234 Warning
Large setup violation  
There is a large setup violation of -1.930 ns between u_tcm/u_ram/ram_reg_0_3/CLKARDCLK (clocked by clk_i) and u_core/u_decode/buffer_q_reg[57]/CE (clocked by clk_i). Large setup violations at the end of those stages might be difficult to fix during the post-placement implementation flow and could be the result of non-optimal XDC constraints or non-optimal design architecture
Related violations: <none>

TIMING-16#235 Warning
Large setup violation  
There is a large setup violation of -1.935 ns between u_tcm/u_ram/ram_reg_0_3/CLKARDCLK (clocked by clk_i) and u_core/u_decode/buffer_q_reg[52]/CE (clocked by clk_i). Large setup violations at the end of those stages might be difficult to fix during the post-placement implementation flow and could be the result of non-optimal XDC constraints or non-optimal design architecture
Related violations: <none>

TIMING-16#236 Warning
Large setup violation  
There is a large setup violation of -1.939 ns between u_tcm/u_ram/ram_reg_0_3/CLKARDCLK (clocked by clk_i) and u_core/u_decode/buffer_q_reg[16]/CE (clocked by clk_i). Large setup violations at the end of those stages might be difficult to fix during the post-placement implementation flow and could be the result of non-optimal XDC constraints or non-optimal design architecture
Related violations: <none>

TIMING-16#237 Warning
Large setup violation  
There is a large setup violation of -1.939 ns between u_tcm/u_ram/ram_reg_0_3/CLKARDCLK (clocked by clk_i) and u_core/u_decode/buffer_q_reg[17]/CE (clocked by clk_i). Large setup violations at the end of those stages might be difficult to fix during the post-placement implementation flow and could be the result of non-optimal XDC constraints or non-optimal design architecture
Related violations: <none>

TIMING-16#238 Warning
Large setup violation  
There is a large setup violation of -1.939 ns between u_tcm/u_ram/ram_reg_0_3/CLKARDCLK (clocked by clk_i) and u_core/u_decode/buffer_q_reg[18]/CE (clocked by clk_i). Large setup violations at the end of those stages might be difficult to fix during the post-placement implementation flow and could be the result of non-optimal XDC constraints or non-optimal design architecture
Related violations: <none>

TIMING-16#239 Warning
Large setup violation  
There is a large setup violation of -1.939 ns between u_tcm/u_ram/ram_reg_0_3/CLKARDCLK (clocked by clk_i) and u_core/u_decode/buffer_q_reg[7]/CE (clocked by clk_i). Large setup violations at the end of those stages might be difficult to fix during the post-placement implementation flow and could be the result of non-optimal XDC constraints or non-optimal design architecture
Related violations: <none>

TIMING-16#240 Warning
Large setup violation  
There is a large setup violation of -1.942 ns between u_tcm/u_ram/ram_reg_0_3/CLKARDCLK (clocked by clk_i) and u_core/u_fetch/branch_pc_q_reg[13]/D (clocked by clk_i). Large setup violations at the end of those stages might be difficult to fix during the post-placement implementation flow and could be the result of non-optimal XDC constraints or non-optimal design architecture
Related violations: <none>

TIMING-16#241 Warning
Large setup violation  
There is a large setup violation of -1.949 ns between u_tcm/u_ram/ram_reg_0_3/CLKARDCLK (clocked by clk_i) and u_core/u_decode/buffer_q_reg[19]/CE (clocked by clk_i). Large setup violations at the end of those stages might be difficult to fix during the post-placement implementation flow and could be the result of non-optimal XDC constraints or non-optimal design architecture
Related violations: <none>

TIMING-16#242 Warning
Large setup violation  
There is a large setup violation of -1.949 ns between u_tcm/u_ram/ram_reg_0_3/CLKARDCLK (clocked by clk_i) and u_core/u_decode/buffer_q_reg[30]/CE (clocked by clk_i). Large setup violations at the end of those stages might be difficult to fix during the post-placement implementation flow and could be the result of non-optimal XDC constraints or non-optimal design architecture
Related violations: <none>

TIMING-16#243 Warning
Large setup violation  
There is a large setup violation of -1.956 ns between u_tcm/u_ram/ram_reg_0_3/CLKARDCLK (clocked by clk_i) and u_core/u_decode/buffer_q_reg[53]_rep__0/CE (clocked by clk_i). Large setup violations at the end of those stages might be difficult to fix during the post-placement implementation flow and could be the result of non-optimal XDC constraints or non-optimal design architecture
Related violations: <none>

TIMING-16#244 Warning
Large setup violation  
There is a large setup violation of -1.962 ns between u_tcm/u_ram/ram_reg_0_3/CLKARDCLK (clocked by clk_i) and u_core/u_decode/buffer_q_reg[35]/CE (clocked by clk_i). Large setup violations at the end of those stages might be difficult to fix during the post-placement implementation flow and could be the result of non-optimal XDC constraints or non-optimal design architecture
Related violations: <none>

TIMING-16#245 Warning
Large setup violation  
There is a large setup violation of -1.962 ns between u_tcm/u_ram/ram_reg_0_3/CLKARDCLK (clocked by clk_i) and u_core/u_decode/buffer_q_reg[62]/CE (clocked by clk_i). Large setup violations at the end of those stages might be difficult to fix during the post-placement implementation flow and could be the result of non-optimal XDC constraints or non-optimal design architecture
Related violations: <none>

TIMING-16#246 Warning
Large setup violation  
There is a large setup violation of -1.963 ns between u_tcm/u_ram/ram_reg_0_3/CLKARDCLK (clocked by clk_i) and u_core/u_fetch/branch_pc_q_reg[15]/CE (clocked by clk_i). Large setup violations at the end of those stages might be difficult to fix during the post-placement implementation flow and could be the result of non-optimal XDC constraints or non-optimal design architecture
Related violations: <none>

TIMING-16#247 Warning
Large setup violation  
There is a large setup violation of -1.963 ns between u_tcm/u_ram/ram_reg_0_3/CLKARDCLK (clocked by clk_i) and u_core/u_fetch/branch_pc_q_reg[16]/CE (clocked by clk_i). Large setup violations at the end of those stages might be difficult to fix during the post-placement implementation flow and could be the result of non-optimal XDC constraints or non-optimal design architecture
Related violations: <none>

TIMING-16#248 Warning
Large setup violation  
There is a large setup violation of -1.963 ns between u_tcm/u_ram/ram_reg_0_3/CLKARDCLK (clocked by clk_i) and u_core/u_fetch/branch_pc_q_reg[17]/CE (clocked by clk_i). Large setup violations at the end of those stages might be difficult to fix during the post-placement implementation flow and could be the result of non-optimal XDC constraints or non-optimal design architecture
Related violations: <none>

TIMING-16#249 Warning
Large setup violation  
There is a large setup violation of -1.963 ns between u_tcm/u_ram/ram_reg_0_3/CLKARDCLK (clocked by clk_i) and u_core/u_fetch/branch_pc_q_reg[19]/CE (clocked by clk_i). Large setup violations at the end of those stages might be difficult to fix during the post-placement implementation flow and could be the result of non-optimal XDC constraints or non-optimal design architecture
Related violations: <none>

TIMING-16#250 Warning
Large setup violation  
There is a large setup violation of -1.963 ns between u_tcm/u_ram/ram_reg_0_3/CLKARDCLK (clocked by clk_i) and u_core/u_fetch/branch_pc_q_reg[20]/CE (clocked by clk_i). Large setup violations at the end of those stages might be difficult to fix during the post-placement implementation flow and could be the result of non-optimal XDC constraints or non-optimal design architecture
Related violations: <none>

TIMING-16#251 Warning
Large setup violation  
There is a large setup violation of -1.963 ns between u_tcm/u_ram/ram_reg_0_3/CLKARDCLK (clocked by clk_i) and u_core/u_fetch/branch_pc_q_reg[27]/D (clocked by clk_i). Large setup violations at the end of those stages might be difficult to fix during the post-placement implementation flow and could be the result of non-optimal XDC constraints or non-optimal design architecture
Related violations: <none>

TIMING-16#252 Warning
Large setup violation  
There is a large setup violation of -1.963 ns between u_tcm/u_ram/ram_reg_0_3/CLKARDCLK (clocked by clk_i) and u_core/u_fetch/branch_pc_q_reg[31]/CE (clocked by clk_i). Large setup violations at the end of those stages might be difficult to fix during the post-placement implementation flow and could be the result of non-optimal XDC constraints or non-optimal design architecture
Related violations: <none>

TIMING-16#253 Warning
Large setup violation  
There is a large setup violation of -1.963 ns between u_tcm/u_ram/ram_reg_0_3/CLKARDCLK (clocked by clk_i) and u_core/u_fetch/branch_pc_q_reg[5]/CE (clocked by clk_i). Large setup violations at the end of those stages might be difficult to fix during the post-placement implementation flow and could be the result of non-optimal XDC constraints or non-optimal design architecture
Related violations: <none>

TIMING-16#254 Warning
Large setup violation  
There is a large setup violation of -1.963 ns between u_tcm/u_ram/ram_reg_0_3/CLKARDCLK (clocked by clk_i) and u_core/u_fetch/branch_pc_q_reg[9]/CE (clocked by clk_i). Large setup violations at the end of those stages might be difficult to fix during the post-placement implementation flow and could be the result of non-optimal XDC constraints or non-optimal design architecture
Related violations: <none>

TIMING-16#255 Warning
Large setup violation  
There is a large setup violation of -1.971 ns between u_tcm/u_ram/ram_reg_0_3/CLKARDCLK (clocked by clk_i) and u_core/u_fetch/branch_pc_q_reg[14]/CE (clocked by clk_i). Large setup violations at the end of those stages might be difficult to fix during the post-placement implementation flow and could be the result of non-optimal XDC constraints or non-optimal design architecture
Related violations: <none>

TIMING-16#256 Warning
Large setup violation  
There is a large setup violation of -1.971 ns between u_tcm/u_ram/ram_reg_0_3/CLKARDCLK (clocked by clk_i) and u_core/u_fetch/branch_pc_q_reg[30]/CE (clocked by clk_i). Large setup violations at the end of those stages might be difficult to fix during the post-placement implementation flow and could be the result of non-optimal XDC constraints or non-optimal design architecture
Related violations: <none>

TIMING-16#257 Warning
Large setup violation  
There is a large setup violation of -1.972 ns between u_tcm/u_ram/ram_reg_0_3/CLKARDCLK (clocked by clk_i) and u_core/u_fetch/branch_pc_q_reg[8]/D (clocked by clk_i). Large setup violations at the end of those stages might be difficult to fix during the post-placement implementation flow and could be the result of non-optimal XDC constraints or non-optimal design architecture
Related violations: <none>

TIMING-16#258 Warning
Large setup violation  
There is a large setup violation of -1.982 ns between u_tcm/u_ram/ram_reg_0_3/CLKARDCLK (clocked by clk_i) and u_core/u_decode/buffer_q_reg[26]/CE (clocked by clk_i). Large setup violations at the end of those stages might be difficult to fix during the post-placement implementation flow and could be the result of non-optimal XDC constraints or non-optimal design architecture
Related violations: <none>

TIMING-16#259 Warning
Large setup violation  
There is a large setup violation of -1.982 ns between u_tcm/u_ram/ram_reg_0_3/CLKARDCLK (clocked by clk_i) and u_core/u_decode/buffer_q_reg[31]/CE (clocked by clk_i). Large setup violations at the end of those stages might be difficult to fix during the post-placement implementation flow and could be the result of non-optimal XDC constraints or non-optimal design architecture
Related violations: <none>

TIMING-16#260 Warning
Large setup violation  
There is a large setup violation of -1.986 ns between u_tcm/u_ram/ram_reg_0_3/CLKARDCLK (clocked by clk_i) and u_core/u_fetch/branch_pc_q_reg[11]/CE (clocked by clk_i). Large setup violations at the end of those stages might be difficult to fix during the post-placement implementation flow and could be the result of non-optimal XDC constraints or non-optimal design architecture
Related violations: <none>

TIMING-16#261 Warning
Large setup violation  
There is a large setup violation of -1.986 ns between u_tcm/u_ram/ram_reg_0_3/CLKARDCLK (clocked by clk_i) and u_core/u_fetch/branch_pc_q_reg[12]/CE (clocked by clk_i). Large setup violations at the end of those stages might be difficult to fix during the post-placement implementation flow and could be the result of non-optimal XDC constraints or non-optimal design architecture
Related violations: <none>

TIMING-16#262 Warning
Large setup violation  
There is a large setup violation of -1.986 ns between u_tcm/u_ram/ram_reg_0_3/CLKARDCLK (clocked by clk_i) and u_core/u_fetch/branch_pc_q_reg[18]/CE (clocked by clk_i). Large setup violations at the end of those stages might be difficult to fix during the post-placement implementation flow and could be the result of non-optimal XDC constraints or non-optimal design architecture
Related violations: <none>

TIMING-16#263 Warning
Large setup violation  
There is a large setup violation of -1.986 ns between u_tcm/u_ram/ram_reg_0_3/CLKARDCLK (clocked by clk_i) and u_core/u_fetch/branch_pc_q_reg[27]/CE (clocked by clk_i). Large setup violations at the end of those stages might be difficult to fix during the post-placement implementation flow and could be the result of non-optimal XDC constraints or non-optimal design architecture
Related violations: <none>

TIMING-16#264 Warning
Large setup violation  
There is a large setup violation of -1.986 ns between u_tcm/u_ram/ram_reg_0_3/CLKARDCLK (clocked by clk_i) and u_core/u_fetch/branch_pc_q_reg[28]/CE (clocked by clk_i). Large setup violations at the end of those stages might be difficult to fix during the post-placement implementation flow and could be the result of non-optimal XDC constraints or non-optimal design architecture
Related violations: <none>

TIMING-16#265 Warning
Large setup violation  
There is a large setup violation of -1.986 ns between u_tcm/u_ram/ram_reg_0_3/CLKARDCLK (clocked by clk_i) and u_core/u_fetch/branch_pc_q_reg[3]/CE (clocked by clk_i). Large setup violations at the end of those stages might be difficult to fix during the post-placement implementation flow and could be the result of non-optimal XDC constraints or non-optimal design architecture
Related violations: <none>

TIMING-16#266 Warning
Large setup violation  
There is a large setup violation of -1.986 ns between u_tcm/u_ram/ram_reg_0_3/CLKARDCLK (clocked by clk_i) and u_core/u_fetch/branch_pc_q_reg[8]/CE (clocked by clk_i). Large setup violations at the end of those stages might be difficult to fix during the post-placement implementation flow and could be the result of non-optimal XDC constraints or non-optimal design architecture
Related violations: <none>

TIMING-16#267 Warning
Large setup violation  
There is a large setup violation of -1.986 ns between u_tcm/u_ram/ram_reg_0_3/CLKARDCLK (clocked by clk_i) and u_core/u_fetch/branch_q_reg/CE (clocked by clk_i). Large setup violations at the end of those stages might be difficult to fix during the post-placement implementation flow and could be the result of non-optimal XDC constraints or non-optimal design architecture
Related violations: <none>

TIMING-16#268 Warning
Large setup violation  
There is a large setup violation of -1.988 ns between u_tcm/u_ram/ram_reg_0_3/CLKARDCLK (clocked by clk_i) and u_core/u_fetch/branch_pc_q_reg[28]/D (clocked by clk_i). Large setup violations at the end of those stages might be difficult to fix during the post-placement implementation flow and could be the result of non-optimal XDC constraints or non-optimal design architecture
Related violations: <none>

TIMING-16#269 Warning
Large setup violation  
There is a large setup violation of -1.992 ns between u_tcm/u_ram/ram_reg_0_3/CLKARDCLK (clocked by clk_i) and u_core/u_fetch/branch_pc_q_reg[10]/CE (clocked by clk_i). Large setup violations at the end of those stages might be difficult to fix during the post-placement implementation flow and could be the result of non-optimal XDC constraints or non-optimal design architecture
Related violations: <none>

TIMING-16#270 Warning
Large setup violation  
There is a large setup violation of -1.992 ns between u_tcm/u_ram/ram_reg_0_3/CLKARDCLK (clocked by clk_i) and u_core/u_fetch/branch_pc_q_reg[4]/CE (clocked by clk_i). Large setup violations at the end of those stages might be difficult to fix during the post-placement implementation flow and could be the result of non-optimal XDC constraints or non-optimal design architecture
Related violations: <none>

TIMING-16#271 Warning
Large setup violation  
There is a large setup violation of -1.996 ns between u_tcm/u_ram/ram_reg_0_3/CLKARDCLK (clocked by clk_i) and u_core/u_decode/buffer_q_reg[11]/CE (clocked by clk_i). Large setup violations at the end of those stages might be difficult to fix during the post-placement implementation flow and could be the result of non-optimal XDC constraints or non-optimal design architecture
Related violations: <none>

TIMING-16#272 Warning
Large setup violation  
There is a large setup violation of -1.996 ns between u_tcm/u_ram/ram_reg_0_3/CLKARDCLK (clocked by clk_i) and u_core/u_decode/buffer_q_reg[12]/CE (clocked by clk_i). Large setup violations at the end of those stages might be difficult to fix during the post-placement implementation flow and could be the result of non-optimal XDC constraints or non-optimal design architecture
Related violations: <none>

TIMING-16#273 Warning
Large setup violation  
There is a large setup violation of -1.999 ns between u_tcm/u_ram/ram_reg_0_3/CLKARDCLK (clocked by clk_i) and u_core/u_fetch/branch_pc_q_reg[30]/D (clocked by clk_i). Large setup violations at the end of those stages might be difficult to fix during the post-placement implementation flow and could be the result of non-optimal XDC constraints or non-optimal design architecture
Related violations: <none>

TIMING-16#274 Warning
Large setup violation  
There is a large setup violation of -2.013 ns between u_tcm/u_ram/ram_reg_0_3/CLKARDCLK (clocked by clk_i) and u_core/u_decode/buffer_q_reg[52]/D (clocked by clk_i). Large setup violations at the end of those stages might be difficult to fix during the post-placement implementation flow and could be the result of non-optimal XDC constraints or non-optimal design architecture
Related violations: <none>

TIMING-16#275 Warning
Large setup violation  
There is a large setup violation of -2.018 ns between u_tcm/u_ram/ram_reg_0_3/CLKARDCLK (clocked by clk_i) and u_core/u_fetch/branch_pc_q_reg[4]/D (clocked by clk_i). Large setup violations at the end of those stages might be difficult to fix during the post-placement implementation flow and could be the result of non-optimal XDC constraints or non-optimal design architecture
Related violations: <none>

TIMING-16#276 Warning
Large setup violation  
There is a large setup violation of -2.024 ns between u_tcm/u_ram/ram_reg_0_3/CLKARDCLK (clocked by clk_i) and u_core/u_fetch/branch_pc_q_reg[13]/CE (clocked by clk_i). Large setup violations at the end of those stages might be difficult to fix during the post-placement implementation flow and could be the result of non-optimal XDC constraints or non-optimal design architecture
Related violations: <none>

TIMING-16#277 Warning
Large setup violation  
There is a large setup violation of -2.037 ns between u_tcm/u_ram/ram_reg_0_3/CLKARDCLK (clocked by clk_i) and u_core/u_fetch/branch_pc_q_reg[5]/D (clocked by clk_i). Large setup violations at the end of those stages might be difficult to fix during the post-placement implementation flow and could be the result of non-optimal XDC constraints or non-optimal design architecture
Related violations: <none>

TIMING-16#278 Warning
Large setup violation  
There is a large setup violation of -2.040 ns between u_tcm/u_ram/ram_reg_0_3/CLKARDCLK (clocked by clk_i) and u_core/u_decode/buffer_q_reg[45]/CE (clocked by clk_i). Large setup violations at the end of those stages might be difficult to fix during the post-placement implementation flow and could be the result of non-optimal XDC constraints or non-optimal design architecture
Related violations: <none>

TIMING-16#279 Warning
Large setup violation  
There is a large setup violation of -2.045 ns between u_tcm/u_ram/ram_reg_0_3/CLKARDCLK (clocked by clk_i) and u_core/u_decode/buffer_q_reg[13]/D (clocked by clk_i). Large setup violations at the end of those stages might be difficult to fix during the post-placement implementation flow and could be the result of non-optimal XDC constraints or non-optimal design architecture
Related violations: <none>

TIMING-16#280 Warning
Large setup violation  
There is a large setup violation of -2.052 ns between u_tcm/u_ram/ram_reg_0_3/CLKARDCLK (clocked by clk_i) and u_core/u_decode/buffer_q_reg[44]/CE (clocked by clk_i). Large setup violations at the end of those stages might be difficult to fix during the post-placement implementation flow and could be the result of non-optimal XDC constraints or non-optimal design architecture
Related violations: <none>

TIMING-16#281 Warning
Large setup violation  
There is a large setup violation of -2.058 ns between u_tcm/u_ram/ram_reg_0_3/CLKARDCLK (clocked by clk_i) and u_core/u_decode/buffer_q_reg[49]/D (clocked by clk_i). Large setup violations at the end of those stages might be difficult to fix during the post-placement implementation flow and could be the result of non-optimal XDC constraints or non-optimal design architecture
Related violations: <none>

TIMING-16#282 Warning
Large setup violation  
There is a large setup violation of -2.059 ns between u_tcm/u_ram/ram_reg_0_3/CLKARDCLK (clocked by clk_i) and u_core/u_fetch/branch_pc_q_reg[31]/D (clocked by clk_i). Large setup violations at the end of those stages might be difficult to fix during the post-placement implementation flow and could be the result of non-optimal XDC constraints or non-optimal design architecture
Related violations: <none>

TIMING-16#283 Warning
Large setup violation  
There is a large setup violation of -2.063 ns between u_tcm/u_ram/ram_reg_0_3/CLKARDCLK (clocked by clk_i) and u_core/u_fetch/branch_pc_q_reg[12]/D (clocked by clk_i). Large setup violations at the end of those stages might be difficult to fix during the post-placement implementation flow and could be the result of non-optimal XDC constraints or non-optimal design architecture
Related violations: <none>

TIMING-16#284 Warning
Large setup violation  
There is a large setup violation of -2.067 ns between u_tcm/u_ram/ram_reg_0_3/CLKARDCLK (clocked by clk_i) and u_core/u_decode/buffer_q_reg[33]/D (clocked by clk_i). Large setup violations at the end of those stages might be difficult to fix during the post-placement implementation flow and could be the result of non-optimal XDC constraints or non-optimal design architecture
Related violations: <none>

TIMING-16#285 Warning
Large setup violation  
There is a large setup violation of -2.078 ns between u_tcm/u_ram/ram_reg_0_3/CLKARDCLK (clocked by clk_i) and u_core/u_decode/buffer_q_reg[44]/D (clocked by clk_i). Large setup violations at the end of those stages might be difficult to fix during the post-placement implementation flow and could be the result of non-optimal XDC constraints or non-optimal design architecture
Related violations: <none>

TIMING-16#286 Warning
Large setup violation  
There is a large setup violation of -2.100 ns between u_tcm/u_ram/ram_reg_0_3/CLKARDCLK (clocked by clk_i) and u_core/u_fetch/branch_pc_q_reg[2]/CE (clocked by clk_i). Large setup violations at the end of those stages might be difficult to fix during the post-placement implementation flow and could be the result of non-optimal XDC constraints or non-optimal design architecture
Related violations: <none>

TIMING-16#287 Warning
Large setup violation  
There is a large setup violation of -2.128 ns between u_tcm/u_ram/ram_reg_0_3/CLKARDCLK (clocked by clk_i) and u_core/u_fetch/branch_pc_q_reg[24]/CE (clocked by clk_i). Large setup violations at the end of those stages might be difficult to fix during the post-placement implementation flow and could be the result of non-optimal XDC constraints or non-optimal design architecture
Related violations: <none>

TIMING-16#288 Warning
Large setup violation  
There is a large setup violation of -2.128 ns between u_tcm/u_ram/ram_reg_0_3/CLKARDCLK (clocked by clk_i) and u_core/u_fetch/branch_pc_q_reg[25]/CE (clocked by clk_i). Large setup violations at the end of those stages might be difficult to fix during the post-placement implementation flow and could be the result of non-optimal XDC constraints or non-optimal design architecture
Related violations: <none>

TIMING-16#289 Warning
Large setup violation  
There is a large setup violation of -2.128 ns between u_tcm/u_ram/ram_reg_0_3/CLKARDCLK (clocked by clk_i) and u_core/u_fetch/branch_pc_q_reg[26]/CE (clocked by clk_i). Large setup violations at the end of those stages might be difficult to fix during the post-placement implementation flow and could be the result of non-optimal XDC constraints or non-optimal design architecture
Related violations: <none>

TIMING-16#290 Warning
Large setup violation  
There is a large setup violation of -2.128 ns between u_tcm/u_ram/ram_reg_0_3/CLKARDCLK (clocked by clk_i) and u_core/u_fetch/branch_pc_q_reg[29]/CE (clocked by clk_i). Large setup violations at the end of those stages might be difficult to fix during the post-placement implementation flow and could be the result of non-optimal XDC constraints or non-optimal design architecture
Related violations: <none>

TIMING-16#291 Warning
Large setup violation  
There is a large setup violation of -2.128 ns between u_tcm/u_ram/ram_reg_0_3/CLKARDCLK (clocked by clk_i) and u_core/u_fetch/branch_pc_q_reg[6]/CE (clocked by clk_i). Large setup violations at the end of those stages might be difficult to fix during the post-placement implementation flow and could be the result of non-optimal XDC constraints or non-optimal design architecture
Related violations: <none>

TIMING-16#292 Warning
Large setup violation  
There is a large setup violation of -2.132 ns between u_tcm/u_ram/ram_reg_0_3/CLKARDCLK (clocked by clk_i) and u_core/u_fetch/branch_pc_q_reg[21]/CE (clocked by clk_i). Large setup violations at the end of those stages might be difficult to fix during the post-placement implementation flow and could be the result of non-optimal XDC constraints or non-optimal design architecture
Related violations: <none>

TIMING-16#293 Warning
Large setup violation  
There is a large setup violation of -2.132 ns between u_tcm/u_ram/ram_reg_0_3/CLKARDCLK (clocked by clk_i) and u_core/u_fetch/branch_pc_q_reg[22]/CE (clocked by clk_i). Large setup violations at the end of those stages might be difficult to fix during the post-placement implementation flow and could be the result of non-optimal XDC constraints or non-optimal design architecture
Related violations: <none>

TIMING-16#294 Warning
Large setup violation  
There is a large setup violation of -2.132 ns between u_tcm/u_ram/ram_reg_0_3/CLKARDCLK (clocked by clk_i) and u_core/u_fetch/branch_pc_q_reg[23]/CE (clocked by clk_i). Large setup violations at the end of those stages might be difficult to fix during the post-placement implementation flow and could be the result of non-optimal XDC constraints or non-optimal design architecture
Related violations: <none>

TIMING-16#295 Warning
Large setup violation  
There is a large setup violation of -2.132 ns between u_tcm/u_ram/ram_reg_0_3/CLKARDCLK (clocked by clk_i) and u_core/u_fetch/branch_pc_q_reg[7]/CE (clocked by clk_i). Large setup violations at the end of those stages might be difficult to fix during the post-placement implementation flow and could be the result of non-optimal XDC constraints or non-optimal design architecture
Related violations: <none>

TIMING-18#1 Warning
Missing input or output delay  
An input delay is missing on axi_i_arready_i relative to clock(s) clk_i
Related violations: <none>

TIMING-18#2 Warning
Missing input or output delay  
An input delay is missing on axi_i_awready_i relative to clock(s) clk_i
Related violations: <none>

TIMING-18#3 Warning
Missing input or output delay  
An input delay is missing on axi_i_bresp_i[0] relative to clock(s) clk_i
Related violations: <none>

TIMING-18#4 Warning
Missing input or output delay  
An input delay is missing on axi_i_bresp_i[1] relative to clock(s) clk_i
Related violations: <none>

TIMING-18#5 Warning
Missing input or output delay  
An input delay is missing on axi_i_bvalid_i relative to clock(s) clk_i
Related violations: <none>

TIMING-18#6 Warning
Missing input or output delay  
An input delay is missing on axi_i_rdata_i[0] relative to clock(s) clk_i
Related violations: <none>

TIMING-18#7 Warning
Missing input or output delay  
An input delay is missing on axi_i_rdata_i[10] relative to clock(s) clk_i
Related violations: <none>

TIMING-18#8 Warning
Missing input or output delay  
An input delay is missing on axi_i_rdata_i[11] relative to clock(s) clk_i
Related violations: <none>

TIMING-18#9 Warning
Missing input or output delay  
An input delay is missing on axi_i_rdata_i[12] relative to clock(s) clk_i
Related violations: <none>

TIMING-18#10 Warning
Missing input or output delay  
An input delay is missing on axi_i_rdata_i[13] relative to clock(s) clk_i
Related violations: <none>

TIMING-18#11 Warning
Missing input or output delay  
An input delay is missing on axi_i_rdata_i[14] relative to clock(s) clk_i
Related violations: <none>

TIMING-18#12 Warning
Missing input or output delay  
An input delay is missing on axi_i_rdata_i[15] relative to clock(s) clk_i
Related violations: <none>

TIMING-18#13 Warning
Missing input or output delay  
An input delay is missing on axi_i_rdata_i[16] relative to clock(s) clk_i
Related violations: <none>

TIMING-18#14 Warning
Missing input or output delay  
An input delay is missing on axi_i_rdata_i[17] relative to clock(s) clk_i
Related violations: <none>

TIMING-18#15 Warning
Missing input or output delay  
An input delay is missing on axi_i_rdata_i[18] relative to clock(s) clk_i
Related violations: <none>

TIMING-18#16 Warning
Missing input or output delay  
An input delay is missing on axi_i_rdata_i[19] relative to clock(s) clk_i
Related violations: <none>

TIMING-18#17 Warning
Missing input or output delay  
An input delay is missing on axi_i_rdata_i[1] relative to clock(s) clk_i
Related violations: <none>

TIMING-18#18 Warning
Missing input or output delay  
An input delay is missing on axi_i_rdata_i[20] relative to clock(s) clk_i
Related violations: <none>

TIMING-18#19 Warning
Missing input or output delay  
An input delay is missing on axi_i_rdata_i[21] relative to clock(s) clk_i
Related violations: <none>

TIMING-18#20 Warning
Missing input or output delay  
An input delay is missing on axi_i_rdata_i[22] relative to clock(s) clk_i
Related violations: <none>

TIMING-18#21 Warning
Missing input or output delay  
An input delay is missing on axi_i_rdata_i[23] relative to clock(s) clk_i
Related violations: <none>

TIMING-18#22 Warning
Missing input or output delay  
An input delay is missing on axi_i_rdata_i[24] relative to clock(s) clk_i
Related violations: <none>

TIMING-18#23 Warning
Missing input or output delay  
An input delay is missing on axi_i_rdata_i[25] relative to clock(s) clk_i
Related violations: <none>

TIMING-18#24 Warning
Missing input or output delay  
An input delay is missing on axi_i_rdata_i[26] relative to clock(s) clk_i
Related violations: <none>

TIMING-18#25 Warning
Missing input or output delay  
An input delay is missing on axi_i_rdata_i[27] relative to clock(s) clk_i
Related violations: <none>

TIMING-18#26 Warning
Missing input or output delay  
An input delay is missing on axi_i_rdata_i[28] relative to clock(s) clk_i
Related violations: <none>

TIMING-18#27 Warning
Missing input or output delay  
An input delay is missing on axi_i_rdata_i[29] relative to clock(s) clk_i
Related violations: <none>

TIMING-18#28 Warning
Missing input or output delay  
An input delay is missing on axi_i_rdata_i[2] relative to clock(s) clk_i
Related violations: <none>

TIMING-18#29 Warning
Missing input or output delay  
An input delay is missing on axi_i_rdata_i[30] relative to clock(s) clk_i
Related violations: <none>

TIMING-18#30 Warning
Missing input or output delay  
An input delay is missing on axi_i_rdata_i[31] relative to clock(s) clk_i
Related violations: <none>

TIMING-18#31 Warning
Missing input or output delay  
An input delay is missing on axi_i_rdata_i[3] relative to clock(s) clk_i
Related violations: <none>

TIMING-18#32 Warning
Missing input or output delay  
An input delay is missing on axi_i_rdata_i[4] relative to clock(s) clk_i
Related violations: <none>

TIMING-18#33 Warning
Missing input or output delay  
An input delay is missing on axi_i_rdata_i[5] relative to clock(s) clk_i
Related violations: <none>

TIMING-18#34 Warning
Missing input or output delay  
An input delay is missing on axi_i_rdata_i[6] relative to clock(s) clk_i
Related violations: <none>

TIMING-18#35 Warning
Missing input or output delay  
An input delay is missing on axi_i_rdata_i[7] relative to clock(s) clk_i
Related violations: <none>

TIMING-18#36 Warning
Missing input or output delay  
An input delay is missing on axi_i_rdata_i[8] relative to clock(s) clk_i
Related violations: <none>

TIMING-18#37 Warning
Missing input or output delay  
An input delay is missing on axi_i_rdata_i[9] relative to clock(s) clk_i
Related violations: <none>

TIMING-18#38 Warning
Missing input or output delay  
An input delay is missing on axi_i_rresp_i[0] relative to clock(s) clk_i
Related violations: <none>

TIMING-18#39 Warning
Missing input or output delay  
An input delay is missing on axi_i_rresp_i[1] relative to clock(s) clk_i
Related violations: <none>

TIMING-18#40 Warning
Missing input or output delay  
An input delay is missing on axi_i_rvalid_i relative to clock(s) clk_i
Related violations: <none>

TIMING-18#41 Warning
Missing input or output delay  
An input delay is missing on axi_i_wready_i relative to clock(s) clk_i
Related violations: <none>

TIMING-18#42 Warning
Missing input or output delay  
An input delay is missing on axi_t_araddr_i[0] relative to clock(s) clk_i
Related violations: <none>

TIMING-18#43 Warning
Missing input or output delay  
An input delay is missing on axi_t_araddr_i[10] relative to clock(s) clk_i
Related violations: <none>

TIMING-18#44 Warning
Missing input or output delay  
An input delay is missing on axi_t_araddr_i[11] relative to clock(s) clk_i
Related violations: <none>

TIMING-18#45 Warning
Missing input or output delay  
An input delay is missing on axi_t_araddr_i[12] relative to clock(s) clk_i
Related violations: <none>

TIMING-18#46 Warning
Missing input or output delay  
An input delay is missing on axi_t_araddr_i[13] relative to clock(s) clk_i
Related violations: <none>

TIMING-18#47 Warning
Missing input or output delay  
An input delay is missing on axi_t_araddr_i[14] relative to clock(s) clk_i
Related violations: <none>

TIMING-18#48 Warning
Missing input or output delay  
An input delay is missing on axi_t_araddr_i[15] relative to clock(s) clk_i
Related violations: <none>

TIMING-18#49 Warning
Missing input or output delay  
An input delay is missing on axi_t_araddr_i[16] relative to clock(s) clk_i
Related violations: <none>

TIMING-18#50 Warning
Missing input or output delay  
An input delay is missing on axi_t_araddr_i[17] relative to clock(s) clk_i
Related violations: <none>

TIMING-18#51 Warning
Missing input or output delay  
An input delay is missing on axi_t_araddr_i[18] relative to clock(s) clk_i
Related violations: <none>

TIMING-18#52 Warning
Missing input or output delay  
An input delay is missing on axi_t_araddr_i[19] relative to clock(s) clk_i
Related violations: <none>

TIMING-18#53 Warning
Missing input or output delay  
An input delay is missing on axi_t_araddr_i[1] relative to clock(s) clk_i
Related violations: <none>

TIMING-18#54 Warning
Missing input or output delay  
An input delay is missing on axi_t_araddr_i[20] relative to clock(s) clk_i
Related violations: <none>

TIMING-18#55 Warning
Missing input or output delay  
An input delay is missing on axi_t_araddr_i[21] relative to clock(s) clk_i
Related violations: <none>

TIMING-18#56 Warning
Missing input or output delay  
An input delay is missing on axi_t_araddr_i[22] relative to clock(s) clk_i
Related violations: <none>

TIMING-18#57 Warning
Missing input or output delay  
An input delay is missing on axi_t_araddr_i[23] relative to clock(s) clk_i
Related violations: <none>

TIMING-18#58 Warning
Missing input or output delay  
An input delay is missing on axi_t_araddr_i[24] relative to clock(s) clk_i
Related violations: <none>

TIMING-18#59 Warning
Missing input or output delay  
An input delay is missing on axi_t_araddr_i[25] relative to clock(s) clk_i
Related violations: <none>

TIMING-18#60 Warning
Missing input or output delay  
An input delay is missing on axi_t_araddr_i[26] relative to clock(s) clk_i
Related violations: <none>

TIMING-18#61 Warning
Missing input or output delay  
An input delay is missing on axi_t_araddr_i[27] relative to clock(s) clk_i
Related violations: <none>

TIMING-18#62 Warning
Missing input or output delay  
An input delay is missing on axi_t_araddr_i[28] relative to clock(s) clk_i
Related violations: <none>

TIMING-18#63 Warning
Missing input or output delay  
An input delay is missing on axi_t_araddr_i[29] relative to clock(s) clk_i
Related violations: <none>

TIMING-18#64 Warning
Missing input or output delay  
An input delay is missing on axi_t_araddr_i[2] relative to clock(s) clk_i
Related violations: <none>

TIMING-18#65 Warning
Missing input or output delay  
An input delay is missing on axi_t_araddr_i[30] relative to clock(s) clk_i
Related violations: <none>

TIMING-18#66 Warning
Missing input or output delay  
An input delay is missing on axi_t_araddr_i[31] relative to clock(s) clk_i
Related violations: <none>

TIMING-18#67 Warning
Missing input or output delay  
An input delay is missing on axi_t_araddr_i[3] relative to clock(s) clk_i
Related violations: <none>

TIMING-18#68 Warning
Missing input or output delay  
An input delay is missing on axi_t_araddr_i[4] relative to clock(s) clk_i
Related violations: <none>

TIMING-18#69 Warning
Missing input or output delay  
An input delay is missing on axi_t_araddr_i[5] relative to clock(s) clk_i
Related violations: <none>

TIMING-18#70 Warning
Missing input or output delay  
An input delay is missing on axi_t_araddr_i[6] relative to clock(s) clk_i
Related violations: <none>

TIMING-18#71 Warning
Missing input or output delay  
An input delay is missing on axi_t_araddr_i[7] relative to clock(s) clk_i
Related violations: <none>

TIMING-18#72 Warning
Missing input or output delay  
An input delay is missing on axi_t_araddr_i[8] relative to clock(s) clk_i
Related violations: <none>

TIMING-18#73 Warning
Missing input or output delay  
An input delay is missing on axi_t_araddr_i[9] relative to clock(s) clk_i
Related violations: <none>

TIMING-18#74 Warning
Missing input or output delay  
An input delay is missing on axi_t_arid_i[0] relative to clock(s) clk_i
Related violations: <none>

TIMING-18#75 Warning
Missing input or output delay  
An input delay is missing on axi_t_arid_i[1] relative to clock(s) clk_i
Related violations: <none>

TIMING-18#76 Warning
Missing input or output delay  
An input delay is missing on axi_t_arid_i[2] relative to clock(s) clk_i
Related violations: <none>

TIMING-18#77 Warning
Missing input or output delay  
An input delay is missing on axi_t_arid_i[3] relative to clock(s) clk_i
Related violations: <none>

TIMING-18#78 Warning
Missing input or output delay  
An input delay is missing on axi_t_arlen_i[0] relative to clock(s) clk_i
Related violations: <none>

TIMING-18#79 Warning
Missing input or output delay  
An input delay is missing on axi_t_arlen_i[1] relative to clock(s) clk_i
Related violations: <none>

TIMING-18#80 Warning
Missing input or output delay  
An input delay is missing on axi_t_arlen_i[2] relative to clock(s) clk_i
Related violations: <none>

TIMING-18#81 Warning
Missing input or output delay  
An input delay is missing on axi_t_arlen_i[3] relative to clock(s) clk_i
Related violations: <none>

TIMING-18#82 Warning
Missing input or output delay  
An input delay is missing on axi_t_arlen_i[4] relative to clock(s) clk_i
Related violations: <none>

TIMING-18#83 Warning
Missing input or output delay  
An input delay is missing on axi_t_arlen_i[5] relative to clock(s) clk_i
Related violations: <none>

TIMING-18#84 Warning
Missing input or output delay  
An input delay is missing on axi_t_arlen_i[6] relative to clock(s) clk_i
Related violations: <none>

TIMING-18#85 Warning
Missing input or output delay  
An input delay is missing on axi_t_arlen_i[7] relative to clock(s) clk_i
Related violations: <none>

TIMING-18#86 Warning
Missing input or output delay  
An input delay is missing on axi_t_arvalid_i relative to clock(s) clk_i
Related violations: <none>

TIMING-18#87 Warning
Missing input or output delay  
An input delay is missing on axi_t_awaddr_i[0] relative to clock(s) clk_i
Related violations: <none>

TIMING-18#88 Warning
Missing input or output delay  
An input delay is missing on axi_t_awaddr_i[10] relative to clock(s) clk_i
Related violations: <none>

TIMING-18#89 Warning
Missing input or output delay  
An input delay is missing on axi_t_awaddr_i[11] relative to clock(s) clk_i
Related violations: <none>

TIMING-18#90 Warning
Missing input or output delay  
An input delay is missing on axi_t_awaddr_i[12] relative to clock(s) clk_i
Related violations: <none>

TIMING-18#91 Warning
Missing input or output delay  
An input delay is missing on axi_t_awaddr_i[13] relative to clock(s) clk_i
Related violations: <none>

TIMING-18#92 Warning
Missing input or output delay  
An input delay is missing on axi_t_awaddr_i[14] relative to clock(s) clk_i
Related violations: <none>

TIMING-18#93 Warning
Missing input or output delay  
An input delay is missing on axi_t_awaddr_i[15] relative to clock(s) clk_i
Related violations: <none>

TIMING-18#94 Warning
Missing input or output delay  
An input delay is missing on axi_t_awaddr_i[16] relative to clock(s) clk_i
Related violations: <none>

TIMING-18#95 Warning
Missing input or output delay  
An input delay is missing on axi_t_awaddr_i[17] relative to clock(s) clk_i
Related violations: <none>

TIMING-18#96 Warning
Missing input or output delay  
An input delay is missing on axi_t_awaddr_i[18] relative to clock(s) clk_i
Related violations: <none>

TIMING-18#97 Warning
Missing input or output delay  
An input delay is missing on axi_t_awaddr_i[19] relative to clock(s) clk_i
Related violations: <none>

TIMING-18#98 Warning
Missing input or output delay  
An input delay is missing on axi_t_awaddr_i[1] relative to clock(s) clk_i
Related violations: <none>

TIMING-18#99 Warning
Missing input or output delay  
An input delay is missing on axi_t_awaddr_i[20] relative to clock(s) clk_i
Related violations: <none>

TIMING-18#100 Warning
Missing input or output delay  
An input delay is missing on axi_t_awaddr_i[21] relative to clock(s) clk_i
Related violations: <none>

TIMING-18#101 Warning
Missing input or output delay  
An input delay is missing on axi_t_awaddr_i[22] relative to clock(s) clk_i
Related violations: <none>

TIMING-18#102 Warning
Missing input or output delay  
An input delay is missing on axi_t_awaddr_i[23] relative to clock(s) clk_i
Related violations: <none>

TIMING-18#103 Warning
Missing input or output delay  
An input delay is missing on axi_t_awaddr_i[24] relative to clock(s) clk_i
Related violations: <none>

TIMING-18#104 Warning
Missing input or output delay  
An input delay is missing on axi_t_awaddr_i[25] relative to clock(s) clk_i
Related violations: <none>

TIMING-18#105 Warning
Missing input or output delay  
An input delay is missing on axi_t_awaddr_i[26] relative to clock(s) clk_i
Related violations: <none>

TIMING-18#106 Warning
Missing input or output delay  
An input delay is missing on axi_t_awaddr_i[27] relative to clock(s) clk_i
Related violations: <none>

TIMING-18#107 Warning
Missing input or output delay  
An input delay is missing on axi_t_awaddr_i[28] relative to clock(s) clk_i
Related violations: <none>

TIMING-18#108 Warning
Missing input or output delay  
An input delay is missing on axi_t_awaddr_i[29] relative to clock(s) clk_i
Related violations: <none>

TIMING-18#109 Warning
Missing input or output delay  
An input delay is missing on axi_t_awaddr_i[2] relative to clock(s) clk_i
Related violations: <none>

TIMING-18#110 Warning
Missing input or output delay  
An input delay is missing on axi_t_awaddr_i[30] relative to clock(s) clk_i
Related violations: <none>

TIMING-18#111 Warning
Missing input or output delay  
An input delay is missing on axi_t_awaddr_i[31] relative to clock(s) clk_i
Related violations: <none>

TIMING-18#112 Warning
Missing input or output delay  
An input delay is missing on axi_t_awaddr_i[3] relative to clock(s) clk_i
Related violations: <none>

TIMING-18#113 Warning
Missing input or output delay  
An input delay is missing on axi_t_awaddr_i[4] relative to clock(s) clk_i
Related violations: <none>

TIMING-18#114 Warning
Missing input or output delay  
An input delay is missing on axi_t_awaddr_i[5] relative to clock(s) clk_i
Related violations: <none>

TIMING-18#115 Warning
Missing input or output delay  
An input delay is missing on axi_t_awaddr_i[6] relative to clock(s) clk_i
Related violations: <none>

TIMING-18#116 Warning
Missing input or output delay  
An input delay is missing on axi_t_awaddr_i[7] relative to clock(s) clk_i
Related violations: <none>

TIMING-18#117 Warning
Missing input or output delay  
An input delay is missing on axi_t_awaddr_i[8] relative to clock(s) clk_i
Related violations: <none>

TIMING-18#118 Warning
Missing input or output delay  
An input delay is missing on axi_t_awaddr_i[9] relative to clock(s) clk_i
Related violations: <none>

TIMING-18#119 Warning
Missing input or output delay  
An input delay is missing on axi_t_awid_i[0] relative to clock(s) clk_i
Related violations: <none>

TIMING-18#120 Warning
Missing input or output delay  
An input delay is missing on axi_t_awid_i[1] relative to clock(s) clk_i
Related violations: <none>

TIMING-18#121 Warning
Missing input or output delay  
An input delay is missing on axi_t_awid_i[2] relative to clock(s) clk_i
Related violations: <none>

TIMING-18#122 Warning
Missing input or output delay  
An input delay is missing on axi_t_awid_i[3] relative to clock(s) clk_i
Related violations: <none>

TIMING-18#123 Warning
Missing input or output delay  
An input delay is missing on axi_t_awlen_i[0] relative to clock(s) clk_i
Related violations: <none>

TIMING-18#124 Warning
Missing input or output delay  
An input delay is missing on axi_t_awlen_i[1] relative to clock(s) clk_i
Related violations: <none>

TIMING-18#125 Warning
Missing input or output delay  
An input delay is missing on axi_t_awlen_i[2] relative to clock(s) clk_i
Related violations: <none>

TIMING-18#126 Warning
Missing input or output delay  
An input delay is missing on axi_t_awlen_i[3] relative to clock(s) clk_i
Related violations: <none>

TIMING-18#127 Warning
Missing input or output delay  
An input delay is missing on axi_t_awlen_i[4] relative to clock(s) clk_i
Related violations: <none>

TIMING-18#128 Warning
Missing input or output delay  
An input delay is missing on axi_t_awlen_i[5] relative to clock(s) clk_i
Related violations: <none>

TIMING-18#129 Warning
Missing input or output delay  
An input delay is missing on axi_t_awlen_i[6] relative to clock(s) clk_i
Related violations: <none>

TIMING-18#130 Warning
Missing input or output delay  
An input delay is missing on axi_t_awlen_i[7] relative to clock(s) clk_i
Related violations: <none>

TIMING-18#131 Warning
Missing input or output delay  
An input delay is missing on axi_t_awvalid_i relative to clock(s) clk_i
Related violations: <none>

TIMING-18#132 Warning
Missing input or output delay  
An input delay is missing on axi_t_bready_i relative to clock(s) clk_i
Related violations: <none>

TIMING-18#133 Warning
Missing input or output delay  
An input delay is missing on axi_t_rready_i relative to clock(s) clk_i
Related violations: <none>

TIMING-18#134 Warning
Missing input or output delay  
An input delay is missing on axi_t_wdata_i[0] relative to clock(s) clk_i
Related violations: <none>

TIMING-18#135 Warning
Missing input or output delay  
An input delay is missing on axi_t_wdata_i[10] relative to clock(s) clk_i
Related violations: <none>

TIMING-18#136 Warning
Missing input or output delay  
An input delay is missing on axi_t_wdata_i[11] relative to clock(s) clk_i
Related violations: <none>

TIMING-18#137 Warning
Missing input or output delay  
An input delay is missing on axi_t_wdata_i[12] relative to clock(s) clk_i
Related violations: <none>

TIMING-18#138 Warning
Missing input or output delay  
An input delay is missing on axi_t_wdata_i[13] relative to clock(s) clk_i
Related violations: <none>

TIMING-18#139 Warning
Missing input or output delay  
An input delay is missing on axi_t_wdata_i[14] relative to clock(s) clk_i
Related violations: <none>

TIMING-18#140 Warning
Missing input or output delay  
An input delay is missing on axi_t_wdata_i[15] relative to clock(s) clk_i
Related violations: <none>

TIMING-18#141 Warning
Missing input or output delay  
An input delay is missing on axi_t_wdata_i[16] relative to clock(s) clk_i
Related violations: <none>

TIMING-18#142 Warning
Missing input or output delay  
An input delay is missing on axi_t_wdata_i[17] relative to clock(s) clk_i
Related violations: <none>

TIMING-18#143 Warning
Missing input or output delay  
An input delay is missing on axi_t_wdata_i[18] relative to clock(s) clk_i
Related violations: <none>

TIMING-18#144 Warning
Missing input or output delay  
An input delay is missing on axi_t_wdata_i[19] relative to clock(s) clk_i
Related violations: <none>

TIMING-18#145 Warning
Missing input or output delay  
An input delay is missing on axi_t_wdata_i[1] relative to clock(s) clk_i
Related violations: <none>

TIMING-18#146 Warning
Missing input or output delay  
An input delay is missing on axi_t_wdata_i[20] relative to clock(s) clk_i
Related violations: <none>

TIMING-18#147 Warning
Missing input or output delay  
An input delay is missing on axi_t_wdata_i[21] relative to clock(s) clk_i
Related violations: <none>

TIMING-18#148 Warning
Missing input or output delay  
An input delay is missing on axi_t_wdata_i[22] relative to clock(s) clk_i
Related violations: <none>

TIMING-18#149 Warning
Missing input or output delay  
An input delay is missing on axi_t_wdata_i[23] relative to clock(s) clk_i
Related violations: <none>

TIMING-18#150 Warning
Missing input or output delay  
An input delay is missing on axi_t_wdata_i[24] relative to clock(s) clk_i
Related violations: <none>

TIMING-18#151 Warning
Missing input or output delay  
An input delay is missing on axi_t_wdata_i[25] relative to clock(s) clk_i
Related violations: <none>

TIMING-18#152 Warning
Missing input or output delay  
An input delay is missing on axi_t_wdata_i[26] relative to clock(s) clk_i
Related violations: <none>

TIMING-18#153 Warning
Missing input or output delay  
An input delay is missing on axi_t_wdata_i[27] relative to clock(s) clk_i
Related violations: <none>

TIMING-18#154 Warning
Missing input or output delay  
An input delay is missing on axi_t_wdata_i[28] relative to clock(s) clk_i
Related violations: <none>

TIMING-18#155 Warning
Missing input or output delay  
An input delay is missing on axi_t_wdata_i[29] relative to clock(s) clk_i
Related violations: <none>

TIMING-18#156 Warning
Missing input or output delay  
An input delay is missing on axi_t_wdata_i[2] relative to clock(s) clk_i
Related violations: <none>

TIMING-18#157 Warning
Missing input or output delay  
An input delay is missing on axi_t_wdata_i[30] relative to clock(s) clk_i
Related violations: <none>

TIMING-18#158 Warning
Missing input or output delay  
An input delay is missing on axi_t_wdata_i[31] relative to clock(s) clk_i
Related violations: <none>

TIMING-18#159 Warning
Missing input or output delay  
An input delay is missing on axi_t_wdata_i[3] relative to clock(s) clk_i
Related violations: <none>

TIMING-18#160 Warning
Missing input or output delay  
An input delay is missing on axi_t_wdata_i[4] relative to clock(s) clk_i
Related violations: <none>

TIMING-18#161 Warning
Missing input or output delay  
An input delay is missing on axi_t_wdata_i[5] relative to clock(s) clk_i
Related violations: <none>

TIMING-18#162 Warning
Missing input or output delay  
An input delay is missing on axi_t_wdata_i[6] relative to clock(s) clk_i
Related violations: <none>

TIMING-18#163 Warning
Missing input or output delay  
An input delay is missing on axi_t_wdata_i[7] relative to clock(s) clk_i
Related violations: <none>

TIMING-18#164 Warning
Missing input or output delay  
An input delay is missing on axi_t_wdata_i[8] relative to clock(s) clk_i
Related violations: <none>

TIMING-18#165 Warning
Missing input or output delay  
An input delay is missing on axi_t_wdata_i[9] relative to clock(s) clk_i
Related violations: <none>

TIMING-18#166 Warning
Missing input or output delay  
An input delay is missing on axi_t_wlast_i relative to clock(s) clk_i
Related violations: <none>

TIMING-18#167 Warning
Missing input or output delay  
An input delay is missing on axi_t_wstrb_i[0] relative to clock(s) clk_i
Related violations: <none>

TIMING-18#168 Warning
Missing input or output delay  
An input delay is missing on axi_t_wstrb_i[1] relative to clock(s) clk_i
Related violations: <none>

TIMING-18#169 Warning
Missing input or output delay  
An input delay is missing on axi_t_wstrb_i[2] relative to clock(s) clk_i
Related violations: <none>

TIMING-18#170 Warning
Missing input or output delay  
An input delay is missing on axi_t_wstrb_i[3] relative to clock(s) clk_i
Related violations: <none>

TIMING-18#171 Warning
Missing input or output delay  
An input delay is missing on axi_t_wvalid_i relative to clock(s) clk_i
Related violations: <none>

TIMING-18#172 Warning
Missing input or output delay  
An input delay is missing on intr_i[0] relative to clock(s) clk_i
Related violations: <none>

TIMING-18#173 Warning
Missing input or output delay  
An input delay is missing on intr_i[10] relative to clock(s) clk_i
Related violations: <none>

TIMING-18#174 Warning
Missing input or output delay  
An input delay is missing on intr_i[11] relative to clock(s) clk_i
Related violations: <none>

TIMING-18#175 Warning
Missing input or output delay  
An input delay is missing on intr_i[12] relative to clock(s) clk_i
Related violations: <none>

TIMING-18#176 Warning
Missing input or output delay  
An input delay is missing on intr_i[13] relative to clock(s) clk_i
Related violations: <none>

TIMING-18#177 Warning
Missing input or output delay  
An input delay is missing on intr_i[14] relative to clock(s) clk_i
Related violations: <none>

TIMING-18#178 Warning
Missing input or output delay  
An input delay is missing on intr_i[15] relative to clock(s) clk_i
Related violations: <none>

TIMING-18#179 Warning
Missing input or output delay  
An input delay is missing on intr_i[16] relative to clock(s) clk_i
Related violations: <none>

TIMING-18#180 Warning
Missing input or output delay  
An input delay is missing on intr_i[17] relative to clock(s) clk_i
Related violations: <none>

TIMING-18#181 Warning
Missing input or output delay  
An input delay is missing on intr_i[18] relative to clock(s) clk_i
Related violations: <none>

TIMING-18#182 Warning
Missing input or output delay  
An input delay is missing on intr_i[19] relative to clock(s) clk_i
Related violations: <none>

TIMING-18#183 Warning
Missing input or output delay  
An input delay is missing on intr_i[1] relative to clock(s) clk_i
Related violations: <none>

TIMING-18#184 Warning
Missing input or output delay  
An input delay is missing on intr_i[20] relative to clock(s) clk_i
Related violations: <none>

TIMING-18#185 Warning
Missing input or output delay  
An input delay is missing on intr_i[21] relative to clock(s) clk_i
Related violations: <none>

TIMING-18#186 Warning
Missing input or output delay  
An input delay is missing on intr_i[22] relative to clock(s) clk_i
Related violations: <none>

TIMING-18#187 Warning
Missing input or output delay  
An input delay is missing on intr_i[23] relative to clock(s) clk_i
Related violations: <none>

TIMING-18#188 Warning
Missing input or output delay  
An input delay is missing on intr_i[24] relative to clock(s) clk_i
Related violations: <none>

TIMING-18#189 Warning
Missing input or output delay  
An input delay is missing on intr_i[25] relative to clock(s) clk_i
Related violations: <none>

TIMING-18#190 Warning
Missing input or output delay  
An input delay is missing on intr_i[26] relative to clock(s) clk_i
Related violations: <none>

TIMING-18#191 Warning
Missing input or output delay  
An input delay is missing on intr_i[27] relative to clock(s) clk_i
Related violations: <none>

TIMING-18#192 Warning
Missing input or output delay  
An input delay is missing on intr_i[28] relative to clock(s) clk_i
Related violations: <none>

TIMING-18#193 Warning
Missing input or output delay  
An input delay is missing on intr_i[29] relative to clock(s) clk_i
Related violations: <none>

TIMING-18#194 Warning
Missing input or output delay  
An input delay is missing on intr_i[2] relative to clock(s) clk_i
Related violations: <none>

TIMING-18#195 Warning
Missing input or output delay  
An input delay is missing on intr_i[30] relative to clock(s) clk_i
Related violations: <none>

TIMING-18#196 Warning
Missing input or output delay  
An input delay is missing on intr_i[31] relative to clock(s) clk_i
Related violations: <none>

TIMING-18#197 Warning
Missing input or output delay  
An input delay is missing on intr_i[3] relative to clock(s) clk_i
Related violations: <none>

TIMING-18#198 Warning
Missing input or output delay  
An input delay is missing on intr_i[4] relative to clock(s) clk_i
Related violations: <none>

TIMING-18#199 Warning
Missing input or output delay  
An input delay is missing on intr_i[5] relative to clock(s) clk_i
Related violations: <none>

TIMING-18#200 Warning
Missing input or output delay  
An input delay is missing on intr_i[6] relative to clock(s) clk_i
Related violations: <none>

TIMING-18#201 Warning
Missing input or output delay  
An input delay is missing on intr_i[7] relative to clock(s) clk_i
Related violations: <none>

TIMING-18#202 Warning
Missing input or output delay  
An input delay is missing on intr_i[8] relative to clock(s) clk_i
Related violations: <none>

TIMING-18#203 Warning
Missing input or output delay  
An input delay is missing on intr_i[9] relative to clock(s) clk_i
Related violations: <none>

TIMING-18#204 Warning
Missing input or output delay  
An output delay is missing on axi_i_araddr_o[0] relative to clock(s) clk_i
Related violations: <none>

TIMING-18#205 Warning
Missing input or output delay  
An output delay is missing on axi_i_araddr_o[10] relative to clock(s) clk_i
Related violations: <none>

TIMING-18#206 Warning
Missing input or output delay  
An output delay is missing on axi_i_araddr_o[11] relative to clock(s) clk_i
Related violations: <none>

TIMING-18#207 Warning
Missing input or output delay  
An output delay is missing on axi_i_araddr_o[12] relative to clock(s) clk_i
Related violations: <none>

TIMING-18#208 Warning
Missing input or output delay  
An output delay is missing on axi_i_araddr_o[13] relative to clock(s) clk_i
Related violations: <none>

TIMING-18#209 Warning
Missing input or output delay  
An output delay is missing on axi_i_araddr_o[14] relative to clock(s) clk_i
Related violations: <none>

TIMING-18#210 Warning
Missing input or output delay  
An output delay is missing on axi_i_araddr_o[15] relative to clock(s) clk_i
Related violations: <none>

TIMING-18#211 Warning
Missing input or output delay  
An output delay is missing on axi_i_araddr_o[16] relative to clock(s) clk_i
Related violations: <none>

TIMING-18#212 Warning
Missing input or output delay  
An output delay is missing on axi_i_araddr_o[17] relative to clock(s) clk_i
Related violations: <none>

TIMING-18#213 Warning
Missing input or output delay  
An output delay is missing on axi_i_araddr_o[18] relative to clock(s) clk_i
Related violations: <none>

TIMING-18#214 Warning
Missing input or output delay  
An output delay is missing on axi_i_araddr_o[19] relative to clock(s) clk_i
Related violations: <none>

TIMING-18#215 Warning
Missing input or output delay  
An output delay is missing on axi_i_araddr_o[1] relative to clock(s) clk_i
Related violations: <none>

TIMING-18#216 Warning
Missing input or output delay  
An output delay is missing on axi_i_araddr_o[20] relative to clock(s) clk_i
Related violations: <none>

TIMING-18#217 Warning
Missing input or output delay  
An output delay is missing on axi_i_araddr_o[21] relative to clock(s) clk_i
Related violations: <none>

TIMING-18#218 Warning
Missing input or output delay  
An output delay is missing on axi_i_araddr_o[22] relative to clock(s) clk_i
Related violations: <none>

TIMING-18#219 Warning
Missing input or output delay  
An output delay is missing on axi_i_araddr_o[23] relative to clock(s) clk_i
Related violations: <none>

TIMING-18#220 Warning
Missing input or output delay  
An output delay is missing on axi_i_araddr_o[24] relative to clock(s) clk_i
Related violations: <none>

TIMING-18#221 Warning
Missing input or output delay  
An output delay is missing on axi_i_araddr_o[25] relative to clock(s) clk_i
Related violations: <none>

TIMING-18#222 Warning
Missing input or output delay  
An output delay is missing on axi_i_araddr_o[26] relative to clock(s) clk_i
Related violations: <none>

TIMING-18#223 Warning
Missing input or output delay  
An output delay is missing on axi_i_araddr_o[27] relative to clock(s) clk_i
Related violations: <none>

TIMING-18#224 Warning
Missing input or output delay  
An output delay is missing on axi_i_araddr_o[28] relative to clock(s) clk_i
Related violations: <none>

TIMING-18#225 Warning
Missing input or output delay  
An output delay is missing on axi_i_araddr_o[29] relative to clock(s) clk_i
Related violations: <none>

TIMING-18#226 Warning
Missing input or output delay  
An output delay is missing on axi_i_araddr_o[2] relative to clock(s) clk_i
Related violations: <none>

TIMING-18#227 Warning
Missing input or output delay  
An output delay is missing on axi_i_araddr_o[30] relative to clock(s) clk_i
Related violations: <none>

TIMING-18#228 Warning
Missing input or output delay  
An output delay is missing on axi_i_araddr_o[31] relative to clock(s) clk_i
Related violations: <none>

TIMING-18#229 Warning
Missing input or output delay  
An output delay is missing on axi_i_araddr_o[3] relative to clock(s) clk_i
Related violations: <none>

TIMING-18#230 Warning
Missing input or output delay  
An output delay is missing on axi_i_araddr_o[4] relative to clock(s) clk_i
Related violations: <none>

TIMING-18#231 Warning
Missing input or output delay  
An output delay is missing on axi_i_araddr_o[5] relative to clock(s) clk_i
Related violations: <none>

TIMING-18#232 Warning
Missing input or output delay  
An output delay is missing on axi_i_araddr_o[6] relative to clock(s) clk_i
Related violations: <none>

TIMING-18#233 Warning
Missing input or output delay  
An output delay is missing on axi_i_araddr_o[7] relative to clock(s) clk_i
Related violations: <none>

TIMING-18#234 Warning
Missing input or output delay  
An output delay is missing on axi_i_araddr_o[8] relative to clock(s) clk_i
Related violations: <none>

TIMING-18#235 Warning
Missing input or output delay  
An output delay is missing on axi_i_araddr_o[9] relative to clock(s) clk_i
Related violations: <none>

TIMING-18#236 Warning
Missing input or output delay  
An output delay is missing on axi_i_arvalid_o relative to clock(s) clk_i
Related violations: <none>

TIMING-18#237 Warning
Missing input or output delay  
An output delay is missing on axi_i_awaddr_o[0] relative to clock(s) clk_i
Related violations: <none>

TIMING-18#238 Warning
Missing input or output delay  
An output delay is missing on axi_i_awaddr_o[10] relative to clock(s) clk_i
Related violations: <none>

TIMING-18#239 Warning
Missing input or output delay  
An output delay is missing on axi_i_awaddr_o[11] relative to clock(s) clk_i
Related violations: <none>

TIMING-18#240 Warning
Missing input or output delay  
An output delay is missing on axi_i_awaddr_o[12] relative to clock(s) clk_i
Related violations: <none>

TIMING-18#241 Warning
Missing input or output delay  
An output delay is missing on axi_i_awaddr_o[13] relative to clock(s) clk_i
Related violations: <none>

TIMING-18#242 Warning
Missing input or output delay  
An output delay is missing on axi_i_awaddr_o[14] relative to clock(s) clk_i
Related violations: <none>

TIMING-18#243 Warning
Missing input or output delay  
An output delay is missing on axi_i_awaddr_o[15] relative to clock(s) clk_i
Related violations: <none>

TIMING-18#244 Warning
Missing input or output delay  
An output delay is missing on axi_i_awaddr_o[16] relative to clock(s) clk_i
Related violations: <none>

TIMING-18#245 Warning
Missing input or output delay  
An output delay is missing on axi_i_awaddr_o[17] relative to clock(s) clk_i
Related violations: <none>

TIMING-18#246 Warning
Missing input or output delay  
An output delay is missing on axi_i_awaddr_o[18] relative to clock(s) clk_i
Related violations: <none>

TIMING-18#247 Warning
Missing input or output delay  
An output delay is missing on axi_i_awaddr_o[19] relative to clock(s) clk_i
Related violations: <none>

TIMING-18#248 Warning
Missing input or output delay  
An output delay is missing on axi_i_awaddr_o[1] relative to clock(s) clk_i
Related violations: <none>

TIMING-18#249 Warning
Missing input or output delay  
An output delay is missing on axi_i_awaddr_o[20] relative to clock(s) clk_i
Related violations: <none>

TIMING-18#250 Warning
Missing input or output delay  
An output delay is missing on axi_i_awaddr_o[21] relative to clock(s) clk_i
Related violations: <none>

TIMING-18#251 Warning
Missing input or output delay  
An output delay is missing on axi_i_awaddr_o[22] relative to clock(s) clk_i
Related violations: <none>

TIMING-18#252 Warning
Missing input or output delay  
An output delay is missing on axi_i_awaddr_o[23] relative to clock(s) clk_i
Related violations: <none>

TIMING-18#253 Warning
Missing input or output delay  
An output delay is missing on axi_i_awaddr_o[24] relative to clock(s) clk_i
Related violations: <none>

TIMING-18#254 Warning
Missing input or output delay  
An output delay is missing on axi_i_awaddr_o[25] relative to clock(s) clk_i
Related violations: <none>

TIMING-18#255 Warning
Missing input or output delay  
An output delay is missing on axi_i_awaddr_o[26] relative to clock(s) clk_i
Related violations: <none>

TIMING-18#256 Warning
Missing input or output delay  
An output delay is missing on axi_i_awaddr_o[27] relative to clock(s) clk_i
Related violations: <none>

TIMING-18#257 Warning
Missing input or output delay  
An output delay is missing on axi_i_awaddr_o[28] relative to clock(s) clk_i
Related violations: <none>

TIMING-18#258 Warning
Missing input or output delay  
An output delay is missing on axi_i_awaddr_o[29] relative to clock(s) clk_i
Related violations: <none>

TIMING-18#259 Warning
Missing input or output delay  
An output delay is missing on axi_i_awaddr_o[2] relative to clock(s) clk_i
Related violations: <none>

TIMING-18#260 Warning
Missing input or output delay  
An output delay is missing on axi_i_awaddr_o[30] relative to clock(s) clk_i
Related violations: <none>

TIMING-18#261 Warning
Missing input or output delay  
An output delay is missing on axi_i_awaddr_o[31] relative to clock(s) clk_i
Related violations: <none>

TIMING-18#262 Warning
Missing input or output delay  
An output delay is missing on axi_i_awaddr_o[3] relative to clock(s) clk_i
Related violations: <none>

TIMING-18#263 Warning
Missing input or output delay  
An output delay is missing on axi_i_awaddr_o[4] relative to clock(s) clk_i
Related violations: <none>

TIMING-18#264 Warning
Missing input or output delay  
An output delay is missing on axi_i_awaddr_o[5] relative to clock(s) clk_i
Related violations: <none>

TIMING-18#265 Warning
Missing input or output delay  
An output delay is missing on axi_i_awaddr_o[6] relative to clock(s) clk_i
Related violations: <none>

TIMING-18#266 Warning
Missing input or output delay  
An output delay is missing on axi_i_awaddr_o[7] relative to clock(s) clk_i
Related violations: <none>

TIMING-18#267 Warning
Missing input or output delay  
An output delay is missing on axi_i_awaddr_o[8] relative to clock(s) clk_i
Related violations: <none>

TIMING-18#268 Warning
Missing input or output delay  
An output delay is missing on axi_i_awaddr_o[9] relative to clock(s) clk_i
Related violations: <none>

TIMING-18#269 Warning
Missing input or output delay  
An output delay is missing on axi_i_awvalid_o relative to clock(s) clk_i
Related violations: <none>

TIMING-18#270 Warning
Missing input or output delay  
An output delay is missing on axi_i_wdata_o[0] relative to clock(s) clk_i
Related violations: <none>

TIMING-18#271 Warning
Missing input or output delay  
An output delay is missing on axi_i_wdata_o[10] relative to clock(s) clk_i
Related violations: <none>

TIMING-18#272 Warning
Missing input or output delay  
An output delay is missing on axi_i_wdata_o[11] relative to clock(s) clk_i
Related violations: <none>

TIMING-18#273 Warning
Missing input or output delay  
An output delay is missing on axi_i_wdata_o[12] relative to clock(s) clk_i
Related violations: <none>

TIMING-18#274 Warning
Missing input or output delay  
An output delay is missing on axi_i_wdata_o[13] relative to clock(s) clk_i
Related violations: <none>

TIMING-18#275 Warning
Missing input or output delay  
An output delay is missing on axi_i_wdata_o[14] relative to clock(s) clk_i
Related violations: <none>

TIMING-18#276 Warning
Missing input or output delay  
An output delay is missing on axi_i_wdata_o[15] relative to clock(s) clk_i
Related violations: <none>

TIMING-18#277 Warning
Missing input or output delay  
An output delay is missing on axi_i_wdata_o[16] relative to clock(s) clk_i
Related violations: <none>

TIMING-18#278 Warning
Missing input or output delay  
An output delay is missing on axi_i_wdata_o[17] relative to clock(s) clk_i
Related violations: <none>

TIMING-18#279 Warning
Missing input or output delay  
An output delay is missing on axi_i_wdata_o[18] relative to clock(s) clk_i
Related violations: <none>

TIMING-18#280 Warning
Missing input or output delay  
An output delay is missing on axi_i_wdata_o[19] relative to clock(s) clk_i
Related violations: <none>

TIMING-18#281 Warning
Missing input or output delay  
An output delay is missing on axi_i_wdata_o[1] relative to clock(s) clk_i
Related violations: <none>

TIMING-18#282 Warning
Missing input or output delay  
An output delay is missing on axi_i_wdata_o[20] relative to clock(s) clk_i
Related violations: <none>

TIMING-18#283 Warning
Missing input or output delay  
An output delay is missing on axi_i_wdata_o[21] relative to clock(s) clk_i
Related violations: <none>

TIMING-18#284 Warning
Missing input or output delay  
An output delay is missing on axi_i_wdata_o[22] relative to clock(s) clk_i
Related violations: <none>

TIMING-18#285 Warning
Missing input or output delay  
An output delay is missing on axi_i_wdata_o[23] relative to clock(s) clk_i
Related violations: <none>

TIMING-18#286 Warning
Missing input or output delay  
An output delay is missing on axi_i_wdata_o[24] relative to clock(s) clk_i
Related violations: <none>

TIMING-18#287 Warning
Missing input or output delay  
An output delay is missing on axi_i_wdata_o[25] relative to clock(s) clk_i
Related violations: <none>

TIMING-18#288 Warning
Missing input or output delay  
An output delay is missing on axi_i_wdata_o[26] relative to clock(s) clk_i
Related violations: <none>

TIMING-18#289 Warning
Missing input or output delay  
An output delay is missing on axi_i_wdata_o[27] relative to clock(s) clk_i
Related violations: <none>

TIMING-18#290 Warning
Missing input or output delay  
An output delay is missing on axi_i_wdata_o[28] relative to clock(s) clk_i
Related violations: <none>

TIMING-18#291 Warning
Missing input or output delay  
An output delay is missing on axi_i_wdata_o[29] relative to clock(s) clk_i
Related violations: <none>

TIMING-18#292 Warning
Missing input or output delay  
An output delay is missing on axi_i_wdata_o[2] relative to clock(s) clk_i
Related violations: <none>

TIMING-18#293 Warning
Missing input or output delay  
An output delay is missing on axi_i_wdata_o[30] relative to clock(s) clk_i
Related violations: <none>

TIMING-18#294 Warning
Missing input or output delay  
An output delay is missing on axi_i_wdata_o[31] relative to clock(s) clk_i
Related violations: <none>

TIMING-18#295 Warning
Missing input or output delay  
An output delay is missing on axi_i_wdata_o[3] relative to clock(s) clk_i
Related violations: <none>

TIMING-18#296 Warning
Missing input or output delay  
An output delay is missing on axi_i_wdata_o[4] relative to clock(s) clk_i
Related violations: <none>

TIMING-18#297 Warning
Missing input or output delay  
An output delay is missing on axi_i_wdata_o[5] relative to clock(s) clk_i
Related violations: <none>

TIMING-18#298 Warning
Missing input or output delay  
An output delay is missing on axi_i_wdata_o[6] relative to clock(s) clk_i
Related violations: <none>

TIMING-18#299 Warning
Missing input or output delay  
An output delay is missing on axi_i_wdata_o[7] relative to clock(s) clk_i
Related violations: <none>

TIMING-18#300 Warning
Missing input or output delay  
An output delay is missing on axi_i_wdata_o[8] relative to clock(s) clk_i
Related violations: <none>

TIMING-18#301 Warning
Missing input or output delay  
An output delay is missing on axi_i_wdata_o[9] relative to clock(s) clk_i
Related violations: <none>

TIMING-18#302 Warning
Missing input or output delay  
An output delay is missing on axi_i_wstrb_o[0] relative to clock(s) clk_i
Related violations: <none>

TIMING-18#303 Warning
Missing input or output delay  
An output delay is missing on axi_i_wstrb_o[1] relative to clock(s) clk_i
Related violations: <none>

TIMING-18#304 Warning
Missing input or output delay  
An output delay is missing on axi_i_wstrb_o[2] relative to clock(s) clk_i
Related violations: <none>

TIMING-18#305 Warning
Missing input or output delay  
An output delay is missing on axi_i_wstrb_o[3] relative to clock(s) clk_i
Related violations: <none>

TIMING-18#306 Warning
Missing input or output delay  
An output delay is missing on axi_i_wvalid_o relative to clock(s) clk_i
Related violations: <none>

TIMING-18#307 Warning
Missing input or output delay  
An output delay is missing on axi_t_arready_o relative to clock(s) clk_i
Related violations: <none>

TIMING-18#308 Warning
Missing input or output delay  
An output delay is missing on axi_t_awready_o relative to clock(s) clk_i
Related violations: <none>

TIMING-18#309 Warning
Missing input or output delay  
An output delay is missing on axi_t_bid_o[0] relative to clock(s) clk_i
Related violations: <none>

TIMING-18#310 Warning
Missing input or output delay  
An output delay is missing on axi_t_bid_o[1] relative to clock(s) clk_i
Related violations: <none>

TIMING-18#311 Warning
Missing input or output delay  
An output delay is missing on axi_t_bid_o[2] relative to clock(s) clk_i
Related violations: <none>

TIMING-18#312 Warning
Missing input or output delay  
An output delay is missing on axi_t_bid_o[3] relative to clock(s) clk_i
Related violations: <none>

TIMING-18#313 Warning
Missing input or output delay  
An output delay is missing on axi_t_bvalid_o relative to clock(s) clk_i
Related violations: <none>

TIMING-18#314 Warning
Missing input or output delay  
An output delay is missing on axi_t_rdata_o[0] relative to clock(s) clk_i
Related violations: <none>

TIMING-18#315 Warning
Missing input or output delay  
An output delay is missing on axi_t_rdata_o[10] relative to clock(s) clk_i
Related violations: <none>

TIMING-18#316 Warning
Missing input or output delay  
An output delay is missing on axi_t_rdata_o[11] relative to clock(s) clk_i
Related violations: <none>

TIMING-18#317 Warning
Missing input or output delay  
An output delay is missing on axi_t_rdata_o[12] relative to clock(s) clk_i
Related violations: <none>

TIMING-18#318 Warning
Missing input or output delay  
An output delay is missing on axi_t_rdata_o[13] relative to clock(s) clk_i
Related violations: <none>

TIMING-18#319 Warning
Missing input or output delay  
An output delay is missing on axi_t_rdata_o[14] relative to clock(s) clk_i
Related violations: <none>

TIMING-18#320 Warning
Missing input or output delay  
An output delay is missing on axi_t_rdata_o[15] relative to clock(s) clk_i
Related violations: <none>

TIMING-18#321 Warning
Missing input or output delay  
An output delay is missing on axi_t_rdata_o[16] relative to clock(s) clk_i
Related violations: <none>

TIMING-18#322 Warning
Missing input or output delay  
An output delay is missing on axi_t_rdata_o[17] relative to clock(s) clk_i
Related violations: <none>

TIMING-18#323 Warning
Missing input or output delay  
An output delay is missing on axi_t_rdata_o[18] relative to clock(s) clk_i
Related violations: <none>

TIMING-18#324 Warning
Missing input or output delay  
An output delay is missing on axi_t_rdata_o[19] relative to clock(s) clk_i
Related violations: <none>

TIMING-18#325 Warning
Missing input or output delay  
An output delay is missing on axi_t_rdata_o[1] relative to clock(s) clk_i
Related violations: <none>

TIMING-18#326 Warning
Missing input or output delay  
An output delay is missing on axi_t_rdata_o[20] relative to clock(s) clk_i
Related violations: <none>

TIMING-18#327 Warning
Missing input or output delay  
An output delay is missing on axi_t_rdata_o[21] relative to clock(s) clk_i
Related violations: <none>

TIMING-18#328 Warning
Missing input or output delay  
An output delay is missing on axi_t_rdata_o[22] relative to clock(s) clk_i
Related violations: <none>

TIMING-18#329 Warning
Missing input or output delay  
An output delay is missing on axi_t_rdata_o[23] relative to clock(s) clk_i
Related violations: <none>

TIMING-18#330 Warning
Missing input or output delay  
An output delay is missing on axi_t_rdata_o[24] relative to clock(s) clk_i
Related violations: <none>

TIMING-18#331 Warning
Missing input or output delay  
An output delay is missing on axi_t_rdata_o[25] relative to clock(s) clk_i
Related violations: <none>

TIMING-18#332 Warning
Missing input or output delay  
An output delay is missing on axi_t_rdata_o[26] relative to clock(s) clk_i
Related violations: <none>

TIMING-18#333 Warning
Missing input or output delay  
An output delay is missing on axi_t_rdata_o[27] relative to clock(s) clk_i
Related violations: <none>

TIMING-18#334 Warning
Missing input or output delay  
An output delay is missing on axi_t_rdata_o[28] relative to clock(s) clk_i
Related violations: <none>

TIMING-18#335 Warning
Missing input or output delay  
An output delay is missing on axi_t_rdata_o[29] relative to clock(s) clk_i
Related violations: <none>

TIMING-18#336 Warning
Missing input or output delay  
An output delay is missing on axi_t_rdata_o[2] relative to clock(s) clk_i
Related violations: <none>

TIMING-18#337 Warning
Missing input or output delay  
An output delay is missing on axi_t_rdata_o[30] relative to clock(s) clk_i
Related violations: <none>

TIMING-18#338 Warning
Missing input or output delay  
An output delay is missing on axi_t_rdata_o[31] relative to clock(s) clk_i
Related violations: <none>

TIMING-18#339 Warning
Missing input or output delay  
An output delay is missing on axi_t_rdata_o[3] relative to clock(s) clk_i
Related violations: <none>

TIMING-18#340 Warning
Missing input or output delay  
An output delay is missing on axi_t_rdata_o[4] relative to clock(s) clk_i
Related violations: <none>

TIMING-18#341 Warning
Missing input or output delay  
An output delay is missing on axi_t_rdata_o[5] relative to clock(s) clk_i
Related violations: <none>

TIMING-18#342 Warning
Missing input or output delay  
An output delay is missing on axi_t_rdata_o[6] relative to clock(s) clk_i
Related violations: <none>

TIMING-18#343 Warning
Missing input or output delay  
An output delay is missing on axi_t_rdata_o[7] relative to clock(s) clk_i
Related violations: <none>

TIMING-18#344 Warning
Missing input or output delay  
An output delay is missing on axi_t_rdata_o[8] relative to clock(s) clk_i
Related violations: <none>

TIMING-18#345 Warning
Missing input or output delay  
An output delay is missing on axi_t_rdata_o[9] relative to clock(s) clk_i
Related violations: <none>

TIMING-18#346 Warning
Missing input or output delay  
An output delay is missing on axi_t_rid_o[0] relative to clock(s) clk_i
Related violations: <none>

TIMING-18#347 Warning
Missing input or output delay  
An output delay is missing on axi_t_rid_o[1] relative to clock(s) clk_i
Related violations: <none>

TIMING-18#348 Warning
Missing input or output delay  
An output delay is missing on axi_t_rid_o[2] relative to clock(s) clk_i
Related violations: <none>

TIMING-18#349 Warning
Missing input or output delay  
An output delay is missing on axi_t_rid_o[3] relative to clock(s) clk_i
Related violations: <none>

TIMING-18#350 Warning
Missing input or output delay  
An output delay is missing on axi_t_rlast_o relative to clock(s) clk_i
Related violations: <none>

TIMING-18#351 Warning
Missing input or output delay  
An output delay is missing on axi_t_rvalid_o relative to clock(s) clk_i
Related violations: <none>

TIMING-18#352 Warning
Missing input or output delay  
An output delay is missing on axi_t_wready_o relative to clock(s) clk_i
Related violations: <none>


