Copyright 1986-2022 Xilinx, Inc. All Rights Reserved.
-------------------------------------------------------------------------------------------------------------------------------------------------------------------------
| Tool Version : Vivado v.2022.2 (win64) Build 3671981 Fri Oct 14 05:00:03 MDT 2022
| Date         : Sun Sep  6 21:27:21 2026
| Host         : LAPTOP-A7P3RQOS running 64-bit major release  (build 9200)
| Command      : report_timing_summary -delay_type min_max -max_paths 20 -file D:/code/FPGA/vivado/ultra_scalar_top_tcm_xc7z020/reports/param_sweep/B/timing_summary.rpt
| Design       : riscv_tcm_top
| Device       : 7z020-clg400
| Speed File   : -1  PRODUCTION 1.12 2019-11-22
-------------------------------------------------------------------------------------------------------------------------------------------------------------------------

Timing Summary Report

------------------------------------------------------------------------------------------------
| Timer Settings
| --------------
------------------------------------------------------------------------------------------------

  Enable Multi Corner Analysis               :  Yes
  Enable Pessimism Removal                   :  Yes
  Pessimism Removal Resolution               :  Nearest Common Node
  Enable Input Delay Default Clock           :  No
  Enable Preset / Clear Arcs                 :  No
  Disable Flight Delays                      :  No
  Ignore I/O Paths                           :  No
  Timing Early Launch at Borrowing Latches   :  No
  Borrow Time for Max Delay Exceptions       :  Yes
  Merge Timing Exceptions                    :  Yes

  Corner  Analyze    Analyze    
  Name    Max Paths  Min Paths  
  ------  ---------  ---------  
  Slow    Yes        Yes        
  Fast    Yes        Yes        


------------------------------------------------------------------------------------------------
| Report Methodology
| ------------------
------------------------------------------------------------------------------------------------

No report available as report_methodology has not been run prior. Run report_methodology on the current design for the summary of methodology violations.



check_timing report

Table of Contents
-----------------
1. checking no_clock (0)
2. checking constant_clock (0)
3. checking pulse_width_clock (0)
4. checking unconstrained_internal_endpoints (0)
5. checking no_input_delay (140)
6. checking no_output_delay (145)
7. checking multiple_clock (0)
8. checking generated_clocks (0)
9. checking loops (0)
10. checking partial_input_delay (0)
11. checking partial_output_delay (0)
12. checking latch_loops (0)

1. checking no_clock (0)
------------------------
 There are 0 register/latch pins with no clock.


2. checking constant_clock (0)
------------------------------
 There are 0 register/latch pins with constant_clock.


3. checking pulse_width_clock (0)
---------------------------------
 There are 0 register/latch pins which need pulse_width check


4. checking unconstrained_internal_endpoints (0)
------------------------------------------------
 There are 0 pins that are not constrained for maximum delay.

 There are 0 pins that are not constrained for maximum delay due to constant clock.


5. checking no_input_delay (140)
--------------------------------
 There are 138 input ports with no input delay specified. (HIGH)

 There are 2 input ports with no input delay but user has a false path constraint. (MEDIUM)


6. checking no_output_delay (145)
---------------------------------
 There are 145 ports with no output delay specified. (HIGH)

 There are 0 ports with no output delay but user has a false path constraint

 There are 0 ports with no output delay but with a timing clock defined on it or propagating through it


7. checking multiple_clock (0)
------------------------------
 There are 0 register/latch pins with multiple clocks.


8. checking generated_clocks (0)
--------------------------------
 There are 0 generated clocks that are not connected to a clock source.


9. checking loops (0)
---------------------
 There are 0 combinational loops in the design.


10. checking partial_input_delay (0)
------------------------------------
 There are 0 input ports with partial input delay specified.


11. checking partial_output_delay (0)
-------------------------------------
 There are 0 ports with partial output delay specified.


12. checking latch_loops (0)
----------------------------
 There are 0 combinational latch loops in the design through latch input



------------------------------------------------------------------------------------------------
| Design Timing Summary
| ---------------------
------------------------------------------------------------------------------------------------

    WNS(ns)      TNS(ns)  TNS Failing Endpoints  TNS Total Endpoints      WHS(ns)      THS(ns)  THS Failing Endpoints  THS Total Endpoints     WPWS(ns)     TPWS(ns)  TPWS Failing Endpoints  TPWS Total Endpoints  
    -------      -------  ---------------------  -------------------      -------      -------  ---------------------  -------------------     --------     --------  ----------------------  --------------------  
     -2.132     -674.603                    714                 5753        0.080        0.000                      0                 5753        4.500        0.000                       0                  2768  


Timing constraints are not met.


------------------------------------------------------------------------------------------------
| Clock Summary
| -------------
------------------------------------------------------------------------------------------------

Clock  Waveform(ns)       Period(ns)      Frequency(MHz)
-----  ------------       ----------      --------------
clk_i  {0.000 5.000}      10.000          100.000         


------------------------------------------------------------------------------------------------
| Intra Clock Table
| -----------------
------------------------------------------------------------------------------------------------

Clock             WNS(ns)      TNS(ns)  TNS Failing Endpoints  TNS Total Endpoints      WHS(ns)      THS(ns)  THS Failing Endpoints  THS Total Endpoints     WPWS(ns)     TPWS(ns)  TPWS Failing Endpoints  TPWS Total Endpoints  
-----             -------      -------  ---------------------  -------------------      -------      -------  ---------------------  -------------------     --------     --------  ----------------------  --------------------  
clk_i              -2.132     -674.603                    714                 5753        0.080        0.000                      0                 5753        4.500        0.000                       0                  2768  


------------------------------------------------------------------------------------------------
| Inter Clock Table
| -----------------
------------------------------------------------------------------------------------------------

From Clock    To Clock          WNS(ns)      TNS(ns)  TNS Failing Endpoints  TNS Total Endpoints      WHS(ns)      THS(ns)  THS Failing Endpoints  THS Total Endpoints  
----------    --------          -------      -------  ---------------------  -------------------      -------      -------  ---------------------  -------------------  


------------------------------------------------------------------------------------------------
| Other Path Groups Table
| -----------------------
------------------------------------------------------------------------------------------------

Path Group    From Clock    To Clock          WNS(ns)      TNS(ns)  TNS Failing Endpoints  TNS Total Endpoints      WHS(ns)      THS(ns)  THS Failing Endpoints  THS Total Endpoints  
----------    ----------    --------          -------      -------  ---------------------  -------------------      -------      -------  ---------------------  -------------------  


------------------------------------------------------------------------------------------------
| Timing Details
| --------------
------------------------------------------------------------------------------------------------


---------------------------------------------------------------------------------------------------
From Clock:  clk_i
  To Clock:  clk_i

Setup :          714  Failing Endpoints,  Worst Slack       -2.132ns,  Total Violation     -674.603ns
Hold  :            0  Failing Endpoints,  Worst Slack        0.080ns,  Total Violation        0.000ns
PW    :            0  Failing Endpoints,  Worst Slack        4.500ns,  Total Violation        0.000ns
---------------------------------------------------------------------------------------------------


Max Delay Paths
--------------------------------------------------------------------------------------
Slack (VIOLATED) :        -2.132ns  (required time - arrival time)
  Source:                 u_tcm/u_ram/ram_reg_0_3/CLKARDCLK
                            (rising edge-triggered cell RAMB36E1 clocked by clk_i  {rise@0.000ns fall@5.000ns period=10.000ns})
  Destination:            u_core/u_fetch/branch_pc_q_reg[21]/CE
                            (rising edge-triggered cell FDCE clocked by clk_i  {rise@0.000ns fall@5.000ns period=10.000ns})
  Path Group:             clk_i
  Path Type:              Setup (Max at Slow Process Corner)
  Requirement:            10.000ns  (clk_i rise@10.000ns - clk_i rise@0.000ns)
  Data Path Delay:        11.817ns  (logic 4.795ns (40.578%)  route 7.022ns (59.422%))
  Logic Levels:           14  (CARRY4=6 LUT3=1 LUT6=7)
  Clock Path Skew:        -0.110ns (DCD - SCD + CPR)
    Destination Clock Delay (DCD):    1.565ns = ( 11.565 - 10.000 ) 
    Source Clock Delay      (SCD):    1.790ns
    Clock Pessimism Removal (CPR):    0.115ns
  Clock Uncertainty:      0.035ns  ((TSJ^2 + TIJ^2)^1/2 + DJ) / 2 + PE
    Total System Jitter     (TSJ):    0.071ns
    Total Input Jitter      (TIJ):    0.000ns
    Discrete Jitter          (DJ):    0.000ns
    Phase Error              (PE):    0.000ns

    Location             Delay type                Incr(ns)  Path(ns)    Netlist Resource(s)
  -------------------------------------------------------------------    -------------------
                         (clock clk_i rise edge)      0.000     0.000 r  
                                                      0.000     0.000 r  clk_i (IN)
                         net (fo=2767, unset)         1.790     1.790    u_tcm/u_ram/clk_i
    RAMB36_X1Y2          RAMB36E1                                     r  u_tcm/u_ram/ram_reg_0_3/CLKARDCLK
  -------------------------------------------------------------------    -------------------
    RAMB36_X1Y2          RAMB36E1 (Prop_ramb36e1_CLKARDCLK_DOADO[1])
                                                      2.454     4.244 r  u_tcm/u_ram/ram_reg_0_3/DOADO[1]
                         net (fo=6, routed)           1.180     5.425    u_core/u_lsu/u_lsu_request/ram_read1_q[1]
    SLICE_X21Y17         LUT6 (Prop_lut6_I2_O)        0.124     5.549 r  u_core/u_lsu/u_lsu_request/result_wb_q[31]_i_8/O
                         net (fo=1, routed)           0.670     6.219    u_core/u_lsu/u_lsu_request/result_wb_q[31]_i_8_n_0
    SLICE_X21Y17         LUT6 (Prop_lut6_I1_O)        0.124     6.343 r  u_core/u_lsu/u_lsu_request/result_wb_q[31]_i_3/O
                         net (fo=29, routed)          1.322     7.665    u_core/u_lsu/u_lsu_request/result_wb_q[31]_i_3_n_0
    SLICE_X17Y13         LUT6 (Prop_lut6_I2_O)        0.124     7.789 r  u_core/u_lsu/u_lsu_request/result_wb_q[10]_i_1/O
                         net (fo=3, routed)           0.597     8.386    u_core/u_issue/u_pipe_ctrl/result_wb_q_reg[31]_1[5]
    SLICE_X16Y13         LUT6 (Prop_lut6_I2_O)        0.124     8.510 r  u_core/u_issue/u_pipe_ctrl/sub_res_w_carry__1_i_10/O
                         net (fo=15, routed)          0.529     9.039    u_core/u_issue/u_pipe_ctrl/result_q_reg[11][2]
    SLICE_X19Y15         CARRY4 (Prop_carry4_DI[2]_CO[3])
                                                      0.398     9.437 r  u_core/u_issue/u_pipe_ctrl/buffer_q_reg[66]_i_125/CO[3]
                         net (fo=1, routed)           0.000     9.437    u_core/u_issue/u_pipe_ctrl/buffer_q_reg[66]_i_125_n_0
    SLICE_X19Y16         CARRY4 (Prop_carry4_CI_CO[3])
                                                      0.114     9.551 r  u_core/u_issue/u_pipe_ctrl/buffer_q_reg[66]_i_115/CO[3]
                         net (fo=1, routed)           0.000     9.551    u_core/u_issue/u_pipe_ctrl/buffer_q_reg[66]_i_115_n_0
    SLICE_X19Y17         CARRY4 (Prop_carry4_CI_CO[3])
                                                      0.114     9.665 r  u_core/u_issue/u_pipe_ctrl/buffer_q_reg[66]_i_97/CO[3]
                         net (fo=1, routed)           0.000     9.665    u_core/u_issue/u_pipe_ctrl/buffer_q_reg[66]_i_97_n_0
    SLICE_X19Y18         CARRY4 (Prop_carry4_CI_CO[3])
                                                      0.114     9.779 r  u_core/u_issue/u_pipe_ctrl/buffer_q_reg[66]_i_74/CO[3]
                         net (fo=1, routed)           0.000     9.779    u_core/u_issue/u_pipe_ctrl/buffer_q_reg[66]_i_74_n_0
    SLICE_X19Y19         CARRY4 (Prop_carry4_CI_CO[3])
                                                      0.114     9.893 r  u_core/u_issue/u_pipe_ctrl/buffer_q_reg[66]_i_46/CO[3]
                         net (fo=1, routed)           0.000     9.893    u_core/u_issue/u_pipe_ctrl/buffer_q_reg[66]_i_46_n_0
    SLICE_X19Y20         CARRY4 (Prop_carry4_CI_O[3])
                                                      0.313    10.206 r  u_core/u_issue/u_pipe_ctrl/buffer_q_reg[66]_i_22/O[3]
                         net (fo=1, routed)           0.452    10.658    u_core/u_issue/u_pipe_ctrl/u_exec/less_than_signed01_out[31]
    SLICE_X16Y17         LUT3 (Prop_lut3_I2_O)        0.306    10.964 r  u_core/u_issue/u_pipe_ctrl/buffer_q[66]_i_14/O
                         net (fo=1, routed)           0.629    11.594    u_core/u_decode/buffer_q[66]_i_4_0
    SLICE_X14Y16         LUT6 (Prop_lut6_I3_O)        0.124    11.718 r  u_core/u_decode/buffer_q[66]_i_9_comp_1/O
                         net (fo=3, routed)           0.344    12.062    u_core/u_decode/buffer_q[66]_i_9_n_0
    SLICE_X17Y17         LUT6 (Prop_lut6_I5_O)        0.124    12.186 r  u_core/u_decode/buffer_q[66]_i_4/O
                         net (fo=101, routed)         0.742    12.928    u_core/u_fetch/branch_d_exec_request_w
    SLICE_X16Y19         LUT6 (Prop_lut6_I3_O)        0.124    13.052 r  u_core/u_fetch/branch_pc_q[31]_i_1/O
                         net (fo=31, routed)          0.555    13.607    u_core/u_fetch/branch_pc_q[31]_i_1_n_0
    SLICE_X16Y23         FDCE                                         r  u_core/u_fetch/branch_pc_q_reg[21]/CE
  -------------------------------------------------------------------    -------------------

                         (clock clk_i rise edge)     10.000    10.000 r  
                                                      0.000    10.000 r  clk_i (IN)
                         net (fo=2767, unset)         1.565    11.565    u_core/u_fetch/clk_i
    SLICE_X16Y23         FDCE                                         r  u_core/u_fetch/branch_pc_q_reg[21]/C
                         clock pessimism              0.115    11.680    
                         clock uncertainty           -0.035    11.645    
    SLICE_X16Y23         FDCE (Setup_fdce_C_CE)      -0.169    11.476    u_core/u_fetch/branch_pc_q_reg[21]
  -------------------------------------------------------------------
                         required time                         11.476    
                         arrival time                         -13.607    
  -------------------------------------------------------------------
                         slack                                 -2.132    

Slack (VIOLATED) :        -2.132ns  (required time - arrival time)
  Source:                 u_tcm/u_ram/ram_reg_0_3/CLKARDCLK
                            (rising edge-triggered cell RAMB36E1 clocked by clk_i  {rise@0.000ns fall@5.000ns period=10.000ns})
  Destination:            u_core/u_fetch/branch_pc_q_reg[22]/CE
                            (rising edge-triggered cell FDCE clocked by clk_i  {rise@0.000ns fall@5.000ns period=10.000ns})
  Path Group:             clk_i
  Path Type:              Setup (Max at Slow Process Corner)
  Requirement:            10.000ns  (clk_i rise@10.000ns - clk_i rise@0.000ns)
  Data Path Delay:        11.817ns  (logic 4.795ns (40.578%)  route 7.022ns (59.422%))
  Logic Levels:           14  (CARRY4=6 LUT3=1 LUT6=7)
  Clock Path Skew:        -0.110ns (DCD - SCD + CPR)
    Destination Clock Delay (DCD):    1.565ns = ( 11.565 - 10.000 ) 
    Source Clock Delay      (SCD):    1.790ns
    Clock Pessimism Removal (CPR):    0.115ns
  Clock Uncertainty:      0.035ns  ((TSJ^2 + TIJ^2)^1/2 + DJ) / 2 + PE
    Total System Jitter     (TSJ):    0.071ns
    Total Input Jitter      (TIJ):    0.000ns
    Discrete Jitter          (DJ):    0.000ns
    Phase Error              (PE):    0.000ns

    Location             Delay type                Incr(ns)  Path(ns)    Netlist Resource(s)
  -------------------------------------------------------------------    -------------------
                         (clock clk_i rise edge)      0.000     0.000 r  
                                                      0.000     0.000 r  clk_i (IN)
                         net (fo=2767, unset)         1.790     1.790    u_tcm/u_ram/clk_i
    RAMB36_X1Y2          RAMB36E1                                     r  u_tcm/u_ram/ram_reg_0_3/CLKARDCLK
  -------------------------------------------------------------------    -------------------
    RAMB36_X1Y2          RAMB36E1 (Prop_ramb36e1_CLKARDCLK_DOADO[1])
                                                      2.454     4.244 r  u_tcm/u_ram/ram_reg_0_3/DOADO[1]
                         net (fo=6, routed)           1.180     5.425    u_core/u_lsu/u_lsu_request/ram_read1_q[1]
    SLICE_X21Y17         LUT6 (Prop_lut6_I2_O)        0.124     5.549 r  u_core/u_lsu/u_lsu_request/result_wb_q[31]_i_8/O
                         net (fo=1, routed)           0.670     6.219    u_core/u_lsu/u_lsu_request/result_wb_q[31]_i_8_n_0
    SLICE_X21Y17         LUT6 (Prop_lut6_I1_O)        0.124     6.343 r  u_core/u_lsu/u_lsu_request/result_wb_q[31]_i_3/O
                         net (fo=29, routed)          1.322     7.665    u_core/u_lsu/u_lsu_request/result_wb_q[31]_i_3_n_0
    SLICE_X17Y13         LUT6 (Prop_lut6_I2_O)        0.124     7.789 r  u_core/u_lsu/u_lsu_request/result_wb_q[10]_i_1/O
                         net (fo=3, routed)           0.597     8.386    u_core/u_issue/u_pipe_ctrl/result_wb_q_reg[31]_1[5]
    SLICE_X16Y13         LUT6 (Prop_lut6_I2_O)        0.124     8.510 r  u_core/u_issue/u_pipe_ctrl/sub_res_w_carry__1_i_10/O
                         net (fo=15, routed)          0.529     9.039    u_core/u_issue/u_pipe_ctrl/result_q_reg[11][2]
    SLICE_X19Y15         CARRY4 (Prop_carry4_DI[2]_CO[3])
                                                      0.398     9.437 r  u_core/u_issue/u_pipe_ctrl/buffer_q_reg[66]_i_125/CO[3]
                         net (fo=1, routed)           0.000     9.437    u_core/u_issue/u_pipe_ctrl/buffer_q_reg[66]_i_125_n_0
    SLICE_X19Y16         CARRY4 (Prop_carry4_CI_CO[3])
                                                      0.114     9.551 r  u_core/u_issue/u_pipe_ctrl/buffer_q_reg[66]_i_115/CO[3]
                         net (fo=1, routed)           0.000     9.551    u_core/u_issue/u_pipe_ctrl/buffer_q_reg[66]_i_115_n_0
    SLICE_X19Y17         CARRY4 (Prop_carry4_CI_CO[3])
                                                      0.114     9.665 r  u_core/u_issue/u_pipe_ctrl/buffer_q_reg[66]_i_97/CO[3]
                         net (fo=1, routed)           0.000     9.665    u_core/u_issue/u_pipe_ctrl/buffer_q_reg[66]_i_97_n_0
    SLICE_X19Y18         CARRY4 (Prop_carry4_CI_CO[3])
                                                      0.114     9.779 r  u_core/u_issue/u_pipe_ctrl/buffer_q_reg[66]_i_74/CO[3]
                         net (fo=1, routed)           0.000     9.779    u_core/u_issue/u_pipe_ctrl/buffer_q_reg[66]_i_74_n_0
    SLICE_X19Y19         CARRY4 (Prop_carry4_CI_CO[3])
                                                      0.114     9.893 r  u_core/u_issue/u_pipe_ctrl/buffer_q_reg[66]_i_46/CO[3]
                         net (fo=1, routed)           0.000     9.893    u_core/u_issue/u_pipe_ctrl/buffer_q_reg[66]_i_46_n_0
    SLICE_X19Y20         CARRY4 (Prop_carry4_CI_O[3])
                                                      0.313    10.206 r  u_core/u_issue/u_pipe_ctrl/buffer_q_reg[66]_i_22/O[3]
                         net (fo=1, routed)           0.452    10.658    u_core/u_issue/u_pipe_ctrl/u_exec/less_than_signed01_out[31]
    SLICE_X16Y17         LUT3 (Prop_lut3_I2_O)        0.306    10.964 r  u_core/u_issue/u_pipe_ctrl/buffer_q[66]_i_14/O
                         net (fo=1, routed)           0.629    11.594    u_core/u_decode/buffer_q[66]_i_4_0
    SLICE_X14Y16         LUT6 (Prop_lut6_I3_O)        0.124    11.718 r  u_core/u_decode/buffer_q[66]_i_9_comp_1/O
                         net (fo=3, routed)           0.344    12.062    u_core/u_decode/buffer_q[66]_i_9_n_0
    SLICE_X17Y17         LUT6 (Prop_lut6_I5_O)        0.124    12.186 r  u_core/u_decode/buffer_q[66]_i_4/O
                         net (fo=101, routed)         0.742    12.928    u_core/u_fetch/branch_d_exec_request_w
    SLICE_X16Y19         LUT6 (Prop_lut6_I3_O)        0.124    13.052 r  u_core/u_fetch/branch_pc_q[31]_i_1/O
                         net (fo=31, routed)          0.555    13.607    u_core/u_fetch/branch_pc_q[31]_i_1_n_0
    SLICE_X16Y23         FDCE                                         r  u_core/u_fetch/branch_pc_q_reg[22]/CE
  -------------------------------------------------------------------    -------------------

                         (clock clk_i rise edge)     10.000    10.000 r  
                                                      0.000    10.000 r  clk_i (IN)
                         net (fo=2767, unset)         1.565    11.565    u_core/u_fetch/clk_i
    SLICE_X16Y23         FDCE                                         r  u_core/u_fetch/branch_pc_q_reg[22]/C
                         clock pessimism              0.115    11.680    
                         clock uncertainty           -0.035    11.645    
    SLICE_X16Y23         FDCE (Setup_fdce_C_CE)      -0.169    11.476    u_core/u_fetch/branch_pc_q_reg[22]
  -------------------------------------------------------------------
                         required time                         11.476    
                         arrival time                         -13.607    
  -------------------------------------------------------------------
                         slack                                 -2.132    

Slack (VIOLATED) :        -2.132ns  (required time - arrival time)
  Source:                 u_tcm/u_ram/ram_reg_0_3/CLKARDCLK
                            (rising edge-triggered cell RAMB36E1 clocked by clk_i  {rise@0.000ns fall@5.000ns period=10.000ns})
  Destination:            u_core/u_fetch/branch_pc_q_reg[23]/CE
                            (rising edge-triggered cell FDCE clocked by clk_i  {rise@0.000ns fall@5.000ns period=10.000ns})
  Path Group:             clk_i
  Path Type:              Setup (Max at Slow Process Corner)
  Requirement:            10.000ns  (clk_i rise@10.000ns - clk_i rise@0.000ns)
  Data Path Delay:        11.817ns  (logic 4.795ns (40.578%)  route 7.022ns (59.422%))
  Logic Levels:           14  (CARRY4=6 LUT3=1 LUT6=7)
  Clock Path Skew:        -0.110ns (DCD - SCD + CPR)
    Destination Clock Delay (DCD):    1.565ns = ( 11.565 - 10.000 ) 
    Source Clock Delay      (SCD):    1.790ns
    Clock Pessimism Removal (CPR):    0.115ns
  Clock Uncertainty:      0.035ns  ((TSJ^2 + TIJ^2)^1/2 + DJ) / 2 + PE
    Total System Jitter     (TSJ):    0.071ns
    Total Input Jitter      (TIJ):    0.000ns
    Discrete Jitter          (DJ):    0.000ns
    Phase Error              (PE):    0.000ns

    Location             Delay type                Incr(ns)  Path(ns)    Netlist Resource(s)
  -------------------------------------------------------------------    -------------------
                         (clock clk_i rise edge)      0.000     0.000 r  
                                                      0.000     0.000 r  clk_i (IN)
                         net (fo=2767, unset)         1.790     1.790    u_tcm/u_ram/clk_i
    RAMB36_X1Y2          RAMB36E1                                     r  u_tcm/u_ram/ram_reg_0_3/CLKARDCLK
  -------------------------------------------------------------------    -------------------
    RAMB36_X1Y2          RAMB36E1 (Prop_ramb36e1_CLKARDCLK_DOADO[1])
                                                      2.454     4.244 r  u_tcm/u_ram/ram_reg_0_3/DOADO[1]
                         net (fo=6, routed)           1.180     5.425    u_core/u_lsu/u_lsu_request/ram_read1_q[1]
    SLICE_X21Y17         LUT6 (Prop_lut6_I2_O)        0.124     5.549 r  u_core/u_lsu/u_lsu_request/result_wb_q[31]_i_8/O
                         net (fo=1, routed)           0.670     6.219    u_core/u_lsu/u_lsu_request/result_wb_q[31]_i_8_n_0
    SLICE_X21Y17         LUT6 (Prop_lut6_I1_O)        0.124     6.343 r  u_core/u_lsu/u_lsu_request/result_wb_q[31]_i_3/O
                         net (fo=29, routed)          1.322     7.665    u_core/u_lsu/u_lsu_request/result_wb_q[31]_i_3_n_0
    SLICE_X17Y13         LUT6 (Prop_lut6_I2_O)        0.124     7.789 r  u_core/u_lsu/u_lsu_request/result_wb_q[10]_i_1/O
                         net (fo=3, routed)           0.597     8.386    u_core/u_issue/u_pipe_ctrl/result_wb_q_reg[31]_1[5]
    SLICE_X16Y13         LUT6 (Prop_lut6_I2_O)        0.124     8.510 r  u_core/u_issue/u_pipe_ctrl/sub_res_w_carry__1_i_10/O
                         net (fo=15, routed)          0.529     9.039    u_core/u_issue/u_pipe_ctrl/result_q_reg[11][2]
    SLICE_X19Y15         CARRY4 (Prop_carry4_DI[2]_CO[3])
                                                      0.398     9.437 r  u_core/u_issue/u_pipe_ctrl/buffer_q_reg[66]_i_125/CO[3]
                         net (fo=1, routed)           0.000     9.437    u_core/u_issue/u_pipe_ctrl/buffer_q_reg[66]_i_125_n_0
    SLICE_X19Y16         CARRY4 (Prop_carry4_CI_CO[3])
                                                      0.114     9.551 r  u_core/u_issue/u_pipe_ctrl/buffer_q_reg[66]_i_115/CO[3]
                         net (fo=1, routed)           0.000     9.551    u_core/u_issue/u_pipe_ctrl/buffer_q_reg[66]_i_115_n_0
    SLICE_X19Y17         CARRY4 (Prop_carry4_CI_CO[3])
                                                      0.114     9.665 r  u_core/u_issue/u_pipe_ctrl/buffer_q_reg[66]_i_97/CO[3]
                         net (fo=1, routed)           0.000     9.665    u_core/u_issue/u_pipe_ctrl/buffer_q_reg[66]_i_97_n_0
    SLICE_X19Y18         CARRY4 (Prop_carry4_CI_CO[3])
                                                      0.114     9.779 r  u_core/u_issue/u_pipe_ctrl/buffer_q_reg[66]_i_74/CO[3]
                         net (fo=1, routed)           0.000     9.779    u_core/u_issue/u_pipe_ctrl/buffer_q_reg[66]_i_74_n_0
    SLICE_X19Y19         CARRY4 (Prop_carry4_CI_CO[3])
                                                      0.114     9.893 r  u_core/u_issue/u_pipe_ctrl/buffer_q_reg[66]_i_46/CO[3]
                         net (fo=1, routed)           0.000     9.893    u_core/u_issue/u_pipe_ctrl/buffer_q_reg[66]_i_46_n_0
    SLICE_X19Y20         CARRY4 (Prop_carry4_CI_O[3])
                                                      0.313    10.206 r  u_core/u_issue/u_pipe_ctrl/buffer_q_reg[66]_i_22/O[3]
                         net (fo=1, routed)           0.452    10.658    u_core/u_issue/u_pipe_ctrl/u_exec/less_than_signed01_out[31]
    SLICE_X16Y17         LUT3 (Prop_lut3_I2_O)        0.306    10.964 r  u_core/u_issue/u_pipe_ctrl/buffer_q[66]_i_14/O
                         net (fo=1, routed)           0.629    11.594    u_core/u_decode/buffer_q[66]_i_4_0
    SLICE_X14Y16         LUT6 (Prop_lut6_I3_O)        0.124    11.718 r  u_core/u_decode/buffer_q[66]_i_9_comp_1/O
                         net (fo=3, routed)           0.344    12.062    u_core/u_decode/buffer_q[66]_i_9_n_0
    SLICE_X17Y17         LUT6 (Prop_lut6_I5_O)        0.124    12.186 r  u_core/u_decode/buffer_q[66]_i_4/O
                         net (fo=101, routed)         0.742    12.928    u_core/u_fetch/branch_d_exec_request_w
    SLICE_X16Y19         LUT6 (Prop_lut6_I3_O)        0.124    13.052 r  u_core/u_fetch/branch_pc_q[31]_i_1/O
                         net (fo=31, routed)          0.555    13.607    u_core/u_fetch/branch_pc_q[31]_i_1_n_0
    SLICE_X16Y23         FDCE                                         r  u_core/u_fetch/branch_pc_q_reg[23]/CE
  -------------------------------------------------------------------    -------------------

                         (clock clk_i rise edge)     10.000    10.000 r  
                                                      0.000    10.000 r  clk_i (IN)
                         net (fo=2767, unset)         1.565    11.565    u_core/u_fetch/clk_i
    SLICE_X16Y23         FDCE                                         r  u_core/u_fetch/branch_pc_q_reg[23]/C
                         clock pessimism              0.115    11.680    
                         clock uncertainty           -0.035    11.645    
    SLICE_X16Y23         FDCE (Setup_fdce_C_CE)      -0.169    11.476    u_core/u_fetch/branch_pc_q_reg[23]
  -------------------------------------------------------------------
                         required time                         11.476    
                         arrival time                         -13.607    
  -------------------------------------------------------------------
                         slack                                 -2.132    

Slack (VIOLATED) :        -2.132ns  (required time - arrival time)
  Source:                 u_tcm/u_ram/ram_reg_0_3/CLKARDCLK
                            (rising edge-triggered cell RAMB36E1 clocked by clk_i  {rise@0.000ns fall@5.000ns period=10.000ns})
  Destination:            u_core/u_fetch/branch_pc_q_reg[7]/CE
                            (rising edge-triggered cell FDCE clocked by clk_i  {rise@0.000ns fall@5.000ns period=10.000ns})
  Path Group:             clk_i
  Path Type:              Setup (Max at Slow Process Corner)
  Requirement:            10.000ns  (clk_i rise@10.000ns - clk_i rise@0.000ns)
  Data Path Delay:        11.817ns  (logic 4.795ns (40.578%)  route 7.022ns (59.422%))
  Logic Levels:           14  (CARRY4=6 LUT3=1 LUT6=7)
  Clock Path Skew:        -0.110ns (DCD - SCD + CPR)
    Destination Clock Delay (DCD):    1.565ns = ( 11.565 - 10.000 ) 
    Source Clock Delay      (SCD):    1.790ns
    Clock Pessimism Removal (CPR):    0.115ns
  Clock Uncertainty:      0.035ns  ((TSJ^2 + TIJ^2)^1/2 + DJ) / 2 + PE
    Total System Jitter     (TSJ):    0.071ns
    Total Input Jitter      (TIJ):    0.000ns
    Discrete Jitter          (DJ):    0.000ns
    Phase Error              (PE):    0.000ns

    Location             Delay type                Incr(ns)  Path(ns)    Netlist Resource(s)
  -------------------------------------------------------------------    -------------------
                         (clock clk_i rise edge)      0.000     0.000 r  
                                                      0.000     0.000 r  clk_i (IN)
                         net (fo=2767, unset)         1.790     1.790    u_tcm/u_ram/clk_i
    RAMB36_X1Y2          RAMB36E1                                     r  u_tcm/u_ram/ram_reg_0_3/CLKARDCLK
  -------------------------------------------------------------------    -------------------
    RAMB36_X1Y2          RAMB36E1 (Prop_ramb36e1_CLKARDCLK_DOADO[1])
                                                      2.454     4.244 r  u_tcm/u_ram/ram_reg_0_3/DOADO[1]
                         net (fo=6, routed)           1.180     5.425    u_core/u_lsu/u_lsu_request/ram_read1_q[1]
    SLICE_X21Y17         LUT6 (Prop_lut6_I2_O)        0.124     5.549 r  u_core/u_lsu/u_lsu_request/result_wb_q[31]_i_8/O
                         net (fo=1, routed)           0.670     6.219    u_core/u_lsu/u_lsu_request/result_wb_q[31]_i_8_n_0
    SLICE_X21Y17         LUT6 (Prop_lut6_I1_O)        0.124     6.343 r  u_core/u_lsu/u_lsu_request/result_wb_q[31]_i_3/O
                         net (fo=29, routed)          1.322     7.665    u_core/u_lsu/u_lsu_request/result_wb_q[31]_i_3_n_0
    SLICE_X17Y13         LUT6 (Prop_lut6_I2_O)        0.124     7.789 r  u_core/u_lsu/u_lsu_request/result_wb_q[10]_i_1/O
                         net (fo=3, routed)           0.597     8.386    u_core/u_issue/u_pipe_ctrl/result_wb_q_reg[31]_1[5]
    SLICE_X16Y13         LUT6 (Prop_lut6_I2_O)        0.124     8.510 r  u_core/u_issue/u_pipe_ctrl/sub_res_w_carry__1_i_10/O
                         net (fo=15, routed)          0.529     9.039    u_core/u_issue/u_pipe_ctrl/result_q_reg[11][2]
    SLICE_X19Y15         CARRY4 (Prop_carry4_DI[2]_CO[3])
                                                      0.398     9.437 r  u_core/u_issue/u_pipe_ctrl/buffer_q_reg[66]_i_125/CO[3]
                         net (fo=1, routed)           0.000     9.437    u_core/u_issue/u_pipe_ctrl/buffer_q_reg[66]_i_125_n_0
    SLICE_X19Y16         CARRY4 (Prop_carry4_CI_CO[3])
                                                      0.114     9.551 r  u_core/u_issue/u_pipe_ctrl/buffer_q_reg[66]_i_115/CO[3]
                         net (fo=1, routed)           0.000     9.551    u_core/u_issue/u_pipe_ctrl/buffer_q_reg[66]_i_115_n_0
    SLICE_X19Y17         CARRY4 (Prop_carry4_CI_CO[3])
                                                      0.114     9.665 r  u_core/u_issue/u_pipe_ctrl/buffer_q_reg[66]_i_97/CO[3]
                         net (fo=1, routed)           0.000     9.665    u_core/u_issue/u_pipe_ctrl/buffer_q_reg[66]_i_97_n_0
    SLICE_X19Y18         CARRY4 (Prop_carry4_CI_CO[3])
                                                      0.114     9.779 r  u_core/u_issue/u_pipe_ctrl/buffer_q_reg[66]_i_74/CO[3]
                         net (fo=1, routed)           0.000     9.779    u_core/u_issue/u_pipe_ctrl/buffer_q_reg[66]_i_74_n_0
    SLICE_X19Y19         CARRY4 (Prop_carry4_CI_CO[3])
                                                      0.114     9.893 r  u_core/u_issue/u_pipe_ctrl/buffer_q_reg[66]_i_46/CO[3]
                         net (fo=1, routed)           0.000     9.893    u_core/u_issue/u_pipe_ctrl/buffer_q_reg[66]_i_46_n_0
    SLICE_X19Y20         CARRY4 (Prop_carry4_CI_O[3])
                                                      0.313    10.206 r  u_core/u_issue/u_pipe_ctrl/buffer_q_reg[66]_i_22/O[3]
                         net (fo=1, routed)           0.452    10.658    u_core/u_issue/u_pipe_ctrl/u_exec/less_than_signed01_out[31]
    SLICE_X16Y17         LUT3 (Prop_lut3_I2_O)        0.306    10.964 r  u_core/u_issue/u_pipe_ctrl/buffer_q[66]_i_14/O
                         net (fo=1, routed)           0.629    11.594    u_core/u_decode/buffer_q[66]_i_4_0
    SLICE_X14Y16         LUT6 (Prop_lut6_I3_O)        0.124    11.718 r  u_core/u_decode/buffer_q[66]_i_9_comp_1/O
                         net (fo=3, routed)           0.344    12.062    u_core/u_decode/buffer_q[66]_i_9_n_0
    SLICE_X17Y17         LUT6 (Prop_lut6_I5_O)        0.124    12.186 r  u_core/u_decode/buffer_q[66]_i_4/O
                         net (fo=101, routed)         0.742    12.928    u_core/u_fetch/branch_d_exec_request_w
    SLICE_X16Y19         LUT6 (Prop_lut6_I3_O)        0.124    13.052 r  u_core/u_fetch/branch_pc_q[31]_i_1/O
                         net (fo=31, routed)          0.555    13.607    u_core/u_fetch/branch_pc_q[31]_i_1_n_0
    SLICE_X16Y23         FDCE                                         r  u_core/u_fetch/branch_pc_q_reg[7]/CE
  -------------------------------------------------------------------    -------------------

                         (clock clk_i rise edge)     10.000    10.000 r  
                                                      0.000    10.000 r  clk_i (IN)
                         net (fo=2767, unset)         1.565    11.565    u_core/u_fetch/clk_i
    SLICE_X16Y23         FDCE                                         r  u_core/u_fetch/branch_pc_q_reg[7]/C
                         clock pessimism              0.115    11.680    
                         clock uncertainty           -0.035    11.645    
    SLICE_X16Y23         FDCE (Setup_fdce_C_CE)      -0.169    11.476    u_core/u_fetch/branch_pc_q_reg[7]
  -------------------------------------------------------------------
                         required time                         11.476    
                         arrival time                         -13.607    
  -------------------------------------------------------------------
                         slack                                 -2.132    

Slack (VIOLATED) :        -2.128ns  (required time - arrival time)
  Source:                 u_tcm/u_ram/ram_reg_0_3/CLKARDCLK
                            (rising edge-triggered cell RAMB36E1 clocked by clk_i  {rise@0.000ns fall@5.000ns period=10.000ns})
  Destination:            u_core/u_fetch/branch_pc_q_reg[24]/CE
                            (rising edge-triggered cell FDCE clocked by clk_i  {rise@0.000ns fall@5.000ns period=10.000ns})
  Path Group:             clk_i
  Path Type:              Setup (Max at Slow Process Corner)
  Requirement:            10.000ns  (clk_i rise@10.000ns - clk_i rise@0.000ns)
  Data Path Delay:        11.815ns  (logic 4.795ns (40.586%)  route 7.020ns (59.414%))
  Logic Levels:           14  (CARRY4=6 LUT3=1 LUT6=7)
  Clock Path Skew:        -0.109ns (DCD - SCD + CPR)
    Destination Clock Delay (DCD):    1.566ns = ( 11.566 - 10.000 ) 
    Source Clock Delay      (SCD):    1.790ns
    Clock Pessimism Removal (CPR):    0.115ns
  Clock Uncertainty:      0.035ns  ((TSJ^2 + TIJ^2)^1/2 + DJ) / 2 + PE
    Total System Jitter     (TSJ):    0.071ns
    Total Input Jitter      (TIJ):    0.000ns
    Discrete Jitter          (DJ):    0.000ns
    Phase Error              (PE):    0.000ns

    Location             Delay type                Incr(ns)  Path(ns)    Netlist Resource(s)
  -------------------------------------------------------------------    -------------------
                         (clock clk_i rise edge)      0.000     0.000 r  
                                                      0.000     0.000 r  clk_i (IN)
                         net (fo=2767, unset)         1.790     1.790    u_tcm/u_ram/clk_i
    RAMB36_X1Y2          RAMB36E1                                     r  u_tcm/u_ram/ram_reg_0_3/CLKARDCLK
  -------------------------------------------------------------------    -------------------
    RAMB36_X1Y2          RAMB36E1 (Prop_ramb36e1_CLKARDCLK_DOADO[1])
                                                      2.454     4.244 r  u_tcm/u_ram/ram_reg_0_3/DOADO[1]
                         net (fo=6, routed)           1.180     5.425    u_core/u_lsu/u_lsu_request/ram_read1_q[1]
    SLICE_X21Y17         LUT6 (Prop_lut6_I2_O)        0.124     5.549 r  u_core/u_lsu/u_lsu_request/result_wb_q[31]_i_8/O
                         net (fo=1, routed)           0.670     6.219    u_core/u_lsu/u_lsu_request/result_wb_q[31]_i_8_n_0
    SLICE_X21Y17         LUT6 (Prop_lut6_I1_O)        0.124     6.343 r  u_core/u_lsu/u_lsu_request/result_wb_q[31]_i_3/O
                         net (fo=29, routed)          1.322     7.665    u_core/u_lsu/u_lsu_request/result_wb_q[31]_i_3_n_0
    SLICE_X17Y13         LUT6 (Prop_lut6_I2_O)        0.124     7.789 r  u_core/u_lsu/u_lsu_request/result_wb_q[10]_i_1/O
                         net (fo=3, routed)           0.597     8.386    u_core/u_issue/u_pipe_ctrl/result_wb_q_reg[31]_1[5]
    SLICE_X16Y13         LUT6 (Prop_lut6_I2_O)        0.124     8.510 r  u_core/u_issue/u_pipe_ctrl/sub_res_w_carry__1_i_10/O
                         net (fo=15, routed)          0.529     9.039    u_core/u_issue/u_pipe_ctrl/result_q_reg[11][2]
    SLICE_X19Y15         CARRY4 (Prop_carry4_DI[2]_CO[3])
                                                      0.398     9.437 r  u_core/u_issue/u_pipe_ctrl/buffer_q_reg[66]_i_125/CO[3]
                         net (fo=1, routed)           0.000     9.437    u_core/u_issue/u_pipe_ctrl/buffer_q_reg[66]_i_125_n_0
    SLICE_X19Y16         CARRY4 (Prop_carry4_CI_CO[3])
                                                      0.114     9.551 r  u_core/u_issue/u_pipe_ctrl/buffer_q_reg[66]_i_115/CO[3]
                         net (fo=1, routed)           0.000     9.551    u_core/u_issue/u_pipe_ctrl/buffer_q_reg[66]_i_115_n_0
    SLICE_X19Y17         CARRY4 (Prop_carry4_CI_CO[3])
                                                      0.114     9.665 r  u_core/u_issue/u_pipe_ctrl/buffer_q_reg[66]_i_97/CO[3]
                         net (fo=1, routed)           0.000     9.665    u_core/u_issue/u_pipe_ctrl/buffer_q_reg[66]_i_97_n_0
    SLICE_X19Y18         CARRY4 (Prop_carry4_CI_CO[3])
                                                      0.114     9.779 r  u_core/u_issue/u_pipe_ctrl/buffer_q_reg[66]_i_74/CO[3]
                         net (fo=1, routed)           0.000     9.779    u_core/u_issue/u_pipe_ctrl/buffer_q_reg[66]_i_74_n_0
    SLICE_X19Y19         CARRY4 (Prop_carry4_CI_CO[3])
                                                      0.114     9.893 r  u_core/u_issue/u_pipe_ctrl/buffer_q_reg[66]_i_46/CO[3]
                         net (fo=1, routed)           0.000     9.893    u_core/u_issue/u_pipe_ctrl/buffer_q_reg[66]_i_46_n_0
    SLICE_X19Y20         CARRY4 (Prop_carry4_CI_O[3])
                                                      0.313    10.206 r  u_core/u_issue/u_pipe_ctrl/buffer_q_reg[66]_i_22/O[3]
                         net (fo=1, routed)           0.452    10.658    u_core/u_issue/u_pipe_ctrl/u_exec/less_than_signed01_out[31]
    SLICE_X16Y17         LUT3 (Prop_lut3_I2_O)        0.306    10.964 r  u_core/u_issue/u_pipe_ctrl/buffer_q[66]_i_14/O
                         net (fo=1, routed)           0.629    11.594    u_core/u_decode/buffer_q[66]_i_4_0
    SLICE_X14Y16         LUT6 (Prop_lut6_I3_O)        0.124    11.718 r  u_core/u_decode/buffer_q[66]_i_9_comp_1/O
                         net (fo=3, routed)           0.344    12.062    u_core/u_decode/buffer_q[66]_i_9_n_0
    SLICE_X17Y17         LUT6 (Prop_lut6_I5_O)        0.124    12.186 r  u_core/u_decode/buffer_q[66]_i_4/O
                         net (fo=101, routed)         0.742    12.928    u_core/u_fetch/branch_d_exec_request_w
    SLICE_X16Y19         LUT6 (Prop_lut6_I3_O)        0.124    13.052 r  u_core/u_fetch/branch_pc_q[31]_i_1/O
                         net (fo=31, routed)          0.553    13.605    u_core/u_fetch/branch_pc_q[31]_i_1_n_0
    SLICE_X16Y22         FDCE                                         r  u_core/u_fetch/branch_pc_q_reg[24]/CE
  -------------------------------------------------------------------    -------------------

                         (clock clk_i rise edge)     10.000    10.000 r  
                                                      0.000    10.000 r  clk_i (IN)
                         net (fo=2767, unset)         1.566    11.566    u_core/u_fetch/clk_i
    SLICE_X16Y22         FDCE                                         r  u_core/u_fetch/branch_pc_q_reg[24]/C
                         clock pessimism              0.115    11.681    
                         clock uncertainty           -0.035    11.646    
    SLICE_X16Y22         FDCE (Setup_fdce_C_CE)      -0.169    11.477    u_core/u_fetch/branch_pc_q_reg[24]
  -------------------------------------------------------------------
                         required time                         11.477    
                         arrival time                         -13.605    
  -------------------------------------------------------------------
                         slack                                 -2.128    

Slack (VIOLATED) :        -2.128ns  (required time - arrival time)
  Source:                 u_tcm/u_ram/ram_reg_0_3/CLKARDCLK
                            (rising edge-triggered cell RAMB36E1 clocked by clk_i  {rise@0.000ns fall@5.000ns period=10.000ns})
  Destination:            u_core/u_fetch/branch_pc_q_reg[25]/CE
                            (rising edge-triggered cell FDCE clocked by clk_i  {rise@0.000ns fall@5.000ns period=10.000ns})
  Path Group:             clk_i
  Path Type:              Setup (Max at Slow Process Corner)
  Requirement:            10.000ns  (clk_i rise@10.000ns - clk_i rise@0.000ns)
  Data Path Delay:        11.815ns  (logic 4.795ns (40.586%)  route 7.020ns (59.414%))
  Logic Levels:           14  (CARRY4=6 LUT3=1 LUT6=7)
  Clock Path Skew:        -0.109ns (DCD - SCD + CPR)
    Destination Clock Delay (DCD):    1.566ns = ( 11.566 - 10.000 ) 
    Source Clock Delay      (SCD):    1.790ns
    Clock Pessimism Removal (CPR):    0.115ns
  Clock Uncertainty:      0.035ns  ((TSJ^2 + TIJ^2)^1/2 + DJ) / 2 + PE
    Total System Jitter     (TSJ):    0.071ns
    Total Input Jitter      (TIJ):    0.000ns
    Discrete Jitter          (DJ):    0.000ns
    Phase Error              (PE):    0.000ns

    Location             Delay type                Incr(ns)  Path(ns)    Netlist Resource(s)
  -------------------------------------------------------------------    -------------------
                         (clock clk_i rise edge)      0.000     0.000 r  
                                                      0.000     0.000 r  clk_i (IN)
                         net (fo=2767, unset)         1.790     1.790    u_tcm/u_ram/clk_i
    RAMB36_X1Y2          RAMB36E1                                     r  u_tcm/u_ram/ram_reg_0_3/CLKARDCLK
  -------------------------------------------------------------------    -------------------
    RAMB36_X1Y2          RAMB36E1 (Prop_ramb36e1_CLKARDCLK_DOADO[1])
                                                      2.454     4.244 r  u_tcm/u_ram/ram_reg_0_3/DOADO[1]
                         net (fo=6, routed)           1.180     5.425    u_core/u_lsu/u_lsu_request/ram_read1_q[1]
    SLICE_X21Y17         LUT6 (Prop_lut6_I2_O)        0.124     5.549 r  u_core/u_lsu/u_lsu_request/result_wb_q[31]_i_8/O
                         net (fo=1, routed)           0.670     6.219    u_core/u_lsu/u_lsu_request/result_wb_q[31]_i_8_n_0
    SLICE_X21Y17         LUT6 (Prop_lut6_I1_O)        0.124     6.343 r  u_core/u_lsu/u_lsu_request/result_wb_q[31]_i_3/O
                         net (fo=29, routed)          1.322     7.665    u_core/u_lsu/u_lsu_request/result_wb_q[31]_i_3_n_0
    SLICE_X17Y13         LUT6 (Prop_lut6_I2_O)        0.124     7.789 r  u_core/u_lsu/u_lsu_request/result_wb_q[10]_i_1/O
                         net (fo=3, routed)           0.597     8.386    u_core/u_issue/u_pipe_ctrl/result_wb_q_reg[31]_1[5]
    SLICE_X16Y13         LUT6 (Prop_lut6_I2_O)        0.124     8.510 r  u_core/u_issue/u_pipe_ctrl/sub_res_w_carry__1_i_10/O
                         net (fo=15, routed)          0.529     9.039    u_core/u_issue/u_pipe_ctrl/result_q_reg[11][2]
    SLICE_X19Y15         CARRY4 (Prop_carry4_DI[2]_CO[3])
                                                      0.398     9.437 r  u_core/u_issue/u_pipe_ctrl/buffer_q_reg[66]_i_125/CO[3]
                         net (fo=1, routed)           0.000     9.437    u_core/u_issue/u_pipe_ctrl/buffer_q_reg[66]_i_125_n_0
    SLICE_X19Y16         CARRY4 (Prop_carry4_CI_CO[3])
                                                      0.114     9.551 r  u_core/u_issue/u_pipe_ctrl/buffer_q_reg[66]_i_115/CO[3]
                         net (fo=1, routed)           0.000     9.551    u_core/u_issue/u_pipe_ctrl/buffer_q_reg[66]_i_115_n_0
    SLICE_X19Y17         CARRY4 (Prop_carry4_CI_CO[3])
                                                      0.114     9.665 r  u_core/u_issue/u_pipe_ctrl/buffer_q_reg[66]_i_97/CO[3]
                         net (fo=1, routed)           0.000     9.665    u_core/u_issue/u_pipe_ctrl/buffer_q_reg[66]_i_97_n_0
    SLICE_X19Y18         CARRY4 (Prop_carry4_CI_CO[3])
                                                      0.114     9.779 r  u_core/u_issue/u_pipe_ctrl/buffer_q_reg[66]_i_74/CO[3]
                         net (fo=1, routed)           0.000     9.779    u_core/u_issue/u_pipe_ctrl/buffer_q_reg[66]_i_74_n_0
    SLICE_X19Y19         CARRY4 (Prop_carry4_CI_CO[3])
                                                      0.114     9.893 r  u_core/u_issue/u_pipe_ctrl/buffer_q_reg[66]_i_46/CO[3]
                         net (fo=1, routed)           0.000     9.893    u_core/u_issue/u_pipe_ctrl/buffer_q_reg[66]_i_46_n_0
    SLICE_X19Y20         CARRY4 (Prop_carry4_CI_O[3])
                                                      0.313    10.206 r  u_core/u_issue/u_pipe_ctrl/buffer_q_reg[66]_i_22/O[3]
                         net (fo=1, routed)           0.452    10.658    u_core/u_issue/u_pipe_ctrl/u_exec/less_than_signed01_out[31]
    SLICE_X16Y17         LUT3 (Prop_lut3_I2_O)        0.306    10.964 r  u_core/u_issue/u_pipe_ctrl/buffer_q[66]_i_14/O
                         net (fo=1, routed)           0.629    11.594    u_core/u_decode/buffer_q[66]_i_4_0
    SLICE_X14Y16         LUT6 (Prop_lut6_I3_O)        0.124    11.718 r  u_core/u_decode/buffer_q[66]_i_9_comp_1/O
                         net (fo=3, routed)           0.344    12.062    u_core/u_decode/buffer_q[66]_i_9_n_0
    SLICE_X17Y17         LUT6 (Prop_lut6_I5_O)        0.124    12.186 r  u_core/u_decode/buffer_q[66]_i_4/O
                         net (fo=101, routed)         0.742    12.928    u_core/u_fetch/branch_d_exec_request_w
    SLICE_X16Y19         LUT6 (Prop_lut6_I3_O)        0.124    13.052 r  u_core/u_fetch/branch_pc_q[31]_i_1/O
                         net (fo=31, routed)          0.553    13.605    u_core/u_fetch/branch_pc_q[31]_i_1_n_0
    SLICE_X16Y22         FDCE                                         r  u_core/u_fetch/branch_pc_q_reg[25]/CE
  -------------------------------------------------------------------    -------------------

                         (clock clk_i rise edge)     10.000    10.000 r  
                                                      0.000    10.000 r  clk_i (IN)
                         net (fo=2767, unset)         1.566    11.566    u_core/u_fetch/clk_i
    SLICE_X16Y22         FDCE                                         r  u_core/u_fetch/branch_pc_q_reg[25]/C
                         clock pessimism              0.115    11.681    
                         clock uncertainty           -0.035    11.646    
    SLICE_X16Y22         FDCE (Setup_fdce_C_CE)      -0.169    11.477    u_core/u_fetch/branch_pc_q_reg[25]
  -------------------------------------------------------------------
                         required time                         11.477    
                         arrival time                         -13.605    
  -------------------------------------------------------------------
                         slack                                 -2.128    

Slack (VIOLATED) :        -2.128ns  (required time - arrival time)
  Source:                 u_tcm/u_ram/ram_reg_0_3/CLKARDCLK
                            (rising edge-triggered cell RAMB36E1 clocked by clk_i  {rise@0.000ns fall@5.000ns period=10.000ns})
  Destination:            u_core/u_fetch/branch_pc_q_reg[26]/CE
                            (rising edge-triggered cell FDCE clocked by clk_i  {rise@0.000ns fall@5.000ns period=10.000ns})
  Path Group:             clk_i
  Path Type:              Setup (Max at Slow Process Corner)
  Requirement:            10.000ns  (clk_i rise@10.000ns - clk_i rise@0.000ns)
  Data Path Delay:        11.815ns  (logic 4.795ns (40.586%)  route 7.020ns (59.414%))
  Logic Levels:           14  (CARRY4=6 LUT3=1 LUT6=7)
  Clock Path Skew:        -0.109ns (DCD - SCD + CPR)
    Destination Clock Delay (DCD):    1.566ns = ( 11.566 - 10.000 ) 
    Source Clock Delay      (SCD):    1.790ns
    Clock Pessimism Removal (CPR):    0.115ns
  Clock Uncertainty:      0.035ns  ((TSJ^2 + TIJ^2)^1/2 + DJ) / 2 + PE
    Total System Jitter     (TSJ):    0.071ns
    Total Input Jitter      (TIJ):    0.000ns
    Discrete Jitter          (DJ):    0.000ns
    Phase Error              (PE):    0.000ns

    Location             Delay type                Incr(ns)  Path(ns)    Netlist Resource(s)
  -------------------------------------------------------------------    -------------------
                         (clock clk_i rise edge)      0.000     0.000 r  
                                                      0.000     0.000 r  clk_i (IN)
                         net (fo=2767, unset)         1.790     1.790    u_tcm/u_ram/clk_i
    RAMB36_X1Y2          RAMB36E1                                     r  u_tcm/u_ram/ram_reg_0_3/CLKARDCLK
  -------------------------------------------------------------------    -------------------
    RAMB36_X1Y2          RAMB36E1 (Prop_ramb36e1_CLKARDCLK_DOADO[1])
                                                      2.454     4.244 r  u_tcm/u_ram/ram_reg_0_3/DOADO[1]
                         net (fo=6, routed)           1.180     5.425    u_core/u_lsu/u_lsu_request/ram_read1_q[1]
    SLICE_X21Y17         LUT6 (Prop_lut6_I2_O)        0.124     5.549 r  u_core/u_lsu/u_lsu_request/result_wb_q[31]_i_8/O
                         net (fo=1, routed)           0.670     6.219    u_core/u_lsu/u_lsu_request/result_wb_q[31]_i_8_n_0
    SLICE_X21Y17         LUT6 (Prop_lut6_I1_O)        0.124     6.343 r  u_core/u_lsu/u_lsu_request/result_wb_q[31]_i_3/O
                         net (fo=29, routed)          1.322     7.665    u_core/u_lsu/u_lsu_request/result_wb_q[31]_i_3_n_0
    SLICE_X17Y13         LUT6 (Prop_lut6_I2_O)        0.124     7.789 r  u_core/u_lsu/u_lsu_request/result_wb_q[10]_i_1/O
                         net (fo=3, routed)           0.597     8.386    u_core/u_issue/u_pipe_ctrl/result_wb_q_reg[31]_1[5]
    SLICE_X16Y13         LUT6 (Prop_lut6_I2_O)        0.124     8.510 r  u_core/u_issue/u_pipe_ctrl/sub_res_w_carry__1_i_10/O
                         net (fo=15, routed)          0.529     9.039    u_core/u_issue/u_pipe_ctrl/result_q_reg[11][2]
    SLICE_X19Y15         CARRY4 (Prop_carry4_DI[2]_CO[3])
                                                      0.398     9.437 r  u_core/u_issue/u_pipe_ctrl/buffer_q_reg[66]_i_125/CO[3]
                         net (fo=1, routed)           0.000     9.437    u_core/u_issue/u_pipe_ctrl/buffer_q_reg[66]_i_125_n_0
    SLICE_X19Y16         CARRY4 (Prop_carry4_CI_CO[3])
                                                      0.114     9.551 r  u_core/u_issue/u_pipe_ctrl/buffer_q_reg[66]_i_115/CO[3]
                         net (fo=1, routed)           0.000     9.551    u_core/u_issue/u_pipe_ctrl/buffer_q_reg[66]_i_115_n_0
    SLICE_X19Y17         CARRY4 (Prop_carry4_CI_CO[3])
                                                      0.114     9.665 r  u_core/u_issue/u_pipe_ctrl/buffer_q_reg[66]_i_97/CO[3]
                         net (fo=1, routed)           0.000     9.665    u_core/u_issue/u_pipe_ctrl/buffer_q_reg[66]_i_97_n_0
    SLICE_X19Y18         CARRY4 (Prop_carry4_CI_CO[3])
                                                      0.114     9.779 r  u_core/u_issue/u_pipe_ctrl/buffer_q_reg[66]_i_74/CO[3]
                         net (fo=1, routed)           0.000     9.779    u_core/u_issue/u_pipe_ctrl/buffer_q_reg[66]_i_74_n_0
    SLICE_X19Y19         CARRY4 (Prop_carry4_CI_CO[3])
                                                      0.114     9.893 r  u_core/u_issue/u_pipe_ctrl/buffer_q_reg[66]_i_46/CO[3]
                         net (fo=1, routed)           0.000     9.893    u_core/u_issue/u_pipe_ctrl/buffer_q_reg[66]_i_46_n_0
    SLICE_X19Y20         CARRY4 (Prop_carry4_CI_O[3])
                                                      0.313    10.206 r  u_core/u_issue/u_pipe_ctrl/buffer_q_reg[66]_i_22/O[3]
                         net (fo=1, routed)           0.452    10.658    u_core/u_issue/u_pipe_ctrl/u_exec/less_than_signed01_out[31]
    SLICE_X16Y17         LUT3 (Prop_lut3_I2_O)        0.306    10.964 r  u_core/u_issue/u_pipe_ctrl/buffer_q[66]_i_14/O
                         net (fo=1, routed)           0.629    11.594    u_core/u_decode/buffer_q[66]_i_4_0
    SLICE_X14Y16         LUT6 (Prop_lut6_I3_O)        0.124    11.718 r  u_core/u_decode/buffer_q[66]_i_9_comp_1/O
                         net (fo=3, routed)           0.344    12.062    u_core/u_decode/buffer_q[66]_i_9_n_0
    SLICE_X17Y17         LUT6 (Prop_lut6_I5_O)        0.124    12.186 r  u_core/u_decode/buffer_q[66]_i_4/O
                         net (fo=101, routed)         0.742    12.928    u_core/u_fetch/branch_d_exec_request_w
    SLICE_X16Y19         LUT6 (Prop_lut6_I3_O)        0.124    13.052 r  u_core/u_fetch/branch_pc_q[31]_i_1/O
                         net (fo=31, routed)          0.553    13.605    u_core/u_fetch/branch_pc_q[31]_i_1_n_0
    SLICE_X16Y22         FDCE                                         r  u_core/u_fetch/branch_pc_q_reg[26]/CE
  -------------------------------------------------------------------    -------------------

                         (clock clk_i rise edge)     10.000    10.000 r  
                                                      0.000    10.000 r  clk_i (IN)
                         net (fo=2767, unset)         1.566    11.566    u_core/u_fetch/clk_i
    SLICE_X16Y22         FDCE                                         r  u_core/u_fetch/branch_pc_q_reg[26]/C
                         clock pessimism              0.115    11.681    
                         clock uncertainty           -0.035    11.646    
    SLICE_X16Y22         FDCE (Setup_fdce_C_CE)      -0.169    11.477    u_core/u_fetch/branch_pc_q_reg[26]
  -------------------------------------------------------------------
                         required time                         11.477    
                         arrival time                         -13.605    
  -------------------------------------------------------------------
                         slack                                 -2.128    

Slack (VIOLATED) :        -2.128ns  (required time - arrival time)
  Source:                 u_tcm/u_ram/ram_reg_0_3/CLKARDCLK
                            (rising edge-triggered cell RAMB36E1 clocked by clk_i  {rise@0.000ns fall@5.000ns period=10.000ns})
  Destination:            u_core/u_fetch/branch_pc_q_reg[29]/CE
                            (rising edge-triggered cell FDCE clocked by clk_i  {rise@0.000ns fall@5.000ns period=10.000ns})
  Path Group:             clk_i
  Path Type:              Setup (Max at Slow Process Corner)
  Requirement:            10.000ns  (clk_i rise@10.000ns - clk_i rise@0.000ns)
  Data Path Delay:        11.815ns  (logic 4.795ns (40.586%)  route 7.020ns (59.414%))
  Logic Levels:           14  (CARRY4=6 LUT3=1 LUT6=7)
  Clock Path Skew:        -0.109ns (DCD - SCD + CPR)
    Destination Clock Delay (DCD):    1.566ns = ( 11.566 - 10.000 ) 
    Source Clock Delay      (SCD):    1.790ns
    Clock Pessimism Removal (CPR):    0.115ns
  Clock Uncertainty:      0.035ns  ((TSJ^2 + TIJ^2)^1/2 + DJ) / 2 + PE
    Total System Jitter     (TSJ):    0.071ns
    Total Input Jitter      (TIJ):    0.000ns
    Discrete Jitter          (DJ):    0.000ns
    Phase Error              (PE):    0.000ns

    Location             Delay type                Incr(ns)  Path(ns)    Netlist Resource(s)
  -------------------------------------------------------------------    -------------------
                         (clock clk_i rise edge)      0.000     0.000 r  
                                                      0.000     0.000 r  clk_i (IN)
                         net (fo=2767, unset)         1.790     1.790    u_tcm/u_ram/clk_i
    RAMB36_X1Y2          RAMB36E1                                     r  u_tcm/u_ram/ram_reg_0_3/CLKARDCLK
  -------------------------------------------------------------------    -------------------
    RAMB36_X1Y2          RAMB36E1 (Prop_ramb36e1_CLKARDCLK_DOADO[1])
                                                      2.454     4.244 r  u_tcm/u_ram/ram_reg_0_3/DOADO[1]
                         net (fo=6, routed)           1.180     5.425    u_core/u_lsu/u_lsu_request/ram_read1_q[1]
    SLICE_X21Y17         LUT6 (Prop_lut6_I2_O)        0.124     5.549 r  u_core/u_lsu/u_lsu_request/result_wb_q[31]_i_8/O
                         net (fo=1, routed)           0.670     6.219    u_core/u_lsu/u_lsu_request/result_wb_q[31]_i_8_n_0
    SLICE_X21Y17         LUT6 (Prop_lut6_I1_O)        0.124     6.343 r  u_core/u_lsu/u_lsu_request/result_wb_q[31]_i_3/O
                         net (fo=29, routed)          1.322     7.665    u_core/u_lsu/u_lsu_request/result_wb_q[31]_i_3_n_0
    SLICE_X17Y13         LUT6 (Prop_lut6_I2_O)        0.124     7.789 r  u_core/u_lsu/u_lsu_request/result_wb_q[10]_i_1/O
                         net (fo=3, routed)           0.597     8.386    u_core/u_issue/u_pipe_ctrl/result_wb_q_reg[31]_1[5]
    SLICE_X16Y13         LUT6 (Prop_lut6_I2_O)        0.124     8.510 r  u_core/u_issue/u_pipe_ctrl/sub_res_w_carry__1_i_10/O
                         net (fo=15, routed)          0.529     9.039    u_core/u_issue/u_pipe_ctrl/result_q_reg[11][2]
    SLICE_X19Y15         CARRY4 (Prop_carry4_DI[2]_CO[3])
                                                      0.398     9.437 r  u_core/u_issue/u_pipe_ctrl/buffer_q_reg[66]_i_125/CO[3]
                         net (fo=1, routed)           0.000     9.437    u_core/u_issue/u_pipe_ctrl/buffer_q_reg[66]_i_125_n_0
    SLICE_X19Y16         CARRY4 (Prop_carry4_CI_CO[3])
                                                      0.114     9.551 r  u_core/u_issue/u_pipe_ctrl/buffer_q_reg[66]_i_115/CO[3]
                         net (fo=1, routed)           0.000     9.551    u_core/u_issue/u_pipe_ctrl/buffer_q_reg[66]_i_115_n_0
    SLICE_X19Y17         CARRY4 (Prop_carry4_CI_CO[3])
                                                      0.114     9.665 r  u_core/u_issue/u_pipe_ctrl/buffer_q_reg[66]_i_97/CO[3]
                         net (fo=1, routed)           0.000     9.665    u_core/u_issue/u_pipe_ctrl/buffer_q_reg[66]_i_97_n_0
    SLICE_X19Y18         CARRY4 (Prop_carry4_CI_CO[3])
                                                      0.114     9.779 r  u_core/u_issue/u_pipe_ctrl/buffer_q_reg[66]_i_74/CO[3]
                         net (fo=1, routed)           0.000     9.779    u_core/u_issue/u_pipe_ctrl/buffer_q_reg[66]_i_74_n_0
    SLICE_X19Y19         CARRY4 (Prop_carry4_CI_CO[3])
                                                      0.114     9.893 r  u_core/u_issue/u_pipe_ctrl/buffer_q_reg[66]_i_46/CO[3]
                         net (fo=1, routed)           0.000     9.893    u_core/u_issue/u_pipe_ctrl/buffer_q_reg[66]_i_46_n_0
    SLICE_X19Y20         CARRY4 (Prop_carry4_CI_O[3])
                                                      0.313    10.206 r  u_core/u_issue/u_pipe_ctrl/buffer_q_reg[66]_i_22/O[3]
                         net (fo=1, routed)           0.452    10.658    u_core/u_issue/u_pipe_ctrl/u_exec/less_than_signed01_out[31]
    SLICE_X16Y17         LUT3 (Prop_lut3_I2_O)        0.306    10.964 r  u_core/u_issue/u_pipe_ctrl/buffer_q[66]_i_14/O
                         net (fo=1, routed)           0.629    11.594    u_core/u_decode/buffer_q[66]_i_4_0
    SLICE_X14Y16         LUT6 (Prop_lut6_I3_O)        0.124    11.718 r  u_core/u_decode/buffer_q[66]_i_9_comp_1/O
                         net (fo=3, routed)           0.344    12.062    u_core/u_decode/buffer_q[66]_i_9_n_0
    SLICE_X17Y17         LUT6 (Prop_lut6_I5_O)        0.124    12.186 r  u_core/u_decode/buffer_q[66]_i_4/O
                         net (fo=101, routed)         0.742    12.928    u_core/u_fetch/branch_d_exec_request_w
    SLICE_X16Y19         LUT6 (Prop_lut6_I3_O)        0.124    13.052 r  u_core/u_fetch/branch_pc_q[31]_i_1/O
                         net (fo=31, routed)          0.553    13.605    u_core/u_fetch/branch_pc_q[31]_i_1_n_0
    SLICE_X16Y22         FDCE                                         r  u_core/u_fetch/branch_pc_q_reg[29]/CE
  -------------------------------------------------------------------    -------------------

                         (clock clk_i rise edge)     10.000    10.000 r  
                                                      0.000    10.000 r  clk_i (IN)
                         net (fo=2767, unset)         1.566    11.566    u_core/u_fetch/clk_i
    SLICE_X16Y22         FDCE                                         r  u_core/u_fetch/branch_pc_q_reg[29]/C
                         clock pessimism              0.115    11.681    
                         clock uncertainty           -0.035    11.646    
    SLICE_X16Y22         FDCE (Setup_fdce_C_CE)      -0.169    11.477    u_core/u_fetch/branch_pc_q_reg[29]
  -------------------------------------------------------------------
                         required time                         11.477    
                         arrival time                         -13.605    
  -------------------------------------------------------------------
                         slack                                 -2.128    

Slack (VIOLATED) :        -2.128ns  (required time - arrival time)
  Source:                 u_tcm/u_ram/ram_reg_0_3/CLKARDCLK
                            (rising edge-triggered cell RAMB36E1 clocked by clk_i  {rise@0.000ns fall@5.000ns period=10.000ns})
  Destination:            u_core/u_fetch/branch_pc_q_reg[6]/CE
                            (rising edge-triggered cell FDCE clocked by clk_i  {rise@0.000ns fall@5.000ns period=10.000ns})
  Path Group:             clk_i
  Path Type:              Setup (Max at Slow Process Corner)
  Requirement:            10.000ns  (clk_i rise@10.000ns - clk_i rise@0.000ns)
  Data Path Delay:        11.815ns  (logic 4.795ns (40.586%)  route 7.020ns (59.414%))
  Logic Levels:           14  (CARRY4=6 LUT3=1 LUT6=7)
  Clock Path Skew:        -0.109ns (DCD - SCD + CPR)
    Destination Clock Delay (DCD):    1.566ns = ( 11.566 - 10.000 ) 
    Source Clock Delay      (SCD):    1.790ns
    Clock Pessimism Removal (CPR):    0.115ns
  Clock Uncertainty:      0.035ns  ((TSJ^2 + TIJ^2)^1/2 + DJ) / 2 + PE
    Total System Jitter     (TSJ):    0.071ns
    Total Input Jitter      (TIJ):    0.000ns
    Discrete Jitter          (DJ):    0.000ns
    Phase Error              (PE):    0.000ns

    Location             Delay type                Incr(ns)  Path(ns)    Netlist Resource(s)
  -------------------------------------------------------------------    -------------------
                         (clock clk_i rise edge)      0.000     0.000 r  
                                                      0.000     0.000 r  clk_i (IN)
                         net (fo=2767, unset)         1.790     1.790    u_tcm/u_ram/clk_i
    RAMB36_X1Y2          RAMB36E1                                     r  u_tcm/u_ram/ram_reg_0_3/CLKARDCLK
  -------------------------------------------------------------------    -------------------
    RAMB36_X1Y2          RAMB36E1 (Prop_ramb36e1_CLKARDCLK_DOADO[1])
                                                      2.454     4.244 r  u_tcm/u_ram/ram_reg_0_3/DOADO[1]
                         net (fo=6, routed)           1.180     5.425    u_core/u_lsu/u_lsu_request/ram_read1_q[1]
    SLICE_X21Y17         LUT6 (Prop_lut6_I2_O)        0.124     5.549 r  u_core/u_lsu/u_lsu_request/result_wb_q[31]_i_8/O
                         net (fo=1, routed)           0.670     6.219    u_core/u_lsu/u_lsu_request/result_wb_q[31]_i_8_n_0
    SLICE_X21Y17         LUT6 (Prop_lut6_I1_O)        0.124     6.343 r  u_core/u_lsu/u_lsu_request/result_wb_q[31]_i_3/O
                         net (fo=29, routed)          1.322     7.665    u_core/u_lsu/u_lsu_request/result_wb_q[31]_i_3_n_0
    SLICE_X17Y13         LUT6 (Prop_lut6_I2_O)        0.124     7.789 r  u_core/u_lsu/u_lsu_request/result_wb_q[10]_i_1/O
                         net (fo=3, routed)           0.597     8.386    u_core/u_issue/u_pipe_ctrl/result_wb_q_reg[31]_1[5]
    SLICE_X16Y13         LUT6 (Prop_lut6_I2_O)        0.124     8.510 r  u_core/u_issue/u_pipe_ctrl/sub_res_w_carry__1_i_10/O
                         net (fo=15, routed)          0.529     9.039    u_core/u_issue/u_pipe_ctrl/result_q_reg[11][2]
    SLICE_X19Y15         CARRY4 (Prop_carry4_DI[2]_CO[3])
                                                      0.398     9.437 r  u_core/u_issue/u_pipe_ctrl/buffer_q_reg[66]_i_125/CO[3]
                         net (fo=1, routed)           0.000     9.437    u_core/u_issue/u_pipe_ctrl/buffer_q_reg[66]_i_125_n_0
    SLICE_X19Y16         CARRY4 (Prop_carry4_CI_CO[3])
                                                      0.114     9.551 r  u_core/u_issue/u_pipe_ctrl/buffer_q_reg[66]_i_115/CO[3]
                         net (fo=1, routed)           0.000     9.551    u_core/u_issue/u_pipe_ctrl/buffer_q_reg[66]_i_115_n_0
    SLICE_X19Y17         CARRY4 (Prop_carry4_CI_CO[3])
                                                      0.114     9.665 r  u_core/u_issue/u_pipe_ctrl/buffer_q_reg[66]_i_97/CO[3]
                         net (fo=1, routed)           0.000     9.665    u_core/u_issue/u_pipe_ctrl/buffer_q_reg[66]_i_97_n_0
    SLICE_X19Y18         CARRY4 (Prop_carry4_CI_CO[3])
                                                      0.114     9.779 r  u_core/u_issue/u_pipe_ctrl/buffer_q_reg[66]_i_74/CO[3]
                         net (fo=1, routed)           0.000     9.779    u_core/u_issue/u_pipe_ctrl/buffer_q_reg[66]_i_74_n_0
    SLICE_X19Y19         CARRY4 (Prop_carry4_CI_CO[3])
                                                      0.114     9.893 r  u_core/u_issue/u_pipe_ctrl/buffer_q_reg[66]_i_46/CO[3]
                         net (fo=1, routed)           0.000     9.893    u_core/u_issue/u_pipe_ctrl/buffer_q_reg[66]_i_46_n_0
    SLICE_X19Y20         CARRY4 (Prop_carry4_CI_O[3])
                                                      0.313    10.206 r  u_core/u_issue/u_pipe_ctrl/buffer_q_reg[66]_i_22/O[3]
                         net (fo=1, routed)           0.452    10.658    u_core/u_issue/u_pipe_ctrl/u_exec/less_than_signed01_out[31]
    SLICE_X16Y17         LUT3 (Prop_lut3_I2_O)        0.306    10.964 r  u_core/u_issue/u_pipe_ctrl/buffer_q[66]_i_14/O
                         net (fo=1, routed)           0.629    11.594    u_core/u_decode/buffer_q[66]_i_4_0
    SLICE_X14Y16         LUT6 (Prop_lut6_I3_O)        0.124    11.718 r  u_core/u_decode/buffer_q[66]_i_9_comp_1/O
                         net (fo=3, routed)           0.344    12.062    u_core/u_decode/buffer_q[66]_i_9_n_0
    SLICE_X17Y17         LUT6 (Prop_lut6_I5_O)        0.124    12.186 r  u_core/u_decode/buffer_q[66]_i_4/O
                         net (fo=101, routed)         0.742    12.928    u_core/u_fetch/branch_d_exec_request_w
    SLICE_X16Y19         LUT6 (Prop_lut6_I3_O)        0.124    13.052 r  u_core/u_fetch/branch_pc_q[31]_i_1/O
                         net (fo=31, routed)          0.553    13.605    u_core/u_fetch/branch_pc_q[31]_i_1_n_0
    SLICE_X16Y22         FDCE                                         r  u_core/u_fetch/branch_pc_q_reg[6]/CE
  -------------------------------------------------------------------    -------------------

                         (clock clk_i rise edge)     10.000    10.000 r  
                                                      0.000    10.000 r  clk_i (IN)
                         net (fo=2767, unset)         1.566    11.566    u_core/u_fetch/clk_i
    SLICE_X16Y22         FDCE                                         r  u_core/u_fetch/branch_pc_q_reg[6]/C
                         clock pessimism              0.115    11.681    
                         clock uncertainty           -0.035    11.646    
    SLICE_X16Y22         FDCE (Setup_fdce_C_CE)      -0.169    11.477    u_core/u_fetch/branch_pc_q_reg[6]
  -------------------------------------------------------------------
                         required time                         11.477    
                         arrival time                         -13.605    
  -------------------------------------------------------------------
                         slack                                 -2.128    

Slack (VIOLATED) :        -2.100ns  (required time - arrival time)
  Source:                 u_tcm/u_ram/ram_reg_0_3/CLKARDCLK
                            (rising edge-triggered cell RAMB36E1 clocked by clk_i  {rise@0.000ns fall@5.000ns period=10.000ns})
  Destination:            u_core/u_fetch/branch_pc_q_reg[2]/CE
                            (rising edge-triggered cell FDCE clocked by clk_i  {rise@0.000ns fall@5.000ns period=10.000ns})
  Path Group:             clk_i
  Path Type:              Setup (Max at Slow Process Corner)
  Requirement:            10.000ns  (clk_i rise@10.000ns - clk_i rise@0.000ns)
  Data Path Delay:        11.793ns  (logic 4.795ns (40.659%)  route 6.998ns (59.341%))
  Logic Levels:           14  (CARRY4=6 LUT3=1 LUT6=7)
  Clock Path Skew:        -0.102ns (DCD - SCD + CPR)
    Destination Clock Delay (DCD):    1.573ns = ( 11.573 - 10.000 ) 
    Source Clock Delay      (SCD):    1.790ns
    Clock Pessimism Removal (CPR):    0.115ns
  Clock Uncertainty:      0.035ns  ((TSJ^2 + TIJ^2)^1/2 + DJ) / 2 + PE
    Total System Jitter     (TSJ):    0.071ns
    Total Input Jitter      (TIJ):    0.000ns
    Discrete Jitter          (DJ):    0.000ns
    Phase Error              (PE):    0.000ns

    Location             Delay type                Incr(ns)  Path(ns)    Netlist Resource(s)
  -------------------------------------------------------------------    -------------------
                         (clock clk_i rise edge)      0.000     0.000 r  
                                                      0.000     0.000 r  clk_i (IN)
                         net (fo=2767, unset)         1.790     1.790    u_tcm/u_ram/clk_i
    RAMB36_X1Y2          RAMB36E1                                     r  u_tcm/u_ram/ram_reg_0_3/CLKARDCLK
  -------------------------------------------------------------------    -------------------
    RAMB36_X1Y2          RAMB36E1 (Prop_ramb36e1_CLKARDCLK_DOADO[1])
                                                      2.454     4.244 r  u_tcm/u_ram/ram_reg_0_3/DOADO[1]
                         net (fo=6, routed)           1.180     5.425    u_core/u_lsu/u_lsu_request/ram_read1_q[1]
    SLICE_X21Y17         LUT6 (Prop_lut6_I2_O)        0.124     5.549 r  u_core/u_lsu/u_lsu_request/result_wb_q[31]_i_8/O
                         net (fo=1, routed)           0.670     6.219    u_core/u_lsu/u_lsu_request/result_wb_q[31]_i_8_n_0
    SLICE_X21Y17         LUT6 (Prop_lut6_I1_O)        0.124     6.343 r  u_core/u_lsu/u_lsu_request/result_wb_q[31]_i_3/O
                         net (fo=29, routed)          1.322     7.665    u_core/u_lsu/u_lsu_request/result_wb_q[31]_i_3_n_0
    SLICE_X17Y13         LUT6 (Prop_lut6_I2_O)        0.124     7.789 r  u_core/u_lsu/u_lsu_request/result_wb_q[10]_i_1/O
                         net (fo=3, routed)           0.597     8.386    u_core/u_issue/u_pipe_ctrl/result_wb_q_reg[31]_1[5]
    SLICE_X16Y13         LUT6 (Prop_lut6_I2_O)        0.124     8.510 r  u_core/u_issue/u_pipe_ctrl/sub_res_w_carry__1_i_10/O
                         net (fo=15, routed)          0.529     9.039    u_core/u_issue/u_pipe_ctrl/result_q_reg[11][2]
    SLICE_X19Y15         CARRY4 (Prop_carry4_DI[2]_CO[3])
                                                      0.398     9.437 r  u_core/u_issue/u_pipe_ctrl/buffer_q_reg[66]_i_125/CO[3]
                         net (fo=1, routed)           0.000     9.437    u_core/u_issue/u_pipe_ctrl/buffer_q_reg[66]_i_125_n_0
    SLICE_X19Y16         CARRY4 (Prop_carry4_CI_CO[3])
                                                      0.114     9.551 r  u_core/u_issue/u_pipe_ctrl/buffer_q_reg[66]_i_115/CO[3]
                         net (fo=1, routed)           0.000     9.551    u_core/u_issue/u_pipe_ctrl/buffer_q_reg[66]_i_115_n_0
    SLICE_X19Y17         CARRY4 (Prop_carry4_CI_CO[3])
                                                      0.114     9.665 r  u_core/u_issue/u_pipe_ctrl/buffer_q_reg[66]_i_97/CO[3]
                         net (fo=1, routed)           0.000     9.665    u_core/u_issue/u_pipe_ctrl/buffer_q_reg[66]_i_97_n_0
    SLICE_X19Y18         CARRY4 (Prop_carry4_CI_CO[3])
                                                      0.114     9.779 r  u_core/u_issue/u_pipe_ctrl/buffer_q_reg[66]_i_74/CO[3]
                         net (fo=1, routed)           0.000     9.779    u_core/u_issue/u_pipe_ctrl/buffer_q_reg[66]_i_74_n_0
    SLICE_X19Y19         CARRY4 (Prop_carry4_CI_CO[3])
                                                      0.114     9.893 r  u_core/u_issue/u_pipe_ctrl/buffer_q_reg[66]_i_46/CO[3]
                         net (fo=1, routed)           0.000     9.893    u_core/u_issue/u_pipe_ctrl/buffer_q_reg[66]_i_46_n_0
    SLICE_X19Y20         CARRY4 (Prop_carry4_CI_O[3])
                                                      0.313    10.206 r  u_core/u_issue/u_pipe_ctrl/buffer_q_reg[66]_i_22/O[3]
                         net (fo=1, routed)           0.452    10.658    u_core/u_issue/u_pipe_ctrl/u_exec/less_than_signed01_out[31]
    SLICE_X16Y17         LUT3 (Prop_lut3_I2_O)        0.306    10.964 r  u_core/u_issue/u_pipe_ctrl/buffer_q[66]_i_14/O
                         net (fo=1, routed)           0.629    11.594    u_core/u_decode/buffer_q[66]_i_4_0
    SLICE_X14Y16         LUT6 (Prop_lut6_I3_O)        0.124    11.718 r  u_core/u_decode/buffer_q[66]_i_9_comp_1/O
                         net (fo=3, routed)           0.344    12.062    u_core/u_decode/buffer_q[66]_i_9_n_0
    SLICE_X17Y17         LUT6 (Prop_lut6_I5_O)        0.124    12.186 r  u_core/u_decode/buffer_q[66]_i_4/O
                         net (fo=101, routed)         0.742    12.928    u_core/u_fetch/branch_d_exec_request_w
    SLICE_X16Y19         LUT6 (Prop_lut6_I3_O)        0.124    13.052 r  u_core/u_fetch/branch_pc_q[31]_i_1/O
                         net (fo=31, routed)          0.532    13.584    u_core/u_fetch/branch_pc_q[31]_i_1_n_0
    SLICE_X16Y16         FDCE                                         r  u_core/u_fetch/branch_pc_q_reg[2]/CE
  -------------------------------------------------------------------    -------------------

                         (clock clk_i rise edge)     10.000    10.000 r  
                                                      0.000    10.000 r  clk_i (IN)
                         net (fo=2767, unset)         1.573    11.573    u_core/u_fetch/clk_i
    SLICE_X16Y16         FDCE                                         r  u_core/u_fetch/branch_pc_q_reg[2]/C
                         clock pessimism              0.115    11.688    
                         clock uncertainty           -0.035    11.653    
    SLICE_X16Y16         FDCE (Setup_fdce_C_CE)      -0.169    11.484    u_core/u_fetch/branch_pc_q_reg[2]
  -------------------------------------------------------------------
                         required time                         11.484    
                         arrival time                         -13.584    
  -------------------------------------------------------------------
                         slack                                 -2.100    

Slack (VIOLATED) :        -2.078ns  (required time - arrival time)
  Source:                 u_tcm/u_ram/ram_reg_0_3/CLKARDCLK
                            (rising edge-triggered cell RAMB36E1 clocked by clk_i  {rise@0.000ns fall@5.000ns period=10.000ns})
  Destination:            u_core/u_decode/buffer_q_reg[44]/D
                            (rising edge-triggered cell FDCE clocked by clk_i  {rise@0.000ns fall@5.000ns period=10.000ns})
  Path Group:             clk_i
  Path Type:              Setup (Max at Slow Process Corner)
  Requirement:            10.000ns  (clk_i rise@10.000ns - clk_i rise@0.000ns)
  Data Path Delay:        11.886ns  (logic 4.795ns (40.343%)  route 7.091ns (59.657%))
  Logic Levels:           14  (CARRY4=6 LUT3=1 LUT5=1 LUT6=6)
  Clock Path Skew:        -0.110ns (DCD - SCD + CPR)
    Destination Clock Delay (DCD):    1.565ns = ( 11.565 - 10.000 ) 
    Source Clock Delay      (SCD):    1.790ns
    Clock Pessimism Removal (CPR):    0.115ns
  Clock Uncertainty:      0.035ns  ((TSJ^2 + TIJ^2)^1/2 + DJ) / 2 + PE
    Total System Jitter     (TSJ):    0.071ns
    Total Input Jitter      (TIJ):    0.000ns
    Discrete Jitter          (DJ):    0.000ns
    Phase Error              (PE):    0.000ns

    Location             Delay type                Incr(ns)  Path(ns)    Netlist Resource(s)
  -------------------------------------------------------------------    -------------------
                         (clock clk_i rise edge)      0.000     0.000 r  
                                                      0.000     0.000 r  clk_i (IN)
                         net (fo=2767, unset)         1.790     1.790    u_tcm/u_ram/clk_i
    RAMB36_X1Y2          RAMB36E1                                     r  u_tcm/u_ram/ram_reg_0_3/CLKARDCLK
  -------------------------------------------------------------------    -------------------
    RAMB36_X1Y2          RAMB36E1 (Prop_ramb36e1_CLKARDCLK_DOADO[1])
                                                      2.454     4.244 r  u_tcm/u_ram/ram_reg_0_3/DOADO[1]
                         net (fo=6, routed)           1.180     5.425    u_core/u_lsu/u_lsu_request/ram_read1_q[1]
    SLICE_X21Y17         LUT6 (Prop_lut6_I2_O)        0.124     5.549 r  u_core/u_lsu/u_lsu_request/result_wb_q[31]_i_8/O
                         net (fo=1, routed)           0.670     6.219    u_core/u_lsu/u_lsu_request/result_wb_q[31]_i_8_n_0
    SLICE_X21Y17         LUT6 (Prop_lut6_I1_O)        0.124     6.343 r  u_core/u_lsu/u_lsu_request/result_wb_q[31]_i_3/O
                         net (fo=29, routed)          1.322     7.665    u_core/u_lsu/u_lsu_request/result_wb_q[31]_i_3_n_0
    SLICE_X17Y13         LUT6 (Prop_lut6_I2_O)        0.124     7.789 r  u_core/u_lsu/u_lsu_request/result_wb_q[10]_i_1/O
                         net (fo=3, routed)           0.597     8.386    u_core/u_issue/u_pipe_ctrl/result_wb_q_reg[31]_1[5]
    SLICE_X16Y13         LUT6 (Prop_lut6_I2_O)        0.124     8.510 r  u_core/u_issue/u_pipe_ctrl/sub_res_w_carry__1_i_10/O
                         net (fo=15, routed)          0.529     9.039    u_core/u_issue/u_pipe_ctrl/result_q_reg[11][2]
    SLICE_X19Y15         CARRY4 (Prop_carry4_DI[2]_CO[3])
                                                      0.398     9.437 r  u_core/u_issue/u_pipe_ctrl/buffer_q_reg[66]_i_125/CO[3]
                         net (fo=1, routed)           0.000     9.437    u_core/u_issue/u_pipe_ctrl/buffer_q_reg[66]_i_125_n_0
    SLICE_X19Y16         CARRY4 (Prop_carry4_CI_CO[3])
                                                      0.114     9.551 r  u_core/u_issue/u_pipe_ctrl/buffer_q_reg[66]_i_115/CO[3]
                         net (fo=1, routed)           0.000     9.551    u_core/u_issue/u_pipe_ctrl/buffer_q_reg[66]_i_115_n_0
    SLICE_X19Y17         CARRY4 (Prop_carry4_CI_CO[3])
                                                      0.114     9.665 r  u_core/u_issue/u_pipe_ctrl/buffer_q_reg[66]_i_97/CO[3]
                         net (fo=1, routed)           0.000     9.665    u_core/u_issue/u_pipe_ctrl/buffer_q_reg[66]_i_97_n_0
    SLICE_X19Y18         CARRY4 (Prop_carry4_CI_CO[3])
                                                      0.114     9.779 r  u_core/u_issue/u_pipe_ctrl/buffer_q_reg[66]_i_74/CO[3]
                         net (fo=1, routed)           0.000     9.779    u_core/u_issue/u_pipe_ctrl/buffer_q_reg[66]_i_74_n_0
    SLICE_X19Y19         CARRY4 (Prop_carry4_CI_CO[3])
                                                      0.114     9.893 r  u_core/u_issue/u_pipe_ctrl/buffer_q_reg[66]_i_46/CO[3]
                         net (fo=1, routed)           0.000     9.893    u_core/u_issue/u_pipe_ctrl/buffer_q_reg[66]_i_46_n_0
    SLICE_X19Y20         CARRY4 (Prop_carry4_CI_O[3])
                                                      0.313    10.206 f  u_core/u_issue/u_pipe_ctrl/buffer_q_reg[66]_i_22/O[3]
                         net (fo=1, routed)           0.452    10.658    u_core/u_issue/u_pipe_ctrl/u_exec/less_than_signed01_out[31]
    SLICE_X16Y17         LUT3 (Prop_lut3_I2_O)        0.306    10.964 f  u_core/u_issue/u_pipe_ctrl/buffer_q[66]_i_14/O
                         net (fo=1, routed)           0.629    11.594    u_core/u_decode/buffer_q[66]_i_4_0
    SLICE_X14Y16         LUT6 (Prop_lut6_I3_O)        0.124    11.718 f  u_core/u_decode/buffer_q[66]_i_9_comp_1/O
                         net (fo=3, routed)           0.344    12.062    u_core/u_decode/buffer_q[66]_i_9_n_0
    SLICE_X17Y17         LUT6 (Prop_lut6_I5_O)        0.124    12.186 f  u_core/u_decode/buffer_q[66]_i_4/O
                         net (fo=101, routed)         0.864    13.050    u_core/u_fetch/branch_d_exec_request_w
    SLICE_X18Y23         LUT5 (Prop_lut5_I3_O)        0.124    13.174 r  u_core/u_fetch/buffer_q[44]_i_1/O
                         net (fo=1, routed)           0.502    13.676    u_core/u_decode/buffer_q_reg[66]_0[42]
    SLICE_X19Y26         FDCE                                         r  u_core/u_decode/buffer_q_reg[44]/D
  -------------------------------------------------------------------    -------------------

                         (clock clk_i rise edge)     10.000    10.000 r  
                                                      0.000    10.000 r  clk_i (IN)
                         net (fo=2767, unset)         1.565    11.565    u_core/u_decode/clk_i
    SLICE_X19Y26         FDCE                                         r  u_core/u_decode/buffer_q_reg[44]/C
                         clock pessimism              0.115    11.680    
                         clock uncertainty           -0.035    11.645    
    SLICE_X19Y26         FDCE (Setup_fdce_C_D)       -0.047    11.598    u_core/u_decode/buffer_q_reg[44]
  -------------------------------------------------------------------
                         required time                         11.598    
                         arrival time                         -13.676    
  -------------------------------------------------------------------
                         slack                                 -2.078    

Slack (VIOLATED) :        -2.067ns  (required time - arrival time)
  Source:                 u_tcm/u_ram/ram_reg_0_3/CLKARDCLK
                            (rising edge-triggered cell RAMB36E1 clocked by clk_i  {rise@0.000ns fall@5.000ns period=10.000ns})
  Destination:            u_core/u_decode/buffer_q_reg[33]/D
                            (rising edge-triggered cell FDCE clocked by clk_i  {rise@0.000ns fall@5.000ns period=10.000ns})
  Path Group:             clk_i
  Path Type:              Setup (Max at Slow Process Corner)
  Requirement:            10.000ns  (clk_i rise@10.000ns - clk_i rise@0.000ns)
  Data Path Delay:        11.891ns  (logic 4.795ns (40.325%)  route 7.096ns (59.675%))
  Logic Levels:           14  (CARRY4=6 LUT3=1 LUT5=1 LUT6=6)
  Clock Path Skew:        -0.112ns (DCD - SCD + CPR)
    Destination Clock Delay (DCD):    1.563ns = ( 11.563 - 10.000 ) 
    Source Clock Delay      (SCD):    1.790ns
    Clock Pessimism Removal (CPR):    0.115ns
  Clock Uncertainty:      0.035ns  ((TSJ^2 + TIJ^2)^1/2 + DJ) / 2 + PE
    Total System Jitter     (TSJ):    0.071ns
    Total Input Jitter      (TIJ):    0.000ns
    Discrete Jitter          (DJ):    0.000ns
    Phase Error              (PE):    0.000ns

    Location             Delay type                Incr(ns)  Path(ns)    Netlist Resource(s)
  -------------------------------------------------------------------    -------------------
                         (clock clk_i rise edge)      0.000     0.000 r  
                                                      0.000     0.000 r  clk_i (IN)
                         net (fo=2767, unset)         1.790     1.790    u_tcm/u_ram/clk_i
    RAMB36_X1Y2          RAMB36E1                                     r  u_tcm/u_ram/ram_reg_0_3/CLKARDCLK
  -------------------------------------------------------------------    -------------------
    RAMB36_X1Y2          RAMB36E1 (Prop_ramb36e1_CLKARDCLK_DOADO[1])
                                                      2.454     4.244 r  u_tcm/u_ram/ram_reg_0_3/DOADO[1]
                         net (fo=6, routed)           1.180     5.425    u_core/u_lsu/u_lsu_request/ram_read1_q[1]
    SLICE_X21Y17         LUT6 (Prop_lut6_I2_O)        0.124     5.549 r  u_core/u_lsu/u_lsu_request/result_wb_q[31]_i_8/O
                         net (fo=1, routed)           0.670     6.219    u_core/u_lsu/u_lsu_request/result_wb_q[31]_i_8_n_0
    SLICE_X21Y17         LUT6 (Prop_lut6_I1_O)        0.124     6.343 r  u_core/u_lsu/u_lsu_request/result_wb_q[31]_i_3/O
                         net (fo=29, routed)          1.322     7.665    u_core/u_lsu/u_lsu_request/result_wb_q[31]_i_3_n_0
    SLICE_X17Y13         LUT6 (Prop_lut6_I2_O)        0.124     7.789 r  u_core/u_lsu/u_lsu_request/result_wb_q[10]_i_1/O
                         net (fo=3, routed)           0.597     8.386    u_core/u_issue/u_pipe_ctrl/result_wb_q_reg[31]_1[5]
    SLICE_X16Y13         LUT6 (Prop_lut6_I2_O)        0.124     8.510 r  u_core/u_issue/u_pipe_ctrl/sub_res_w_carry__1_i_10/O
                         net (fo=15, routed)          0.529     9.039    u_core/u_issue/u_pipe_ctrl/result_q_reg[11][2]
    SLICE_X19Y15         CARRY4 (Prop_carry4_DI[2]_CO[3])
                                                      0.398     9.437 r  u_core/u_issue/u_pipe_ctrl/buffer_q_reg[66]_i_125/CO[3]
                         net (fo=1, routed)           0.000     9.437    u_core/u_issue/u_pipe_ctrl/buffer_q_reg[66]_i_125_n_0
    SLICE_X19Y16         CARRY4 (Prop_carry4_CI_CO[3])
                                                      0.114     9.551 r  u_core/u_issue/u_pipe_ctrl/buffer_q_reg[66]_i_115/CO[3]
                         net (fo=1, routed)           0.000     9.551    u_core/u_issue/u_pipe_ctrl/buffer_q_reg[66]_i_115_n_0
    SLICE_X19Y17         CARRY4 (Prop_carry4_CI_CO[3])
                                                      0.114     9.665 r  u_core/u_issue/u_pipe_ctrl/buffer_q_reg[66]_i_97/CO[3]
                         net (fo=1, routed)           0.000     9.665    u_core/u_issue/u_pipe_ctrl/buffer_q_reg[66]_i_97_n_0
    SLICE_X19Y18         CARRY4 (Prop_carry4_CI_CO[3])
                                                      0.114     9.779 r  u_core/u_issue/u_pipe_ctrl/buffer_q_reg[66]_i_74/CO[3]
                         net (fo=1, routed)           0.000     9.779    u_core/u_issue/u_pipe_ctrl/buffer_q_reg[66]_i_74_n_0
    SLICE_X19Y19         CARRY4 (Prop_carry4_CI_CO[3])
                                                      0.114     9.893 r  u_core/u_issue/u_pipe_ctrl/buffer_q_reg[66]_i_46/CO[3]
                         net (fo=1, routed)           0.000     9.893    u_core/u_issue/u_pipe_ctrl/buffer_q_reg[66]_i_46_n_0
    SLICE_X19Y20         CARRY4 (Prop_carry4_CI_O[3])
                                                      0.313    10.206 f  u_core/u_issue/u_pipe_ctrl/buffer_q_reg[66]_i_22/O[3]
                         net (fo=1, routed)           0.452    10.658    u_core/u_issue/u_pipe_ctrl/u_exec/less_than_signed01_out[31]
    SLICE_X16Y17         LUT3 (Prop_lut3_I2_O)        0.306    10.964 f  u_core/u_issue/u_pipe_ctrl/buffer_q[66]_i_14/O
                         net (fo=1, routed)           0.629    11.594    u_core/u_decode/buffer_q[66]_i_4_0
    SLICE_X14Y16         LUT6 (Prop_lut6_I3_O)        0.124    11.718 f  u_core/u_decode/buffer_q[66]_i_9_comp_1/O
                         net (fo=3, routed)           0.344    12.062    u_core/u_decode/buffer_q[66]_i_9_n_0
    SLICE_X17Y17         LUT6 (Prop_lut6_I5_O)        0.124    12.186 f  u_core/u_decode/buffer_q[66]_i_4/O
                         net (fo=101, routed)         0.867    13.053    u_core/u_fetch/branch_d_exec_request_w
    SLICE_X18Y23         LUT5 (Prop_lut5_I3_O)        0.124    13.177 r  u_core/u_fetch/buffer_q[33]_i_1/O
                         net (fo=1, routed)           0.504    13.681    u_core/u_decode/buffer_q_reg[66]_0[31]
    SLICE_X18Y25         FDCE                                         r  u_core/u_decode/buffer_q_reg[33]/D
  -------------------------------------------------------------------    -------------------

                         (clock clk_i rise edge)     10.000    10.000 r  
                                                      0.000    10.000 r  clk_i (IN)
                         net (fo=2767, unset)         1.563    11.563    u_core/u_decode/clk_i
    SLICE_X18Y25         FDCE                                         r  u_core/u_decode/buffer_q_reg[33]/C
                         clock pessimism              0.115    11.678    
                         clock uncertainty           -0.035    11.643    
    SLICE_X18Y25         FDCE (Setup_fdce_C_D)       -0.028    11.615    u_core/u_decode/buffer_q_reg[33]
  -------------------------------------------------------------------
                         required time                         11.615    
                         arrival time                         -13.681    
  -------------------------------------------------------------------
                         slack                                 -2.067    

Slack (VIOLATED) :        -2.063ns  (required time - arrival time)
  Source:                 u_tcm/u_ram/ram_reg_0_3/CLKARDCLK
                            (rising edge-triggered cell RAMB36E1 clocked by clk_i  {rise@0.000ns fall@5.000ns period=10.000ns})
  Destination:            u_core/u_fetch/branch_pc_q_reg[12]/D
                            (rising edge-triggered cell FDCE clocked by clk_i  {rise@0.000ns fall@5.000ns period=10.000ns})
  Path Group:             clk_i
  Path Type:              Setup (Max at Slow Process Corner)
  Requirement:            10.000ns  (clk_i rise@10.000ns - clk_i rise@0.000ns)
  Data Path Delay:        11.908ns  (logic 4.795ns (40.268%)  route 7.113ns (59.732%))
  Logic Levels:           14  (CARRY4=6 LUT3=1 LUT4=1 LUT6=6)
  Clock Path Skew:        -0.107ns (DCD - SCD + CPR)
    Destination Clock Delay (DCD):    1.568ns = ( 11.568 - 10.000 ) 
    Source Clock Delay      (SCD):    1.790ns
    Clock Pessimism Removal (CPR):    0.115ns
  Clock Uncertainty:      0.035ns  ((TSJ^2 + TIJ^2)^1/2 + DJ) / 2 + PE
    Total System Jitter     (TSJ):    0.071ns
    Total Input Jitter      (TIJ):    0.000ns
    Discrete Jitter          (DJ):    0.000ns
    Phase Error              (PE):    0.000ns

    Location             Delay type                Incr(ns)  Path(ns)    Netlist Resource(s)
  -------------------------------------------------------------------    -------------------
                         (clock clk_i rise edge)      0.000     0.000 r  
                                                      0.000     0.000 r  clk_i (IN)
                         net (fo=2767, unset)         1.790     1.790    u_tcm/u_ram/clk_i
    RAMB36_X1Y2          RAMB36E1                                     r  u_tcm/u_ram/ram_reg_0_3/CLKARDCLK
  -------------------------------------------------------------------    -------------------
    RAMB36_X1Y2          RAMB36E1 (Prop_ramb36e1_CLKARDCLK_DOADO[1])
                                                      2.454     4.244 r  u_tcm/u_ram/ram_reg_0_3/DOADO[1]
                         net (fo=6, routed)           1.180     5.425    u_core/u_lsu/u_lsu_request/ram_read1_q[1]
    SLICE_X21Y17         LUT6 (Prop_lut6_I2_O)        0.124     5.549 r  u_core/u_lsu/u_lsu_request/result_wb_q[31]_i_8/O
                         net (fo=1, routed)           0.670     6.219    u_core/u_lsu/u_lsu_request/result_wb_q[31]_i_8_n_0
    SLICE_X21Y17         LUT6 (Prop_lut6_I1_O)        0.124     6.343 r  u_core/u_lsu/u_lsu_request/result_wb_q[31]_i_3/O
                         net (fo=29, routed)          1.322     7.665    u_core/u_lsu/u_lsu_request/result_wb_q[31]_i_3_n_0
    SLICE_X17Y13         LUT6 (Prop_lut6_I2_O)        0.124     7.789 r  u_core/u_lsu/u_lsu_request/result_wb_q[10]_i_1/O
                         net (fo=3, routed)           0.597     8.386    u_core/u_issue/u_pipe_ctrl/result_wb_q_reg[31]_1[5]
    SLICE_X16Y13         LUT6 (Prop_lut6_I2_O)        0.124     8.510 r  u_core/u_issue/u_pipe_ctrl/sub_res_w_carry__1_i_10/O
                         net (fo=15, routed)          0.529     9.039    u_core/u_issue/u_pipe_ctrl/result_q_reg[11][2]
    SLICE_X19Y15         CARRY4 (Prop_carry4_DI[2]_CO[3])
                                                      0.398     9.437 r  u_core/u_issue/u_pipe_ctrl/buffer_q_reg[66]_i_125/CO[3]
                         net (fo=1, routed)           0.000     9.437    u_core/u_issue/u_pipe_ctrl/buffer_q_reg[66]_i_125_n_0
    SLICE_X19Y16         CARRY4 (Prop_carry4_CI_CO[3])
                                                      0.114     9.551 r  u_core/u_issue/u_pipe_ctrl/buffer_q_reg[66]_i_115/CO[3]
                         net (fo=1, routed)           0.000     9.551    u_core/u_issue/u_pipe_ctrl/buffer_q_reg[66]_i_115_n_0
    SLICE_X19Y17         CARRY4 (Prop_carry4_CI_CO[3])
                                                      0.114     9.665 r  u_core/u_issue/u_pipe_ctrl/buffer_q_reg[66]_i_97/CO[3]
                         net (fo=1, routed)           0.000     9.665    u_core/u_issue/u_pipe_ctrl/buffer_q_reg[66]_i_97_n_0
    SLICE_X19Y18         CARRY4 (Prop_carry4_CI_CO[3])
                                                      0.114     9.779 r  u_core/u_issue/u_pipe_ctrl/buffer_q_reg[66]_i_74/CO[3]
                         net (fo=1, routed)           0.000     9.779    u_core/u_issue/u_pipe_ctrl/buffer_q_reg[66]_i_74_n_0
    SLICE_X19Y19         CARRY4 (Prop_carry4_CI_CO[3])
                                                      0.114     9.893 r  u_core/u_issue/u_pipe_ctrl/buffer_q_reg[66]_i_46/CO[3]
                         net (fo=1, routed)           0.000     9.893    u_core/u_issue/u_pipe_ctrl/buffer_q_reg[66]_i_46_n_0
    SLICE_X19Y20         CARRY4 (Prop_carry4_CI_O[3])
                                                      0.313    10.206 r  u_core/u_issue/u_pipe_ctrl/buffer_q_reg[66]_i_22/O[3]
                         net (fo=1, routed)           0.452    10.658    u_core/u_issue/u_pipe_ctrl/u_exec/less_than_signed01_out[31]
    SLICE_X16Y17         LUT3 (Prop_lut3_I2_O)        0.306    10.964 r  u_core/u_issue/u_pipe_ctrl/buffer_q[66]_i_14/O
                         net (fo=1, routed)           0.629    11.594    u_core/u_decode/buffer_q[66]_i_4_0
    SLICE_X14Y16         LUT6 (Prop_lut6_I3_O)        0.124    11.718 r  u_core/u_decode/buffer_q[66]_i_9_comp_1/O
                         net (fo=3, routed)           0.344    12.062    u_core/u_decode/buffer_q[66]_i_9_n_0
    SLICE_X17Y17         LUT6 (Prop_lut6_I5_O)        0.124    12.186 r  u_core/u_decode/buffer_q[66]_i_4/O
                         net (fo=101, routed)         0.704    12.890    u_core/u_decode/branch_d_exec_request_w
    SLICE_X17Y14         LUT4 (Prop_lut4_I0_O)        0.124    13.014 r  u_core/u_decode/branch_pc_q[12]_i_1/O
                         net (fo=1, routed)           0.684    13.698    u_core/u_fetch/D[10]
    SLICE_X16Y21         FDCE                                         r  u_core/u_fetch/branch_pc_q_reg[12]/D
  -------------------------------------------------------------------    -------------------

                         (clock clk_i rise edge)     10.000    10.000 r  
                                                      0.000    10.000 r  clk_i (IN)
                         net (fo=2767, unset)         1.568    11.568    u_core/u_fetch/clk_i
    SLICE_X16Y21         FDCE                                         r  u_core/u_fetch/branch_pc_q_reg[12]/C
                         clock pessimism              0.115    11.683    
                         clock uncertainty           -0.035    11.648    
    SLICE_X16Y21         FDCE (Setup_fdce_C_D)       -0.013    11.635    u_core/u_fetch/branch_pc_q_reg[12]
  -------------------------------------------------------------------
                         required time                         11.635    
                         arrival time                         -13.698    
  -------------------------------------------------------------------
                         slack                                 -2.063    

Slack (VIOLATED) :        -2.059ns  (required time - arrival time)
  Source:                 u_tcm/u_ram/ram_reg_0_3/CLKARDCLK
                            (rising edge-triggered cell RAMB36E1 clocked by clk_i  {rise@0.000ns fall@5.000ns period=10.000ns})
  Destination:            u_core/u_fetch/branch_pc_q_reg[31]/D
                            (rising edge-triggered cell FDCE clocked by clk_i  {rise@0.000ns fall@5.000ns period=10.000ns})
  Path Group:             clk_i
  Path Type:              Setup (Max at Slow Process Corner)
  Requirement:            10.000ns  (clk_i rise@10.000ns - clk_i rise@0.000ns)
  Data Path Delay:        11.887ns  (logic 4.795ns (40.337%)  route 7.092ns (59.663%))
  Logic Levels:           14  (CARRY4=6 LUT3=1 LUT4=1 LUT6=6)
  Clock Path Skew:        -0.106ns (DCD - SCD + CPR)
    Destination Clock Delay (DCD):    1.569ns = ( 11.569 - 10.000 ) 
    Source Clock Delay      (SCD):    1.790ns
    Clock Pessimism Removal (CPR):    0.115ns
  Clock Uncertainty:      0.035ns  ((TSJ^2 + TIJ^2)^1/2 + DJ) / 2 + PE
    Total System Jitter     (TSJ):    0.071ns
    Total Input Jitter      (TIJ):    0.000ns
    Discrete Jitter          (DJ):    0.000ns
    Phase Error              (PE):    0.000ns

    Location             Delay type                Incr(ns)  Path(ns)    Netlist Resource(s)
  -------------------------------------------------------------------    -------------------
                         (clock clk_i rise edge)      0.000     0.000 r  
                                                      0.000     0.000 r  clk_i (IN)
                         net (fo=2767, unset)         1.790     1.790    u_tcm/u_ram/clk_i
    RAMB36_X1Y2          RAMB36E1                                     r  u_tcm/u_ram/ram_reg_0_3/CLKARDCLK
  -------------------------------------------------------------------    -------------------
    RAMB36_X1Y2          RAMB36E1 (Prop_ramb36e1_CLKARDCLK_DOADO[1])
                                                      2.454     4.244 r  u_tcm/u_ram/ram_reg_0_3/DOADO[1]
                         net (fo=6, routed)           1.180     5.425    u_core/u_lsu/u_lsu_request/ram_read1_q[1]
    SLICE_X21Y17         LUT6 (Prop_lut6_I2_O)        0.124     5.549 r  u_core/u_lsu/u_lsu_request/result_wb_q[31]_i_8/O
                         net (fo=1, routed)           0.670     6.219    u_core/u_lsu/u_lsu_request/result_wb_q[31]_i_8_n_0
    SLICE_X21Y17         LUT6 (Prop_lut6_I1_O)        0.124     6.343 r  u_core/u_lsu/u_lsu_request/result_wb_q[31]_i_3/O
                         net (fo=29, routed)          1.322     7.665    u_core/u_lsu/u_lsu_request/result_wb_q[31]_i_3_n_0
    SLICE_X17Y13         LUT6 (Prop_lut6_I2_O)        0.124     7.789 r  u_core/u_lsu/u_lsu_request/result_wb_q[10]_i_1/O
                         net (fo=3, routed)           0.597     8.386    u_core/u_issue/u_pipe_ctrl/result_wb_q_reg[31]_1[5]
    SLICE_X16Y13         LUT6 (Prop_lut6_I2_O)        0.124     8.510 r  u_core/u_issue/u_pipe_ctrl/sub_res_w_carry__1_i_10/O
                         net (fo=15, routed)          0.529     9.039    u_core/u_issue/u_pipe_ctrl/result_q_reg[11][2]
    SLICE_X19Y15         CARRY4 (Prop_carry4_DI[2]_CO[3])
                                                      0.398     9.437 r  u_core/u_issue/u_pipe_ctrl/buffer_q_reg[66]_i_125/CO[3]
                         net (fo=1, routed)           0.000     9.437    u_core/u_issue/u_pipe_ctrl/buffer_q_reg[66]_i_125_n_0
    SLICE_X19Y16         CARRY4 (Prop_carry4_CI_CO[3])
                                                      0.114     9.551 r  u_core/u_issue/u_pipe_ctrl/buffer_q_reg[66]_i_115/CO[3]
                         net (fo=1, routed)           0.000     9.551    u_core/u_issue/u_pipe_ctrl/buffer_q_reg[66]_i_115_n_0
    SLICE_X19Y17         CARRY4 (Prop_carry4_CI_CO[3])
                                                      0.114     9.665 r  u_core/u_issue/u_pipe_ctrl/buffer_q_reg[66]_i_97/CO[3]
                         net (fo=1, routed)           0.000     9.665    u_core/u_issue/u_pipe_ctrl/buffer_q_reg[66]_i_97_n_0
    SLICE_X19Y18         CARRY4 (Prop_carry4_CI_CO[3])
                                                      0.114     9.779 r  u_core/u_issue/u_pipe_ctrl/buffer_q_reg[66]_i_74/CO[3]
                         net (fo=1, routed)           0.000     9.779    u_core/u_issue/u_pipe_ctrl/buffer_q_reg[66]_i_74_n_0
    SLICE_X19Y19         CARRY4 (Prop_carry4_CI_CO[3])
                                                      0.114     9.893 r  u_core/u_issue/u_pipe_ctrl/buffer_q_reg[66]_i_46/CO[3]
                         net (fo=1, routed)           0.000     9.893    u_core/u_issue/u_pipe_ctrl/buffer_q_reg[66]_i_46_n_0
    SLICE_X19Y20         CARRY4 (Prop_carry4_CI_O[3])
                                                      0.313    10.206 r  u_core/u_issue/u_pipe_ctrl/buffer_q_reg[66]_i_22/O[3]
                         net (fo=1, routed)           0.452    10.658    u_core/u_issue/u_pipe_ctrl/u_exec/less_than_signed01_out[31]
    SLICE_X16Y17         LUT3 (Prop_lut3_I2_O)        0.306    10.964 r  u_core/u_issue/u_pipe_ctrl/buffer_q[66]_i_14/O
                         net (fo=1, routed)           0.629    11.594    u_core/u_decode/buffer_q[66]_i_4_0
    SLICE_X14Y16         LUT6 (Prop_lut6_I3_O)        0.124    11.718 r  u_core/u_decode/buffer_q[66]_i_9_comp_1/O
                         net (fo=3, routed)           0.344    12.062    u_core/u_decode/buffer_q[66]_i_9_n_0
    SLICE_X17Y17         LUT6 (Prop_lut6_I5_O)        0.124    12.186 r  u_core/u_decode/buffer_q[66]_i_4/O
                         net (fo=101, routed)         0.689    12.876    u_core/u_decode/branch_d_exec_request_w
    SLICE_X16Y15         LUT4 (Prop_lut4_I0_O)        0.124    13.000 r  u_core/u_decode/branch_pc_q[31]_i_2/O
                         net (fo=1, routed)           0.678    13.678    u_core/u_fetch/D[29]
    SLICE_X16Y20         FDCE                                         r  u_core/u_fetch/branch_pc_q_reg[31]/D
  -------------------------------------------------------------------    -------------------

                         (clock clk_i rise edge)     10.000    10.000 r  
                                                      0.000    10.000 r  clk_i (IN)
                         net (fo=2767, unset)         1.569    11.569    u_core/u_fetch/clk_i
    SLICE_X16Y20         FDCE                                         r  u_core/u_fetch/branch_pc_q_reg[31]/C
                         clock pessimism              0.115    11.684    
                         clock uncertainty           -0.035    11.649    
    SLICE_X16Y20         FDCE (Setup_fdce_C_D)       -0.030    11.619    u_core/u_fetch/branch_pc_q_reg[31]
  -------------------------------------------------------------------
                         required time                         11.619    
                         arrival time                         -13.678    
  -------------------------------------------------------------------
                         slack                                 -2.059    

Slack (VIOLATED) :        -2.058ns  (required time - arrival time)
  Source:                 u_tcm/u_ram/ram_reg_0_3/CLKARDCLK
                            (rising edge-triggered cell RAMB36E1 clocked by clk_i  {rise@0.000ns fall@5.000ns period=10.000ns})
  Destination:            u_core/u_decode/buffer_q_reg[49]/D
                            (rising edge-triggered cell FDCE clocked by clk_i  {rise@0.000ns fall@5.000ns period=10.000ns})
  Path Group:             clk_i
  Path Type:              Setup (Max at Slow Process Corner)
  Requirement:            10.000ns  (clk_i rise@10.000ns - clk_i rise@0.000ns)
  Data Path Delay:        11.903ns  (logic 4.795ns (40.285%)  route 7.108ns (59.715%))
  Logic Levels:           14  (CARRY4=6 LUT3=1 LUT5=1 LUT6=6)
  Clock Path Skew:        -0.106ns (DCD - SCD + CPR)
    Destination Clock Delay (DCD):    1.569ns = ( 11.569 - 10.000 ) 
    Source Clock Delay      (SCD):    1.790ns
    Clock Pessimism Removal (CPR):    0.115ns
  Clock Uncertainty:      0.035ns  ((TSJ^2 + TIJ^2)^1/2 + DJ) / 2 + PE
    Total System Jitter     (TSJ):    0.071ns
    Total Input Jitter      (TIJ):    0.000ns
    Discrete Jitter          (DJ):    0.000ns
    Phase Error              (PE):    0.000ns

    Location             Delay type                Incr(ns)  Path(ns)    Netlist Resource(s)
  -------------------------------------------------------------------    -------------------
                         (clock clk_i rise edge)      0.000     0.000 r  
                                                      0.000     0.000 r  clk_i (IN)
                         net (fo=2767, unset)         1.790     1.790    u_tcm/u_ram/clk_i
    RAMB36_X1Y2          RAMB36E1                                     r  u_tcm/u_ram/ram_reg_0_3/CLKARDCLK
  -------------------------------------------------------------------    -------------------
    RAMB36_X1Y2          RAMB36E1 (Prop_ramb36e1_CLKARDCLK_DOADO[1])
                                                      2.454     4.244 r  u_tcm/u_ram/ram_reg_0_3/DOADO[1]
                         net (fo=6, routed)           1.180     5.425    u_core/u_lsu/u_lsu_request/ram_read1_q[1]
    SLICE_X21Y17         LUT6 (Prop_lut6_I2_O)        0.124     5.549 r  u_core/u_lsu/u_lsu_request/result_wb_q[31]_i_8/O
                         net (fo=1, routed)           0.670     6.219    u_core/u_lsu/u_lsu_request/result_wb_q[31]_i_8_n_0
    SLICE_X21Y17         LUT6 (Prop_lut6_I1_O)        0.124     6.343 r  u_core/u_lsu/u_lsu_request/result_wb_q[31]_i_3/O
                         net (fo=29, routed)          1.322     7.665    u_core/u_lsu/u_lsu_request/result_wb_q[31]_i_3_n_0
    SLICE_X17Y13         LUT6 (Prop_lut6_I2_O)        0.124     7.789 r  u_core/u_lsu/u_lsu_request/result_wb_q[10]_i_1/O
                         net (fo=3, routed)           0.597     8.386    u_core/u_issue/u_pipe_ctrl/result_wb_q_reg[31]_1[5]
    SLICE_X16Y13         LUT6 (Prop_lut6_I2_O)        0.124     8.510 r  u_core/u_issue/u_pipe_ctrl/sub_res_w_carry__1_i_10/O
                         net (fo=15, routed)          0.529     9.039    u_core/u_issue/u_pipe_ctrl/result_q_reg[11][2]
    SLICE_X19Y15         CARRY4 (Prop_carry4_DI[2]_CO[3])
                                                      0.398     9.437 r  u_core/u_issue/u_pipe_ctrl/buffer_q_reg[66]_i_125/CO[3]
                         net (fo=1, routed)           0.000     9.437    u_core/u_issue/u_pipe_ctrl/buffer_q_reg[66]_i_125_n_0
    SLICE_X19Y16         CARRY4 (Prop_carry4_CI_CO[3])
                                                      0.114     9.551 r  u_core/u_issue/u_pipe_ctrl/buffer_q_reg[66]_i_115/CO[3]
                         net (fo=1, routed)           0.000     9.551    u_core/u_issue/u_pipe_ctrl/buffer_q_reg[66]_i_115_n_0
    SLICE_X19Y17         CARRY4 (Prop_carry4_CI_CO[3])
                                                      0.114     9.665 r  u_core/u_issue/u_pipe_ctrl/buffer_q_reg[66]_i_97/CO[3]
                         net (fo=1, routed)           0.000     9.665    u_core/u_issue/u_pipe_ctrl/buffer_q_reg[66]_i_97_n_0
    SLICE_X19Y18         CARRY4 (Prop_carry4_CI_CO[3])
                                                      0.114     9.779 r  u_core/u_issue/u_pipe_ctrl/buffer_q_reg[66]_i_74/CO[3]
                         net (fo=1, routed)           0.000     9.779    u_core/u_issue/u_pipe_ctrl/buffer_q_reg[66]_i_74_n_0
    SLICE_X19Y19         CARRY4 (Prop_carry4_CI_CO[3])
                                                      0.114     9.893 r  u_core/u_issue/u_pipe_ctrl/buffer_q_reg[66]_i_46/CO[3]
                         net (fo=1, routed)           0.000     9.893    u_core/u_issue/u_pipe_ctrl/buffer_q_reg[66]_i_46_n_0
    SLICE_X19Y20         CARRY4 (Prop_carry4_CI_O[3])
                                                      0.313    10.206 f  u_core/u_issue/u_pipe_ctrl/buffer_q_reg[66]_i_22/O[3]
                         net (fo=1, routed)           0.452    10.658    u_core/u_issue/u_pipe_ctrl/u_exec/less_than_signed01_out[31]
    SLICE_X16Y17         LUT3 (Prop_lut3_I2_O)        0.306    10.964 f  u_core/u_issue/u_pipe_ctrl/buffer_q[66]_i_14/O
                         net (fo=1, routed)           0.629    11.594    u_core/u_decode/buffer_q[66]_i_4_0
    SLICE_X14Y16         LUT6 (Prop_lut6_I3_O)        0.124    11.718 f  u_core/u_decode/buffer_q[66]_i_9_comp_1/O
                         net (fo=3, routed)           0.344    12.062    u_core/u_decode/buffer_q[66]_i_9_n_0
    SLICE_X17Y17         LUT6 (Prop_lut6_I5_O)        0.124    12.186 f  u_core/u_decode/buffer_q[66]_i_4/O
                         net (fo=101, routed)         0.905    13.091    u_core/u_fetch/branch_d_exec_request_w
    SLICE_X18Y22         LUT5 (Prop_lut5_I3_O)        0.124    13.215 r  u_core/u_fetch/buffer_q[49]_i_1/O
                         net (fo=1, routed)           0.478    13.693    u_core/u_decode/buffer_q_reg[66]_0[47]
    SLICE_X16Y19         FDCE                                         r  u_core/u_decode/buffer_q_reg[49]/D
  -------------------------------------------------------------------    -------------------

                         (clock clk_i rise edge)     10.000    10.000 r  
                                                      0.000    10.000 r  clk_i (IN)
                         net (fo=2767, unset)         1.569    11.569    u_core/u_decode/clk_i
    SLICE_X16Y19         FDCE                                         r  u_core/u_decode/buffer_q_reg[49]/C
                         clock pessimism              0.115    11.684    
                         clock uncertainty           -0.035    11.649    
    SLICE_X16Y19         FDCE (Setup_fdce_C_D)       -0.013    11.636    u_core/u_decode/buffer_q_reg[49]
  -------------------------------------------------------------------
                         required time                         11.636    
                         arrival time                         -13.693    
  -------------------------------------------------------------------
                         slack                                 -2.058    

Slack (VIOLATED) :        -2.052ns  (required time - arrival time)
  Source:                 u_tcm/u_ram/ram_reg_0_3/CLKARDCLK
                            (rising edge-triggered cell RAMB36E1 clocked by clk_i  {rise@0.000ns fall@5.000ns period=10.000ns})
  Destination:            u_core/u_decode/buffer_q_reg[44]/CE
                            (rising edge-triggered cell FDCE clocked by clk_i  {rise@0.000ns fall@5.000ns period=10.000ns})
  Path Group:             clk_i
  Path Type:              Setup (Max at Slow Process Corner)
  Requirement:            10.000ns  (clk_i rise@10.000ns - clk_i rise@0.000ns)
  Data Path Delay:        11.701ns  (logic 4.671ns (39.920%)  route 7.030ns (60.080%))
  Logic Levels:           13  (CARRY4=6 LUT3=1 LUT6=6)
  Clock Path Skew:        -0.110ns (DCD - SCD + CPR)
    Destination Clock Delay (DCD):    1.565ns = ( 11.565 - 10.000 ) 
    Source Clock Delay      (SCD):    1.790ns
    Clock Pessimism Removal (CPR):    0.115ns
  Clock Uncertainty:      0.035ns  ((TSJ^2 + TIJ^2)^1/2 + DJ) / 2 + PE
    Total System Jitter     (TSJ):    0.071ns
    Total Input Jitter      (TIJ):    0.000ns
    Discrete Jitter          (DJ):    0.000ns
    Phase Error              (PE):    0.000ns

    Location             Delay type                Incr(ns)  Path(ns)    Netlist Resource(s)
  -------------------------------------------------------------------    -------------------
                         (clock clk_i rise edge)      0.000     0.000 r  
                                                      0.000     0.000 r  clk_i (IN)
                         net (fo=2767, unset)         1.790     1.790    u_tcm/u_ram/clk_i
    RAMB36_X1Y2          RAMB36E1                                     r  u_tcm/u_ram/ram_reg_0_3/CLKARDCLK
  -------------------------------------------------------------------    -------------------
    RAMB36_X1Y2          RAMB36E1 (Prop_ramb36e1_CLKARDCLK_DOADO[1])
                                                      2.454     4.244 r  u_tcm/u_ram/ram_reg_0_3/DOADO[1]
                         net (fo=6, routed)           1.180     5.425    u_core/u_lsu/u_lsu_request/ram_read1_q[1]
    SLICE_X21Y17         LUT6 (Prop_lut6_I2_O)        0.124     5.549 r  u_core/u_lsu/u_lsu_request/result_wb_q[31]_i_8/O
                         net (fo=1, routed)           0.670     6.219    u_core/u_lsu/u_lsu_request/result_wb_q[31]_i_8_n_0
    SLICE_X21Y17         LUT6 (Prop_lut6_I1_O)        0.124     6.343 r  u_core/u_lsu/u_lsu_request/result_wb_q[31]_i_3/O
                         net (fo=29, routed)          1.322     7.665    u_core/u_lsu/u_lsu_request/result_wb_q[31]_i_3_n_0
    SLICE_X17Y13         LUT6 (Prop_lut6_I2_O)        0.124     7.789 r  u_core/u_lsu/u_lsu_request/result_wb_q[10]_i_1/O
                         net (fo=3, routed)           0.597     8.386    u_core/u_issue/u_pipe_ctrl/result_wb_q_reg[31]_1[5]
    SLICE_X16Y13         LUT6 (Prop_lut6_I2_O)        0.124     8.510 r  u_core/u_issue/u_pipe_ctrl/sub_res_w_carry__1_i_10/O
                         net (fo=15, routed)          0.529     9.039    u_core/u_issue/u_pipe_ctrl/result_q_reg[11][2]
    SLICE_X19Y15         CARRY4 (Prop_carry4_DI[2]_CO[3])
                                                      0.398     9.437 r  u_core/u_issue/u_pipe_ctrl/buffer_q_reg[66]_i_125/CO[3]
                         net (fo=1, routed)           0.000     9.437    u_core/u_issue/u_pipe_ctrl/buffer_q_reg[66]_i_125_n_0
    SLICE_X19Y16         CARRY4 (Prop_carry4_CI_CO[3])
                                                      0.114     9.551 r  u_core/u_issue/u_pipe_ctrl/buffer_q_reg[66]_i_115/CO[3]
                         net (fo=1, routed)           0.000     9.551    u_core/u_issue/u_pipe_ctrl/buffer_q_reg[66]_i_115_n_0
    SLICE_X19Y17         CARRY4 (Prop_carry4_CI_CO[3])
                                                      0.114     9.665 r  u_core/u_issue/u_pipe_ctrl/buffer_q_reg[66]_i_97/CO[3]
                         net (fo=1, routed)           0.000     9.665    u_core/u_issue/u_pipe_ctrl/buffer_q_reg[66]_i_97_n_0
    SLICE_X19Y18         CARRY4 (Prop_carry4_CI_CO[3])
                                                      0.114     9.779 r  u_core/u_issue/u_pipe_ctrl/buffer_q_reg[66]_i_74/CO[3]
                         net (fo=1, routed)           0.000     9.779    u_core/u_issue/u_pipe_ctrl/buffer_q_reg[66]_i_74_n_0
    SLICE_X19Y19         CARRY4 (Prop_carry4_CI_CO[3])
                                                      0.114     9.893 r  u_core/u_issue/u_pipe_ctrl/buffer_q_reg[66]_i_46/CO[3]
                         net (fo=1, routed)           0.000     9.893    u_core/u_issue/u_pipe_ctrl/buffer_q_reg[66]_i_46_n_0
    SLICE_X19Y20         CARRY4 (Prop_carry4_CI_O[3])
                                                      0.313    10.206 r  u_core/u_issue/u_pipe_ctrl/buffer_q_reg[66]_i_22/O[3]
                         net (fo=1, routed)           0.452    10.658    u_core/u_issue/u_pipe_ctrl/u_exec/less_than_signed01_out[31]
    SLICE_X16Y17         LUT3 (Prop_lut3_I2_O)        0.306    10.964 r  u_core/u_issue/u_pipe_ctrl/buffer_q[66]_i_14/O
                         net (fo=1, routed)           0.629    11.594    u_core/u_decode/buffer_q[66]_i_4_0
    SLICE_X14Y16         LUT6 (Prop_lut6_I3_O)        0.124    11.718 r  u_core/u_decode/buffer_q[66]_i_9_comp_1/O
                         net (fo=3, routed)           0.799    12.517    u_core/u_decode/buffer_q[66]_i_9_n_0
    SLICE_X16Y19         LUT6 (Prop_lut6_I3_O)        0.124    12.641 r  u_core/u_decode/buffer_q[66]_i_1_comp/O
                         net (fo=69, routed)          0.850    13.491    u_core/u_decode/buffer_q[66]_i_1_n_0
    SLICE_X19Y26         FDCE                                         r  u_core/u_decode/buffer_q_reg[44]/CE
  -------------------------------------------------------------------    -------------------

                         (clock clk_i rise edge)     10.000    10.000 r  
                                                      0.000    10.000 r  clk_i (IN)
                         net (fo=2767, unset)         1.565    11.565    u_core/u_decode/clk_i
    SLICE_X19Y26         FDCE                                         r  u_core/u_decode/buffer_q_reg[44]/C
                         clock pessimism              0.115    11.680    
                         clock uncertainty           -0.035    11.645    
    SLICE_X19Y26         FDCE (Setup_fdce_C_CE)      -0.205    11.440    u_core/u_decode/buffer_q_reg[44]
  -------------------------------------------------------------------
                         required time                         11.440    
                         arrival time                         -13.491    
  -------------------------------------------------------------------
                         slack                                 -2.052    

Slack (VIOLATED) :        -2.045ns  (required time - arrival time)
  Source:                 u_tcm/u_ram/ram_reg_0_3/CLKARDCLK
                            (rising edge-triggered cell RAMB36E1 clocked by clk_i  {rise@0.000ns fall@5.000ns period=10.000ns})
  Destination:            u_core/u_decode/buffer_q_reg[13]/D
                            (rising edge-triggered cell FDCE clocked by clk_i  {rise@0.000ns fall@5.000ns period=10.000ns})
  Path Group:             clk_i
  Path Type:              Setup (Max at Slow Process Corner)
  Requirement:            10.000ns  (clk_i rise@10.000ns - clk_i rise@0.000ns)
  Data Path Delay:        11.891ns  (logic 4.795ns (40.324%)  route 7.096ns (59.676%))
  Logic Levels:           14  (CARRY4=6 LUT3=1 LUT5=1 LUT6=6)
  Clock Path Skew:        -0.105ns (DCD - SCD + CPR)
    Destination Clock Delay (DCD):    1.570ns = ( 11.570 - 10.000 ) 
    Source Clock Delay      (SCD):    1.790ns
    Clock Pessimism Removal (CPR):    0.115ns
  Clock Uncertainty:      0.035ns  ((TSJ^2 + TIJ^2)^1/2 + DJ) / 2 + PE
    Total System Jitter     (TSJ):    0.071ns
    Total Input Jitter      (TIJ):    0.000ns
    Discrete Jitter          (DJ):    0.000ns
    Phase Error              (PE):    0.000ns

    Location             Delay type                Incr(ns)  Path(ns)    Netlist Resource(s)
  -------------------------------------------------------------------    -------------------
                         (clock clk_i rise edge)      0.000     0.000 r  
                                                      0.000     0.000 r  clk_i (IN)
                         net (fo=2767, unset)         1.790     1.790    u_tcm/u_ram/clk_i
    RAMB36_X1Y2          RAMB36E1                                     r  u_tcm/u_ram/ram_reg_0_3/CLKARDCLK
  -------------------------------------------------------------------    -------------------
    RAMB36_X1Y2          RAMB36E1 (Prop_ramb36e1_CLKARDCLK_DOADO[1])
                                                      2.454     4.244 r  u_tcm/u_ram/ram_reg_0_3/DOADO[1]
                         net (fo=6, routed)           1.180     5.425    u_core/u_lsu/u_lsu_request/ram_read1_q[1]
    SLICE_X21Y17         LUT6 (Prop_lut6_I2_O)        0.124     5.549 r  u_core/u_lsu/u_lsu_request/result_wb_q[31]_i_8/O
                         net (fo=1, routed)           0.670     6.219    u_core/u_lsu/u_lsu_request/result_wb_q[31]_i_8_n_0
    SLICE_X21Y17         LUT6 (Prop_lut6_I1_O)        0.124     6.343 r  u_core/u_lsu/u_lsu_request/result_wb_q[31]_i_3/O
                         net (fo=29, routed)          1.322     7.665    u_core/u_lsu/u_lsu_request/result_wb_q[31]_i_3_n_0
    SLICE_X17Y13         LUT6 (Prop_lut6_I2_O)        0.124     7.789 r  u_core/u_lsu/u_lsu_request/result_wb_q[10]_i_1/O
                         net (fo=3, routed)           0.597     8.386    u_core/u_issue/u_pipe_ctrl/result_wb_q_reg[31]_1[5]
    SLICE_X16Y13         LUT6 (Prop_lut6_I2_O)        0.124     8.510 r  u_core/u_issue/u_pipe_ctrl/sub_res_w_carry__1_i_10/O
                         net (fo=15, routed)          0.529     9.039    u_core/u_issue/u_pipe_ctrl/result_q_reg[11][2]
    SLICE_X19Y15         CARRY4 (Prop_carry4_DI[2]_CO[3])
                                                      0.398     9.437 r  u_core/u_issue/u_pipe_ctrl/buffer_q_reg[66]_i_125/CO[3]
                         net (fo=1, routed)           0.000     9.437    u_core/u_issue/u_pipe_ctrl/buffer_q_reg[66]_i_125_n_0
    SLICE_X19Y16         CARRY4 (Prop_carry4_CI_CO[3])
                                                      0.114     9.551 r  u_core/u_issue/u_pipe_ctrl/buffer_q_reg[66]_i_115/CO[3]
                         net (fo=1, routed)           0.000     9.551    u_core/u_issue/u_pipe_ctrl/buffer_q_reg[66]_i_115_n_0
    SLICE_X19Y17         CARRY4 (Prop_carry4_CI_CO[3])
                                                      0.114     9.665 r  u_core/u_issue/u_pipe_ctrl/buffer_q_reg[66]_i_97/CO[3]
                         net (fo=1, routed)           0.000     9.665    u_core/u_issue/u_pipe_ctrl/buffer_q_reg[66]_i_97_n_0
    SLICE_X19Y18         CARRY4 (Prop_carry4_CI_CO[3])
                                                      0.114     9.779 r  u_core/u_issue/u_pipe_ctrl/buffer_q_reg[66]_i_74/CO[3]
                         net (fo=1, routed)           0.000     9.779    u_core/u_issue/u_pipe_ctrl/buffer_q_reg[66]_i_74_n_0
    SLICE_X19Y19         CARRY4 (Prop_carry4_CI_CO[3])
                                                      0.114     9.893 r  u_core/u_issue/u_pipe_ctrl/buffer_q_reg[66]_i_46/CO[3]
                         net (fo=1, routed)           0.000     9.893    u_core/u_issue/u_pipe_ctrl/buffer_q_reg[66]_i_46_n_0
    SLICE_X19Y20         CARRY4 (Prop_carry4_CI_O[3])
                                                      0.313    10.206 f  u_core/u_issue/u_pipe_ctrl/buffer_q_reg[66]_i_22/O[3]
                         net (fo=1, routed)           0.452    10.658    u_core/u_issue/u_pipe_ctrl/u_exec/less_than_signed01_out[31]
    SLICE_X16Y17         LUT3 (Prop_lut3_I2_O)        0.306    10.964 f  u_core/u_issue/u_pipe_ctrl/buffer_q[66]_i_14/O
                         net (fo=1, routed)           0.629    11.594    u_core/u_decode/buffer_q[66]_i_4_0
    SLICE_X14Y16         LUT6 (Prop_lut6_I3_O)        0.124    11.718 f  u_core/u_decode/buffer_q[66]_i_9_comp_1/O
                         net (fo=3, routed)           0.344    12.062    u_core/u_decode/buffer_q[66]_i_9_n_0
    SLICE_X17Y17         LUT6 (Prop_lut6_I5_O)        0.124    12.186 f  u_core/u_decode/buffer_q[66]_i_4/O
                         net (fo=101, routed)         0.691    12.878    u_core/u_fetch/branch_d_exec_request_w
    SLICE_X23Y16         LUT5 (Prop_lut5_I3_O)        0.124    13.002 r  u_core/u_fetch/buffer_q[13]_i_1/O
                         net (fo=1, routed)           0.680    13.682    u_core/u_decode/buffer_q_reg[66]_0[11]
    SLICE_X18Y18         FDCE                                         r  u_core/u_decode/buffer_q_reg[13]/D
  -------------------------------------------------------------------    -------------------

                         (clock clk_i rise edge)     10.000    10.000 r  
                                                      0.000    10.000 r  clk_i (IN)
                         net (fo=2767, unset)         1.570    11.570    u_core/u_decode/clk_i
    SLICE_X18Y18         FDCE                                         r  u_core/u_decode/buffer_q_reg[13]/C
                         clock pessimism              0.115    11.685    
                         clock uncertainty           -0.035    11.650    
    SLICE_X18Y18         FDCE (Setup_fdce_C_D)       -0.013    11.637    u_core/u_decode/buffer_q_reg[13]
  -------------------------------------------------------------------
                         required time                         11.637    
                         arrival time                         -13.682    
  -------------------------------------------------------------------
                         slack                                 -2.045    

Slack (VIOLATED) :        -2.040ns  (required time - arrival time)
  Source:                 u_tcm/u_ram/ram_reg_0_3/CLKARDCLK
                            (rising edge-triggered cell RAMB36E1 clocked by clk_i  {rise@0.000ns fall@5.000ns period=10.000ns})
  Destination:            u_core/u_decode/buffer_q_reg[45]/CE
                            (rising edge-triggered cell FDCE clocked by clk_i  {rise@0.000ns fall@5.000ns period=10.000ns})
  Path Group:             clk_i
  Path Type:              Setup (Max at Slow Process Corner)
  Requirement:            10.000ns  (clk_i rise@10.000ns - clk_i rise@0.000ns)
  Data Path Delay:        11.690ns  (logic 4.671ns (39.956%)  route 7.019ns (60.043%))
  Logic Levels:           13  (CARRY4=6 LUT3=1 LUT6=6)
  Clock Path Skew:        -0.109ns (DCD - SCD + CPR)
    Destination Clock Delay (DCD):    1.566ns = ( 11.566 - 10.000 ) 
    Source Clock Delay      (SCD):    1.790ns
    Clock Pessimism Removal (CPR):    0.115ns
  Clock Uncertainty:      0.035ns  ((TSJ^2 + TIJ^2)^1/2 + DJ) / 2 + PE
    Total System Jitter     (TSJ):    0.071ns
    Total Input Jitter      (TIJ):    0.000ns
    Discrete Jitter          (DJ):    0.000ns
    Phase Error              (PE):    0.000ns

    Location             Delay type                Incr(ns)  Path(ns)    Netlist Resource(s)
  -------------------------------------------------------------------    -------------------
                         (clock clk_i rise edge)      0.000     0.000 r  
                                                      0.000     0.000 r  clk_i (IN)
                         net (fo=2767, unset)         1.790     1.790    u_tcm/u_ram/clk_i
    RAMB36_X1Y2          RAMB36E1                                     r  u_tcm/u_ram/ram_reg_0_3/CLKARDCLK
  -------------------------------------------------------------------    -------------------
    RAMB36_X1Y2          RAMB36E1 (Prop_ramb36e1_CLKARDCLK_DOADO[1])
                                                      2.454     4.244 r  u_tcm/u_ram/ram_reg_0_3/DOADO[1]
                         net (fo=6, routed)           1.180     5.425    u_core/u_lsu/u_lsu_request/ram_read1_q[1]
    SLICE_X21Y17         LUT6 (Prop_lut6_I2_O)        0.124     5.549 r  u_core/u_lsu/u_lsu_request/result_wb_q[31]_i_8/O
                         net (fo=1, routed)           0.670     6.219    u_core/u_lsu/u_lsu_request/result_wb_q[31]_i_8_n_0
    SLICE_X21Y17         LUT6 (Prop_lut6_I1_O)        0.124     6.343 r  u_core/u_lsu/u_lsu_request/result_wb_q[31]_i_3/O
                         net (fo=29, routed)          1.322     7.665    u_core/u_lsu/u_lsu_request/result_wb_q[31]_i_3_n_0
    SLICE_X17Y13         LUT6 (Prop_lut6_I2_O)        0.124     7.789 r  u_core/u_lsu/u_lsu_request/result_wb_q[10]_i_1/O
                         net (fo=3, routed)           0.597     8.386    u_core/u_issue/u_pipe_ctrl/result_wb_q_reg[31]_1[5]
    SLICE_X16Y13         LUT6 (Prop_lut6_I2_O)        0.124     8.510 r  u_core/u_issue/u_pipe_ctrl/sub_res_w_carry__1_i_10/O
                         net (fo=15, routed)          0.529     9.039    u_core/u_issue/u_pipe_ctrl/result_q_reg[11][2]
    SLICE_X19Y15         CARRY4 (Prop_carry4_DI[2]_CO[3])
                                                      0.398     9.437 r  u_core/u_issue/u_pipe_ctrl/buffer_q_reg[66]_i_125/CO[3]
                         net (fo=1, routed)           0.000     9.437    u_core/u_issue/u_pipe_ctrl/buffer_q_reg[66]_i_125_n_0
    SLICE_X19Y16         CARRY4 (Prop_carry4_CI_CO[3])
                                                      0.114     9.551 r  u_core/u_issue/u_pipe_ctrl/buffer_q_reg[66]_i_115/CO[3]
                         net (fo=1, routed)           0.000     9.551    u_core/u_issue/u_pipe_ctrl/buffer_q_reg[66]_i_115_n_0
    SLICE_X19Y17         CARRY4 (Prop_carry4_CI_CO[3])
                                                      0.114     9.665 r  u_core/u_issue/u_pipe_ctrl/buffer_q_reg[66]_i_97/CO[3]
                         net (fo=1, routed)           0.000     9.665    u_core/u_issue/u_pipe_ctrl/buffer_q_reg[66]_i_97_n_0
    SLICE_X19Y18         CARRY4 (Prop_carry4_CI_CO[3])
                                                      0.114     9.779 r  u_core/u_issue/u_pipe_ctrl/buffer_q_reg[66]_i_74/CO[3]
                         net (fo=1, routed)           0.000     9.779    u_core/u_issue/u_pipe_ctrl/buffer_q_reg[66]_i_74_n_0
    SLICE_X19Y19         CARRY4 (Prop_carry4_CI_CO[3])
                                                      0.114     9.893 r  u_core/u_issue/u_pipe_ctrl/buffer_q_reg[66]_i_46/CO[3]
                         net (fo=1, routed)           0.000     9.893    u_core/u_issue/u_pipe_ctrl/buffer_q_reg[66]_i_46_n_0
    SLICE_X19Y20         CARRY4 (Prop_carry4_CI_O[3])
                                                      0.313    10.206 r  u_core/u_issue/u_pipe_ctrl/buffer_q_reg[66]_i_22/O[3]
                         net (fo=1, routed)           0.452    10.658    u_core/u_issue/u_pipe_ctrl/u_exec/less_than_signed01_out[31]
    SLICE_X16Y17         LUT3 (Prop_lut3_I2_O)        0.306    10.964 r  u_core/u_issue/u_pipe_ctrl/buffer_q[66]_i_14/O
                         net (fo=1, routed)           0.629    11.594    u_core/u_decode/buffer_q[66]_i_4_0
    SLICE_X14Y16         LUT6 (Prop_lut6_I3_O)        0.124    11.718 r  u_core/u_decode/buffer_q[66]_i_9_comp_1/O
                         net (fo=3, routed)           0.799    12.517    u_core/u_decode/buffer_q[66]_i_9_n_0
    SLICE_X16Y19         LUT6 (Prop_lut6_I3_O)        0.124    12.641 r  u_core/u_decode/buffer_q[66]_i_1_comp/O
                         net (fo=69, routed)          0.839    13.481    u_core/u_decode/buffer_q[66]_i_1_n_0
    SLICE_X17Y27         FDCE                                         r  u_core/u_decode/buffer_q_reg[45]/CE
  -------------------------------------------------------------------    -------------------

                         (clock clk_i rise edge)     10.000    10.000 r  
                                                      0.000    10.000 r  clk_i (IN)
                         net (fo=2767, unset)         1.566    11.566    u_core/u_decode/clk_i
    SLICE_X17Y27         FDCE                                         r  u_core/u_decode/buffer_q_reg[45]/C
                         clock pessimism              0.115    11.681    
                         clock uncertainty           -0.035    11.646    
    SLICE_X17Y27         FDCE (Setup_fdce_C_CE)      -0.205    11.441    u_core/u_decode/buffer_q_reg[45]
  -------------------------------------------------------------------
                         required time                         11.441    
                         arrival time                         -13.481    
  -------------------------------------------------------------------
                         slack                                 -2.040    

Slack (VIOLATED) :        -2.037ns  (required time - arrival time)
  Source:                 u_tcm/u_ram/ram_reg_0_3/CLKARDCLK
                            (rising edge-triggered cell RAMB36E1 clocked by clk_i  {rise@0.000ns fall@5.000ns period=10.000ns})
  Destination:            u_core/u_fetch/branch_pc_q_reg[5]/D
                            (rising edge-triggered cell FDCE clocked by clk_i  {rise@0.000ns fall@5.000ns period=10.000ns})
  Path Group:             clk_i
  Path Type:              Setup (Max at Slow Process Corner)
  Requirement:            10.000ns  (clk_i rise@10.000ns - clk_i rise@0.000ns)
  Data Path Delay:        11.882ns  (logic 4.795ns (40.356%)  route 7.087ns (59.644%))
  Logic Levels:           14  (CARRY4=6 LUT3=1 LUT4=1 LUT6=6)
  Clock Path Skew:        -0.106ns (DCD - SCD + CPR)
    Destination Clock Delay (DCD):    1.569ns = ( 11.569 - 10.000 ) 
    Source Clock Delay      (SCD):    1.790ns
    Clock Pessimism Removal (CPR):    0.115ns
  Clock Uncertainty:      0.035ns  ((TSJ^2 + TIJ^2)^1/2 + DJ) / 2 + PE
    Total System Jitter     (TSJ):    0.071ns
    Total Input Jitter      (TIJ):    0.000ns
    Discrete Jitter          (DJ):    0.000ns
    Phase Error              (PE):    0.000ns

    Location             Delay type                Incr(ns)  Path(ns)    Netlist Resource(s)
  -------------------------------------------------------------------    -------------------
                         (clock clk_i rise edge)      0.000     0.000 r  
                                                      0.000     0.000 r  clk_i (IN)
                         net (fo=2767, unset)         1.790     1.790    u_tcm/u_ram/clk_i
    RAMB36_X1Y2          RAMB36E1                                     r  u_tcm/u_ram/ram_reg_0_3/CLKARDCLK
  -------------------------------------------------------------------    -------------------
    RAMB36_X1Y2          RAMB36E1 (Prop_ramb36e1_CLKARDCLK_DOADO[1])
                                                      2.454     4.244 r  u_tcm/u_ram/ram_reg_0_3/DOADO[1]
                         net (fo=6, routed)           1.180     5.425    u_core/u_lsu/u_lsu_request/ram_read1_q[1]
    SLICE_X21Y17         LUT6 (Prop_lut6_I2_O)        0.124     5.549 r  u_core/u_lsu/u_lsu_request/result_wb_q[31]_i_8/O
                         net (fo=1, routed)           0.670     6.219    u_core/u_lsu/u_lsu_request/result_wb_q[31]_i_8_n_0
    SLICE_X21Y17         LUT6 (Prop_lut6_I1_O)        0.124     6.343 r  u_core/u_lsu/u_lsu_request/result_wb_q[31]_i_3/O
                         net (fo=29, routed)          1.322     7.665    u_core/u_lsu/u_lsu_request/result_wb_q[31]_i_3_n_0
    SLICE_X17Y13         LUT6 (Prop_lut6_I2_O)        0.124     7.789 r  u_core/u_lsu/u_lsu_request/result_wb_q[10]_i_1/O
                         net (fo=3, routed)           0.597     8.386    u_core/u_issue/u_pipe_ctrl/result_wb_q_reg[31]_1[5]
    SLICE_X16Y13         LUT6 (Prop_lut6_I2_O)        0.124     8.510 r  u_core/u_issue/u_pipe_ctrl/sub_res_w_carry__1_i_10/O
                         net (fo=15, routed)          0.529     9.039    u_core/u_issue/u_pipe_ctrl/result_q_reg[11][2]
    SLICE_X19Y15         CARRY4 (Prop_carry4_DI[2]_CO[3])
                                                      0.398     9.437 r  u_core/u_issue/u_pipe_ctrl/buffer_q_reg[66]_i_125/CO[3]
                         net (fo=1, routed)           0.000     9.437    u_core/u_issue/u_pipe_ctrl/buffer_q_reg[66]_i_125_n_0
    SLICE_X19Y16         CARRY4 (Prop_carry4_CI_CO[3])
                                                      0.114     9.551 r  u_core/u_issue/u_pipe_ctrl/buffer_q_reg[66]_i_115/CO[3]
                         net (fo=1, routed)           0.000     9.551    u_core/u_issue/u_pipe_ctrl/buffer_q_reg[66]_i_115_n_0
    SLICE_X19Y17         CARRY4 (Prop_carry4_CI_CO[3])
                                                      0.114     9.665 r  u_core/u_issue/u_pipe_ctrl/buffer_q_reg[66]_i_97/CO[3]
                         net (fo=1, routed)           0.000     9.665    u_core/u_issue/u_pipe_ctrl/buffer_q_reg[66]_i_97_n_0
    SLICE_X19Y18         CARRY4 (Prop_carry4_CI_CO[3])
                                                      0.114     9.779 r  u_core/u_issue/u_pipe_ctrl/buffer_q_reg[66]_i_74/CO[3]
                         net (fo=1, routed)           0.000     9.779    u_core/u_issue/u_pipe_ctrl/buffer_q_reg[66]_i_74_n_0
    SLICE_X19Y19         CARRY4 (Prop_carry4_CI_CO[3])
                                                      0.114     9.893 r  u_core/u_issue/u_pipe_ctrl/buffer_q_reg[66]_i_46/CO[3]
                         net (fo=1, routed)           0.000     9.893    u_core/u_issue/u_pipe_ctrl/buffer_q_reg[66]_i_46_n_0
    SLICE_X19Y20         CARRY4 (Prop_carry4_CI_O[3])
                                                      0.313    10.206 r  u_core/u_issue/u_pipe_ctrl/buffer_q_reg[66]_i_22/O[3]
                         net (fo=1, routed)           0.452    10.658    u_core/u_issue/u_pipe_ctrl/u_exec/less_than_signed01_out[31]
    SLICE_X16Y17         LUT3 (Prop_lut3_I2_O)        0.306    10.964 r  u_core/u_issue/u_pipe_ctrl/buffer_q[66]_i_14/O
                         net (fo=1, routed)           0.629    11.594    u_core/u_decode/buffer_q[66]_i_4_0
    SLICE_X14Y16         LUT6 (Prop_lut6_I3_O)        0.124    11.718 r  u_core/u_decode/buffer_q[66]_i_9_comp_1/O
                         net (fo=3, routed)           0.344    12.062    u_core/u_decode/buffer_q[66]_i_9_n_0
    SLICE_X17Y17         LUT6 (Prop_lut6_I5_O)        0.124    12.186 r  u_core/u_decode/buffer_q[66]_i_4/O
                         net (fo=101, routed)         0.890    13.076    u_core/u_decode/branch_d_exec_request_w
    SLICE_X16Y24         LUT4 (Prop_lut4_I0_O)        0.124    13.200 r  u_core/u_decode/branch_pc_q[5]_i_1/O
                         net (fo=1, routed)           0.472    13.672    u_core/u_fetch/D[3]
    SLICE_X16Y20         FDCE                                         r  u_core/u_fetch/branch_pc_q_reg[5]/D
  -------------------------------------------------------------------    -------------------

                         (clock clk_i rise edge)     10.000    10.000 r  
                                                      0.000    10.000 r  clk_i (IN)
                         net (fo=2767, unset)         1.569    11.569    u_core/u_fetch/clk_i
    SLICE_X16Y20         FDCE                                         r  u_core/u_fetch/branch_pc_q_reg[5]/C
                         clock pessimism              0.115    11.684    
                         clock uncertainty           -0.035    11.649    
    SLICE_X16Y20         FDCE (Setup_fdce_C_D)       -0.013    11.636    u_core/u_fetch/branch_pc_q_reg[5]
  -------------------------------------------------------------------
                         required time                         11.636    
                         arrival time                         -13.672    
  -------------------------------------------------------------------
                         slack                                 -2.037    

Slack (VIOLATED) :        -2.024ns  (required time - arrival time)
  Source:                 u_tcm/u_ram/ram_reg_0_3/CLKARDCLK
                            (rising edge-triggered cell RAMB36E1 clocked by clk_i  {rise@0.000ns fall@5.000ns period=10.000ns})
  Destination:            u_core/u_fetch/branch_pc_q_reg[13]/CE
                            (rising edge-triggered cell FDCE clocked by clk_i  {rise@0.000ns fall@5.000ns period=10.000ns})
  Path Group:             clk_i
  Path Type:              Setup (Max at Slow Process Corner)
  Requirement:            10.000ns  (clk_i rise@10.000ns - clk_i rise@0.000ns)
  Data Path Delay:        11.677ns  (logic 4.795ns (41.062%)  route 6.882ns (58.938%))
  Logic Levels:           14  (CARRY4=6 LUT3=1 LUT6=7)
  Clock Path Skew:        -0.106ns (DCD - SCD + CPR)
    Destination Clock Delay (DCD):    1.569ns = ( 11.569 - 10.000 ) 
    Source Clock Delay      (SCD):    1.790ns
    Clock Pessimism Removal (CPR):    0.115ns
  Clock Uncertainty:      0.035ns  ((TSJ^2 + TIJ^2)^1/2 + DJ) / 2 + PE
    Total System Jitter     (TSJ):    0.071ns
    Total Input Jitter      (TIJ):    0.000ns
    Discrete Jitter          (DJ):    0.000ns
    Phase Error              (PE):    0.000ns

    Location             Delay type                Incr(ns)  Path(ns)    Netlist Resource(s)
  -------------------------------------------------------------------    -------------------
                         (clock clk_i rise edge)      0.000     0.000 r  
                                                      0.000     0.000 r  clk_i (IN)
                         net (fo=2767, unset)         1.790     1.790    u_tcm/u_ram/clk_i
    RAMB36_X1Y2          RAMB36E1                                     r  u_tcm/u_ram/ram_reg_0_3/CLKARDCLK
  -------------------------------------------------------------------    -------------------
    RAMB36_X1Y2          RAMB36E1 (Prop_ramb36e1_CLKARDCLK_DOADO[1])
                                                      2.454     4.244 r  u_tcm/u_ram/ram_reg_0_3/DOADO[1]
                         net (fo=6, routed)           1.180     5.425    u_core/u_lsu/u_lsu_request/ram_read1_q[1]
    SLICE_X21Y17         LUT6 (Prop_lut6_I2_O)        0.124     5.549 r  u_core/u_lsu/u_lsu_request/result_wb_q[31]_i_8/O
                         net (fo=1, routed)           0.670     6.219    u_core/u_lsu/u_lsu_request/result_wb_q[31]_i_8_n_0
    SLICE_X21Y17         LUT6 (Prop_lut6_I1_O)        0.124     6.343 r  u_core/u_lsu/u_lsu_request/result_wb_q[31]_i_3/O
                         net (fo=29, routed)          1.322     7.665    u_core/u_lsu/u_lsu_request/result_wb_q[31]_i_3_n_0
    SLICE_X17Y13         LUT6 (Prop_lut6_I2_O)        0.124     7.789 r  u_core/u_lsu/u_lsu_request/result_wb_q[10]_i_1/O
                         net (fo=3, routed)           0.597     8.386    u_core/u_issue/u_pipe_ctrl/result_wb_q_reg[31]_1[5]
    SLICE_X16Y13         LUT6 (Prop_lut6_I2_O)        0.124     8.510 r  u_core/u_issue/u_pipe_ctrl/sub_res_w_carry__1_i_10/O
                         net (fo=15, routed)          0.529     9.039    u_core/u_issue/u_pipe_ctrl/result_q_reg[11][2]
    SLICE_X19Y15         CARRY4 (Prop_carry4_DI[2]_CO[3])
                                                      0.398     9.437 r  u_core/u_issue/u_pipe_ctrl/buffer_q_reg[66]_i_125/CO[3]
                         net (fo=1, routed)           0.000     9.437    u_core/u_issue/u_pipe_ctrl/buffer_q_reg[66]_i_125_n_0
    SLICE_X19Y16         CARRY4 (Prop_carry4_CI_CO[3])
                                                      0.114     9.551 r  u_core/u_issue/u_pipe_ctrl/buffer_q_reg[66]_i_115/CO[3]
                         net (fo=1, routed)           0.000     9.551    u_core/u_issue/u_pipe_ctrl/buffer_q_reg[66]_i_115_n_0
    SLICE_X19Y17         CARRY4 (Prop_carry4_CI_CO[3])
                                                      0.114     9.665 r  u_core/u_issue/u_pipe_ctrl/buffer_q_reg[66]_i_97/CO[3]
                         net (fo=1, routed)           0.000     9.665    u_core/u_issue/u_pipe_ctrl/buffer_q_reg[66]_i_97_n_0
    SLICE_X19Y18         CARRY4 (Prop_carry4_CI_CO[3])
                                                      0.114     9.779 r  u_core/u_issue/u_pipe_ctrl/buffer_q_reg[66]_i_74/CO[3]
                         net (fo=1, routed)           0.000     9.779    u_core/u_issue/u_pipe_ctrl/buffer_q_reg[66]_i_74_n_0
    SLICE_X19Y19         CARRY4 (Prop_carry4_CI_CO[3])
                                                      0.114     9.893 r  u_core/u_issue/u_pipe_ctrl/buffer_q_reg[66]_i_46/CO[3]
                         net (fo=1, routed)           0.000     9.893    u_core/u_issue/u_pipe_ctrl/buffer_q_reg[66]_i_46_n_0
    SLICE_X19Y20         CARRY4 (Prop_carry4_CI_O[3])
                                                      0.313    10.206 r  u_core/u_issue/u_pipe_ctrl/buffer_q_reg[66]_i_22/O[3]
                         net (fo=1, routed)           0.452    10.658    u_core/u_issue/u_pipe_ctrl/u_exec/less_than_signed01_out[31]
    SLICE_X16Y17         LUT3 (Prop_lut3_I2_O)        0.306    10.964 r  u_core/u_issue/u_pipe_ctrl/buffer_q[66]_i_14/O
                         net (fo=1, routed)           0.629    11.594    u_core/u_decode/buffer_q[66]_i_4_0
    SLICE_X14Y16         LUT6 (Prop_lut6_I3_O)        0.124    11.718 r  u_core/u_decode/buffer_q[66]_i_9_comp_1/O
                         net (fo=3, routed)           0.344    12.062    u_core/u_decode/buffer_q[66]_i_9_n_0
    SLICE_X17Y17         LUT6 (Prop_lut6_I5_O)        0.124    12.186 r  u_core/u_decode/buffer_q[66]_i_4/O
                         net (fo=101, routed)         0.742    12.928    u_core/u_fetch/branch_d_exec_request_w
    SLICE_X16Y19         LUT6 (Prop_lut6_I3_O)        0.124    13.052 r  u_core/u_fetch/branch_pc_q[31]_i_1/O
                         net (fo=31, routed)          0.416    13.468    u_core/u_fetch/branch_pc_q[31]_i_1_n_0
    SLICE_X15Y20         FDCE                                         r  u_core/u_fetch/branch_pc_q_reg[13]/CE
  -------------------------------------------------------------------    -------------------

                         (clock clk_i rise edge)     10.000    10.000 r  
                                                      0.000    10.000 r  clk_i (IN)
                         net (fo=2767, unset)         1.569    11.569    u_core/u_fetch/clk_i
    SLICE_X15Y20         FDCE                                         r  u_core/u_fetch/branch_pc_q_reg[13]/C
                         clock pessimism              0.115    11.684    
                         clock uncertainty           -0.035    11.649    
    SLICE_X15Y20         FDCE (Setup_fdce_C_CE)      -0.205    11.444    u_core/u_fetch/branch_pc_q_reg[13]
  -------------------------------------------------------------------
                         required time                         11.444    
                         arrival time                         -13.468    
  -------------------------------------------------------------------
                         slack                                 -2.024    





Min Delay Paths
--------------------------------------------------------------------------------------
Slack (MET) :             0.080ns  (arrival time - required time)
  Source:                 u_core/u_csr/u_csrfile/csr_mtvec_q_reg[18]/C
                            (rising edge-triggered cell FDCE clocked by clk_i  {rise@0.000ns fall@5.000ns period=10.000ns})
  Destination:            u_core/u_csr/branch_target_q_reg[18]/D
                            (rising edge-triggered cell FDCE clocked by clk_i  {rise@0.000ns fall@5.000ns period=10.000ns})
  Path Group:             clk_i
  Path Type:              Hold (Min at Fast Process Corner)
  Requirement:            0.000ns  (clk_i rise@0.000ns - clk_i rise@0.000ns)
  Data Path Delay:        0.436ns  (logic 0.186ns (42.621%)  route 0.250ns (57.379%))
  Logic Levels:           1  (LUT6=1)
  Clock Path Skew:        0.264ns (DCD - SCD - CPR)
    Destination Clock Delay (DCD):    0.818ns
    Source Clock Delay      (SCD):    0.549ns
    Clock Pessimism Removal (CPR):    0.005ns

    Location             Delay type                Incr(ns)  Path(ns)    Netlist Resource(s)
  -------------------------------------------------------------------    -------------------
                         (clock clk_i rise edge)      0.000     0.000 r  
                                                      0.000     0.000 r  clk_i (IN)
                         net (fo=2767, unset)         0.549     0.549    u_core/u_csr/u_csrfile/clk_i
    SLICE_X51Y19         FDCE                                         r  u_core/u_csr/u_csrfile/csr_mtvec_q_reg[18]/C
  -------------------------------------------------------------------    -------------------
    SLICE_X51Y19         FDCE (Prop_fdce_C_Q)         0.141     0.690 r  u_core/u_csr/u_csrfile/csr_mtvec_q_reg[18]/Q
                         net (fo=2, routed)           0.250     0.940    u_core/u_issue/u_pipe_ctrl/branch_target_q_reg[31]_0[16]
    SLICE_X40Y20         LUT6 (Prop_lut6_I3_O)        0.045     0.985 r  u_core/u_issue/u_pipe_ctrl/branch_target_q[18]_i_1/O
                         net (fo=1, routed)           0.000     0.985    u_core/u_csr/branch_target_q_reg[31]_2[16]
    SLICE_X40Y20         FDCE                                         r  u_core/u_csr/branch_target_q_reg[18]/D
  -------------------------------------------------------------------    -------------------

                         (clock clk_i rise edge)      0.000     0.000 r  
                                                      0.000     0.000 r  clk_i (IN)
                         net (fo=2767, unset)         0.818     0.818    u_core/u_csr/clk_i
    SLICE_X40Y20         FDCE                                         r  u_core/u_csr/branch_target_q_reg[18]/C
                         clock pessimism             -0.005     0.813    
    SLICE_X40Y20         FDCE (Hold_fdce_C_D)         0.092     0.905    u_core/u_csr/branch_target_q_reg[18]
  -------------------------------------------------------------------
                         required time                         -0.905    
                         arrival time                           0.985    
  -------------------------------------------------------------------
                         slack                                  0.080    

Slack (MET) :             0.098ns  (arrival time - required time)
  Source:                 u_core/u_issue/u_pipe_ctrl/csr_wdata_wb_q_reg[18]/C
                            (rising edge-triggered cell FDCE clocked by clk_i  {rise@0.000ns fall@5.000ns period=10.000ns})
  Destination:            u_core/u_csr/u_csrfile/csr_mscratch_q_reg[18]/D
                            (rising edge-triggered cell FDCE clocked by clk_i  {rise@0.000ns fall@5.000ns period=10.000ns})
  Path Group:             clk_i
  Path Type:              Hold (Min at Fast Process Corner)
  Requirement:            0.000ns  (clk_i rise@0.000ns - clk_i rise@0.000ns)
  Data Path Delay:        0.428ns  (logic 0.141ns (32.930%)  route 0.287ns (67.070%))
  Logic Levels:           0  
  Clock Path Skew:        0.260ns (DCD - SCD - CPR)
    Destination Clock Delay (DCD):    0.813ns
    Source Clock Delay      (SCD):    0.548ns
    Clock Pessimism Removal (CPR):    0.005ns

    Location             Delay type                Incr(ns)  Path(ns)    Netlist Resource(s)
  -------------------------------------------------------------------    -------------------
                         (clock clk_i rise edge)      0.000     0.000 r  
                                                      0.000     0.000 r  clk_i (IN)
                         net (fo=2767, unset)         0.548     0.548    u_core/u_issue/u_pipe_ctrl/clk_i
    SLICE_X43Y24         FDCE                                         r  u_core/u_issue/u_pipe_ctrl/csr_wdata_wb_q_reg[18]/C
  -------------------------------------------------------------------    -------------------
    SLICE_X43Y24         FDCE (Prop_fdce_C_Q)         0.141     0.689 r  u_core/u_issue/u_pipe_ctrl/csr_wdata_wb_q_reg[18]/Q
                         net (fo=6, routed)           0.287     0.976    u_core/u_csr/u_csrfile/Q[18]
    SLICE_X51Y21         FDCE                                         r  u_core/u_csr/u_csrfile/csr_mscratch_q_reg[18]/D
  -------------------------------------------------------------------    -------------------

                         (clock clk_i rise edge)      0.000     0.000 r  
                                                      0.000     0.000 r  clk_i (IN)
                         net (fo=2767, unset)         0.813     0.813    u_core/u_csr/u_csrfile/clk_i
    SLICE_X51Y21         FDCE                                         r  u_core/u_csr/u_csrfile/csr_mscratch_q_reg[18]/C
                         clock pessimism             -0.005     0.808    
    SLICE_X51Y21         FDCE (Hold_fdce_C_D)         0.070     0.878    u_core/u_csr/u_csrfile/csr_mscratch_q_reg[18]
  -------------------------------------------------------------------
                         required time                         -0.878    
                         arrival time                           0.976    
  -------------------------------------------------------------------
                         slack                                  0.098    

Slack (MET) :             0.113ns  (arrival time - required time)
  Source:                 u_core/u_issue/u_pipe_ctrl/csr_wdata_wb_q_reg[15]/C
                            (rising edge-triggered cell FDCE clocked by clk_i  {rise@0.000ns fall@5.000ns period=10.000ns})
  Destination:            u_core/u_csr/u_csrfile/csr_mtvec_q_reg[15]/D
                            (rising edge-triggered cell FDCE clocked by clk_i  {rise@0.000ns fall@5.000ns period=10.000ns})
  Path Group:             clk_i
  Path Type:              Hold (Min at Fast Process Corner)
  Requirement:            0.000ns  (clk_i rise@0.000ns - clk_i rise@0.000ns)
  Data Path Delay:        0.444ns  (logic 0.164ns (36.961%)  route 0.280ns (63.039%))
  Logic Levels:           0  
  Clock Path Skew:        0.261ns (DCD - SCD - CPR)
    Destination Clock Delay (DCD):    0.815ns
    Source Clock Delay      (SCD):    0.549ns
    Clock Pessimism Removal (CPR):    0.005ns

    Location             Delay type                Incr(ns)  Path(ns)    Netlist Resource(s)
  -------------------------------------------------------------------    -------------------
                         (clock clk_i rise edge)      0.000     0.000 r  
                                                      0.000     0.000 r  clk_i (IN)
                         net (fo=2767, unset)         0.549     0.549    u_core/u_issue/u_pipe_ctrl/clk_i
    SLICE_X38Y23         FDCE                                         r  u_core/u_issue/u_pipe_ctrl/csr_wdata_wb_q_reg[15]/C
  -------------------------------------------------------------------    -------------------
    SLICE_X38Y23         FDCE (Prop_fdce_C_Q)         0.164     0.713 r  u_core/u_issue/u_pipe_ctrl/csr_wdata_wb_q_reg[15]/Q
                         net (fo=6, routed)           0.280     0.993    u_core/u_csr/u_csrfile/Q[15]
    SLICE_X51Y19         FDCE                                         r  u_core/u_csr/u_csrfile/csr_mtvec_q_reg[15]/D
  -------------------------------------------------------------------    -------------------

                         (clock clk_i rise edge)      0.000     0.000 r  
                                                      0.000     0.000 r  clk_i (IN)
                         net (fo=2767, unset)         0.815     0.815    u_core/u_csr/u_csrfile/clk_i
    SLICE_X51Y19         FDCE                                         r  u_core/u_csr/u_csrfile/csr_mtvec_q_reg[15]/C
                         clock pessimism             -0.005     0.810    
    SLICE_X51Y19         FDCE (Hold_fdce_C_D)         0.070     0.880    u_core/u_csr/u_csrfile/csr_mtvec_q_reg[15]
  -------------------------------------------------------------------
                         required time                         -0.880    
                         arrival time                           0.993    
  -------------------------------------------------------------------
                         slack                                  0.113    

Slack (MET) :             0.130ns  (arrival time - required time)
  Source:                 u_core/u_csr/u_csrfile/csr_mtvec_q_reg[15]/C
                            (rising edge-triggered cell FDCE clocked by clk_i  {rise@0.000ns fall@5.000ns period=10.000ns})
  Destination:            u_core/u_csr/branch_target_q_reg[15]/D
                            (rising edge-triggered cell FDCE clocked by clk_i  {rise@0.000ns fall@5.000ns period=10.000ns})
  Path Group:             clk_i
  Path Type:              Hold (Min at Fast Process Corner)
  Requirement:            0.000ns  (clk_i rise@0.000ns - clk_i rise@0.000ns)
  Data Path Delay:        0.514ns  (logic 0.186ns (36.171%)  route 0.328ns (63.829%))
  Logic Levels:           1  (LUT6=1)
  Clock Path Skew:        0.264ns (DCD - SCD - CPR)
    Destination Clock Delay (DCD):    0.818ns
    Source Clock Delay      (SCD):    0.549ns
    Clock Pessimism Removal (CPR):    0.005ns

    Location             Delay type                Incr(ns)  Path(ns)    Netlist Resource(s)
  -------------------------------------------------------------------    -------------------
                         (clock clk_i rise edge)      0.000     0.000 r  
                                                      0.000     0.000 r  clk_i (IN)
                         net (fo=2767, unset)         0.549     0.549    u_core/u_csr/u_csrfile/clk_i
    SLICE_X51Y19         FDCE                                         r  u_core/u_csr/u_csrfile/csr_mtvec_q_reg[15]/C
  -------------------------------------------------------------------    -------------------
    SLICE_X51Y19         FDCE (Prop_fdce_C_Q)         0.141     0.690 r  u_core/u_csr/u_csrfile/csr_mtvec_q_reg[15]/Q
                         net (fo=2, routed)           0.328     1.018    u_core/u_issue/u_pipe_ctrl/branch_target_q_reg[31]_0[13]
    SLICE_X38Y19         LUT6 (Prop_lut6_I3_O)        0.045     1.063 r  u_core/u_issue/u_pipe_ctrl/branch_target_q[15]_i_1/O
                         net (fo=1, routed)           0.000     1.063    u_core/u_csr/branch_target_q_reg[31]_2[13]
    SLICE_X38Y19         FDCE                                         r  u_core/u_csr/branch_target_q_reg[15]/D
  -------------------------------------------------------------------    -------------------

                         (clock clk_i rise edge)      0.000     0.000 r  
                                                      0.000     0.000 r  clk_i (IN)
                         net (fo=2767, unset)         0.818     0.818    u_core/u_csr/clk_i
    SLICE_X38Y19         FDCE                                         r  u_core/u_csr/branch_target_q_reg[15]/C
                         clock pessimism             -0.005     0.813    
    SLICE_X38Y19         FDCE (Hold_fdce_C_D)         0.120     0.933    u_core/u_csr/branch_target_q_reg[15]
  -------------------------------------------------------------------
                         required time                         -0.933    
                         arrival time                           1.063    
  -------------------------------------------------------------------
                         slack                                  0.130    

Slack (MET) :             0.147ns  (arrival time - required time)
  Source:                 u_core/u_issue/u_pipe_ctrl/csr_wdata_e2_q_reg[31]/C
                            (rising edge-triggered cell FDCE clocked by clk_i  {rise@0.000ns fall@5.000ns period=10.000ns})
  Destination:            u_core/u_issue/u_pipe_ctrl/csr_wdata_wb_q_reg[31]/D
                            (rising edge-triggered cell FDCE clocked by clk_i  {rise@0.000ns fall@5.000ns period=10.000ns})
  Path Group:             clk_i
  Path Type:              Hold (Min at Fast Process Corner)
  Requirement:            0.000ns  (clk_i rise@0.000ns - clk_i rise@0.000ns)
  Data Path Delay:        0.220ns  (logic 0.164ns (74.580%)  route 0.056ns (25.420%))
  Logic Levels:           0  
  Clock Path Skew:        0.013ns (DCD - SCD - CPR)
    Destination Clock Delay (DCD):    0.843ns
    Source Clock Delay      (SCD):    0.577ns
    Clock Pessimism Removal (CPR):    0.253ns

    Location             Delay type                Incr(ns)  Path(ns)    Netlist Resource(s)
  -------------------------------------------------------------------    -------------------
                         (clock clk_i rise edge)      0.000     0.000 r  
                                                      0.000     0.000 r  clk_i (IN)
                         net (fo=2767, unset)         0.577     0.577    u_core/u_issue/u_pipe_ctrl/clk_i
    SLICE_X26Y24         FDCE                                         r  u_core/u_issue/u_pipe_ctrl/csr_wdata_e2_q_reg[31]/C
  -------------------------------------------------------------------    -------------------
    SLICE_X26Y24         FDCE (Prop_fdce_C_Q)         0.164     0.741 r  u_core/u_issue/u_pipe_ctrl/csr_wdata_e2_q_reg[31]/Q
                         net (fo=1, routed)           0.056     0.797    u_core/u_issue/u_pipe_ctrl/csr_wdata_e2_q[31]
    SLICE_X26Y24         FDCE                                         r  u_core/u_issue/u_pipe_ctrl/csr_wdata_wb_q_reg[31]/D
  -------------------------------------------------------------------    -------------------

                         (clock clk_i rise edge)      0.000     0.000 r  
                                                      0.000     0.000 r  clk_i (IN)
                         net (fo=2767, unset)         0.843     0.843    u_core/u_issue/u_pipe_ctrl/clk_i
    SLICE_X26Y24         FDCE                                         r  u_core/u_issue/u_pipe_ctrl/csr_wdata_wb_q_reg[31]/C
                         clock pessimism             -0.253     0.590    
    SLICE_X26Y24         FDCE (Hold_fdce_C_D)         0.060     0.650    u_core/u_issue/u_pipe_ctrl/csr_wdata_wb_q_reg[31]
  -------------------------------------------------------------------
                         required time                         -0.650    
                         arrival time                           0.797    
  -------------------------------------------------------------------
                         slack                                  0.147    

Slack (MET) :             0.152ns  (arrival time - required time)
  Source:                 u_core/u_csr/u_csrfile/csr_mepc_q_reg[27]/C
                            (rising edge-triggered cell FDCE clocked by clk_i  {rise@0.000ns fall@5.000ns period=10.000ns})
  Destination:            u_core/u_csr/branch_target_q_reg[27]/D
                            (rising edge-triggered cell FDCE clocked by clk_i  {rise@0.000ns fall@5.000ns period=10.000ns})
  Path Group:             clk_i
  Path Type:              Hold (Min at Fast Process Corner)
  Requirement:            0.000ns  (clk_i rise@0.000ns - clk_i rise@0.000ns)
  Data Path Delay:        0.284ns  (logic 0.186ns (65.445%)  route 0.098ns (34.555%))
  Logic Levels:           1  (LUT6=1)
  Clock Path Skew:        0.012ns (DCD - SCD - CPR)
    Destination Clock Delay (DCD):    0.815ns
    Source Clock Delay      (SCD):    0.551ns
    Clock Pessimism Removal (CPR):    0.252ns

    Location             Delay type                Incr(ns)  Path(ns)    Netlist Resource(s)
  -------------------------------------------------------------------    -------------------
                         (clock clk_i rise edge)      0.000     0.000 r  
                                                      0.000     0.000 r  clk_i (IN)
                         net (fo=2767, unset)         0.551     0.551    u_core/u_csr/u_csrfile/clk_i
    SLICE_X39Y22         FDCE                                         r  u_core/u_csr/u_csrfile/csr_mepc_q_reg[27]/C
  -------------------------------------------------------------------    -------------------
    SLICE_X39Y22         FDCE (Prop_fdce_C_Q)         0.141     0.692 r  u_core/u_csr/u_csrfile/csr_mepc_q_reg[27]/Q
                         net (fo=2, routed)           0.098     0.790    u_core/u_issue/u_pipe_ctrl/branch_target_q_reg[31][25]
    SLICE_X38Y22         LUT6 (Prop_lut6_I4_O)        0.045     0.835 r  u_core/u_issue/u_pipe_ctrl/branch_target_q[27]_i_1/O
                         net (fo=1, routed)           0.000     0.835    u_core/u_csr/branch_target_q_reg[31]_2[25]
    SLICE_X38Y22         FDCE                                         r  u_core/u_csr/branch_target_q_reg[27]/D
  -------------------------------------------------------------------    -------------------

                         (clock clk_i rise edge)      0.000     0.000 r  
                                                      0.000     0.000 r  clk_i (IN)
                         net (fo=2767, unset)         0.815     0.815    u_core/u_csr/clk_i
    SLICE_X38Y22         FDCE                                         r  u_core/u_csr/branch_target_q_reg[27]/C
                         clock pessimism             -0.252     0.563    
    SLICE_X38Y22         FDCE (Hold_fdce_C_D)         0.120     0.683    u_core/u_csr/branch_target_q_reg[27]
  -------------------------------------------------------------------
                         required time                         -0.683    
                         arrival time                           0.835    
  -------------------------------------------------------------------
                         slack                                  0.152    

Slack (MET) :             0.153ns  (arrival time - required time)
  Source:                 u_core/u_fetch/pc_f_q_reg[15]/C
                            (rising edge-triggered cell FDCE clocked by clk_i  {rise@0.000ns fall@5.000ns period=10.000ns})
  Destination:            u_tcm/u_ram/ram_reg_0_1/ADDRBWRADDR[14]
                            (rising edge-triggered cell RAMB36E1 clocked by clk_i  {rise@0.000ns fall@5.000ns period=10.000ns})
  Path Group:             clk_i
  Path Type:              Hold (Min at Fast Process Corner)
  Requirement:            0.000ns  (clk_i rise@0.000ns - clk_i rise@0.000ns)
  Data Path Delay:        0.408ns  (logic 0.164ns (40.192%)  route 0.244ns (59.808%))
  Logic Levels:           0  
  Clock Path Skew:        0.072ns (DCD - SCD - CPR)
    Destination Clock Delay (DCD):    0.892ns
    Source Clock Delay      (SCD):    0.586ns
    Clock Pessimism Removal (CPR):    0.234ns

    Location             Delay type                Incr(ns)  Path(ns)    Netlist Resource(s)
  -------------------------------------------------------------------    -------------------
                         (clock clk_i rise edge)      0.000     0.000 r  
                                                      0.000     0.000 r  clk_i (IN)
                         net (fo=2767, unset)         0.586     0.586    u_core/u_fetch/clk_i
    SLICE_X10Y29         FDCE                                         r  u_core/u_fetch/pc_f_q_reg[15]/C
  -------------------------------------------------------------------    -------------------
    SLICE_X10Y29         FDCE (Prop_fdce_C_Q)         0.164     0.750 r  u_core/u_fetch/pc_f_q_reg[15]/Q
                         net (fo=18, routed)          0.244     0.994    u_tcm/u_ram/icache_pc_o[13]
    RAMB36_X0Y5          RAMB36E1                                     r  u_tcm/u_ram/ram_reg_0_1/ADDRBWRADDR[14]
  -------------------------------------------------------------------    -------------------

                         (clock clk_i rise edge)      0.000     0.000 r  
                                                      0.000     0.000 r  clk_i (IN)
                         net (fo=2767, unset)         0.892     0.892    u_tcm/u_ram/clk_i
    RAMB36_X0Y5          RAMB36E1                                     r  u_tcm/u_ram/ram_reg_0_1/CLKBWRCLK
                         clock pessimism             -0.234     0.658    
    RAMB36_X0Y5          RAMB36E1 (Hold_ramb36e1_CLKBWRCLK_ADDRBWRADDR[14])
                                                      0.183     0.841    u_tcm/u_ram/ram_reg_0_1
  -------------------------------------------------------------------
                         required time                         -0.841    
                         arrival time                           0.994    
  -------------------------------------------------------------------
                         slack                                  0.153    

Slack (MET) :             0.154ns  (arrival time - required time)
  Source:                 u_core/u_csr/rd_result_e1_q_reg[28]/C
                            (rising edge-triggered cell FDCE clocked by clk_i  {rise@0.000ns fall@5.000ns period=10.000ns})
  Destination:            u_core/u_issue/u_pipe_ctrl/result_e2_q_reg[28]/D
                            (rising edge-triggered cell FDCE clocked by clk_i  {rise@0.000ns fall@5.000ns period=10.000ns})
  Path Group:             clk_i
  Path Type:              Hold (Min at Fast Process Corner)
  Requirement:            0.000ns  (clk_i rise@0.000ns - clk_i rise@0.000ns)
  Data Path Delay:        0.258ns  (logic 0.209ns (80.975%)  route 0.049ns (19.025%))
  Logic Levels:           1  (LUT6=1)
  Clock Path Skew:        0.012ns (DCD - SCD - CPR)
    Destination Clock Delay (DCD):    0.843ns
    Source Clock Delay      (SCD):    0.578ns
    Clock Pessimism Removal (CPR):    0.253ns

    Location             Delay type                Incr(ns)  Path(ns)    Netlist Resource(s)
  -------------------------------------------------------------------    -------------------
                         (clock clk_i rise edge)      0.000     0.000 r  
                                                      0.000     0.000 r  clk_i (IN)
                         net (fo=2767, unset)         0.578     0.578    u_core/u_csr/clk_i
    SLICE_X26Y23         FDCE                                         r  u_core/u_csr/rd_result_e1_q_reg[28]/C
  -------------------------------------------------------------------    -------------------
    SLICE_X26Y23         FDCE (Prop_fdce_C_Q)         0.164     0.742 r  u_core/u_csr/rd_result_e1_q_reg[28]/Q
                         net (fo=1, routed)           0.049     0.791    u_core/u_issue/u_pipe_ctrl/result_e2_q_reg[31]_2[28]
    SLICE_X27Y23         LUT6 (Prop_lut6_I2_O)        0.045     0.836 r  u_core/u_issue/u_pipe_ctrl/result_e2_q[28]_i_1__0/O
                         net (fo=1, routed)           0.000     0.836    u_core/u_issue/u_pipe_ctrl/result_e2_q_1[28]
    SLICE_X27Y23         FDCE                                         r  u_core/u_issue/u_pipe_ctrl/result_e2_q_reg[28]/D
  -------------------------------------------------------------------    -------------------

                         (clock clk_i rise edge)      0.000     0.000 r  
                                                      0.000     0.000 r  clk_i (IN)
                         net (fo=2767, unset)         0.843     0.843    u_core/u_issue/u_pipe_ctrl/clk_i
    SLICE_X27Y23         FDCE                                         r  u_core/u_issue/u_pipe_ctrl/result_e2_q_reg[28]/C
                         clock pessimism             -0.253     0.590    
    SLICE_X27Y23         FDCE (Hold_fdce_C_D)         0.092     0.682    u_core/u_issue/u_pipe_ctrl/result_e2_q_reg[28]
  -------------------------------------------------------------------
                         required time                         -0.682    
                         arrival time                           0.836    
  -------------------------------------------------------------------
                         slack                                  0.154    

Slack (MET) :             0.156ns  (arrival time - required time)
  Source:                 u_core/u_fetch/pc_f_q_reg[6]/C
                            (rising edge-triggered cell FDCE clocked by clk_i  {rise@0.000ns fall@5.000ns period=10.000ns})
  Destination:            u_tcm/u_ram/ram_reg_0_1/ADDRBWRADDR[5]
                            (rising edge-triggered cell RAMB36E1 clocked by clk_i  {rise@0.000ns fall@5.000ns period=10.000ns})
  Path Group:             clk_i
  Path Type:              Hold (Min at Fast Process Corner)
  Requirement:            0.000ns  (clk_i rise@0.000ns - clk_i rise@0.000ns)
  Data Path Delay:        0.413ns  (logic 0.141ns (34.143%)  route 0.272ns (65.857%))
  Logic Levels:           0  
  Clock Path Skew:        0.073ns (DCD - SCD - CPR)
    Destination Clock Delay (DCD):    0.892ns
    Source Clock Delay      (SCD):    0.585ns
    Clock Pessimism Removal (CPR):    0.234ns

    Location             Delay type                Incr(ns)  Path(ns)    Netlist Resource(s)
  -------------------------------------------------------------------    -------------------
                         (clock clk_i rise edge)      0.000     0.000 r  
                                                      0.000     0.000 r  clk_i (IN)
                         net (fo=2767, unset)         0.585     0.585    u_core/u_fetch/clk_i
    SLICE_X15Y27         FDCE                                         r  u_core/u_fetch/pc_f_q_reg[6]/C
  -------------------------------------------------------------------    -------------------
    SLICE_X15Y27         FDCE (Prop_fdce_C_Q)         0.141     0.726 r  u_core/u_fetch/pc_f_q_reg[6]/Q
                         net (fo=18, routed)          0.272     0.998    u_tcm/u_ram/icache_pc_o[4]
    RAMB36_X0Y5          RAMB36E1                                     r  u_tcm/u_ram/ram_reg_0_1/ADDRBWRADDR[5]
  -------------------------------------------------------------------    -------------------

                         (clock clk_i rise edge)      0.000     0.000 r  
                                                      0.000     0.000 r  clk_i (IN)
                         net (fo=2767, unset)         0.892     0.892    u_tcm/u_ram/clk_i
    RAMB36_X0Y5          RAMB36E1                                     r  u_tcm/u_ram/ram_reg_0_1/CLKBWRCLK
                         clock pessimism             -0.234     0.658    
    RAMB36_X0Y5          RAMB36E1 (Hold_ramb36e1_CLKBWRCLK_ADDRBWRADDR[5])
                                                      0.183     0.841    u_tcm/u_ram/ram_reg_0_1
  -------------------------------------------------------------------
                         required time                         -0.841    
                         arrival time                           0.998    
  -------------------------------------------------------------------
                         slack                                  0.156    

Slack (MET) :             0.161ns  (arrival time - required time)
  Source:                 u_core/u_issue/u_pipe_ctrl/csr_wdata_wb_q_reg[18]/C
                            (rising edge-triggered cell FDCE clocked by clk_i  {rise@0.000ns fall@5.000ns period=10.000ns})
  Destination:            u_core/u_csr/u_csrfile/csr_sr_q_reg[18]/D
                            (rising edge-triggered cell FDCE clocked by clk_i  {rise@0.000ns fall@5.000ns period=10.000ns})
  Path Group:             clk_i
  Path Type:              Hold (Min at Fast Process Corner)
  Requirement:            0.000ns  (clk_i rise@0.000ns - clk_i rise@0.000ns)
  Data Path Delay:        0.491ns  (logic 0.141ns (28.721%)  route 0.350ns (71.279%))
  Logic Levels:           0  
  Clock Path Skew:        0.260ns (DCD - SCD - CPR)
    Destination Clock Delay (DCD):    0.813ns
    Source Clock Delay      (SCD):    0.548ns
    Clock Pessimism Removal (CPR):    0.005ns

    Location             Delay type                Incr(ns)  Path(ns)    Netlist Resource(s)
  -------------------------------------------------------------------    -------------------
                         (clock clk_i rise edge)      0.000     0.000 r  
                                                      0.000     0.000 r  clk_i (IN)
                         net (fo=2767, unset)         0.548     0.548    u_core/u_issue/u_pipe_ctrl/clk_i
    SLICE_X43Y24         FDCE                                         r  u_core/u_issue/u_pipe_ctrl/csr_wdata_wb_q_reg[18]/C
  -------------------------------------------------------------------    -------------------
    SLICE_X43Y24         FDCE (Prop_fdce_C_Q)         0.141     0.689 r  u_core/u_issue/u_pipe_ctrl/csr_wdata_wb_q_reg[18]/Q
                         net (fo=6, routed)           0.350     1.039    u_core/u_csr/u_csrfile/Q[18]
    SLICE_X51Y20         FDCE                                         r  u_core/u_csr/u_csrfile/csr_sr_q_reg[18]/D
  -------------------------------------------------------------------    -------------------

                         (clock clk_i rise edge)      0.000     0.000 r  
                                                      0.000     0.000 r  clk_i (IN)
                         net (fo=2767, unset)         0.813     0.813    u_core/u_csr/u_csrfile/clk_i
    SLICE_X51Y20         FDCE                                         r  u_core/u_csr/u_csrfile/csr_sr_q_reg[18]/C
                         clock pessimism             -0.005     0.808    
    SLICE_X51Y20         FDCE (Hold_fdce_C_D)         0.070     0.878    u_core/u_csr/u_csrfile/csr_sr_q_reg[18]
  -------------------------------------------------------------------
                         required time                         -0.878    
                         arrival time                           1.039    
  -------------------------------------------------------------------
                         slack                                  0.161    

Slack (MET) :             0.164ns  (arrival time - required time)
  Source:                 u_core/u_csr/u_csrfile/csr_mepc_q_reg[28]/C
                            (rising edge-triggered cell FDCE clocked by clk_i  {rise@0.000ns fall@5.000ns period=10.000ns})
  Destination:            u_core/u_csr/branch_target_q_reg[28]/D
                            (rising edge-triggered cell FDCE clocked by clk_i  {rise@0.000ns fall@5.000ns period=10.000ns})
  Path Group:             clk_i
  Path Type:              Hold (Min at Fast Process Corner)
  Requirement:            0.000ns  (clk_i rise@0.000ns - clk_i rise@0.000ns)
  Data Path Delay:        0.297ns  (logic 0.186ns (62.545%)  route 0.111ns (37.455%))
  Logic Levels:           1  (LUT6=1)
  Clock Path Skew:        0.012ns (DCD - SCD - CPR)
    Destination Clock Delay (DCD):    0.813ns
    Source Clock Delay      (SCD):    0.549ns
    Clock Pessimism Removal (CPR):    0.252ns

    Location             Delay type                Incr(ns)  Path(ns)    Netlist Resource(s)
  -------------------------------------------------------------------    -------------------
                         (clock clk_i rise edge)      0.000     0.000 r  
                                                      0.000     0.000 r  clk_i (IN)
                         net (fo=2767, unset)         0.549     0.549    u_core/u_csr/u_csrfile/clk_i
    SLICE_X40Y23         FDCE                                         r  u_core/u_csr/u_csrfile/csr_mepc_q_reg[28]/C
  -------------------------------------------------------------------    -------------------
    SLICE_X40Y23         FDCE (Prop_fdce_C_Q)         0.141     0.690 r  u_core/u_csr/u_csrfile/csr_mepc_q_reg[28]/Q
                         net (fo=2, routed)           0.111     0.801    u_core/u_issue/u_pipe_ctrl/branch_target_q_reg[31][26]
    SLICE_X42Y24         LUT6 (Prop_lut6_I4_O)        0.045     0.846 r  u_core/u_issue/u_pipe_ctrl/branch_target_q[28]_i_1/O
                         net (fo=1, routed)           0.000     0.846    u_core/u_csr/branch_target_q_reg[31]_2[26]
    SLICE_X42Y24         FDCE                                         r  u_core/u_csr/branch_target_q_reg[28]/D
  -------------------------------------------------------------------    -------------------

                         (clock clk_i rise edge)      0.000     0.000 r  
                                                      0.000     0.000 r  clk_i (IN)
                         net (fo=2767, unset)         0.813     0.813    u_core/u_csr/clk_i
    SLICE_X42Y24         FDCE                                         r  u_core/u_csr/branch_target_q_reg[28]/C
                         clock pessimism             -0.252     0.561    
    SLICE_X42Y24         FDCE (Hold_fdce_C_D)         0.121     0.682    u_core/u_csr/branch_target_q_reg[28]
  -------------------------------------------------------------------
                         required time                         -0.682    
                         arrival time                           0.846    
  -------------------------------------------------------------------
                         slack                                  0.164    

Slack (MET) :             0.165ns  (arrival time - required time)
  Source:                 u_core/u_fetch/pc_f_q_reg[11]/C
                            (rising edge-triggered cell FDCE clocked by clk_i  {rise@0.000ns fall@5.000ns period=10.000ns})
  Destination:            u_tcm/u_ram/ram_reg_0_1/ADDRBWRADDR[10]
                            (rising edge-triggered cell RAMB36E1 clocked by clk_i  {rise@0.000ns fall@5.000ns period=10.000ns})
  Path Group:             clk_i
  Path Type:              Hold (Min at Fast Process Corner)
  Requirement:            0.000ns  (clk_i rise@0.000ns - clk_i rise@0.000ns)
  Data Path Delay:        0.422ns  (logic 0.141ns (33.443%)  route 0.281ns (66.557%))
  Logic Levels:           0  
  Clock Path Skew:        0.073ns (DCD - SCD - CPR)
    Destination Clock Delay (DCD):    0.892ns
    Source Clock Delay      (SCD):    0.585ns
    Clock Pessimism Removal (CPR):    0.234ns

    Location             Delay type                Incr(ns)  Path(ns)    Netlist Resource(s)
  -------------------------------------------------------------------    -------------------
                         (clock clk_i rise edge)      0.000     0.000 r  
                                                      0.000     0.000 r  clk_i (IN)
                         net (fo=2767, unset)         0.585     0.585    u_core/u_fetch/clk_i
    SLICE_X15Y27         FDCE                                         r  u_core/u_fetch/pc_f_q_reg[11]/C
  -------------------------------------------------------------------    -------------------
    SLICE_X15Y27         FDCE (Prop_fdce_C_Q)         0.141     0.726 r  u_core/u_fetch/pc_f_q_reg[11]/Q
                         net (fo=18, routed)          0.281     1.007    u_tcm/u_ram/icache_pc_o[9]
    RAMB36_X0Y5          RAMB36E1                                     r  u_tcm/u_ram/ram_reg_0_1/ADDRBWRADDR[10]
  -------------------------------------------------------------------    -------------------

                         (clock clk_i rise edge)      0.000     0.000 r  
                                                      0.000     0.000 r  clk_i (IN)
                         net (fo=2767, unset)         0.892     0.892    u_tcm/u_ram/clk_i
    RAMB36_X0Y5          RAMB36E1                                     r  u_tcm/u_ram/ram_reg_0_1/CLKBWRCLK
                         clock pessimism             -0.234     0.658    
    RAMB36_X0Y5          RAMB36E1 (Hold_ramb36e1_CLKBWRCLK_ADDRBWRADDR[10])
                                                      0.183     0.841    u_tcm/u_ram/ram_reg_0_1
  -------------------------------------------------------------------
                         required time                         -0.841    
                         arrival time                           1.007    
  -------------------------------------------------------------------
                         slack                                  0.165    

Slack (MET) :             0.166ns  (arrival time - required time)
  Source:                 u_core/u_issue/u_pipe_ctrl/csr_wdata_wb_q_reg[15]/C
                            (rising edge-triggered cell FDCE clocked by clk_i  {rise@0.000ns fall@5.000ns period=10.000ns})
  Destination:            u_core/u_csr/u_csrfile/csr_mtimecmp_q_reg[15]/D
                            (rising edge-triggered cell FDCE clocked by clk_i  {rise@0.000ns fall@5.000ns period=10.000ns})
  Path Group:             clk_i
  Path Type:              Hold (Min at Fast Process Corner)
  Requirement:            0.000ns  (clk_i rise@0.000ns - clk_i rise@0.000ns)
  Data Path Delay:        0.497ns  (logic 0.164ns (33.026%)  route 0.333ns (66.974%))
  Logic Levels:           0  
  Clock Path Skew:        0.261ns (DCD - SCD - CPR)
    Destination Clock Delay (DCD):    0.815ns
    Source Clock Delay      (SCD):    0.549ns
    Clock Pessimism Removal (CPR):    0.005ns

    Location             Delay type                Incr(ns)  Path(ns)    Netlist Resource(s)
  -------------------------------------------------------------------    -------------------
                         (clock clk_i rise edge)      0.000     0.000 r  
                                                      0.000     0.000 r  clk_i (IN)
                         net (fo=2767, unset)         0.549     0.549    u_core/u_issue/u_pipe_ctrl/clk_i
    SLICE_X38Y23         FDCE                                         r  u_core/u_issue/u_pipe_ctrl/csr_wdata_wb_q_reg[15]/C
  -------------------------------------------------------------------    -------------------
    SLICE_X38Y23         FDCE (Prop_fdce_C_Q)         0.164     0.713 r  u_core/u_issue/u_pipe_ctrl/csr_wdata_wb_q_reg[15]/Q
                         net (fo=6, routed)           0.333     1.046    u_core/u_csr/u_csrfile/Q[15]
    SLICE_X51Y18         FDCE                                         r  u_core/u_csr/u_csrfile/csr_mtimecmp_q_reg[15]/D
  -------------------------------------------------------------------    -------------------

                         (clock clk_i rise edge)      0.000     0.000 r  
                                                      0.000     0.000 r  clk_i (IN)
                         net (fo=2767, unset)         0.815     0.815    u_core/u_csr/u_csrfile/clk_i
    SLICE_X51Y18         FDCE                                         r  u_core/u_csr/u_csrfile/csr_mtimecmp_q_reg[15]/C
                         clock pessimism             -0.005     0.810    
    SLICE_X51Y18         FDCE (Hold_fdce_C_D)         0.070     0.880    u_core/u_csr/u_csrfile/csr_mtimecmp_q_reg[15]
  -------------------------------------------------------------------
                         required time                         -0.880    
                         arrival time                           1.046    
  -------------------------------------------------------------------
                         slack                                  0.166    

Slack (MET) :             0.168ns  (arrival time - required time)
  Source:                 u_core/u_issue/u_pipe_ctrl/pc_e2_q_reg[20]/C
                            (rising edge-triggered cell FDCE clocked by clk_i  {rise@0.000ns fall@5.000ns period=10.000ns})
  Destination:            u_core/u_issue/u_pipe_ctrl/pc_wb_q_reg[20]/D
                            (rising edge-triggered cell FDCE clocked by clk_i  {rise@0.000ns fall@5.000ns period=10.000ns})
  Path Group:             clk_i
  Path Type:              Hold (Min at Fast Process Corner)
  Requirement:            0.000ns  (clk_i rise@0.000ns - clk_i rise@0.000ns)
  Data Path Delay:        0.257ns  (logic 0.141ns (54.828%)  route 0.116ns (45.172%))
  Logic Levels:           0  
  Clock Path Skew:        0.013ns (DCD - SCD - CPR)
    Destination Clock Delay (DCD):    0.819ns
    Source Clock Delay      (SCD):    0.554ns
    Clock Pessimism Removal (CPR):    0.252ns

    Location             Delay type                Incr(ns)  Path(ns)    Netlist Resource(s)
  -------------------------------------------------------------------    -------------------
                         (clock clk_i rise edge)      0.000     0.000 r  
                                                      0.000     0.000 r  clk_i (IN)
                         net (fo=2767, unset)         0.554     0.554    u_core/u_issue/u_pipe_ctrl/clk_i
    SLICE_X39Y18         FDCE                                         r  u_core/u_issue/u_pipe_ctrl/pc_e2_q_reg[20]/C
  -------------------------------------------------------------------    -------------------
    SLICE_X39Y18         FDCE (Prop_fdce_C_Q)         0.141     0.695 r  u_core/u_issue/u_pipe_ctrl/pc_e2_q_reg[20]/Q
                         net (fo=1, routed)           0.116     0.811    u_core/u_issue/u_pipe_ctrl/pc_e2_q[20]
    SLICE_X39Y18         FDCE                                         r  u_core/u_issue/u_pipe_ctrl/pc_wb_q_reg[20]/D
  -------------------------------------------------------------------    -------------------

                         (clock clk_i rise edge)      0.000     0.000 r  
                                                      0.000     0.000 r  clk_i (IN)
                         net (fo=2767, unset)         0.819     0.819    u_core/u_issue/u_pipe_ctrl/clk_i
    SLICE_X39Y18         FDCE                                         r  u_core/u_issue/u_pipe_ctrl/pc_wb_q_reg[20]/C
                         clock pessimism             -0.252     0.567    
    SLICE_X39Y18         FDCE (Hold_fdce_C_D)         0.076     0.643    u_core/u_issue/u_pipe_ctrl/pc_wb_q_reg[20]
  -------------------------------------------------------------------
                         required time                         -0.643    
                         arrival time                           0.811    
  -------------------------------------------------------------------
                         slack                                  0.168    

Slack (MET) :             0.171ns  (arrival time - required time)
  Source:                 u_core/u_issue/u_pipe_ctrl/opcode_e2_q_reg[29]/C
                            (rising edge-triggered cell FDCE clocked by clk_i  {rise@0.000ns fall@5.000ns period=10.000ns})
  Destination:            u_core/u_issue/u_pipe_ctrl/opcode_wb_q_reg[29]/D
                            (rising edge-triggered cell FDCE clocked by clk_i  {rise@0.000ns fall@5.000ns period=10.000ns})
  Path Group:             clk_i
  Path Type:              Hold (Min at Fast Process Corner)
  Requirement:            0.000ns  (clk_i rise@0.000ns - clk_i rise@0.000ns)
  Data Path Delay:        0.258ns  (logic 0.141ns (54.753%)  route 0.117ns (45.247%))
  Logic Levels:           0  
  Clock Path Skew:        0.015ns (DCD - SCD - CPR)
    Destination Clock Delay (DCD):    0.826ns
    Source Clock Delay      (SCD):    0.559ns
    Clock Pessimism Removal (CPR):    0.252ns

    Location             Delay type                Incr(ns)  Path(ns)    Netlist Resource(s)
  -------------------------------------------------------------------    -------------------
                         (clock clk_i rise edge)      0.000     0.000 r  
                                                      0.000     0.000 r  clk_i (IN)
                         net (fo=2767, unset)         0.559     0.559    u_core/u_issue/u_pipe_ctrl/clk_i
    SLICE_X40Y10         FDCE                                         r  u_core/u_issue/u_pipe_ctrl/opcode_e2_q_reg[29]/C
  -------------------------------------------------------------------    -------------------
    SLICE_X40Y10         FDCE (Prop_fdce_C_Q)         0.141     0.700 r  u_core/u_issue/u_pipe_ctrl/opcode_e2_q_reg[29]/Q
                         net (fo=1, routed)           0.117     0.817    u_core/u_issue/u_pipe_ctrl/opcode_e2_q_reg_n_0_[29]
    SLICE_X40Y10         FDCE                                         r  u_core/u_issue/u_pipe_ctrl/opcode_wb_q_reg[29]/D
  -------------------------------------------------------------------    -------------------

                         (clock clk_i rise edge)      0.000     0.000 r  
                                                      0.000     0.000 r  clk_i (IN)
                         net (fo=2767, unset)         0.826     0.826    u_core/u_issue/u_pipe_ctrl/clk_i
    SLICE_X40Y10         FDCE                                         r  u_core/u_issue/u_pipe_ctrl/opcode_wb_q_reg[29]/C
                         clock pessimism             -0.252     0.574    
    SLICE_X40Y10         FDCE (Hold_fdce_C_D)         0.072     0.646    u_core/u_issue/u_pipe_ctrl/opcode_wb_q_reg[29]
  -------------------------------------------------------------------
                         required time                         -0.646    
                         arrival time                           0.817    
  -------------------------------------------------------------------
                         slack                                  0.171    

Slack (MET) :             0.172ns  (arrival time - required time)
  Source:                 u_core/u_issue/u_pipe_ctrl/pc_e2_q_reg[24]/C
                            (rising edge-triggered cell FDCE clocked by clk_i  {rise@0.000ns fall@5.000ns period=10.000ns})
  Destination:            u_core/u_issue/u_pipe_ctrl/pc_wb_q_reg[24]/D
                            (rising edge-triggered cell FDCE clocked by clk_i  {rise@0.000ns fall@5.000ns period=10.000ns})
  Path Group:             clk_i
  Path Type:              Hold (Min at Fast Process Corner)
  Requirement:            0.000ns  (clk_i rise@0.000ns - clk_i rise@0.000ns)
  Data Path Delay:        0.257ns  (logic 0.141ns (54.828%)  route 0.116ns (45.172%))
  Logic Levels:           0  
  Clock Path Skew:        0.015ns (DCD - SCD - CPR)
    Destination Clock Delay (DCD):    0.818ns
    Source Clock Delay      (SCD):    0.553ns
    Clock Pessimism Removal (CPR):    0.250ns

    Location             Delay type                Incr(ns)  Path(ns)    Netlist Resource(s)
  -------------------------------------------------------------------    -------------------
                         (clock clk_i rise edge)      0.000     0.000 r  
                                                      0.000     0.000 r  clk_i (IN)
                         net (fo=2767, unset)         0.553     0.553    u_core/u_issue/u_pipe_ctrl/clk_i
    SLICE_X35Y21         FDCE                                         r  u_core/u_issue/u_pipe_ctrl/pc_e2_q_reg[24]/C
  -------------------------------------------------------------------    -------------------
    SLICE_X35Y21         FDCE (Prop_fdce_C_Q)         0.141     0.694 r  u_core/u_issue/u_pipe_ctrl/pc_e2_q_reg[24]/Q
                         net (fo=1, routed)           0.116     0.810    u_core/u_issue/u_pipe_ctrl/pc_e2_q[24]
    SLICE_X35Y21         FDCE                                         r  u_core/u_issue/u_pipe_ctrl/pc_wb_q_reg[24]/D
  -------------------------------------------------------------------    -------------------

                         (clock clk_i rise edge)      0.000     0.000 r  
                                                      0.000     0.000 r  clk_i (IN)
                         net (fo=2767, unset)         0.818     0.818    u_core/u_issue/u_pipe_ctrl/clk_i
    SLICE_X35Y21         FDCE                                         r  u_core/u_issue/u_pipe_ctrl/pc_wb_q_reg[24]/C
                         clock pessimism             -0.250     0.568    
    SLICE_X35Y21         FDCE (Hold_fdce_C_D)         0.070     0.638    u_core/u_issue/u_pipe_ctrl/pc_wb_q_reg[24]
  -------------------------------------------------------------------
                         required time                         -0.638    
                         arrival time                           0.810    
  -------------------------------------------------------------------
                         slack                                  0.172    

Slack (MET) :             0.172ns  (arrival time - required time)
  Source:                 u_core/u_issue/u_pipe_ctrl/opcode_e2_q_reg[27]/C
                            (rising edge-triggered cell FDCE clocked by clk_i  {rise@0.000ns fall@5.000ns period=10.000ns})
  Destination:            u_core/u_issue/u_pipe_ctrl/opcode_wb_q_reg[27]/D
                            (rising edge-triggered cell FDCE clocked by clk_i  {rise@0.000ns fall@5.000ns period=10.000ns})
  Path Group:             clk_i
  Path Type:              Hold (Min at Fast Process Corner)
  Requirement:            0.000ns  (clk_i rise@0.000ns - clk_i rise@0.000ns)
  Data Path Delay:        0.257ns  (logic 0.141ns (54.828%)  route 0.116ns (45.172%))
  Logic Levels:           0  
  Clock Path Skew:        0.013ns (DCD - SCD - CPR)
    Destination Clock Delay (DCD):    0.821ns
    Source Clock Delay      (SCD):    0.556ns
    Clock Pessimism Removal (CPR):    0.252ns

    Location             Delay type                Incr(ns)  Path(ns)    Netlist Resource(s)
  -------------------------------------------------------------------    -------------------
                         (clock clk_i rise edge)      0.000     0.000 r  
                                                      0.000     0.000 r  clk_i (IN)
                         net (fo=2767, unset)         0.556     0.556    u_core/u_issue/u_pipe_ctrl/clk_i
    SLICE_X37Y16         FDCE                                         r  u_core/u_issue/u_pipe_ctrl/opcode_e2_q_reg[27]/C
  -------------------------------------------------------------------    -------------------
    SLICE_X37Y16         FDCE (Prop_fdce_C_Q)         0.141     0.697 r  u_core/u_issue/u_pipe_ctrl/opcode_e2_q_reg[27]/Q
                         net (fo=1, routed)           0.116     0.813    u_core/u_issue/u_pipe_ctrl/opcode_e2_q_reg_n_0_[27]
    SLICE_X37Y16         FDCE                                         r  u_core/u_issue/u_pipe_ctrl/opcode_wb_q_reg[27]/D
  -------------------------------------------------------------------    -------------------

                         (clock clk_i rise edge)      0.000     0.000 r  
                                                      0.000     0.000 r  clk_i (IN)
                         net (fo=2767, unset)         0.821     0.821    u_core/u_issue/u_pipe_ctrl/clk_i
    SLICE_X37Y16         FDCE                                         r  u_core/u_issue/u_pipe_ctrl/opcode_wb_q_reg[27]/C
                         clock pessimism             -0.252     0.569    
    SLICE_X37Y16         FDCE (Hold_fdce_C_D)         0.072     0.641    u_core/u_issue/u_pipe_ctrl/opcode_wb_q_reg[27]
  -------------------------------------------------------------------
                         required time                         -0.641    
                         arrival time                           0.813    
  -------------------------------------------------------------------
                         slack                                  0.172    

Slack (MET) :             0.175ns  (arrival time - required time)
  Source:                 u_core/u_issue/u_pipe_ctrl/pc_e2_q_reg[22]/C
                            (rising edge-triggered cell FDCE clocked by clk_i  {rise@0.000ns fall@5.000ns period=10.000ns})
  Destination:            u_core/u_issue/u_pipe_ctrl/pc_wb_q_reg[22]/D
                            (rising edge-triggered cell FDCE clocked by clk_i  {rise@0.000ns fall@5.000ns period=10.000ns})
  Path Group:             clk_i
  Path Type:              Hold (Min at Fast Process Corner)
  Requirement:            0.000ns  (clk_i rise@0.000ns - clk_i rise@0.000ns)
  Data Path Delay:        0.257ns  (logic 0.141ns (54.828%)  route 0.116ns (45.172%))
  Logic Levels:           0  
  Clock Path Skew:        0.012ns (DCD - SCD - CPR)
    Destination Clock Delay (DCD):    0.813ns
    Source Clock Delay      (SCD):    0.549ns
    Clock Pessimism Removal (CPR):    0.252ns

    Location             Delay type                Incr(ns)  Path(ns)    Netlist Resource(s)
  -------------------------------------------------------------------    -------------------
                         (clock clk_i rise edge)      0.000     0.000 r  
                                                      0.000     0.000 r  clk_i (IN)
                         net (fo=2767, unset)         0.549     0.549    u_core/u_issue/u_pipe_ctrl/clk_i
    SLICE_X39Y23         FDCE                                         r  u_core/u_issue/u_pipe_ctrl/pc_e2_q_reg[22]/C
  -------------------------------------------------------------------    -------------------
    SLICE_X39Y23         FDCE (Prop_fdce_C_Q)         0.141     0.690 r  u_core/u_issue/u_pipe_ctrl/pc_e2_q_reg[22]/Q
                         net (fo=1, routed)           0.116     0.806    u_core/u_issue/u_pipe_ctrl/pc_e2_q[22]
    SLICE_X39Y23         FDCE                                         r  u_core/u_issue/u_pipe_ctrl/pc_wb_q_reg[22]/D
  -------------------------------------------------------------------    -------------------

                         (clock clk_i rise edge)      0.000     0.000 r  
                                                      0.000     0.000 r  clk_i (IN)
                         net (fo=2767, unset)         0.813     0.813    u_core/u_issue/u_pipe_ctrl/clk_i
    SLICE_X39Y23         FDCE                                         r  u_core/u_issue/u_pipe_ctrl/pc_wb_q_reg[22]/C
                         clock pessimism             -0.252     0.561    
    SLICE_X39Y23         FDCE (Hold_fdce_C_D)         0.070     0.631    u_core/u_issue/u_pipe_ctrl/pc_wb_q_reg[22]
  -------------------------------------------------------------------
                         required time                         -0.631    
                         arrival time                           0.806    
  -------------------------------------------------------------------
                         slack                                  0.175    

Slack (MET) :             0.176ns  (arrival time - required time)
  Source:                 u_core/u_issue/u_pipe_ctrl/csr_wdata_e2_q_reg[22]/C
                            (rising edge-triggered cell FDCE clocked by clk_i  {rise@0.000ns fall@5.000ns period=10.000ns})
  Destination:            u_core/u_issue/u_pipe_ctrl/csr_wdata_wb_q_reg[22]/D
                            (rising edge-triggered cell FDCE clocked by clk_i  {rise@0.000ns fall@5.000ns period=10.000ns})
  Path Group:             clk_i
  Path Type:              Hold (Min at Fast Process Corner)
  Requirement:            0.000ns  (clk_i rise@0.000ns - clk_i rise@0.000ns)
  Data Path Delay:        0.207ns  (logic 0.148ns (71.328%)  route 0.059ns (28.672%))
  Logic Levels:           0  
  Clock Path Skew:        0.013ns (DCD - SCD - CPR)
    Destination Clock Delay (DCD):    0.818ns
    Source Clock Delay      (SCD):    0.553ns
    Clock Pessimism Removal (CPR):    0.252ns

    Location             Delay type                Incr(ns)  Path(ns)    Netlist Resource(s)
  -------------------------------------------------------------------    -------------------
                         (clock clk_i rise edge)      0.000     0.000 r  
                                                      0.000     0.000 r  clk_i (IN)
                         net (fo=2767, unset)         0.553     0.553    u_core/u_issue/u_pipe_ctrl/clk_i
    SLICE_X36Y19         FDCE                                         r  u_core/u_issue/u_pipe_ctrl/csr_wdata_e2_q_reg[22]/C
  -------------------------------------------------------------------    -------------------
    SLICE_X36Y19         FDCE (Prop_fdce_C_Q)         0.148     0.701 r  u_core/u_issue/u_pipe_ctrl/csr_wdata_e2_q_reg[22]/Q
                         net (fo=1, routed)           0.059     0.760    u_core/u_issue/u_pipe_ctrl/csr_wdata_e2_q[22]
    SLICE_X37Y19         FDCE                                         r  u_core/u_issue/u_pipe_ctrl/csr_wdata_wb_q_reg[22]/D
  -------------------------------------------------------------------    -------------------

                         (clock clk_i rise edge)      0.000     0.000 r  
                                                      0.000     0.000 r  clk_i (IN)
                         net (fo=2767, unset)         0.818     0.818    u_core/u_issue/u_pipe_ctrl/clk_i
    SLICE_X37Y19         FDCE                                         r  u_core/u_issue/u_pipe_ctrl/csr_wdata_wb_q_reg[22]/C
                         clock pessimism             -0.252     0.566    
    SLICE_X37Y19         FDCE (Hold_fdce_C_D)         0.018     0.584    u_core/u_issue/u_pipe_ctrl/csr_wdata_wb_q_reg[22]
  -------------------------------------------------------------------
                         required time                         -0.584    
                         arrival time                           0.760    
  -------------------------------------------------------------------
                         slack                                  0.176    

Slack (MET) :             0.178ns  (arrival time - required time)
  Source:                 u_core/u_issue/u_pipe_ctrl/pc_e2_q_reg[6]/C
                            (rising edge-triggered cell FDCE clocked by clk_i  {rise@0.000ns fall@5.000ns period=10.000ns})
  Destination:            u_core/u_issue/u_pipe_ctrl/pc_wb_q_reg[6]/D
                            (rising edge-triggered cell FDCE clocked by clk_i  {rise@0.000ns fall@5.000ns period=10.000ns})
  Path Group:             clk_i
  Path Type:              Hold (Min at Fast Process Corner)
  Requirement:            0.000ns  (clk_i rise@0.000ns - clk_i rise@0.000ns)
  Data Path Delay:        0.257ns  (logic 0.141ns (54.828%)  route 0.116ns (45.172%))
  Logic Levels:           0  
  Clock Path Skew:        0.013ns (DCD - SCD - CPR)
    Destination Clock Delay (DCD):    0.820ns
    Source Clock Delay      (SCD):    0.555ns
    Clock Pessimism Removal (CPR):    0.252ns

    Location             Delay type                Incr(ns)  Path(ns)    Netlist Resource(s)
  -------------------------------------------------------------------    -------------------
                         (clock clk_i rise edge)      0.000     0.000 r  
                                                      0.000     0.000 r  clk_i (IN)
                         net (fo=2767, unset)         0.555     0.555    u_core/u_issue/u_pipe_ctrl/clk_i
    SLICE_X39Y17         FDCE                                         r  u_core/u_issue/u_pipe_ctrl/pc_e2_q_reg[6]/C
  -------------------------------------------------------------------    -------------------
    SLICE_X39Y17         FDCE (Prop_fdce_C_Q)         0.141     0.696 r  u_core/u_issue/u_pipe_ctrl/pc_e2_q_reg[6]/Q
                         net (fo=1, routed)           0.116     0.812    u_core/u_issue/u_pipe_ctrl/pc_e2_q[6]
    SLICE_X39Y17         FDCE                                         r  u_core/u_issue/u_pipe_ctrl/pc_wb_q_reg[6]/D
  -------------------------------------------------------------------    -------------------

                         (clock clk_i rise edge)      0.000     0.000 r  
                                                      0.000     0.000 r  clk_i (IN)
                         net (fo=2767, unset)         0.820     0.820    u_core/u_issue/u_pipe_ctrl/clk_i
    SLICE_X39Y17         FDCE                                         r  u_core/u_issue/u_pipe_ctrl/pc_wb_q_reg[6]/C
                         clock pessimism             -0.252     0.568    
    SLICE_X39Y17         FDCE (Hold_fdce_C_D)         0.066     0.634    u_core/u_issue/u_pipe_ctrl/pc_wb_q_reg[6]
  -------------------------------------------------------------------
                         required time                         -0.634    
                         arrival time                           0.812    
  -------------------------------------------------------------------
                         slack                                  0.178    





Pulse Width Checks
--------------------------------------------------------------------------------------
Clock Name:         clk_i
Waveform(ns):       { 0.000 5.000 }
Period(ns):         10.000
Sources:            { clk_i }

Check Type        Corner  Lib Pin             Reference Pin  Required(ns)  Actual(ns)  Slack(ns)  Location      Pin
Min Period        n/a     RAMB36E1/CLKARDCLK  n/a            2.944         10.000      7.056      RAMB36_X1Y1   u_tcm/u_ram/ram_reg_0_0/CLKARDCLK
Min Period        n/a     RAMB36E1/CLKBWRCLK  n/a            2.944         10.000      7.056      RAMB36_X1Y1   u_tcm/u_ram/ram_reg_0_0/CLKBWRCLK
Min Period        n/a     RAMB36E1/CLKARDCLK  n/a            2.944         10.000      7.056      RAMB36_X0Y5   u_tcm/u_ram/ram_reg_0_1/CLKARDCLK
Min Period        n/a     RAMB36E1/CLKBWRCLK  n/a            2.944         10.000      7.056      RAMB36_X0Y5   u_tcm/u_ram/ram_reg_0_1/CLKBWRCLK
Min Period        n/a     RAMB36E1/CLKARDCLK  n/a            2.944         10.000      7.056      RAMB36_X2Y4   u_tcm/u_ram/ram_reg_0_2/CLKARDCLK
Min Period        n/a     RAMB36E1/CLKBWRCLK  n/a            2.944         10.000      7.056      RAMB36_X2Y4   u_tcm/u_ram/ram_reg_0_2/CLKBWRCLK
Min Period        n/a     RAMB36E1/CLKARDCLK  n/a            2.944         10.000      7.056      RAMB36_X1Y2   u_tcm/u_ram/ram_reg_0_3/CLKARDCLK
Min Period        n/a     RAMB36E1/CLKBWRCLK  n/a            2.944         10.000      7.056      RAMB36_X1Y2   u_tcm/u_ram/ram_reg_0_3/CLKBWRCLK
Min Period        n/a     RAMB36E1/CLKARDCLK  n/a            2.944         10.000      7.056      RAMB36_X0Y1   u_tcm/u_ram/ram_reg_1_0/CLKARDCLK
Min Period        n/a     RAMB36E1/CLKBWRCLK  n/a            2.944         10.000      7.056      RAMB36_X0Y1   u_tcm/u_ram/ram_reg_1_0/CLKBWRCLK
Min Period        n/a     RAMB36E1/CLKARDCLK  n/a            2.944         10.000      7.056      RAMB36_X0Y3   u_tcm/u_ram/ram_reg_1_1/CLKARDCLK
Min Period        n/a     RAMB36E1/CLKBWRCLK  n/a            2.944         10.000      7.056      RAMB36_X0Y3   u_tcm/u_ram/ram_reg_1_1/CLKBWRCLK
Min Period        n/a     RAMB36E1/CLKARDCLK  n/a            2.944         10.000      7.056      RAMB36_X2Y2   u_tcm/u_ram/ram_reg_1_2/CLKARDCLK
Min Period        n/a     RAMB36E1/CLKBWRCLK  n/a            2.944         10.000      7.056      RAMB36_X2Y2   u_tcm/u_ram/ram_reg_1_2/CLKBWRCLK
Min Period        n/a     RAMB36E1/CLKARDCLK  n/a            2.944         10.000      7.056      RAMB36_X1Y3   u_tcm/u_ram/ram_reg_1_3/CLKARDCLK
Min Period        n/a     RAMB36E1/CLKBWRCLK  n/a            2.944         10.000      7.056      RAMB36_X1Y3   u_tcm/u_ram/ram_reg_1_3/CLKBWRCLK
Min Period        n/a     RAMB36E1/CLKARDCLK  n/a            2.944         10.000      7.056      RAMB36_X1Y5   u_tcm/u_ram/ram_reg_2_0/CLKARDCLK
Min Period        n/a     RAMB36E1/CLKBWRCLK  n/a            2.944         10.000      7.056      RAMB36_X1Y5   u_tcm/u_ram/ram_reg_2_0/CLKBWRCLK
Min Period        n/a     RAMB36E1/CLKARDCLK  n/a            2.944         10.000      7.056      RAMB36_X0Y4   u_tcm/u_ram/ram_reg_2_1/CLKARDCLK
Min Period        n/a     RAMB36E1/CLKBWRCLK  n/a            2.944         10.000      7.056      RAMB36_X0Y4   u_tcm/u_ram/ram_reg_2_1/CLKBWRCLK
Low Pulse Width   Slow    FDCE/C              n/a            0.500         5.000       4.500      SLICE_X11Y32  u_axi/awvalid_inhibit_q_reg/C
Low Pulse Width   Fast    FDCE/C              n/a            0.500         5.000       4.500      SLICE_X11Y32  u_axi/awvalid_inhibit_q_reg/C
Low Pulse Width   Slow    FDCE/C              n/a            0.500         5.000       4.500      SLICE_X10Y32  u_axi/request_pending_q_reg/C
Low Pulse Width   Fast    FDCE/C              n/a            0.500         5.000       4.500      SLICE_X10Y32  u_axi/request_pending_q_reg/C
Low Pulse Width   Slow    FDCE/C              n/a            0.500         5.000       4.500      SLICE_X11Y32  u_axi/wvalid_inhibit_q_reg/C
Low Pulse Width   Fast    FDCE/C              n/a            0.500         5.000       4.500      SLICE_X11Y32  u_axi/wvalid_inhibit_q_reg/C
Low Pulse Width   Slow    FDCE/C              n/a            0.500         5.000       4.500      SLICE_X10Y32  u_axi/u_req/count_q_reg[0]/C
Low Pulse Width   Fast    FDCE/C              n/a            0.500         5.000       4.500      SLICE_X10Y32  u_axi/u_req/count_q_reg[0]/C
Low Pulse Width   Slow    FDCE/C              n/a            0.500         5.000       4.500      SLICE_X10Y32  u_axi/u_req/count_q_reg[1]/C
Low Pulse Width   Fast    FDCE/C              n/a            0.500         5.000       4.500      SLICE_X10Y32  u_axi/u_req/count_q_reg[1]/C
Low Pulse Width   Slow    FDRE/C              n/a            0.500         5.000       4.500      SLICE_X6Y32   u_axi/u_req/ram_q_reg[0][10]/C
Low Pulse Width   Fast    FDRE/C              n/a            0.500         5.000       4.500      SLICE_X6Y32   u_axi/u_req/ram_q_reg[0][10]/C
Low Pulse Width   Slow    FDRE/C              n/a            0.500         5.000       4.500      SLICE_X7Y33   u_axi/u_req/ram_q_reg[0][11]/C
Low Pulse Width   Fast    FDRE/C              n/a            0.500         5.000       4.500      SLICE_X7Y33   u_axi/u_req/ram_q_reg[0][11]/C
Low Pulse Width   Slow    FDRE/C              n/a            0.500         5.000       4.500      SLICE_X7Y33   u_axi/u_req/ram_q_reg[0][12]/C
Low Pulse Width   Fast    FDRE/C              n/a            0.500         5.000       4.500      SLICE_X7Y33   u_axi/u_req/ram_q_reg[0][12]/C
Low Pulse Width   Slow    FDRE/C              n/a            0.500         5.000       4.500      SLICE_X10Y34  u_axi/u_req/ram_q_reg[0][13]/C
Low Pulse Width   Fast    FDRE/C              n/a            0.500         5.000       4.500      SLICE_X10Y34  u_axi/u_req/ram_q_reg[0][13]/C
Low Pulse Width   Slow    FDRE/C              n/a            0.500         5.000       4.500      SLICE_X10Y34  u_axi/u_req/ram_q_reg[0][14]/C
Low Pulse Width   Fast    FDRE/C              n/a            0.500         5.000       4.500      SLICE_X10Y34  u_axi/u_req/ram_q_reg[0][14]/C
High Pulse Width  Slow    FDCE/C              n/a            0.500         5.000       4.500      SLICE_X11Y32  u_axi/awvalid_inhibit_q_reg/C
High Pulse Width  Fast    FDCE/C              n/a            0.500         5.000       4.500      SLICE_X11Y32  u_axi/awvalid_inhibit_q_reg/C
High Pulse Width  Slow    FDCE/C              n/a            0.500         5.000       4.500      SLICE_X10Y32  u_axi/request_pending_q_reg/C
High Pulse Width  Fast    FDCE/C              n/a            0.500         5.000       4.500      SLICE_X10Y32  u_axi/request_pending_q_reg/C
High Pulse Width  Slow    FDCE/C              n/a            0.500         5.000       4.500      SLICE_X11Y32  u_axi/wvalid_inhibit_q_reg/C
High Pulse Width  Fast    FDCE/C              n/a            0.500         5.000       4.500      SLICE_X11Y32  u_axi/wvalid_inhibit_q_reg/C
High Pulse Width  Slow    FDCE/C              n/a            0.500         5.000       4.500      SLICE_X10Y32  u_axi/u_req/count_q_reg[0]/C
High Pulse Width  Fast    FDCE/C              n/a            0.500         5.000       4.500      SLICE_X10Y32  u_axi/u_req/count_q_reg[0]/C
High Pulse Width  Slow    FDCE/C              n/a            0.500         5.000       4.500      SLICE_X10Y32  u_axi/u_req/count_q_reg[1]/C
High Pulse Width  Fast    FDCE/C              n/a            0.500         5.000       4.500      SLICE_X10Y32  u_axi/u_req/count_q_reg[1]/C
High Pulse Width  Slow    FDRE/C              n/a            0.500         5.000       4.500      SLICE_X6Y32   u_axi/u_req/ram_q_reg[0][10]/C
High Pulse Width  Fast    FDRE/C              n/a            0.500         5.000       4.500      SLICE_X6Y32   u_axi/u_req/ram_q_reg[0][10]/C
High Pulse Width  Slow    FDRE/C              n/a            0.500         5.000       4.500      SLICE_X7Y33   u_axi/u_req/ram_q_reg[0][11]/C
High Pulse Width  Fast    FDRE/C              n/a            0.500         5.000       4.500      SLICE_X7Y33   u_axi/u_req/ram_q_reg[0][11]/C
High Pulse Width  Slow    FDRE/C              n/a            0.500         5.000       4.500      SLICE_X7Y33   u_axi/u_req/ram_q_reg[0][12]/C
High Pulse Width  Fast    FDRE/C              n/a            0.500         5.000       4.500      SLICE_X7Y33   u_axi/u_req/ram_q_reg[0][12]/C
High Pulse Width  Slow    FDRE/C              n/a            0.500         5.000       4.500      SLICE_X10Y34  u_axi/u_req/ram_q_reg[0][13]/C
High Pulse Width  Fast    FDRE/C              n/a            0.500         5.000       4.500      SLICE_X10Y34  u_axi/u_req/ram_q_reg[0][13]/C
High Pulse Width  Slow    FDRE/C              n/a            0.500         5.000       4.500      SLICE_X10Y34  u_axi/u_req/ram_q_reg[0][14]/C
High Pulse Width  Fast    FDRE/C              n/a            0.500         5.000       4.500      SLICE_X10Y34  u_axi/u_req/ram_q_reg[0][14]/C



