Copyright 1986-2022 Xilinx, Inc. All Rights Reserved.
-------------------------------------------------------------------------------------------------------------------------------------------------------------------------
| Tool Version : Vivado v.2022.2 (win64) Build 3671981 Fri Oct 14 05:00:03 MDT 2022
| Date         : Sun Sep  6 21:35:53 2026
| Host         : LAPTOP-A7P3RQOS running 64-bit major release  (build 9200)
| Command      : report_timing_summary -delay_type min_max -max_paths 20 -file D:/code/FPGA/vivado/ultra_scalar_top_tcm_xc7z020/reports/param_sweep/D/timing_summary.rpt
| Design       : riscv_tcm_top
| Device       : 7z020-clg400
| Speed File   : -1  PRODUCTION 1.12 2019-11-22
-------------------------------------------------------------------------------------------------------------------------------------------------------------------------

Timing Summary Report

------------------------------------------------------------------------------------------------
| Timer Settings
| --------------
------------------------------------------------------------------------------------------------

  Enable Multi Corner Analysis               :  Yes
  Enable Pessimism Removal                   :  Yes
  Pessimism Removal Resolution               :  Nearest Common Node
  Enable Input Delay Default Clock           :  No
  Enable Preset / Clear Arcs                 :  No
  Disable Flight Delays                      :  No
  Ignore I/O Paths                           :  No
  Timing Early Launch at Borrowing Latches   :  No
  Borrow Time for Max Delay Exceptions       :  Yes
  Merge Timing Exceptions                    :  Yes

  Corner  Analyze    Analyze    
  Name    Max Paths  Min Paths  
  ------  ---------  ---------  
  Slow    Yes        Yes        
  Fast    Yes        Yes        


------------------------------------------------------------------------------------------------
| Report Methodology
| ------------------
------------------------------------------------------------------------------------------------

No report available as report_methodology has not been run prior. Run report_methodology on the current design for the summary of methodology violations.



check_timing report

Table of Contents
-----------------
1. checking no_clock (0)
2. checking constant_clock (0)
3. checking pulse_width_clock (0)
4. checking unconstrained_internal_endpoints (0)
5. checking no_input_delay (140)
6. checking no_output_delay (145)
7. checking multiple_clock (0)
8. checking generated_clocks (0)
9. checking loops (0)
10. checking partial_input_delay (0)
11. checking partial_output_delay (0)
12. checking latch_loops (0)

1. checking no_clock (0)
------------------------
 There are 0 register/latch pins with no clock.


2. checking constant_clock (0)
------------------------------
 There are 0 register/latch pins with constant_clock.


3. checking pulse_width_clock (0)
---------------------------------
 There are 0 register/latch pins which need pulse_width check


4. checking unconstrained_internal_endpoints (0)
------------------------------------------------
 There are 0 pins that are not constrained for maximum delay.

 There are 0 pins that are not constrained for maximum delay due to constant clock.


5. checking no_input_delay (140)
--------------------------------
 There are 138 input ports with no input delay specified. (HIGH)

 There are 2 input ports with no input delay but user has a false path constraint. (MEDIUM)


6. checking no_output_delay (145)
---------------------------------
 There are 145 ports with no output delay specified. (HIGH)

 There are 0 ports with no output delay but user has a false path constraint

 There are 0 ports with no output delay but with a timing clock defined on it or propagating through it


7. checking multiple_clock (0)
------------------------------
 There are 0 register/latch pins with multiple clocks.


8. checking generated_clocks (0)
--------------------------------
 There are 0 generated clocks that are not connected to a clock source.


9. checking loops (0)
---------------------
 There are 0 combinational loops in the design.


10. checking partial_input_delay (0)
------------------------------------
 There are 0 input ports with partial input delay specified.


11. checking partial_output_delay (0)
-------------------------------------
 There are 0 ports with partial output delay specified.


12. checking latch_loops (0)
----------------------------
 There are 0 combinational latch loops in the design through latch input



------------------------------------------------------------------------------------------------
| Design Timing Summary
| ---------------------
------------------------------------------------------------------------------------------------

    WNS(ns)      TNS(ns)  TNS Failing Endpoints  TNS Total Endpoints      WHS(ns)      THS(ns)  THS Failing Endpoints  THS Total Endpoints     WPWS(ns)     TPWS(ns)  TPWS Failing Endpoints  TPWS Total Endpoints  
    -------      -------  ---------------------  -------------------      -------      -------  ---------------------  -------------------     --------     --------  ----------------------  --------------------  
     -1.887     -614.715                    779                 5326        0.114        0.000                      0                 5326        3.750        0.000                       0                  2043  


Timing constraints are not met.


------------------------------------------------------------------------------------------------
| Clock Summary
| -------------
------------------------------------------------------------------------------------------------

Clock  Waveform(ns)       Period(ns)      Frequency(MHz)
-----  ------------       ----------      --------------
clk_i  {0.000 5.000}      10.000          100.000         


------------------------------------------------------------------------------------------------
| Intra Clock Table
| -----------------
------------------------------------------------------------------------------------------------

Clock             WNS(ns)      TNS(ns)  TNS Failing Endpoints  TNS Total Endpoints      WHS(ns)      THS(ns)  THS Failing Endpoints  THS Total Endpoints     WPWS(ns)     TPWS(ns)  TPWS Failing Endpoints  TPWS Total Endpoints  
-----             -------      -------  ---------------------  -------------------      -------      -------  ---------------------  -------------------     --------     --------  ----------------------  --------------------  
clk_i              -1.887     -614.715                    779                 5326        0.114        0.000                      0                 5326        3.750        0.000                       0                  2043  


------------------------------------------------------------------------------------------------
| Inter Clock Table
| -----------------
------------------------------------------------------------------------------------------------

From Clock    To Clock          WNS(ns)      TNS(ns)  TNS Failing Endpoints  TNS Total Endpoints      WHS(ns)      THS(ns)  THS Failing Endpoints  THS Total Endpoints  
----------    --------          -------      -------  ---------------------  -------------------      -------      -------  ---------------------  -------------------  


------------------------------------------------------------------------------------------------
| Other Path Groups Table
| -----------------------
------------------------------------------------------------------------------------------------

Path Group    From Clock    To Clock          WNS(ns)      TNS(ns)  TNS Failing Endpoints  TNS Total Endpoints      WHS(ns)      THS(ns)  THS Failing Endpoints  THS Total Endpoints  
----------    ----------    --------          -------      -------  ---------------------  -------------------      -------      -------  ---------------------  -------------------  


------------------------------------------------------------------------------------------------
| Timing Details
| --------------
------------------------------------------------------------------------------------------------


---------------------------------------------------------------------------------------------------
From Clock:  clk_i
  To Clock:  clk_i

Setup :          779  Failing Endpoints,  Worst Slack       -1.887ns,  Total Violation     -614.715ns
Hold  :            0  Failing Endpoints,  Worst Slack        0.114ns,  Total Violation        0.000ns
PW    :            0  Failing Endpoints,  Worst Slack        3.750ns,  Total Violation        0.000ns
---------------------------------------------------------------------------------------------------


Max Delay Paths
--------------------------------------------------------------------------------------
Slack (VIOLATED) :        -1.887ns  (required time - arrival time)
  Source:                 u_core/u_decode/buffer_q_reg[45]/C
                            (rising edge-triggered cell FDCE clocked by clk_i  {rise@0.000ns fall@5.000ns period=10.000ns})
  Destination:            u_core/u_lsu/mem_data_wr_q_reg[19]/D
                            (rising edge-triggered cell FDCE clocked by clk_i  {rise@0.000ns fall@5.000ns period=10.000ns})
  Path Group:             clk_i
  Path Type:              Setup (Max at Slow Process Corner)
  Requirement:            10.000ns  (clk_i rise@10.000ns - clk_i rise@0.000ns)
  Data Path Delay:        11.797ns  (logic 3.002ns (25.446%)  route 8.795ns (74.554%))
  Logic Levels:           14  (CARRY4=1 LUT2=2 LUT4=1 LUT6=10)
  Clock Path Skew:        -0.131ns (DCD - SCD + CPR)
    Destination Clock Delay (DCD):    1.494ns = ( 11.494 - 10.000 ) 
    Source Clock Delay      (SCD):    1.740ns
    Clock Pessimism Removal (CPR):    0.115ns
  Clock Uncertainty:      0.035ns  ((TSJ^2 + TIJ^2)^1/2 + DJ) / 2 + PE
    Total System Jitter     (TSJ):    0.071ns
    Total Input Jitter      (TIJ):    0.000ns
    Discrete Jitter          (DJ):    0.000ns
    Phase Error              (PE):    0.000ns

    Location             Delay type                Incr(ns)  Path(ns)    Netlist Resource(s)
  -------------------------------------------------------------------    -------------------
                         (clock clk_i rise edge)      0.000     0.000 r  
                                                      0.000     0.000 r  clk_i (IN)
                         net (fo=2042, unset)         1.740     1.740    u_core/u_decode/clk_i
    SLICE_X26Y17         FDCE                                         r  u_core/u_decode/buffer_q_reg[45]/C
  -------------------------------------------------------------------    -------------------
    SLICE_X26Y17         FDCE (Prop_fdce_C_Q)         0.518     2.258 f  u_core/u_decode/buffer_q_reg[45]/Q
                         net (fo=79, routed)          1.094     3.352    u_core/u_decode/fetch_instr_w[13]
    SLICE_X26Y16         LUT2 (Prop_lut2_I1_O)        0.156     3.508 f  u_core/u_decode/ctrl_e1_q[2]_i_5/O
                         net (fo=2, routed)           0.503     4.011    u_core/u_decode/ctrl_e1_q[2]_i_5_n_0
    SLICE_X27Y16         LUT6 (Prop_lut6_I4_O)        0.355     4.366 f  u_core/u_decode/take_interrupt_q_i_15/O
                         net (fo=2, routed)           0.734     5.100    u_core/u_decode/take_interrupt_q_i_15_n_0
    SLICE_X28Y16         LUT6 (Prop_lut6_I1_O)        0.124     5.224 f  u_core/u_decode/rd_result_e1_q[31]_i_141/O
                         net (fo=1, routed)           0.579     5.802    u_core/u_decode/rd_result_e1_q[31]_i_141_n_0
    SLICE_X31Y15         LUT6 (Prop_lut6_I3_O)        0.124     5.926 f  u_core/u_decode/rd_result_e1_q[31]_i_119/O
                         net (fo=48, routed)          0.884     6.810    u_core/u_issue/u_pipe_ctrl/scoreboard_r1
    SLICE_X33Y17         LUT6 (Prop_lut6_I2_O)        0.124     6.934 f  u_core/u_issue/u_pipe_ctrl/rd_result_e1_q[31]_i_107/O
                         net (fo=1, routed)           0.641     7.575    u_core/u_issue/u_pipe_ctrl/rd_result_e1_q[31]_i_107_n_0
    SLICE_X33Y16         LUT6 (Prop_lut6_I1_O)        0.124     7.699 f  u_core/u_issue/u_pipe_ctrl/rd_result_e1_q[31]_i_40/O
                         net (fo=1, routed)           0.780     8.479    u_core/u_issue/u_pipe_ctrl/rd_result_e1_q[31]_i_40_n_0
    SLICE_X32Y14         LUT6 (Prop_lut6_I5_O)        0.124     8.603 f  u_core/u_issue/u_pipe_ctrl/rd_result_e1_q[31]_i_13/O
                         net (fo=2, routed)           0.529     9.131    u_core/u_issue/u_pipe_ctrl/opcode_issue_r40_in
    SLICE_X31Y13         LUT6 (Prop_lut6_I4_O)        0.124     9.255 r  u_core/u_issue/u_pipe_ctrl/rd_result_e1_q[31]_i_3/O
                         net (fo=61, routed)          0.301     9.556    u_core/u_decode/lsu_opcode_valid_w
    SLICE_X31Y13         LUT6 (Prop_lut6_I5_O)        0.124     9.680 r  u_core/u_decode/mem_writeback_q_i_4/O
                         net (fo=35, routed)          0.701    10.381    u_core/u_decode/u_lsu/mem_addr_r115_out
    SLICE_X34Y13         LUT6 (Prop_lut6_I3_O)        0.124    10.505 r  u_core/u_decode/mem_wr_q[3]_i_9_comp/O
                         net (fo=1, routed)           0.000    10.505    u_core/u_decode/mem_wr_q[3]_i_9_n_0
    SLICE_X34Y13         CARRY4 (Prop_carry4_S[0]_O[1])
                                                      0.427    10.932 r  u_core/u_decode/mem_wr_q_reg[3]_i_5/O[1]
                         net (fo=12, routed)          0.599    11.531    u_core/u_lsu/O[1]
    SLICE_X35Y13         LUT2 (Prop_lut2_I1_O)        0.306    11.837 f  u_core/u_lsu/mem_data_wr_q[23]_i_5/O
                         net (fo=2, routed)           0.771    12.608    u_core/u_decode/mem_data_wr_q_reg[7]
    SLICE_X33Y9          LUT6 (Prop_lut6_I0_O)        0.124    12.732 r  u_core/u_decode/mem_data_wr_q[23]_i_3/O
                         net (fo=8, routed)           0.681    13.413    u_core/u_issue/u_pipe_ctrl/mem_data_wr_q_reg[23]_0
    SLICE_X34Y9          LUT4 (Prop_lut4_I3_O)        0.124    13.537 r  u_core/u_issue/u_pipe_ctrl/mem_data_wr_q[19]_i_1/O
                         net (fo=1, routed)           0.000    13.537    u_core/u_lsu/mem_data_wr_q_reg[31]_0[19]
    SLICE_X34Y9          FDCE                                         r  u_core/u_lsu/mem_data_wr_q_reg[19]/D
  -------------------------------------------------------------------    -------------------

                         (clock clk_i rise edge)     10.000    10.000 r  
                                                      0.000    10.000 r  clk_i (IN)
                         net (fo=2042, unset)         1.494    11.494    u_core/u_lsu/clk_i
    SLICE_X34Y9          FDCE                                         r  u_core/u_lsu/mem_data_wr_q_reg[19]/C
                         clock pessimism              0.115    11.609    
                         clock uncertainty           -0.035    11.574    
    SLICE_X34Y9          FDCE (Setup_fdce_C_D)        0.077    11.651    u_core/u_lsu/mem_data_wr_q_reg[19]
  -------------------------------------------------------------------
                         required time                         11.651    
                         arrival time                         -13.537    
  -------------------------------------------------------------------
                         slack                                 -1.887    

Slack (VIOLATED) :        -1.839ns  (required time - arrival time)
  Source:                 u_core/u_decode/buffer_q_reg[45]/C
                            (rising edge-triggered cell FDCE clocked by clk_i  {rise@0.000ns fall@5.000ns period=10.000ns})
  Destination:            u_core/u_lsu/mem_data_wr_q_reg[20]/D
                            (rising edge-triggered cell FDCE clocked by clk_i  {rise@0.000ns fall@5.000ns period=10.000ns})
  Path Group:             clk_i
  Path Type:              Setup (Max at Slow Process Corner)
  Requirement:            10.000ns  (clk_i rise@10.000ns - clk_i rise@0.000ns)
  Data Path Delay:        11.754ns  (logic 3.002ns (25.541%)  route 8.752ns (74.459%))
  Logic Levels:           14  (CARRY4=1 LUT2=2 LUT4=1 LUT6=10)
  Clock Path Skew:        -0.131ns (DCD - SCD + CPR)
    Destination Clock Delay (DCD):    1.494ns = ( 11.494 - 10.000 ) 
    Source Clock Delay      (SCD):    1.740ns
    Clock Pessimism Removal (CPR):    0.115ns
  Clock Uncertainty:      0.035ns  ((TSJ^2 + TIJ^2)^1/2 + DJ) / 2 + PE
    Total System Jitter     (TSJ):    0.071ns
    Total Input Jitter      (TIJ):    0.000ns
    Discrete Jitter          (DJ):    0.000ns
    Phase Error              (PE):    0.000ns

    Location             Delay type                Incr(ns)  Path(ns)    Netlist Resource(s)
  -------------------------------------------------------------------    -------------------
                         (clock clk_i rise edge)      0.000     0.000 r  
                                                      0.000     0.000 r  clk_i (IN)
                         net (fo=2042, unset)         1.740     1.740    u_core/u_decode/clk_i
    SLICE_X26Y17         FDCE                                         r  u_core/u_decode/buffer_q_reg[45]/C
  -------------------------------------------------------------------    -------------------
    SLICE_X26Y17         FDCE (Prop_fdce_C_Q)         0.518     2.258 f  u_core/u_decode/buffer_q_reg[45]/Q
                         net (fo=79, routed)          1.094     3.352    u_core/u_decode/fetch_instr_w[13]
    SLICE_X26Y16         LUT2 (Prop_lut2_I1_O)        0.156     3.508 f  u_core/u_decode/ctrl_e1_q[2]_i_5/O
                         net (fo=2, routed)           0.503     4.011    u_core/u_decode/ctrl_e1_q[2]_i_5_n_0
    SLICE_X27Y16         LUT6 (Prop_lut6_I4_O)        0.355     4.366 f  u_core/u_decode/take_interrupt_q_i_15/O
                         net (fo=2, routed)           0.734     5.100    u_core/u_decode/take_interrupt_q_i_15_n_0
    SLICE_X28Y16         LUT6 (Prop_lut6_I1_O)        0.124     5.224 f  u_core/u_decode/rd_result_e1_q[31]_i_141/O
                         net (fo=1, routed)           0.579     5.802    u_core/u_decode/rd_result_e1_q[31]_i_141_n_0
    SLICE_X31Y15         LUT6 (Prop_lut6_I3_O)        0.124     5.926 f  u_core/u_decode/rd_result_e1_q[31]_i_119/O
                         net (fo=48, routed)          0.884     6.810    u_core/u_issue/u_pipe_ctrl/scoreboard_r1
    SLICE_X33Y17         LUT6 (Prop_lut6_I2_O)        0.124     6.934 f  u_core/u_issue/u_pipe_ctrl/rd_result_e1_q[31]_i_107/O
                         net (fo=1, routed)           0.641     7.575    u_core/u_issue/u_pipe_ctrl/rd_result_e1_q[31]_i_107_n_0
    SLICE_X33Y16         LUT6 (Prop_lut6_I1_O)        0.124     7.699 f  u_core/u_issue/u_pipe_ctrl/rd_result_e1_q[31]_i_40/O
                         net (fo=1, routed)           0.780     8.479    u_core/u_issue/u_pipe_ctrl/rd_result_e1_q[31]_i_40_n_0
    SLICE_X32Y14         LUT6 (Prop_lut6_I5_O)        0.124     8.603 f  u_core/u_issue/u_pipe_ctrl/rd_result_e1_q[31]_i_13/O
                         net (fo=2, routed)           0.529     9.131    u_core/u_issue/u_pipe_ctrl/opcode_issue_r40_in
    SLICE_X31Y13         LUT6 (Prop_lut6_I4_O)        0.124     9.255 r  u_core/u_issue/u_pipe_ctrl/rd_result_e1_q[31]_i_3/O
                         net (fo=61, routed)          0.301     9.556    u_core/u_decode/lsu_opcode_valid_w
    SLICE_X31Y13         LUT6 (Prop_lut6_I5_O)        0.124     9.680 r  u_core/u_decode/mem_writeback_q_i_4/O
                         net (fo=35, routed)          0.701    10.381    u_core/u_decode/u_lsu/mem_addr_r115_out
    SLICE_X34Y13         LUT6 (Prop_lut6_I3_O)        0.124    10.505 r  u_core/u_decode/mem_wr_q[3]_i_9_comp/O
                         net (fo=1, routed)           0.000    10.505    u_core/u_decode/mem_wr_q[3]_i_9_n_0
    SLICE_X34Y13         CARRY4 (Prop_carry4_S[0]_O[1])
                                                      0.427    10.932 r  u_core/u_decode/mem_wr_q_reg[3]_i_5/O[1]
                         net (fo=12, routed)          0.599    11.531    u_core/u_lsu/O[1]
    SLICE_X35Y13         LUT2 (Prop_lut2_I1_O)        0.306    11.837 f  u_core/u_lsu/mem_data_wr_q[23]_i_5/O
                         net (fo=2, routed)           0.771    12.608    u_core/u_decode/mem_data_wr_q_reg[7]
    SLICE_X33Y9          LUT6 (Prop_lut6_I0_O)        0.124    12.732 r  u_core/u_decode/mem_data_wr_q[23]_i_3/O
                         net (fo=8, routed)           0.637    13.370    u_core/u_issue/u_pipe_ctrl/mem_data_wr_q_reg[23]_0
    SLICE_X34Y9          LUT4 (Prop_lut4_I3_O)        0.124    13.494 r  u_core/u_issue/u_pipe_ctrl/mem_data_wr_q[20]_i_1/O
                         net (fo=1, routed)           0.000    13.494    u_core/u_lsu/mem_data_wr_q_reg[31]_0[20]
    SLICE_X34Y9          FDCE                                         r  u_core/u_lsu/mem_data_wr_q_reg[20]/D
  -------------------------------------------------------------------    -------------------

                         (clock clk_i rise edge)     10.000    10.000 r  
                                                      0.000    10.000 r  clk_i (IN)
                         net (fo=2042, unset)         1.494    11.494    u_core/u_lsu/clk_i
    SLICE_X34Y9          FDCE                                         r  u_core/u_lsu/mem_data_wr_q_reg[20]/C
                         clock pessimism              0.115    11.609    
                         clock uncertainty           -0.035    11.574    
    SLICE_X34Y9          FDCE (Setup_fdce_C_D)        0.081    11.655    u_core/u_lsu/mem_data_wr_q_reg[20]
  -------------------------------------------------------------------
                         required time                         11.655    
                         arrival time                         -13.494    
  -------------------------------------------------------------------
                         slack                                 -1.839    

Slack (VIOLATED) :        -1.837ns  (required time - arrival time)
  Source:                 u_tcm/u_ram/ram_reg_2_3/CLKARDCLK
                            (rising edge-triggered cell RAMB36E1 clocked by clk_i  {rise@0.000ns fall@5.000ns period=10.000ns})
  Destination:            u_core/u_decode/buffer_q_reg[34]_replica/D
                            (rising edge-triggered cell FDCE clocked by clk_i  {rise@0.000ns fall@5.000ns period=10.000ns})
  Path Group:             clk_i
  Path Type:              Setup (Max at Slow Process Corner)
  Requirement:            10.000ns  (clk_i rise@10.000ns - clk_i rise@0.000ns)
  Data Path Delay:        11.626ns  (logic 4.912ns (42.251%)  route 6.714ns (57.749%))
  Logic Levels:           15  (CARRY4=6 LUT2=1 LUT3=1 LUT5=1 LUT6=6)
  Clock Path Skew:        -0.108ns (DCD - SCD + CPR)
    Destination Clock Delay (DCD):    1.572ns = ( 11.572 - 10.000 ) 
    Source Clock Delay      (SCD):    1.795ns
    Clock Pessimism Removal (CPR):    0.115ns
  Clock Uncertainty:      0.035ns  ((TSJ^2 + TIJ^2)^1/2 + DJ) / 2 + PE
    Total System Jitter     (TSJ):    0.071ns
    Total Input Jitter      (TIJ):    0.000ns
    Discrete Jitter          (DJ):    0.000ns
    Phase Error              (PE):    0.000ns

    Location             Delay type                Incr(ns)  Path(ns)    Netlist Resource(s)
  -------------------------------------------------------------------    -------------------
                         (clock clk_i rise edge)      0.000     0.000 r  
                                                      0.000     0.000 r  clk_i (IN)
                         net (fo=2042, unset)         1.795     1.795    u_tcm/u_ram/clk_i
    RAMB36_X1Y0          RAMB36E1                                     r  u_tcm/u_ram/ram_reg_2_3/CLKARDCLK
  -------------------------------------------------------------------    -------------------
    RAMB36_X1Y0          RAMB36E1 (Prop_ramb36e1_CLKARDCLK_DOADO[1])
                                                      2.454     4.249 r  u_tcm/u_ram/ram_reg_2_3/DOADO[1]
                         net (fo=7, routed)           0.844     5.094    u_core/u_lsu/u_lsu_request/ram_read1_q[12]
    SLICE_X17Y3          LUT6 (Prop_lut6_I5_O)        0.124     5.218 r  u_core/u_lsu/u_lsu_request/result_wb_q[31]_i_11/O
                         net (fo=1, routed)           1.001     6.219    u_core/u_lsu/u_lsu_request/result_wb_q[31]_i_11_n_0
    SLICE_X15Y16         LUT6 (Prop_lut6_I4_O)        0.124     6.343 r  u_core/u_lsu/u_lsu_request/result_wb_q[31]_i_3/O
                         net (fo=35, routed)          0.956     7.298    u_core/u_lsu/u_lsu_request/result_wb_q[31]_i_3_n_0
    SLICE_X15Y12         LUT6 (Prop_lut6_I2_O)        0.124     7.422 r  u_core/u_lsu/u_lsu_request/result_wb_q[11]_i_1/O
                         net (fo=3, routed)           0.688     8.110    u_core/u_issue/u_pipe_ctrl/result_wb_q_reg[31]_1[6]
    SLICE_X15Y12         LUT6 (Prop_lut6_I2_O)        0.124     8.234 r  u_core/u_issue/u_pipe_ctrl/mem_data_wr_q[27]_i_2/O
                         net (fo=14, routed)          0.554     8.789    u_core/u_issue/u_pipe_ctrl/DI[3]
    SLICE_X16Y11         LUT2 (Prop_lut2_I1_O)        0.124     8.913 r  u_core/u_issue/u_pipe_ctrl/buffer_q[66]_i_136/O
                         net (fo=1, routed)           0.000     8.913    u_core/u_issue/u_pipe_ctrl/buffer_q[66]_i_136_n_0
    SLICE_X16Y11         CARRY4 (Prop_carry4_S[3]_CO[3])
                                                      0.376     9.289 r  u_core/u_issue/u_pipe_ctrl/buffer_q_reg[66]_i_125/CO[3]
                         net (fo=1, routed)           0.000     9.289    u_core/u_issue/u_pipe_ctrl/buffer_q_reg[66]_i_125_n_0
    SLICE_X16Y12         CARRY4 (Prop_carry4_CI_CO[3])
                                                      0.117     9.406 r  u_core/u_issue/u_pipe_ctrl/buffer_q_reg[66]_i_115/CO[3]
                         net (fo=1, routed)           0.000     9.406    u_core/u_issue/u_pipe_ctrl/buffer_q_reg[66]_i_115_n_0
    SLICE_X16Y13         CARRY4 (Prop_carry4_CI_CO[3])
                                                      0.117     9.523 r  u_core/u_issue/u_pipe_ctrl/buffer_q_reg[66]_i_97/CO[3]
                         net (fo=1, routed)           0.000     9.523    u_core/u_issue/u_pipe_ctrl/buffer_q_reg[66]_i_97_n_0
    SLICE_X16Y14         CARRY4 (Prop_carry4_CI_CO[3])
                                                      0.117     9.640 r  u_core/u_issue/u_pipe_ctrl/buffer_q_reg[66]_i_74/CO[3]
                         net (fo=1, routed)           0.000     9.640    u_core/u_issue/u_pipe_ctrl/buffer_q_reg[66]_i_74_n_0
    SLICE_X16Y15         CARRY4 (Prop_carry4_CI_CO[3])
                                                      0.117     9.757 r  u_core/u_issue/u_pipe_ctrl/buffer_q_reg[66]_i_46/CO[3]
                         net (fo=1, routed)           0.000     9.757    u_core/u_issue/u_pipe_ctrl/buffer_q_reg[66]_i_46_n_0
    SLICE_X16Y16         CARRY4 (Prop_carry4_CI_O[3])
                                                      0.315    10.072 f  u_core/u_issue/u_pipe_ctrl/buffer_q_reg[66]_i_22/O[3]
                         net (fo=1, routed)           0.437    10.508    u_core/u_issue/u_pipe_ctrl/u_exec/less_than_signed01_out[31]
    SLICE_X17Y19         LUT3 (Prop_lut3_I2_O)        0.307    10.815 f  u_core/u_issue/u_pipe_ctrl/buffer_q[66]_i_14/O
                         net (fo=1, routed)           0.394    11.210    u_core/u_decode/buffer_q[66]_i_4_0
    SLICE_X19Y19         LUT6 (Prop_lut6_I3_O)        0.124    11.334 f  u_core/u_decode/buffer_q[66]_i_9_comp/O
                         net (fo=3, routed)           0.602    11.936    u_core/u_decode/buffer_q[66]_i_9_n_0
    SLICE_X24Y19         LUT6 (Prop_lut6_I5_O)        0.124    12.060 f  u_core/u_decode/buffer_q[66]_i_4/O
                         net (fo=95, routed)          0.894    12.954    u_core/u_fetch/branch_d_exec_request_w
    SLICE_X20Y17         LUT5 (Prop_lut5_I3_O)        0.124    13.078 r  u_core/u_fetch/buffer_q[34]_i_1/O
                         net (fo=3, routed)           0.344    13.421    u_core/u_decode/buffer_q_reg[66]_0[32]
    SLICE_X21Y16         FDCE                                         r  u_core/u_decode/buffer_q_reg[34]_replica/D
  -------------------------------------------------------------------    -------------------

                         (clock clk_i rise edge)     10.000    10.000 r  
                                                      0.000    10.000 r  clk_i (IN)
                         net (fo=2042, unset)         1.572    11.572    u_core/u_decode/clk_i
    SLICE_X21Y16         FDCE                                         r  u_core/u_decode/buffer_q_reg[34]_replica/C
                         clock pessimism              0.115    11.687    
                         clock uncertainty           -0.035    11.652    
    SLICE_X21Y16         FDCE (Setup_fdce_C_D)       -0.067    11.585    u_core/u_decode/buffer_q_reg[34]_replica
  -------------------------------------------------------------------
                         required time                         11.585    
                         arrival time                         -13.421    
  -------------------------------------------------------------------
                         slack                                 -1.837    

Slack (VIOLATED) :        -1.812ns  (required time - arrival time)
  Source:                 u_tcm/u_ram/ram_reg_2_3/CLKARDCLK
                            (rising edge-triggered cell RAMB36E1 clocked by clk_i  {rise@0.000ns fall@5.000ns period=10.000ns})
  Destination:            u_core/u_decode/buffer_q_reg[55]/CE
                            (rising edge-triggered cell FDCE clocked by clk_i  {rise@0.000ns fall@5.000ns period=10.000ns})
  Path Group:             clk_i
  Path Type:              Setup (Max at Slow Process Corner)
  Requirement:            10.000ns  (clk_i rise@10.000ns - clk_i rise@0.000ns)
  Data Path Delay:        11.463ns  (logic 4.788ns (41.768%)  route 6.675ns (58.232%))
  Logic Levels:           14  (CARRY4=6 LUT2=1 LUT3=1 LUT6=6)
  Clock Path Skew:        -0.108ns (DCD - SCD + CPR)
    Destination Clock Delay (DCD):    1.572ns = ( 11.572 - 10.000 ) 
    Source Clock Delay      (SCD):    1.795ns
    Clock Pessimism Removal (CPR):    0.115ns
  Clock Uncertainty:      0.035ns  ((TSJ^2 + TIJ^2)^1/2 + DJ) / 2 + PE
    Total System Jitter     (TSJ):    0.071ns
    Total Input Jitter      (TIJ):    0.000ns
    Discrete Jitter          (DJ):    0.000ns
    Phase Error              (PE):    0.000ns

    Location             Delay type                Incr(ns)  Path(ns)    Netlist Resource(s)
  -------------------------------------------------------------------    -------------------
                         (clock clk_i rise edge)      0.000     0.000 r  
                                                      0.000     0.000 r  clk_i (IN)
                         net (fo=2042, unset)         1.795     1.795    u_tcm/u_ram/clk_i
    RAMB36_X1Y0          RAMB36E1                                     r  u_tcm/u_ram/ram_reg_2_3/CLKARDCLK
  -------------------------------------------------------------------    -------------------
    RAMB36_X1Y0          RAMB36E1 (Prop_ramb36e1_CLKARDCLK_DOADO[1])
                                                      2.454     4.249 r  u_tcm/u_ram/ram_reg_2_3/DOADO[1]
                         net (fo=7, routed)           0.844     5.094    u_core/u_lsu/u_lsu_request/ram_read1_q[12]
    SLICE_X17Y3          LUT6 (Prop_lut6_I5_O)        0.124     5.218 r  u_core/u_lsu/u_lsu_request/result_wb_q[31]_i_11/O
                         net (fo=1, routed)           1.001     6.219    u_core/u_lsu/u_lsu_request/result_wb_q[31]_i_11_n_0
    SLICE_X15Y16         LUT6 (Prop_lut6_I4_O)        0.124     6.343 r  u_core/u_lsu/u_lsu_request/result_wb_q[31]_i_3/O
                         net (fo=35, routed)          0.956     7.298    u_core/u_lsu/u_lsu_request/result_wb_q[31]_i_3_n_0
    SLICE_X15Y12         LUT6 (Prop_lut6_I2_O)        0.124     7.422 r  u_core/u_lsu/u_lsu_request/result_wb_q[11]_i_1/O
                         net (fo=3, routed)           0.688     8.110    u_core/u_issue/u_pipe_ctrl/result_wb_q_reg[31]_1[6]
    SLICE_X15Y12         LUT6 (Prop_lut6_I2_O)        0.124     8.234 r  u_core/u_issue/u_pipe_ctrl/mem_data_wr_q[27]_i_2/O
                         net (fo=14, routed)          0.554     8.789    u_core/u_issue/u_pipe_ctrl/DI[3]
    SLICE_X16Y11         LUT2 (Prop_lut2_I1_O)        0.124     8.913 r  u_core/u_issue/u_pipe_ctrl/buffer_q[66]_i_136/O
                         net (fo=1, routed)           0.000     8.913    u_core/u_issue/u_pipe_ctrl/buffer_q[66]_i_136_n_0
    SLICE_X16Y11         CARRY4 (Prop_carry4_S[3]_CO[3])
                                                      0.376     9.289 r  u_core/u_issue/u_pipe_ctrl/buffer_q_reg[66]_i_125/CO[3]
                         net (fo=1, routed)           0.000     9.289    u_core/u_issue/u_pipe_ctrl/buffer_q_reg[66]_i_125_n_0
    SLICE_X16Y12         CARRY4 (Prop_carry4_CI_CO[3])
                                                      0.117     9.406 r  u_core/u_issue/u_pipe_ctrl/buffer_q_reg[66]_i_115/CO[3]
                         net (fo=1, routed)           0.000     9.406    u_core/u_issue/u_pipe_ctrl/buffer_q_reg[66]_i_115_n_0
    SLICE_X16Y13         CARRY4 (Prop_carry4_CI_CO[3])
                                                      0.117     9.523 r  u_core/u_issue/u_pipe_ctrl/buffer_q_reg[66]_i_97/CO[3]
                         net (fo=1, routed)           0.000     9.523    u_core/u_issue/u_pipe_ctrl/buffer_q_reg[66]_i_97_n_0
    SLICE_X16Y14         CARRY4 (Prop_carry4_CI_CO[3])
                                                      0.117     9.640 r  u_core/u_issue/u_pipe_ctrl/buffer_q_reg[66]_i_74/CO[3]
                         net (fo=1, routed)           0.000     9.640    u_core/u_issue/u_pipe_ctrl/buffer_q_reg[66]_i_74_n_0
    SLICE_X16Y15         CARRY4 (Prop_carry4_CI_CO[3])
                                                      0.117     9.757 r  u_core/u_issue/u_pipe_ctrl/buffer_q_reg[66]_i_46/CO[3]
                         net (fo=1, routed)           0.000     9.757    u_core/u_issue/u_pipe_ctrl/buffer_q_reg[66]_i_46_n_0
    SLICE_X16Y16         CARRY4 (Prop_carry4_CI_O[3])
                                                      0.315    10.072 r  u_core/u_issue/u_pipe_ctrl/buffer_q_reg[66]_i_22/O[3]
                         net (fo=1, routed)           0.437    10.508    u_core/u_issue/u_pipe_ctrl/u_exec/less_than_signed01_out[31]
    SLICE_X17Y19         LUT3 (Prop_lut3_I2_O)        0.307    10.815 r  u_core/u_issue/u_pipe_ctrl/buffer_q[66]_i_14/O
                         net (fo=1, routed)           0.394    11.210    u_core/u_decode/buffer_q[66]_i_4_0
    SLICE_X19Y19         LUT6 (Prop_lut6_I3_O)        0.124    11.334 r  u_core/u_decode/buffer_q[66]_i_9_comp/O
                         net (fo=3, routed)           0.695    12.029    u_core/u_decode/buffer_q[66]_i_9_n_0
    SLICE_X27Y19         LUT6 (Prop_lut6_I3_O)        0.124    12.153 r  u_core/u_decode/buffer_q[66]_i_1_comp/O
                         net (fo=68, routed)          1.106    13.259    u_core/u_decode/buffer_q[66]_i_1_n_0
    SLICE_X19Y17         FDCE                                         r  u_core/u_decode/buffer_q_reg[55]/CE
  -------------------------------------------------------------------    -------------------

                         (clock clk_i rise edge)     10.000    10.000 r  
                                                      0.000    10.000 r  clk_i (IN)
                         net (fo=2042, unset)         1.572    11.572    u_core/u_decode/clk_i
    SLICE_X19Y17         FDCE                                         r  u_core/u_decode/buffer_q_reg[55]/C
                         clock pessimism              0.115    11.687    
                         clock uncertainty           -0.035    11.652    
    SLICE_X19Y17         FDCE (Setup_fdce_C_CE)      -0.205    11.447    u_core/u_decode/buffer_q_reg[55]
  -------------------------------------------------------------------
                         required time                         11.447    
                         arrival time                         -13.259    
  -------------------------------------------------------------------
                         slack                                 -1.812    

Slack (VIOLATED) :        -1.812ns  (required time - arrival time)
  Source:                 u_tcm/u_ram/ram_reg_2_3/CLKARDCLK
                            (rising edge-triggered cell RAMB36E1 clocked by clk_i  {rise@0.000ns fall@5.000ns period=10.000ns})
  Destination:            u_core/u_decode/buffer_q_reg[54]/D
                            (rising edge-triggered cell FDCE clocked by clk_i  {rise@0.000ns fall@5.000ns period=10.000ns})
  Path Group:             clk_i
  Path Type:              Setup (Max at Slow Process Corner)
  Requirement:            10.000ns  (clk_i rise@10.000ns - clk_i rise@0.000ns)
  Data Path Delay:        11.579ns  (logic 4.912ns (42.422%)  route 6.667ns (57.578%))
  Logic Levels:           15  (CARRY4=6 LUT2=1 LUT3=1 LUT5=1 LUT6=6)
  Clock Path Skew:        -0.116ns (DCD - SCD + CPR)
    Destination Clock Delay (DCD):    1.564ns = ( 11.564 - 10.000 ) 
    Source Clock Delay      (SCD):    1.795ns
    Clock Pessimism Removal (CPR):    0.115ns
  Clock Uncertainty:      0.035ns  ((TSJ^2 + TIJ^2)^1/2 + DJ) / 2 + PE
    Total System Jitter     (TSJ):    0.071ns
    Total Input Jitter      (TIJ):    0.000ns
    Discrete Jitter          (DJ):    0.000ns
    Phase Error              (PE):    0.000ns

    Location             Delay type                Incr(ns)  Path(ns)    Netlist Resource(s)
  -------------------------------------------------------------------    -------------------
                         (clock clk_i rise edge)      0.000     0.000 r  
                                                      0.000     0.000 r  clk_i (IN)
                         net (fo=2042, unset)         1.795     1.795    u_tcm/u_ram/clk_i
    RAMB36_X1Y0          RAMB36E1                                     r  u_tcm/u_ram/ram_reg_2_3/CLKARDCLK
  -------------------------------------------------------------------    -------------------
    RAMB36_X1Y0          RAMB36E1 (Prop_ramb36e1_CLKARDCLK_DOADO[1])
                                                      2.454     4.249 r  u_tcm/u_ram/ram_reg_2_3/DOADO[1]
                         net (fo=7, routed)           0.844     5.094    u_core/u_lsu/u_lsu_request/ram_read1_q[12]
    SLICE_X17Y3          LUT6 (Prop_lut6_I5_O)        0.124     5.218 r  u_core/u_lsu/u_lsu_request/result_wb_q[31]_i_11/O
                         net (fo=1, routed)           1.001     6.219    u_core/u_lsu/u_lsu_request/result_wb_q[31]_i_11_n_0
    SLICE_X15Y16         LUT6 (Prop_lut6_I4_O)        0.124     6.343 r  u_core/u_lsu/u_lsu_request/result_wb_q[31]_i_3/O
                         net (fo=35, routed)          0.956     7.298    u_core/u_lsu/u_lsu_request/result_wb_q[31]_i_3_n_0
    SLICE_X15Y12         LUT6 (Prop_lut6_I2_O)        0.124     7.422 r  u_core/u_lsu/u_lsu_request/result_wb_q[11]_i_1/O
                         net (fo=3, routed)           0.688     8.110    u_core/u_issue/u_pipe_ctrl/result_wb_q_reg[31]_1[6]
    SLICE_X15Y12         LUT6 (Prop_lut6_I2_O)        0.124     8.234 r  u_core/u_issue/u_pipe_ctrl/mem_data_wr_q[27]_i_2/O
                         net (fo=14, routed)          0.554     8.789    u_core/u_issue/u_pipe_ctrl/DI[3]
    SLICE_X16Y11         LUT2 (Prop_lut2_I1_O)        0.124     8.913 r  u_core/u_issue/u_pipe_ctrl/buffer_q[66]_i_136/O
                         net (fo=1, routed)           0.000     8.913    u_core/u_issue/u_pipe_ctrl/buffer_q[66]_i_136_n_0
    SLICE_X16Y11         CARRY4 (Prop_carry4_S[3]_CO[3])
                                                      0.376     9.289 r  u_core/u_issue/u_pipe_ctrl/buffer_q_reg[66]_i_125/CO[3]
                         net (fo=1, routed)           0.000     9.289    u_core/u_issue/u_pipe_ctrl/buffer_q_reg[66]_i_125_n_0
    SLICE_X16Y12         CARRY4 (Prop_carry4_CI_CO[3])
                                                      0.117     9.406 r  u_core/u_issue/u_pipe_ctrl/buffer_q_reg[66]_i_115/CO[3]
                         net (fo=1, routed)           0.000     9.406    u_core/u_issue/u_pipe_ctrl/buffer_q_reg[66]_i_115_n_0
    SLICE_X16Y13         CARRY4 (Prop_carry4_CI_CO[3])
                                                      0.117     9.523 r  u_core/u_issue/u_pipe_ctrl/buffer_q_reg[66]_i_97/CO[3]
                         net (fo=1, routed)           0.000     9.523    u_core/u_issue/u_pipe_ctrl/buffer_q_reg[66]_i_97_n_0
    SLICE_X16Y14         CARRY4 (Prop_carry4_CI_CO[3])
                                                      0.117     9.640 r  u_core/u_issue/u_pipe_ctrl/buffer_q_reg[66]_i_74/CO[3]
                         net (fo=1, routed)           0.000     9.640    u_core/u_issue/u_pipe_ctrl/buffer_q_reg[66]_i_74_n_0
    SLICE_X16Y15         CARRY4 (Prop_carry4_CI_CO[3])
                                                      0.117     9.757 r  u_core/u_issue/u_pipe_ctrl/buffer_q_reg[66]_i_46/CO[3]
                         net (fo=1, routed)           0.000     9.757    u_core/u_issue/u_pipe_ctrl/buffer_q_reg[66]_i_46_n_0
    SLICE_X16Y16         CARRY4 (Prop_carry4_CI_O[3])
                                                      0.315    10.072 f  u_core/u_issue/u_pipe_ctrl/buffer_q_reg[66]_i_22/O[3]
                         net (fo=1, routed)           0.437    10.508    u_core/u_issue/u_pipe_ctrl/u_exec/less_than_signed01_out[31]
    SLICE_X17Y19         LUT3 (Prop_lut3_I2_O)        0.307    10.815 f  u_core/u_issue/u_pipe_ctrl/buffer_q[66]_i_14/O
                         net (fo=1, routed)           0.394    11.210    u_core/u_decode/buffer_q[66]_i_4_0
    SLICE_X19Y19         LUT6 (Prop_lut6_I3_O)        0.124    11.334 f  u_core/u_decode/buffer_q[66]_i_9_comp/O
                         net (fo=3, routed)           0.602    11.936    u_core/u_decode/buffer_q[66]_i_9_n_0
    SLICE_X24Y19         LUT6 (Prop_lut6_I5_O)        0.124    12.060 f  u_core/u_decode/buffer_q[66]_i_4/O
                         net (fo=95, routed)          0.663    12.723    u_core/u_fetch/branch_d_exec_request_w
    SLICE_X25Y18         LUT5 (Prop_lut5_I3_O)        0.124    12.847 r  u_core/u_fetch/buffer_q[54]_i_1/O
                         net (fo=1, routed)           0.527    13.374    u_core/u_decode/buffer_q_reg[66]_0[52]
    SLICE_X27Y17         FDCE                                         r  u_core/u_decode/buffer_q_reg[54]/D
  -------------------------------------------------------------------    -------------------

                         (clock clk_i rise edge)     10.000    10.000 r  
                                                      0.000    10.000 r  clk_i (IN)
                         net (fo=2042, unset)         1.564    11.564    u_core/u_decode/clk_i
    SLICE_X27Y17         FDCE                                         r  u_core/u_decode/buffer_q_reg[54]/C
                         clock pessimism              0.115    11.679    
                         clock uncertainty           -0.035    11.644    
    SLICE_X27Y17         FDCE (Setup_fdce_C_D)       -0.081    11.563    u_core/u_decode/buffer_q_reg[54]
  -------------------------------------------------------------------
                         required time                         11.563    
                         arrival time                         -13.374    
  -------------------------------------------------------------------
                         slack                                 -1.812    

Slack (VIOLATED) :        -1.796ns  (required time - arrival time)
  Source:                 u_tcm/u_ram/ram_reg_2_3/CLKARDCLK
                            (rising edge-triggered cell RAMB36E1 clocked by clk_i  {rise@0.000ns fall@5.000ns period=10.000ns})
  Destination:            u_core/u_decode/buffer_q_reg[19]/CE
                            (rising edge-triggered cell FDCE clocked by clk_i  {rise@0.000ns fall@5.000ns period=10.000ns})
  Path Group:             clk_i
  Path Type:              Setup (Max at Slow Process Corner)
  Requirement:            10.000ns  (clk_i rise@10.000ns - clk_i rise@0.000ns)
  Data Path Delay:        11.355ns  (logic 4.788ns (42.165%)  route 6.567ns (57.835%))
  Logic Levels:           14  (CARRY4=6 LUT2=1 LUT3=1 LUT6=6)
  Clock Path Skew:        -0.200ns (DCD - SCD + CPR)
    Destination Clock Delay (DCD):    1.480ns = ( 11.480 - 10.000 ) 
    Source Clock Delay      (SCD):    1.795ns
    Clock Pessimism Removal (CPR):    0.115ns
  Clock Uncertainty:      0.035ns  ((TSJ^2 + TIJ^2)^1/2 + DJ) / 2 + PE
    Total System Jitter     (TSJ):    0.071ns
    Total Input Jitter      (TIJ):    0.000ns
    Discrete Jitter          (DJ):    0.000ns
    Phase Error              (PE):    0.000ns

    Location             Delay type                Incr(ns)  Path(ns)    Netlist Resource(s)
  -------------------------------------------------------------------    -------------------
                         (clock clk_i rise edge)      0.000     0.000 r  
                                                      0.000     0.000 r  clk_i (IN)
                         net (fo=2042, unset)         1.795     1.795    u_tcm/u_ram/clk_i
    RAMB36_X1Y0          RAMB36E1                                     r  u_tcm/u_ram/ram_reg_2_3/CLKARDCLK
  -------------------------------------------------------------------    -------------------
    RAMB36_X1Y0          RAMB36E1 (Prop_ramb36e1_CLKARDCLK_DOADO[1])
                                                      2.454     4.249 r  u_tcm/u_ram/ram_reg_2_3/DOADO[1]
                         net (fo=7, routed)           0.844     5.094    u_core/u_lsu/u_lsu_request/ram_read1_q[12]
    SLICE_X17Y3          LUT6 (Prop_lut6_I5_O)        0.124     5.218 r  u_core/u_lsu/u_lsu_request/result_wb_q[31]_i_11/O
                         net (fo=1, routed)           1.001     6.219    u_core/u_lsu/u_lsu_request/result_wb_q[31]_i_11_n_0
    SLICE_X15Y16         LUT6 (Prop_lut6_I4_O)        0.124     6.343 r  u_core/u_lsu/u_lsu_request/result_wb_q[31]_i_3/O
                         net (fo=35, routed)          0.956     7.298    u_core/u_lsu/u_lsu_request/result_wb_q[31]_i_3_n_0
    SLICE_X15Y12         LUT6 (Prop_lut6_I2_O)        0.124     7.422 r  u_core/u_lsu/u_lsu_request/result_wb_q[11]_i_1/O
                         net (fo=3, routed)           0.688     8.110    u_core/u_issue/u_pipe_ctrl/result_wb_q_reg[31]_1[6]
    SLICE_X15Y12         LUT6 (Prop_lut6_I2_O)        0.124     8.234 r  u_core/u_issue/u_pipe_ctrl/mem_data_wr_q[27]_i_2/O
                         net (fo=14, routed)          0.554     8.789    u_core/u_issue/u_pipe_ctrl/DI[3]
    SLICE_X16Y11         LUT2 (Prop_lut2_I1_O)        0.124     8.913 r  u_core/u_issue/u_pipe_ctrl/buffer_q[66]_i_136/O
                         net (fo=1, routed)           0.000     8.913    u_core/u_issue/u_pipe_ctrl/buffer_q[66]_i_136_n_0
    SLICE_X16Y11         CARRY4 (Prop_carry4_S[3]_CO[3])
                                                      0.376     9.289 r  u_core/u_issue/u_pipe_ctrl/buffer_q_reg[66]_i_125/CO[3]
                         net (fo=1, routed)           0.000     9.289    u_core/u_issue/u_pipe_ctrl/buffer_q_reg[66]_i_125_n_0
    SLICE_X16Y12         CARRY4 (Prop_carry4_CI_CO[3])
                                                      0.117     9.406 r  u_core/u_issue/u_pipe_ctrl/buffer_q_reg[66]_i_115/CO[3]
                         net (fo=1, routed)           0.000     9.406    u_core/u_issue/u_pipe_ctrl/buffer_q_reg[66]_i_115_n_0
    SLICE_X16Y13         CARRY4 (Prop_carry4_CI_CO[3])
                                                      0.117     9.523 r  u_core/u_issue/u_pipe_ctrl/buffer_q_reg[66]_i_97/CO[3]
                         net (fo=1, routed)           0.000     9.523    u_core/u_issue/u_pipe_ctrl/buffer_q_reg[66]_i_97_n_0
    SLICE_X16Y14         CARRY4 (Prop_carry4_CI_CO[3])
                                                      0.117     9.640 r  u_core/u_issue/u_pipe_ctrl/buffer_q_reg[66]_i_74/CO[3]
                         net (fo=1, routed)           0.000     9.640    u_core/u_issue/u_pipe_ctrl/buffer_q_reg[66]_i_74_n_0
    SLICE_X16Y15         CARRY4 (Prop_carry4_CI_CO[3])
                                                      0.117     9.757 r  u_core/u_issue/u_pipe_ctrl/buffer_q_reg[66]_i_46/CO[3]
                         net (fo=1, routed)           0.000     9.757    u_core/u_issue/u_pipe_ctrl/buffer_q_reg[66]_i_46_n_0
    SLICE_X16Y16         CARRY4 (Prop_carry4_CI_O[3])
                                                      0.315    10.072 r  u_core/u_issue/u_pipe_ctrl/buffer_q_reg[66]_i_22/O[3]
                         net (fo=1, routed)           0.437    10.508    u_core/u_issue/u_pipe_ctrl/u_exec/less_than_signed01_out[31]
    SLICE_X17Y19         LUT3 (Prop_lut3_I2_O)        0.307    10.815 r  u_core/u_issue/u_pipe_ctrl/buffer_q[66]_i_14/O
                         net (fo=1, routed)           0.394    11.210    u_core/u_decode/buffer_q[66]_i_4_0
    SLICE_X19Y19         LUT6 (Prop_lut6_I3_O)        0.124    11.334 r  u_core/u_decode/buffer_q[66]_i_9_comp/O
                         net (fo=3, routed)           0.695    12.029    u_core/u_decode/buffer_q[66]_i_9_n_0
    SLICE_X27Y19         LUT6 (Prop_lut6_I3_O)        0.124    12.153 r  u_core/u_decode/buffer_q[66]_i_1_comp/O
                         net (fo=68, routed)          0.998    13.151    u_core/u_decode/buffer_q[66]_i_1_n_0
    SLICE_X33Y23         FDCE                                         r  u_core/u_decode/buffer_q_reg[19]/CE
  -------------------------------------------------------------------    -------------------

                         (clock clk_i rise edge)     10.000    10.000 r  
                                                      0.000    10.000 r  clk_i (IN)
                         net (fo=2042, unset)         1.480    11.480    u_core/u_decode/clk_i
    SLICE_X33Y23         FDCE                                         r  u_core/u_decode/buffer_q_reg[19]/C
                         clock pessimism              0.115    11.595    
                         clock uncertainty           -0.035    11.560    
    SLICE_X33Y23         FDCE (Setup_fdce_C_CE)      -0.205    11.355    u_core/u_decode/buffer_q_reg[19]
  -------------------------------------------------------------------
                         required time                         11.355    
                         arrival time                         -13.151    
  -------------------------------------------------------------------
                         slack                                 -1.796    

Slack (VIOLATED) :        -1.796ns  (required time - arrival time)
  Source:                 u_tcm/u_ram/ram_reg_2_3/CLKARDCLK
                            (rising edge-triggered cell RAMB36E1 clocked by clk_i  {rise@0.000ns fall@5.000ns period=10.000ns})
  Destination:            u_core/u_decode/buffer_q_reg[27]/CE
                            (rising edge-triggered cell FDCE clocked by clk_i  {rise@0.000ns fall@5.000ns period=10.000ns})
  Path Group:             clk_i
  Path Type:              Setup (Max at Slow Process Corner)
  Requirement:            10.000ns  (clk_i rise@10.000ns - clk_i rise@0.000ns)
  Data Path Delay:        11.355ns  (logic 4.788ns (42.165%)  route 6.567ns (57.835%))
  Logic Levels:           14  (CARRY4=6 LUT2=1 LUT3=1 LUT6=6)
  Clock Path Skew:        -0.200ns (DCD - SCD + CPR)
    Destination Clock Delay (DCD):    1.480ns = ( 11.480 - 10.000 ) 
    Source Clock Delay      (SCD):    1.795ns
    Clock Pessimism Removal (CPR):    0.115ns
  Clock Uncertainty:      0.035ns  ((TSJ^2 + TIJ^2)^1/2 + DJ) / 2 + PE
    Total System Jitter     (TSJ):    0.071ns
    Total Input Jitter      (TIJ):    0.000ns
    Discrete Jitter          (DJ):    0.000ns
    Phase Error              (PE):    0.000ns

    Location             Delay type                Incr(ns)  Path(ns)    Netlist Resource(s)
  -------------------------------------------------------------------    -------------------
                         (clock clk_i rise edge)      0.000     0.000 r  
                                                      0.000     0.000 r  clk_i (IN)
                         net (fo=2042, unset)         1.795     1.795    u_tcm/u_ram/clk_i
    RAMB36_X1Y0          RAMB36E1                                     r  u_tcm/u_ram/ram_reg_2_3/CLKARDCLK
  -------------------------------------------------------------------    -------------------
    RAMB36_X1Y0          RAMB36E1 (Prop_ramb36e1_CLKARDCLK_DOADO[1])
                                                      2.454     4.249 r  u_tcm/u_ram/ram_reg_2_3/DOADO[1]
                         net (fo=7, routed)           0.844     5.094    u_core/u_lsu/u_lsu_request/ram_read1_q[12]
    SLICE_X17Y3          LUT6 (Prop_lut6_I5_O)        0.124     5.218 r  u_core/u_lsu/u_lsu_request/result_wb_q[31]_i_11/O
                         net (fo=1, routed)           1.001     6.219    u_core/u_lsu/u_lsu_request/result_wb_q[31]_i_11_n_0
    SLICE_X15Y16         LUT6 (Prop_lut6_I4_O)        0.124     6.343 r  u_core/u_lsu/u_lsu_request/result_wb_q[31]_i_3/O
                         net (fo=35, routed)          0.956     7.298    u_core/u_lsu/u_lsu_request/result_wb_q[31]_i_3_n_0
    SLICE_X15Y12         LUT6 (Prop_lut6_I2_O)        0.124     7.422 r  u_core/u_lsu/u_lsu_request/result_wb_q[11]_i_1/O
                         net (fo=3, routed)           0.688     8.110    u_core/u_issue/u_pipe_ctrl/result_wb_q_reg[31]_1[6]
    SLICE_X15Y12         LUT6 (Prop_lut6_I2_O)        0.124     8.234 r  u_core/u_issue/u_pipe_ctrl/mem_data_wr_q[27]_i_2/O
                         net (fo=14, routed)          0.554     8.789    u_core/u_issue/u_pipe_ctrl/DI[3]
    SLICE_X16Y11         LUT2 (Prop_lut2_I1_O)        0.124     8.913 r  u_core/u_issue/u_pipe_ctrl/buffer_q[66]_i_136/O
                         net (fo=1, routed)           0.000     8.913    u_core/u_issue/u_pipe_ctrl/buffer_q[66]_i_136_n_0
    SLICE_X16Y11         CARRY4 (Prop_carry4_S[3]_CO[3])
                                                      0.376     9.289 r  u_core/u_issue/u_pipe_ctrl/buffer_q_reg[66]_i_125/CO[3]
                         net (fo=1, routed)           0.000     9.289    u_core/u_issue/u_pipe_ctrl/buffer_q_reg[66]_i_125_n_0
    SLICE_X16Y12         CARRY4 (Prop_carry4_CI_CO[3])
                                                      0.117     9.406 r  u_core/u_issue/u_pipe_ctrl/buffer_q_reg[66]_i_115/CO[3]
                         net (fo=1, routed)           0.000     9.406    u_core/u_issue/u_pipe_ctrl/buffer_q_reg[66]_i_115_n_0
    SLICE_X16Y13         CARRY4 (Prop_carry4_CI_CO[3])
                                                      0.117     9.523 r  u_core/u_issue/u_pipe_ctrl/buffer_q_reg[66]_i_97/CO[3]
                         net (fo=1, routed)           0.000     9.523    u_core/u_issue/u_pipe_ctrl/buffer_q_reg[66]_i_97_n_0
    SLICE_X16Y14         CARRY4 (Prop_carry4_CI_CO[3])
                                                      0.117     9.640 r  u_core/u_issue/u_pipe_ctrl/buffer_q_reg[66]_i_74/CO[3]
                         net (fo=1, routed)           0.000     9.640    u_core/u_issue/u_pipe_ctrl/buffer_q_reg[66]_i_74_n_0
    SLICE_X16Y15         CARRY4 (Prop_carry4_CI_CO[3])
                                                      0.117     9.757 r  u_core/u_issue/u_pipe_ctrl/buffer_q_reg[66]_i_46/CO[3]
                         net (fo=1, routed)           0.000     9.757    u_core/u_issue/u_pipe_ctrl/buffer_q_reg[66]_i_46_n_0
    SLICE_X16Y16         CARRY4 (Prop_carry4_CI_O[3])
                                                      0.315    10.072 r  u_core/u_issue/u_pipe_ctrl/buffer_q_reg[66]_i_22/O[3]
                         net (fo=1, routed)           0.437    10.508    u_core/u_issue/u_pipe_ctrl/u_exec/less_than_signed01_out[31]
    SLICE_X17Y19         LUT3 (Prop_lut3_I2_O)        0.307    10.815 r  u_core/u_issue/u_pipe_ctrl/buffer_q[66]_i_14/O
                         net (fo=1, routed)           0.394    11.210    u_core/u_decode/buffer_q[66]_i_4_0
    SLICE_X19Y19         LUT6 (Prop_lut6_I3_O)        0.124    11.334 r  u_core/u_decode/buffer_q[66]_i_9_comp/O
                         net (fo=3, routed)           0.695    12.029    u_core/u_decode/buffer_q[66]_i_9_n_0
    SLICE_X27Y19         LUT6 (Prop_lut6_I3_O)        0.124    12.153 r  u_core/u_decode/buffer_q[66]_i_1_comp/O
                         net (fo=68, routed)          0.998    13.151    u_core/u_decode/buffer_q[66]_i_1_n_0
    SLICE_X33Y23         FDCE                                         r  u_core/u_decode/buffer_q_reg[27]/CE
  -------------------------------------------------------------------    -------------------

                         (clock clk_i rise edge)     10.000    10.000 r  
                                                      0.000    10.000 r  clk_i (IN)
                         net (fo=2042, unset)         1.480    11.480    u_core/u_decode/clk_i
    SLICE_X33Y23         FDCE                                         r  u_core/u_decode/buffer_q_reg[27]/C
                         clock pessimism              0.115    11.595    
                         clock uncertainty           -0.035    11.560    
    SLICE_X33Y23         FDCE (Setup_fdce_C_CE)      -0.205    11.355    u_core/u_decode/buffer_q_reg[27]
  -------------------------------------------------------------------
                         required time                         11.355    
                         arrival time                         -13.151    
  -------------------------------------------------------------------
                         slack                                 -1.796    

Slack (VIOLATED) :        -1.796ns  (required time - arrival time)
  Source:                 u_tcm/u_ram/ram_reg_2_3/CLKARDCLK
                            (rising edge-triggered cell RAMB36E1 clocked by clk_i  {rise@0.000ns fall@5.000ns period=10.000ns})
  Destination:            u_core/u_decode/buffer_q_reg[48]/CE
                            (rising edge-triggered cell FDCE clocked by clk_i  {rise@0.000ns fall@5.000ns period=10.000ns})
  Path Group:             clk_i
  Path Type:              Setup (Max at Slow Process Corner)
  Requirement:            10.000ns  (clk_i rise@10.000ns - clk_i rise@0.000ns)
  Data Path Delay:        11.355ns  (logic 4.788ns (42.165%)  route 6.567ns (57.835%))
  Logic Levels:           14  (CARRY4=6 LUT2=1 LUT3=1 LUT6=6)
  Clock Path Skew:        -0.200ns (DCD - SCD + CPR)
    Destination Clock Delay (DCD):    1.480ns = ( 11.480 - 10.000 ) 
    Source Clock Delay      (SCD):    1.795ns
    Clock Pessimism Removal (CPR):    0.115ns
  Clock Uncertainty:      0.035ns  ((TSJ^2 + TIJ^2)^1/2 + DJ) / 2 + PE
    Total System Jitter     (TSJ):    0.071ns
    Total Input Jitter      (TIJ):    0.000ns
    Discrete Jitter          (DJ):    0.000ns
    Phase Error              (PE):    0.000ns

    Location             Delay type                Incr(ns)  Path(ns)    Netlist Resource(s)
  -------------------------------------------------------------------    -------------------
                         (clock clk_i rise edge)      0.000     0.000 r  
                                                      0.000     0.000 r  clk_i (IN)
                         net (fo=2042, unset)         1.795     1.795    u_tcm/u_ram/clk_i
    RAMB36_X1Y0          RAMB36E1                                     r  u_tcm/u_ram/ram_reg_2_3/CLKARDCLK
  -------------------------------------------------------------------    -------------------
    RAMB36_X1Y0          RAMB36E1 (Prop_ramb36e1_CLKARDCLK_DOADO[1])
                                                      2.454     4.249 r  u_tcm/u_ram/ram_reg_2_3/DOADO[1]
                         net (fo=7, routed)           0.844     5.094    u_core/u_lsu/u_lsu_request/ram_read1_q[12]
    SLICE_X17Y3          LUT6 (Prop_lut6_I5_O)        0.124     5.218 r  u_core/u_lsu/u_lsu_request/result_wb_q[31]_i_11/O
                         net (fo=1, routed)           1.001     6.219    u_core/u_lsu/u_lsu_request/result_wb_q[31]_i_11_n_0
    SLICE_X15Y16         LUT6 (Prop_lut6_I4_O)        0.124     6.343 r  u_core/u_lsu/u_lsu_request/result_wb_q[31]_i_3/O
                         net (fo=35, routed)          0.956     7.298    u_core/u_lsu/u_lsu_request/result_wb_q[31]_i_3_n_0
    SLICE_X15Y12         LUT6 (Prop_lut6_I2_O)        0.124     7.422 r  u_core/u_lsu/u_lsu_request/result_wb_q[11]_i_1/O
                         net (fo=3, routed)           0.688     8.110    u_core/u_issue/u_pipe_ctrl/result_wb_q_reg[31]_1[6]
    SLICE_X15Y12         LUT6 (Prop_lut6_I2_O)        0.124     8.234 r  u_core/u_issue/u_pipe_ctrl/mem_data_wr_q[27]_i_2/O
                         net (fo=14, routed)          0.554     8.789    u_core/u_issue/u_pipe_ctrl/DI[3]
    SLICE_X16Y11         LUT2 (Prop_lut2_I1_O)        0.124     8.913 r  u_core/u_issue/u_pipe_ctrl/buffer_q[66]_i_136/O
                         net (fo=1, routed)           0.000     8.913    u_core/u_issue/u_pipe_ctrl/buffer_q[66]_i_136_n_0
    SLICE_X16Y11         CARRY4 (Prop_carry4_S[3]_CO[3])
                                                      0.376     9.289 r  u_core/u_issue/u_pipe_ctrl/buffer_q_reg[66]_i_125/CO[3]
                         net (fo=1, routed)           0.000     9.289    u_core/u_issue/u_pipe_ctrl/buffer_q_reg[66]_i_125_n_0
    SLICE_X16Y12         CARRY4 (Prop_carry4_CI_CO[3])
                                                      0.117     9.406 r  u_core/u_issue/u_pipe_ctrl/buffer_q_reg[66]_i_115/CO[3]
                         net (fo=1, routed)           0.000     9.406    u_core/u_issue/u_pipe_ctrl/buffer_q_reg[66]_i_115_n_0
    SLICE_X16Y13         CARRY4 (Prop_carry4_CI_CO[3])
                                                      0.117     9.523 r  u_core/u_issue/u_pipe_ctrl/buffer_q_reg[66]_i_97/CO[3]
                         net (fo=1, routed)           0.000     9.523    u_core/u_issue/u_pipe_ctrl/buffer_q_reg[66]_i_97_n_0
    SLICE_X16Y14         CARRY4 (Prop_carry4_CI_CO[3])
                                                      0.117     9.640 r  u_core/u_issue/u_pipe_ctrl/buffer_q_reg[66]_i_74/CO[3]
                         net (fo=1, routed)           0.000     9.640    u_core/u_issue/u_pipe_ctrl/buffer_q_reg[66]_i_74_n_0
    SLICE_X16Y15         CARRY4 (Prop_carry4_CI_CO[3])
                                                      0.117     9.757 r  u_core/u_issue/u_pipe_ctrl/buffer_q_reg[66]_i_46/CO[3]
                         net (fo=1, routed)           0.000     9.757    u_core/u_issue/u_pipe_ctrl/buffer_q_reg[66]_i_46_n_0
    SLICE_X16Y16         CARRY4 (Prop_carry4_CI_O[3])
                                                      0.315    10.072 r  u_core/u_issue/u_pipe_ctrl/buffer_q_reg[66]_i_22/O[3]
                         net (fo=1, routed)           0.437    10.508    u_core/u_issue/u_pipe_ctrl/u_exec/less_than_signed01_out[31]
    SLICE_X17Y19         LUT3 (Prop_lut3_I2_O)        0.307    10.815 r  u_core/u_issue/u_pipe_ctrl/buffer_q[66]_i_14/O
                         net (fo=1, routed)           0.394    11.210    u_core/u_decode/buffer_q[66]_i_4_0
    SLICE_X19Y19         LUT6 (Prop_lut6_I3_O)        0.124    11.334 r  u_core/u_decode/buffer_q[66]_i_9_comp/O
                         net (fo=3, routed)           0.695    12.029    u_core/u_decode/buffer_q[66]_i_9_n_0
    SLICE_X27Y19         LUT6 (Prop_lut6_I3_O)        0.124    12.153 r  u_core/u_decode/buffer_q[66]_i_1_comp/O
                         net (fo=68, routed)          0.998    13.151    u_core/u_decode/buffer_q[66]_i_1_n_0
    SLICE_X33Y23         FDCE                                         r  u_core/u_decode/buffer_q_reg[48]/CE
  -------------------------------------------------------------------    -------------------

                         (clock clk_i rise edge)     10.000    10.000 r  
                                                      0.000    10.000 r  clk_i (IN)
                         net (fo=2042, unset)         1.480    11.480    u_core/u_decode/clk_i
    SLICE_X33Y23         FDCE                                         r  u_core/u_decode/buffer_q_reg[48]/C
                         clock pessimism              0.115    11.595    
                         clock uncertainty           -0.035    11.560    
    SLICE_X33Y23         FDCE (Setup_fdce_C_CE)      -0.205    11.355    u_core/u_decode/buffer_q_reg[48]
  -------------------------------------------------------------------
                         required time                         11.355    
                         arrival time                         -13.151    
  -------------------------------------------------------------------
                         slack                                 -1.796    

Slack (VIOLATED) :        -1.790ns  (required time - arrival time)
  Source:                 u_tcm/u_ram/ram_reg_2_3/CLKARDCLK
                            (rising edge-triggered cell RAMB36E1 clocked by clk_i  {rise@0.000ns fall@5.000ns period=10.000ns})
  Destination:            u_core/u_decode/buffer_q_reg[36]_replica/D
                            (rising edge-triggered cell FDCE clocked by clk_i  {rise@0.000ns fall@5.000ns period=10.000ns})
  Path Group:             clk_i
  Path Type:              Setup (Max at Slow Process Corner)
  Requirement:            10.000ns  (clk_i rise@10.000ns - clk_i rise@0.000ns)
  Data Path Delay:        11.558ns  (logic 4.912ns (42.499%)  route 6.646ns (57.501%))
  Logic Levels:           15  (CARRY4=6 LUT2=1 LUT3=1 LUT5=1 LUT6=6)
  Clock Path Skew:        -0.115ns (DCD - SCD + CPR)
    Destination Clock Delay (DCD):    1.565ns = ( 11.565 - 10.000 ) 
    Source Clock Delay      (SCD):    1.795ns
    Clock Pessimism Removal (CPR):    0.115ns
  Clock Uncertainty:      0.035ns  ((TSJ^2 + TIJ^2)^1/2 + DJ) / 2 + PE
    Total System Jitter     (TSJ):    0.071ns
    Total Input Jitter      (TIJ):    0.000ns
    Discrete Jitter          (DJ):    0.000ns
    Phase Error              (PE):    0.000ns

    Location             Delay type                Incr(ns)  Path(ns)    Netlist Resource(s)
  -------------------------------------------------------------------    -------------------
                         (clock clk_i rise edge)      0.000     0.000 r  
                                                      0.000     0.000 r  clk_i (IN)
                         net (fo=2042, unset)         1.795     1.795    u_tcm/u_ram/clk_i
    RAMB36_X1Y0          RAMB36E1                                     r  u_tcm/u_ram/ram_reg_2_3/CLKARDCLK
  -------------------------------------------------------------------    -------------------
    RAMB36_X1Y0          RAMB36E1 (Prop_ramb36e1_CLKARDCLK_DOADO[1])
                                                      2.454     4.249 r  u_tcm/u_ram/ram_reg_2_3/DOADO[1]
                         net (fo=7, routed)           0.844     5.094    u_core/u_lsu/u_lsu_request/ram_read1_q[12]
    SLICE_X17Y3          LUT6 (Prop_lut6_I5_O)        0.124     5.218 r  u_core/u_lsu/u_lsu_request/result_wb_q[31]_i_11/O
                         net (fo=1, routed)           1.001     6.219    u_core/u_lsu/u_lsu_request/result_wb_q[31]_i_11_n_0
    SLICE_X15Y16         LUT6 (Prop_lut6_I4_O)        0.124     6.343 r  u_core/u_lsu/u_lsu_request/result_wb_q[31]_i_3/O
                         net (fo=35, routed)          0.956     7.298    u_core/u_lsu/u_lsu_request/result_wb_q[31]_i_3_n_0
    SLICE_X15Y12         LUT6 (Prop_lut6_I2_O)        0.124     7.422 r  u_core/u_lsu/u_lsu_request/result_wb_q[11]_i_1/O
                         net (fo=3, routed)           0.688     8.110    u_core/u_issue/u_pipe_ctrl/result_wb_q_reg[31]_1[6]
    SLICE_X15Y12         LUT6 (Prop_lut6_I2_O)        0.124     8.234 r  u_core/u_issue/u_pipe_ctrl/mem_data_wr_q[27]_i_2/O
                         net (fo=14, routed)          0.554     8.789    u_core/u_issue/u_pipe_ctrl/DI[3]
    SLICE_X16Y11         LUT2 (Prop_lut2_I1_O)        0.124     8.913 r  u_core/u_issue/u_pipe_ctrl/buffer_q[66]_i_136/O
                         net (fo=1, routed)           0.000     8.913    u_core/u_issue/u_pipe_ctrl/buffer_q[66]_i_136_n_0
    SLICE_X16Y11         CARRY4 (Prop_carry4_S[3]_CO[3])
                                                      0.376     9.289 r  u_core/u_issue/u_pipe_ctrl/buffer_q_reg[66]_i_125/CO[3]
                         net (fo=1, routed)           0.000     9.289    u_core/u_issue/u_pipe_ctrl/buffer_q_reg[66]_i_125_n_0
    SLICE_X16Y12         CARRY4 (Prop_carry4_CI_CO[3])
                                                      0.117     9.406 r  u_core/u_issue/u_pipe_ctrl/buffer_q_reg[66]_i_115/CO[3]
                         net (fo=1, routed)           0.000     9.406    u_core/u_issue/u_pipe_ctrl/buffer_q_reg[66]_i_115_n_0
    SLICE_X16Y13         CARRY4 (Prop_carry4_CI_CO[3])
                                                      0.117     9.523 r  u_core/u_issue/u_pipe_ctrl/buffer_q_reg[66]_i_97/CO[3]
                         net (fo=1, routed)           0.000     9.523    u_core/u_issue/u_pipe_ctrl/buffer_q_reg[66]_i_97_n_0
    SLICE_X16Y14         CARRY4 (Prop_carry4_CI_CO[3])
                                                      0.117     9.640 r  u_core/u_issue/u_pipe_ctrl/buffer_q_reg[66]_i_74/CO[3]
                         net (fo=1, routed)           0.000     9.640    u_core/u_issue/u_pipe_ctrl/buffer_q_reg[66]_i_74_n_0
    SLICE_X16Y15         CARRY4 (Prop_carry4_CI_CO[3])
                                                      0.117     9.757 r  u_core/u_issue/u_pipe_ctrl/buffer_q_reg[66]_i_46/CO[3]
                         net (fo=1, routed)           0.000     9.757    u_core/u_issue/u_pipe_ctrl/buffer_q_reg[66]_i_46_n_0
    SLICE_X16Y16         CARRY4 (Prop_carry4_CI_O[3])
                                                      0.315    10.072 f  u_core/u_issue/u_pipe_ctrl/buffer_q_reg[66]_i_22/O[3]
                         net (fo=1, routed)           0.437    10.508    u_core/u_issue/u_pipe_ctrl/u_exec/less_than_signed01_out[31]
    SLICE_X17Y19         LUT3 (Prop_lut3_I2_O)        0.307    10.815 f  u_core/u_issue/u_pipe_ctrl/buffer_q[66]_i_14/O
                         net (fo=1, routed)           0.394    11.210    u_core/u_decode/buffer_q[66]_i_4_0
    SLICE_X19Y19         LUT6 (Prop_lut6_I3_O)        0.124    11.334 f  u_core/u_decode/buffer_q[66]_i_9_comp/O
                         net (fo=3, routed)           0.602    11.936    u_core/u_decode/buffer_q[66]_i_9_n_0
    SLICE_X24Y19         LUT6 (Prop_lut6_I5_O)        0.124    12.060 f  u_core/u_decode/buffer_q[66]_i_4/O
                         net (fo=95, routed)          0.688    12.747    u_core/u_fetch/branch_d_exec_request_w
    SLICE_X25Y19         LUT5 (Prop_lut5_I3_O)        0.124    12.871 r  u_core/u_fetch/buffer_q[36]_i_1/O
                         net (fo=2, routed)           0.482    13.353    u_core/u_decode/buffer_q_reg[66]_0[34]
    SLICE_X27Y16         FDCE                                         r  u_core/u_decode/buffer_q_reg[36]_replica/D
  -------------------------------------------------------------------    -------------------

                         (clock clk_i rise edge)     10.000    10.000 r  
                                                      0.000    10.000 r  clk_i (IN)
                         net (fo=2042, unset)         1.565    11.565    u_core/u_decode/clk_i
    SLICE_X27Y16         FDCE                                         r  u_core/u_decode/buffer_q_reg[36]_replica/C
                         clock pessimism              0.115    11.680    
                         clock uncertainty           -0.035    11.645    
    SLICE_X27Y16         FDCE (Setup_fdce_C_D)       -0.081    11.564    u_core/u_decode/buffer_q_reg[36]_replica
  -------------------------------------------------------------------
                         required time                         11.564    
                         arrival time                         -13.353    
  -------------------------------------------------------------------
                         slack                                 -1.790    

Slack (VIOLATED) :        -1.790ns  (required time - arrival time)
  Source:                 u_tcm/u_ram/ram_reg_2_3/CLKARDCLK
                            (rising edge-triggered cell RAMB36E1 clocked by clk_i  {rise@0.000ns fall@5.000ns period=10.000ns})
  Destination:            u_core/u_decode/buffer_q_reg[34]_replica_1/D
                            (rising edge-triggered cell FDCE clocked by clk_i  {rise@0.000ns fall@5.000ns period=10.000ns})
  Path Group:             clk_i
  Path Type:              Setup (Max at Slow Process Corner)
  Requirement:            10.000ns  (clk_i rise@10.000ns - clk_i rise@0.000ns)
  Data Path Delay:        11.627ns  (logic 4.912ns (42.247%)  route 6.715ns (57.753%))
  Logic Levels:           15  (CARRY4=6 LUT2=1 LUT3=1 LUT5=1 LUT6=6)
  Clock Path Skew:        -0.111ns (DCD - SCD + CPR)
    Destination Clock Delay (DCD):    1.569ns = ( 11.569 - 10.000 ) 
    Source Clock Delay      (SCD):    1.795ns
    Clock Pessimism Removal (CPR):    0.115ns
  Clock Uncertainty:      0.035ns  ((TSJ^2 + TIJ^2)^1/2 + DJ) / 2 + PE
    Total System Jitter     (TSJ):    0.071ns
    Total Input Jitter      (TIJ):    0.000ns
    Discrete Jitter          (DJ):    0.000ns
    Phase Error              (PE):    0.000ns

    Location             Delay type                Incr(ns)  Path(ns)    Netlist Resource(s)
  -------------------------------------------------------------------    -------------------
                         (clock clk_i rise edge)      0.000     0.000 r  
                                                      0.000     0.000 r  clk_i (IN)
                         net (fo=2042, unset)         1.795     1.795    u_tcm/u_ram/clk_i
    RAMB36_X1Y0          RAMB36E1                                     r  u_tcm/u_ram/ram_reg_2_3/CLKARDCLK
  -------------------------------------------------------------------    -------------------
    RAMB36_X1Y0          RAMB36E1 (Prop_ramb36e1_CLKARDCLK_DOADO[1])
                                                      2.454     4.249 r  u_tcm/u_ram/ram_reg_2_3/DOADO[1]
                         net (fo=7, routed)           0.844     5.094    u_core/u_lsu/u_lsu_request/ram_read1_q[12]
    SLICE_X17Y3          LUT6 (Prop_lut6_I5_O)        0.124     5.218 r  u_core/u_lsu/u_lsu_request/result_wb_q[31]_i_11/O
                         net (fo=1, routed)           1.001     6.219    u_core/u_lsu/u_lsu_request/result_wb_q[31]_i_11_n_0
    SLICE_X15Y16         LUT6 (Prop_lut6_I4_O)        0.124     6.343 r  u_core/u_lsu/u_lsu_request/result_wb_q[31]_i_3/O
                         net (fo=35, routed)          0.956     7.298    u_core/u_lsu/u_lsu_request/result_wb_q[31]_i_3_n_0
    SLICE_X15Y12         LUT6 (Prop_lut6_I2_O)        0.124     7.422 r  u_core/u_lsu/u_lsu_request/result_wb_q[11]_i_1/O
                         net (fo=3, routed)           0.688     8.110    u_core/u_issue/u_pipe_ctrl/result_wb_q_reg[31]_1[6]
    SLICE_X15Y12         LUT6 (Prop_lut6_I2_O)        0.124     8.234 r  u_core/u_issue/u_pipe_ctrl/mem_data_wr_q[27]_i_2/O
                         net (fo=14, routed)          0.554     8.789    u_core/u_issue/u_pipe_ctrl/DI[3]
    SLICE_X16Y11         LUT2 (Prop_lut2_I1_O)        0.124     8.913 r  u_core/u_issue/u_pipe_ctrl/buffer_q[66]_i_136/O
                         net (fo=1, routed)           0.000     8.913    u_core/u_issue/u_pipe_ctrl/buffer_q[66]_i_136_n_0
    SLICE_X16Y11         CARRY4 (Prop_carry4_S[3]_CO[3])
                                                      0.376     9.289 r  u_core/u_issue/u_pipe_ctrl/buffer_q_reg[66]_i_125/CO[3]
                         net (fo=1, routed)           0.000     9.289    u_core/u_issue/u_pipe_ctrl/buffer_q_reg[66]_i_125_n_0
    SLICE_X16Y12         CARRY4 (Prop_carry4_CI_CO[3])
                                                      0.117     9.406 r  u_core/u_issue/u_pipe_ctrl/buffer_q_reg[66]_i_115/CO[3]
                         net (fo=1, routed)           0.000     9.406    u_core/u_issue/u_pipe_ctrl/buffer_q_reg[66]_i_115_n_0
    SLICE_X16Y13         CARRY4 (Prop_carry4_CI_CO[3])
                                                      0.117     9.523 r  u_core/u_issue/u_pipe_ctrl/buffer_q_reg[66]_i_97/CO[3]
                         net (fo=1, routed)           0.000     9.523    u_core/u_issue/u_pipe_ctrl/buffer_q_reg[66]_i_97_n_0
    SLICE_X16Y14         CARRY4 (Prop_carry4_CI_CO[3])
                                                      0.117     9.640 r  u_core/u_issue/u_pipe_ctrl/buffer_q_reg[66]_i_74/CO[3]
                         net (fo=1, routed)           0.000     9.640    u_core/u_issue/u_pipe_ctrl/buffer_q_reg[66]_i_74_n_0
    SLICE_X16Y15         CARRY4 (Prop_carry4_CI_CO[3])
                                                      0.117     9.757 r  u_core/u_issue/u_pipe_ctrl/buffer_q_reg[66]_i_46/CO[3]
                         net (fo=1, routed)           0.000     9.757    u_core/u_issue/u_pipe_ctrl/buffer_q_reg[66]_i_46_n_0
    SLICE_X16Y16         CARRY4 (Prop_carry4_CI_O[3])
                                                      0.315    10.072 f  u_core/u_issue/u_pipe_ctrl/buffer_q_reg[66]_i_22/O[3]
                         net (fo=1, routed)           0.437    10.508    u_core/u_issue/u_pipe_ctrl/u_exec/less_than_signed01_out[31]
    SLICE_X17Y19         LUT3 (Prop_lut3_I2_O)        0.307    10.815 f  u_core/u_issue/u_pipe_ctrl/buffer_q[66]_i_14/O
                         net (fo=1, routed)           0.394    11.210    u_core/u_decode/buffer_q[66]_i_4_0
    SLICE_X19Y19         LUT6 (Prop_lut6_I3_O)        0.124    11.334 f  u_core/u_decode/buffer_q[66]_i_9_comp/O
                         net (fo=3, routed)           0.602    11.936    u_core/u_decode/buffer_q[66]_i_9_n_0
    SLICE_X24Y19         LUT6 (Prop_lut6_I5_O)        0.124    12.060 f  u_core/u_decode/buffer_q[66]_i_4/O
                         net (fo=95, routed)          0.894    12.954    u_core/u_fetch/branch_d_exec_request_w
    SLICE_X20Y17         LUT5 (Prop_lut5_I3_O)        0.124    13.078 r  u_core/u_fetch/buffer_q[34]_i_1/O
                         net (fo=3, routed)           0.345    13.422    u_core/u_decode/buffer_q_reg[66]_0[32]
    SLICE_X20Y18         FDCE                                         r  u_core/u_decode/buffer_q_reg[34]_replica_1/D
  -------------------------------------------------------------------    -------------------

                         (clock clk_i rise edge)     10.000    10.000 r  
                                                      0.000    10.000 r  clk_i (IN)
                         net (fo=2042, unset)         1.569    11.569    u_core/u_decode/clk_i
    SLICE_X20Y18         FDCE                                         r  u_core/u_decode/buffer_q_reg[34]_replica_1/C
                         clock pessimism              0.115    11.684    
                         clock uncertainty           -0.035    11.649    
    SLICE_X20Y18         FDCE (Setup_fdce_C_D)       -0.016    11.633    u_core/u_decode/buffer_q_reg[34]_replica_1
  -------------------------------------------------------------------
                         required time                         11.633    
                         arrival time                         -13.422    
  -------------------------------------------------------------------
                         slack                                 -1.790    

Slack (VIOLATED) :        -1.773ns  (required time - arrival time)
  Source:                 u_tcm/u_ram/ram_reg_2_3/CLKARDCLK
                            (rising edge-triggered cell RAMB36E1 clocked by clk_i  {rise@0.000ns fall@5.000ns period=10.000ns})
  Destination:            u_core/u_decode/buffer_q_reg[38]_replica/D
                            (rising edge-triggered cell FDCE clocked by clk_i  {rise@0.000ns fall@5.000ns period=10.000ns})
  Path Group:             clk_i
  Path Type:              Setup (Max at Slow Process Corner)
  Requirement:            10.000ns  (clk_i rise@10.000ns - clk_i rise@0.000ns)
  Data Path Delay:        11.537ns  (logic 4.912ns (42.574%)  route 6.625ns (57.426%))
  Logic Levels:           15  (CARRY4=6 LUT2=1 LUT3=1 LUT5=1 LUT6=6)
  Clock Path Skew:        -0.119ns (DCD - SCD + CPR)
    Destination Clock Delay (DCD):    1.561ns = ( 11.561 - 10.000 ) 
    Source Clock Delay      (SCD):    1.795ns
    Clock Pessimism Removal (CPR):    0.115ns
  Clock Uncertainty:      0.035ns  ((TSJ^2 + TIJ^2)^1/2 + DJ) / 2 + PE
    Total System Jitter     (TSJ):    0.071ns
    Total Input Jitter      (TIJ):    0.000ns
    Discrete Jitter          (DJ):    0.000ns
    Phase Error              (PE):    0.000ns

    Location             Delay type                Incr(ns)  Path(ns)    Netlist Resource(s)
  -------------------------------------------------------------------    -------------------
                         (clock clk_i rise edge)      0.000     0.000 r  
                                                      0.000     0.000 r  clk_i (IN)
                         net (fo=2042, unset)         1.795     1.795    u_tcm/u_ram/clk_i
    RAMB36_X1Y0          RAMB36E1                                     r  u_tcm/u_ram/ram_reg_2_3/CLKARDCLK
  -------------------------------------------------------------------    -------------------
    RAMB36_X1Y0          RAMB36E1 (Prop_ramb36e1_CLKARDCLK_DOADO[1])
                                                      2.454     4.249 r  u_tcm/u_ram/ram_reg_2_3/DOADO[1]
                         net (fo=7, routed)           0.844     5.094    u_core/u_lsu/u_lsu_request/ram_read1_q[12]
    SLICE_X17Y3          LUT6 (Prop_lut6_I5_O)        0.124     5.218 r  u_core/u_lsu/u_lsu_request/result_wb_q[31]_i_11/O
                         net (fo=1, routed)           1.001     6.219    u_core/u_lsu/u_lsu_request/result_wb_q[31]_i_11_n_0
    SLICE_X15Y16         LUT6 (Prop_lut6_I4_O)        0.124     6.343 r  u_core/u_lsu/u_lsu_request/result_wb_q[31]_i_3/O
                         net (fo=35, routed)          0.956     7.298    u_core/u_lsu/u_lsu_request/result_wb_q[31]_i_3_n_0
    SLICE_X15Y12         LUT6 (Prop_lut6_I2_O)        0.124     7.422 r  u_core/u_lsu/u_lsu_request/result_wb_q[11]_i_1/O
                         net (fo=3, routed)           0.688     8.110    u_core/u_issue/u_pipe_ctrl/result_wb_q_reg[31]_1[6]
    SLICE_X15Y12         LUT6 (Prop_lut6_I2_O)        0.124     8.234 r  u_core/u_issue/u_pipe_ctrl/mem_data_wr_q[27]_i_2/O
                         net (fo=14, routed)          0.554     8.789    u_core/u_issue/u_pipe_ctrl/DI[3]
    SLICE_X16Y11         LUT2 (Prop_lut2_I1_O)        0.124     8.913 r  u_core/u_issue/u_pipe_ctrl/buffer_q[66]_i_136/O
                         net (fo=1, routed)           0.000     8.913    u_core/u_issue/u_pipe_ctrl/buffer_q[66]_i_136_n_0
    SLICE_X16Y11         CARRY4 (Prop_carry4_S[3]_CO[3])
                                                      0.376     9.289 r  u_core/u_issue/u_pipe_ctrl/buffer_q_reg[66]_i_125/CO[3]
                         net (fo=1, routed)           0.000     9.289    u_core/u_issue/u_pipe_ctrl/buffer_q_reg[66]_i_125_n_0
    SLICE_X16Y12         CARRY4 (Prop_carry4_CI_CO[3])
                                                      0.117     9.406 r  u_core/u_issue/u_pipe_ctrl/buffer_q_reg[66]_i_115/CO[3]
                         net (fo=1, routed)           0.000     9.406    u_core/u_issue/u_pipe_ctrl/buffer_q_reg[66]_i_115_n_0
    SLICE_X16Y13         CARRY4 (Prop_carry4_CI_CO[3])
                                                      0.117     9.523 r  u_core/u_issue/u_pipe_ctrl/buffer_q_reg[66]_i_97/CO[3]
                         net (fo=1, routed)           0.000     9.523    u_core/u_issue/u_pipe_ctrl/buffer_q_reg[66]_i_97_n_0
    SLICE_X16Y14         CARRY4 (Prop_carry4_CI_CO[3])
                                                      0.117     9.640 r  u_core/u_issue/u_pipe_ctrl/buffer_q_reg[66]_i_74/CO[3]
                         net (fo=1, routed)           0.000     9.640    u_core/u_issue/u_pipe_ctrl/buffer_q_reg[66]_i_74_n_0
    SLICE_X16Y15         CARRY4 (Prop_carry4_CI_CO[3])
                                                      0.117     9.757 r  u_core/u_issue/u_pipe_ctrl/buffer_q_reg[66]_i_46/CO[3]
                         net (fo=1, routed)           0.000     9.757    u_core/u_issue/u_pipe_ctrl/buffer_q_reg[66]_i_46_n_0
    SLICE_X16Y16         CARRY4 (Prop_carry4_CI_O[3])
                                                      0.315    10.072 f  u_core/u_issue/u_pipe_ctrl/buffer_q_reg[66]_i_22/O[3]
                         net (fo=1, routed)           0.437    10.508    u_core/u_issue/u_pipe_ctrl/u_exec/less_than_signed01_out[31]
    SLICE_X17Y19         LUT3 (Prop_lut3_I2_O)        0.307    10.815 f  u_core/u_issue/u_pipe_ctrl/buffer_q[66]_i_14/O
                         net (fo=1, routed)           0.394    11.210    u_core/u_decode/buffer_q[66]_i_4_0
    SLICE_X19Y19         LUT6 (Prop_lut6_I3_O)        0.124    11.334 f  u_core/u_decode/buffer_q[66]_i_9_comp/O
                         net (fo=3, routed)           0.602    11.936    u_core/u_decode/buffer_q[66]_i_9_n_0
    SLICE_X24Y19         LUT6 (Prop_lut6_I5_O)        0.124    12.060 f  u_core/u_decode/buffer_q[66]_i_4/O
                         net (fo=95, routed)          0.508    12.568    u_core/u_fetch/branch_d_exec_request_w
    SLICE_X24Y21         LUT5 (Prop_lut5_I3_O)        0.124    12.692 r  u_core/u_fetch/buffer_q[38]_i_1/O
                         net (fo=2, routed)           0.641    13.333    u_core/u_decode/buffer_q_reg[66]_0[36]
    SLICE_X29Y18         FDCE                                         r  u_core/u_decode/buffer_q_reg[38]_replica/D
  -------------------------------------------------------------------    -------------------

                         (clock clk_i rise edge)     10.000    10.000 r  
                                                      0.000    10.000 r  clk_i (IN)
                         net (fo=2042, unset)         1.561    11.561    u_core/u_decode/clk_i
    SLICE_X29Y18         FDCE                                         r  u_core/u_decode/buffer_q_reg[38]_replica/C
                         clock pessimism              0.115    11.676    
                         clock uncertainty           -0.035    11.641    
    SLICE_X29Y18         FDCE (Setup_fdce_C_D)       -0.081    11.560    u_core/u_decode/buffer_q_reg[38]_replica
  -------------------------------------------------------------------
                         required time                         11.560    
                         arrival time                         -13.333    
  -------------------------------------------------------------------
                         slack                                 -1.773    

Slack (VIOLATED) :        -1.762ns  (required time - arrival time)
  Source:                 u_tcm/u_ram/ram_reg_2_3/CLKARDCLK
                            (rising edge-triggered cell RAMB36E1 clocked by clk_i  {rise@0.000ns fall@5.000ns period=10.000ns})
  Destination:            u_core/u_decode/buffer_q_reg[44]_replica/D
                            (rising edge-triggered cell FDCE clocked by clk_i  {rise@0.000ns fall@5.000ns period=10.000ns})
  Path Group:             clk_i
  Path Type:              Setup (Max at Slow Process Corner)
  Requirement:            10.000ns  (clk_i rise@10.000ns - clk_i rise@0.000ns)
  Data Path Delay:        11.531ns  (logic 4.912ns (42.599%)  route 6.619ns (57.401%))
  Logic Levels:           15  (CARRY4=6 LUT2=1 LUT3=1 LUT5=1 LUT6=6)
  Clock Path Skew:        -0.114ns (DCD - SCD + CPR)
    Destination Clock Delay (DCD):    1.566ns = ( 11.566 - 10.000 ) 
    Source Clock Delay      (SCD):    1.795ns
    Clock Pessimism Removal (CPR):    0.115ns
  Clock Uncertainty:      0.035ns  ((TSJ^2 + TIJ^2)^1/2 + DJ) / 2 + PE
    Total System Jitter     (TSJ):    0.071ns
    Total Input Jitter      (TIJ):    0.000ns
    Discrete Jitter          (DJ):    0.000ns
    Phase Error              (PE):    0.000ns

    Location             Delay type                Incr(ns)  Path(ns)    Netlist Resource(s)
  -------------------------------------------------------------------    -------------------
                         (clock clk_i rise edge)      0.000     0.000 r  
                                                      0.000     0.000 r  clk_i (IN)
                         net (fo=2042, unset)         1.795     1.795    u_tcm/u_ram/clk_i
    RAMB36_X1Y0          RAMB36E1                                     r  u_tcm/u_ram/ram_reg_2_3/CLKARDCLK
  -------------------------------------------------------------------    -------------------
    RAMB36_X1Y0          RAMB36E1 (Prop_ramb36e1_CLKARDCLK_DOADO[1])
                                                      2.454     4.249 r  u_tcm/u_ram/ram_reg_2_3/DOADO[1]
                         net (fo=7, routed)           0.844     5.094    u_core/u_lsu/u_lsu_request/ram_read1_q[12]
    SLICE_X17Y3          LUT6 (Prop_lut6_I5_O)        0.124     5.218 r  u_core/u_lsu/u_lsu_request/result_wb_q[31]_i_11/O
                         net (fo=1, routed)           1.001     6.219    u_core/u_lsu/u_lsu_request/result_wb_q[31]_i_11_n_0
    SLICE_X15Y16         LUT6 (Prop_lut6_I4_O)        0.124     6.343 r  u_core/u_lsu/u_lsu_request/result_wb_q[31]_i_3/O
                         net (fo=35, routed)          0.956     7.298    u_core/u_lsu/u_lsu_request/result_wb_q[31]_i_3_n_0
    SLICE_X15Y12         LUT6 (Prop_lut6_I2_O)        0.124     7.422 r  u_core/u_lsu/u_lsu_request/result_wb_q[11]_i_1/O
                         net (fo=3, routed)           0.688     8.110    u_core/u_issue/u_pipe_ctrl/result_wb_q_reg[31]_1[6]
    SLICE_X15Y12         LUT6 (Prop_lut6_I2_O)        0.124     8.234 r  u_core/u_issue/u_pipe_ctrl/mem_data_wr_q[27]_i_2/O
                         net (fo=14, routed)          0.554     8.789    u_core/u_issue/u_pipe_ctrl/DI[3]
    SLICE_X16Y11         LUT2 (Prop_lut2_I1_O)        0.124     8.913 r  u_core/u_issue/u_pipe_ctrl/buffer_q[66]_i_136/O
                         net (fo=1, routed)           0.000     8.913    u_core/u_issue/u_pipe_ctrl/buffer_q[66]_i_136_n_0
    SLICE_X16Y11         CARRY4 (Prop_carry4_S[3]_CO[3])
                                                      0.376     9.289 r  u_core/u_issue/u_pipe_ctrl/buffer_q_reg[66]_i_125/CO[3]
                         net (fo=1, routed)           0.000     9.289    u_core/u_issue/u_pipe_ctrl/buffer_q_reg[66]_i_125_n_0
    SLICE_X16Y12         CARRY4 (Prop_carry4_CI_CO[3])
                                                      0.117     9.406 r  u_core/u_issue/u_pipe_ctrl/buffer_q_reg[66]_i_115/CO[3]
                         net (fo=1, routed)           0.000     9.406    u_core/u_issue/u_pipe_ctrl/buffer_q_reg[66]_i_115_n_0
    SLICE_X16Y13         CARRY4 (Prop_carry4_CI_CO[3])
                                                      0.117     9.523 r  u_core/u_issue/u_pipe_ctrl/buffer_q_reg[66]_i_97/CO[3]
                         net (fo=1, routed)           0.000     9.523    u_core/u_issue/u_pipe_ctrl/buffer_q_reg[66]_i_97_n_0
    SLICE_X16Y14         CARRY4 (Prop_carry4_CI_CO[3])
                                                      0.117     9.640 r  u_core/u_issue/u_pipe_ctrl/buffer_q_reg[66]_i_74/CO[3]
                         net (fo=1, routed)           0.000     9.640    u_core/u_issue/u_pipe_ctrl/buffer_q_reg[66]_i_74_n_0
    SLICE_X16Y15         CARRY4 (Prop_carry4_CI_CO[3])
                                                      0.117     9.757 r  u_core/u_issue/u_pipe_ctrl/buffer_q_reg[66]_i_46/CO[3]
                         net (fo=1, routed)           0.000     9.757    u_core/u_issue/u_pipe_ctrl/buffer_q_reg[66]_i_46_n_0
    SLICE_X16Y16         CARRY4 (Prop_carry4_CI_O[3])
                                                      0.315    10.072 f  u_core/u_issue/u_pipe_ctrl/buffer_q_reg[66]_i_22/O[3]
                         net (fo=1, routed)           0.437    10.508    u_core/u_issue/u_pipe_ctrl/u_exec/less_than_signed01_out[31]
    SLICE_X17Y19         LUT3 (Prop_lut3_I2_O)        0.307    10.815 f  u_core/u_issue/u_pipe_ctrl/buffer_q[66]_i_14/O
                         net (fo=1, routed)           0.394    11.210    u_core/u_decode/buffer_q[66]_i_4_0
    SLICE_X19Y19         LUT6 (Prop_lut6_I3_O)        0.124    11.334 f  u_core/u_decode/buffer_q[66]_i_9_comp/O
                         net (fo=3, routed)           0.602    11.936    u_core/u_decode/buffer_q[66]_i_9_n_0
    SLICE_X24Y19         LUT6 (Prop_lut6_I5_O)        0.124    12.060 f  u_core/u_decode/buffer_q[66]_i_4/O
                         net (fo=95, routed)          0.669    12.729    u_core/u_fetch/branch_d_exec_request_w
    SLICE_X26Y17         LUT5 (Prop_lut5_I3_O)        0.124    12.853 r  u_core/u_fetch/buffer_q[44]_i_1/O
                         net (fo=2, routed)           0.473    13.326    u_core/u_decode/buffer_q_reg[66]_0[42]
    SLICE_X27Y15         FDCE                                         r  u_core/u_decode/buffer_q_reg[44]_replica/D
  -------------------------------------------------------------------    -------------------

                         (clock clk_i rise edge)     10.000    10.000 r  
                                                      0.000    10.000 r  clk_i (IN)
                         net (fo=2042, unset)         1.566    11.566    u_core/u_decode/clk_i
    SLICE_X27Y15         FDCE                                         r  u_core/u_decode/buffer_q_reg[44]_replica/C
                         clock pessimism              0.115    11.681    
                         clock uncertainty           -0.035    11.646    
    SLICE_X27Y15         FDCE (Setup_fdce_C_D)       -0.081    11.565    u_core/u_decode/buffer_q_reg[44]_replica
  -------------------------------------------------------------------
                         required time                         11.565    
                         arrival time                         -13.326    
  -------------------------------------------------------------------
                         slack                                 -1.762    

Slack (VIOLATED) :        -1.756ns  (required time - arrival time)
  Source:                 u_core/u_decode/buffer_q_reg[45]/C
                            (rising edge-triggered cell FDCE clocked by clk_i  {rise@0.000ns fall@5.000ns period=10.000ns})
  Destination:            u_core/u_lsu/mem_data_wr_q_reg[18]/D
                            (rising edge-triggered cell FDCE clocked by clk_i  {rise@0.000ns fall@5.000ns period=10.000ns})
  Path Group:             clk_i
  Path Type:              Setup (Max at Slow Process Corner)
  Requirement:            10.000ns  (clk_i rise@10.000ns - clk_i rise@0.000ns)
  Data Path Delay:        11.668ns  (logic 3.002ns (25.729%)  route 8.666ns (74.271%))
  Logic Levels:           14  (CARRY4=1 LUT2=2 LUT4=1 LUT6=10)
  Clock Path Skew:        -0.132ns (DCD - SCD + CPR)
    Destination Clock Delay (DCD):    1.493ns = ( 11.493 - 10.000 ) 
    Source Clock Delay      (SCD):    1.740ns
    Clock Pessimism Removal (CPR):    0.115ns
  Clock Uncertainty:      0.035ns  ((TSJ^2 + TIJ^2)^1/2 + DJ) / 2 + PE
    Total System Jitter     (TSJ):    0.071ns
    Total Input Jitter      (TIJ):    0.000ns
    Discrete Jitter          (DJ):    0.000ns
    Phase Error              (PE):    0.000ns

    Location             Delay type                Incr(ns)  Path(ns)    Netlist Resource(s)
  -------------------------------------------------------------------    -------------------
                         (clock clk_i rise edge)      0.000     0.000 r  
                                                      0.000     0.000 r  clk_i (IN)
                         net (fo=2042, unset)         1.740     1.740    u_core/u_decode/clk_i
    SLICE_X26Y17         FDCE                                         r  u_core/u_decode/buffer_q_reg[45]/C
  -------------------------------------------------------------------    -------------------
    SLICE_X26Y17         FDCE (Prop_fdce_C_Q)         0.518     2.258 f  u_core/u_decode/buffer_q_reg[45]/Q
                         net (fo=79, routed)          1.094     3.352    u_core/u_decode/fetch_instr_w[13]
    SLICE_X26Y16         LUT2 (Prop_lut2_I1_O)        0.156     3.508 f  u_core/u_decode/ctrl_e1_q[2]_i_5/O
                         net (fo=2, routed)           0.503     4.011    u_core/u_decode/ctrl_e1_q[2]_i_5_n_0
    SLICE_X27Y16         LUT6 (Prop_lut6_I4_O)        0.355     4.366 f  u_core/u_decode/take_interrupt_q_i_15/O
                         net (fo=2, routed)           0.734     5.100    u_core/u_decode/take_interrupt_q_i_15_n_0
    SLICE_X28Y16         LUT6 (Prop_lut6_I1_O)        0.124     5.224 f  u_core/u_decode/rd_result_e1_q[31]_i_141/O
                         net (fo=1, routed)           0.579     5.802    u_core/u_decode/rd_result_e1_q[31]_i_141_n_0
    SLICE_X31Y15         LUT6 (Prop_lut6_I3_O)        0.124     5.926 f  u_core/u_decode/rd_result_e1_q[31]_i_119/O
                         net (fo=48, routed)          0.884     6.810    u_core/u_issue/u_pipe_ctrl/scoreboard_r1
    SLICE_X33Y17         LUT6 (Prop_lut6_I2_O)        0.124     6.934 f  u_core/u_issue/u_pipe_ctrl/rd_result_e1_q[31]_i_107/O
                         net (fo=1, routed)           0.641     7.575    u_core/u_issue/u_pipe_ctrl/rd_result_e1_q[31]_i_107_n_0
    SLICE_X33Y16         LUT6 (Prop_lut6_I1_O)        0.124     7.699 f  u_core/u_issue/u_pipe_ctrl/rd_result_e1_q[31]_i_40/O
                         net (fo=1, routed)           0.780     8.479    u_core/u_issue/u_pipe_ctrl/rd_result_e1_q[31]_i_40_n_0
    SLICE_X32Y14         LUT6 (Prop_lut6_I5_O)        0.124     8.603 f  u_core/u_issue/u_pipe_ctrl/rd_result_e1_q[31]_i_13/O
                         net (fo=2, routed)           0.529     9.131    u_core/u_issue/u_pipe_ctrl/opcode_issue_r40_in
    SLICE_X31Y13         LUT6 (Prop_lut6_I4_O)        0.124     9.255 r  u_core/u_issue/u_pipe_ctrl/rd_result_e1_q[31]_i_3/O
                         net (fo=61, routed)          0.301     9.556    u_core/u_decode/lsu_opcode_valid_w
    SLICE_X31Y13         LUT6 (Prop_lut6_I5_O)        0.124     9.680 r  u_core/u_decode/mem_writeback_q_i_4/O
                         net (fo=35, routed)          0.701    10.381    u_core/u_decode/u_lsu/mem_addr_r115_out
    SLICE_X34Y13         LUT6 (Prop_lut6_I3_O)        0.124    10.505 r  u_core/u_decode/mem_wr_q[3]_i_9_comp/O
                         net (fo=1, routed)           0.000    10.505    u_core/u_decode/mem_wr_q[3]_i_9_n_0
    SLICE_X34Y13         CARRY4 (Prop_carry4_S[0]_O[1])
                                                      0.427    10.932 r  u_core/u_decode/mem_wr_q_reg[3]_i_5/O[1]
                         net (fo=12, routed)          0.599    11.531    u_core/u_lsu/O[1]
    SLICE_X35Y13         LUT2 (Prop_lut2_I1_O)        0.306    11.837 f  u_core/u_lsu/mem_data_wr_q[23]_i_5/O
                         net (fo=2, routed)           0.771    12.608    u_core/u_decode/mem_data_wr_q_reg[7]
    SLICE_X33Y9          LUT6 (Prop_lut6_I0_O)        0.124    12.732 r  u_core/u_decode/mem_data_wr_q[23]_i_3/O
                         net (fo=8, routed)           0.552    13.284    u_core/u_issue/u_pipe_ctrl/mem_data_wr_q_reg[23]_0
    SLICE_X32Y9          LUT4 (Prop_lut4_I3_O)        0.124    13.408 r  u_core/u_issue/u_pipe_ctrl/mem_data_wr_q[18]_i_1/O
                         net (fo=1, routed)           0.000    13.408    u_core/u_lsu/mem_data_wr_q_reg[31]_0[18]
    SLICE_X32Y9          FDCE                                         r  u_core/u_lsu/mem_data_wr_q_reg[18]/D
  -------------------------------------------------------------------    -------------------

                         (clock clk_i rise edge)     10.000    10.000 r  
                                                      0.000    10.000 r  clk_i (IN)
                         net (fo=2042, unset)         1.493    11.493    u_core/u_lsu/clk_i
    SLICE_X32Y9          FDCE                                         r  u_core/u_lsu/mem_data_wr_q_reg[18]/C
                         clock pessimism              0.115    11.608    
                         clock uncertainty           -0.035    11.573    
    SLICE_X32Y9          FDCE (Setup_fdce_C_D)        0.079    11.652    u_core/u_lsu/mem_data_wr_q_reg[18]
  -------------------------------------------------------------------
                         required time                         11.652    
                         arrival time                         -13.408    
  -------------------------------------------------------------------
                         slack                                 -1.756    

Slack (VIOLATED) :        -1.755ns  (required time - arrival time)
  Source:                 u_tcm/u_ram/ram_reg_2_3/CLKARDCLK
                            (rising edge-triggered cell RAMB36E1 clocked by clk_i  {rise@0.000ns fall@5.000ns period=10.000ns})
  Destination:            u_core/u_fetch/branch_pc_q_reg[13]/CE
                            (rising edge-triggered cell FDCE clocked by clk_i  {rise@0.000ns fall@5.000ns period=10.000ns})
  Path Group:             clk_i
  Path Type:              Setup (Max at Slow Process Corner)
  Requirement:            10.000ns  (clk_i rise@10.000ns - clk_i rise@0.000ns)
  Data Path Delay:        11.433ns  (logic 4.788ns (41.878%)  route 6.645ns (58.122%))
  Logic Levels:           14  (CARRY4=6 LUT2=1 LUT3=1 LUT6=6)
  Clock Path Skew:        -0.117ns (DCD - SCD + CPR)
    Destination Clock Delay (DCD):    1.563ns = ( 11.563 - 10.000 ) 
    Source Clock Delay      (SCD):    1.795ns
    Clock Pessimism Removal (CPR):    0.115ns
  Clock Uncertainty:      0.035ns  ((TSJ^2 + TIJ^2)^1/2 + DJ) / 2 + PE
    Total System Jitter     (TSJ):    0.071ns
    Total Input Jitter      (TIJ):    0.000ns
    Discrete Jitter          (DJ):    0.000ns
    Phase Error              (PE):    0.000ns

    Location             Delay type                Incr(ns)  Path(ns)    Netlist Resource(s)
  -------------------------------------------------------------------    -------------------
                         (clock clk_i rise edge)      0.000     0.000 r  
                                                      0.000     0.000 r  clk_i (IN)
                         net (fo=2042, unset)         1.795     1.795    u_tcm/u_ram/clk_i
    RAMB36_X1Y0          RAMB36E1                                     r  u_tcm/u_ram/ram_reg_2_3/CLKARDCLK
  -------------------------------------------------------------------    -------------------
    RAMB36_X1Y0          RAMB36E1 (Prop_ramb36e1_CLKARDCLK_DOADO[1])
                                                      2.454     4.249 r  u_tcm/u_ram/ram_reg_2_3/DOADO[1]
                         net (fo=7, routed)           0.844     5.094    u_core/u_lsu/u_lsu_request/ram_read1_q[12]
    SLICE_X17Y3          LUT6 (Prop_lut6_I5_O)        0.124     5.218 r  u_core/u_lsu/u_lsu_request/result_wb_q[31]_i_11/O
                         net (fo=1, routed)           1.001     6.219    u_core/u_lsu/u_lsu_request/result_wb_q[31]_i_11_n_0
    SLICE_X15Y16         LUT6 (Prop_lut6_I4_O)        0.124     6.343 r  u_core/u_lsu/u_lsu_request/result_wb_q[31]_i_3/O
                         net (fo=35, routed)          0.956     7.298    u_core/u_lsu/u_lsu_request/result_wb_q[31]_i_3_n_0
    SLICE_X15Y12         LUT6 (Prop_lut6_I2_O)        0.124     7.422 r  u_core/u_lsu/u_lsu_request/result_wb_q[11]_i_1/O
                         net (fo=3, routed)           0.688     8.110    u_core/u_issue/u_pipe_ctrl/result_wb_q_reg[31]_1[6]
    SLICE_X15Y12         LUT6 (Prop_lut6_I2_O)        0.124     8.234 r  u_core/u_issue/u_pipe_ctrl/mem_data_wr_q[27]_i_2/O
                         net (fo=14, routed)          0.554     8.789    u_core/u_issue/u_pipe_ctrl/DI[3]
    SLICE_X16Y11         LUT2 (Prop_lut2_I1_O)        0.124     8.913 r  u_core/u_issue/u_pipe_ctrl/buffer_q[66]_i_136/O
                         net (fo=1, routed)           0.000     8.913    u_core/u_issue/u_pipe_ctrl/buffer_q[66]_i_136_n_0
    SLICE_X16Y11         CARRY4 (Prop_carry4_S[3]_CO[3])
                                                      0.376     9.289 r  u_core/u_issue/u_pipe_ctrl/buffer_q_reg[66]_i_125/CO[3]
                         net (fo=1, routed)           0.000     9.289    u_core/u_issue/u_pipe_ctrl/buffer_q_reg[66]_i_125_n_0
    SLICE_X16Y12         CARRY4 (Prop_carry4_CI_CO[3])
                                                      0.117     9.406 r  u_core/u_issue/u_pipe_ctrl/buffer_q_reg[66]_i_115/CO[3]
                         net (fo=1, routed)           0.000     9.406    u_core/u_issue/u_pipe_ctrl/buffer_q_reg[66]_i_115_n_0
    SLICE_X16Y13         CARRY4 (Prop_carry4_CI_CO[3])
                                                      0.117     9.523 r  u_core/u_issue/u_pipe_ctrl/buffer_q_reg[66]_i_97/CO[3]
                         net (fo=1, routed)           0.000     9.523    u_core/u_issue/u_pipe_ctrl/buffer_q_reg[66]_i_97_n_0
    SLICE_X16Y14         CARRY4 (Prop_carry4_CI_CO[3])
                                                      0.117     9.640 r  u_core/u_issue/u_pipe_ctrl/buffer_q_reg[66]_i_74/CO[3]
                         net (fo=1, routed)           0.000     9.640    u_core/u_issue/u_pipe_ctrl/buffer_q_reg[66]_i_74_n_0
    SLICE_X16Y15         CARRY4 (Prop_carry4_CI_CO[3])
                                                      0.117     9.757 r  u_core/u_issue/u_pipe_ctrl/buffer_q_reg[66]_i_46/CO[3]
                         net (fo=1, routed)           0.000     9.757    u_core/u_issue/u_pipe_ctrl/buffer_q_reg[66]_i_46_n_0
    SLICE_X16Y16         CARRY4 (Prop_carry4_CI_O[3])
                                                      0.315    10.072 r  u_core/u_issue/u_pipe_ctrl/buffer_q_reg[66]_i_22/O[3]
                         net (fo=1, routed)           0.437    10.508    u_core/u_issue/u_pipe_ctrl/u_exec/less_than_signed01_out[31]
    SLICE_X17Y19         LUT3 (Prop_lut3_I2_O)        0.307    10.815 r  u_core/u_issue/u_pipe_ctrl/buffer_q[66]_i_14/O
                         net (fo=1, routed)           0.394    11.210    u_core/u_decode/buffer_q[66]_i_4_0
    SLICE_X19Y19         LUT6 (Prop_lut6_I3_O)        0.124    11.334 r  u_core/u_decode/buffer_q[66]_i_9_comp/O
                         net (fo=3, routed)           0.876    12.210    u_core/u_fetch/buffer_q[66]_i_9_n_0_alias
    SLICE_X24Y19         LUT6 (Prop_lut6_I2_O)        0.124    12.334 r  u_core/u_fetch/branch_pc_q[31]_i_1_comp/O
                         net (fo=31, routed)          0.894    13.229    u_core/u_fetch/branch_pc_q[31]_i_1_n_0
    SLICE_X18Y24         FDCE                                         r  u_core/u_fetch/branch_pc_q_reg[13]/CE
  -------------------------------------------------------------------    -------------------

                         (clock clk_i rise edge)     10.000    10.000 r  
                                                      0.000    10.000 r  clk_i (IN)
                         net (fo=2042, unset)         1.563    11.563    u_core/u_fetch/clk_i
    SLICE_X18Y24         FDCE                                         r  u_core/u_fetch/branch_pc_q_reg[13]/C
                         clock pessimism              0.115    11.678    
                         clock uncertainty           -0.035    11.643    
    SLICE_X18Y24         FDCE (Setup_fdce_C_CE)      -0.169    11.474    u_core/u_fetch/branch_pc_q_reg[13]
  -------------------------------------------------------------------
                         required time                         11.474    
                         arrival time                         -13.229    
  -------------------------------------------------------------------
                         slack                                 -1.755    

Slack (VIOLATED) :        -1.755ns  (required time - arrival time)
  Source:                 u_tcm/u_ram/ram_reg_2_3/CLKARDCLK
                            (rising edge-triggered cell RAMB36E1 clocked by clk_i  {rise@0.000ns fall@5.000ns period=10.000ns})
  Destination:            u_core/u_fetch/branch_pc_q_reg[14]/CE
                            (rising edge-triggered cell FDCE clocked by clk_i  {rise@0.000ns fall@5.000ns period=10.000ns})
  Path Group:             clk_i
  Path Type:              Setup (Max at Slow Process Corner)
  Requirement:            10.000ns  (clk_i rise@10.000ns - clk_i rise@0.000ns)
  Data Path Delay:        11.433ns  (logic 4.788ns (41.878%)  route 6.645ns (58.122%))
  Logic Levels:           14  (CARRY4=6 LUT2=1 LUT3=1 LUT6=6)
  Clock Path Skew:        -0.117ns (DCD - SCD + CPR)
    Destination Clock Delay (DCD):    1.563ns = ( 11.563 - 10.000 ) 
    Source Clock Delay      (SCD):    1.795ns
    Clock Pessimism Removal (CPR):    0.115ns
  Clock Uncertainty:      0.035ns  ((TSJ^2 + TIJ^2)^1/2 + DJ) / 2 + PE
    Total System Jitter     (TSJ):    0.071ns
    Total Input Jitter      (TIJ):    0.000ns
    Discrete Jitter          (DJ):    0.000ns
    Phase Error              (PE):    0.000ns

    Location             Delay type                Incr(ns)  Path(ns)    Netlist Resource(s)
  -------------------------------------------------------------------    -------------------
                         (clock clk_i rise edge)      0.000     0.000 r  
                                                      0.000     0.000 r  clk_i (IN)
                         net (fo=2042, unset)         1.795     1.795    u_tcm/u_ram/clk_i
    RAMB36_X1Y0          RAMB36E1                                     r  u_tcm/u_ram/ram_reg_2_3/CLKARDCLK
  -------------------------------------------------------------------    -------------------
    RAMB36_X1Y0          RAMB36E1 (Prop_ramb36e1_CLKARDCLK_DOADO[1])
                                                      2.454     4.249 r  u_tcm/u_ram/ram_reg_2_3/DOADO[1]
                         net (fo=7, routed)           0.844     5.094    u_core/u_lsu/u_lsu_request/ram_read1_q[12]
    SLICE_X17Y3          LUT6 (Prop_lut6_I5_O)        0.124     5.218 r  u_core/u_lsu/u_lsu_request/result_wb_q[31]_i_11/O
                         net (fo=1, routed)           1.001     6.219    u_core/u_lsu/u_lsu_request/result_wb_q[31]_i_11_n_0
    SLICE_X15Y16         LUT6 (Prop_lut6_I4_O)        0.124     6.343 r  u_core/u_lsu/u_lsu_request/result_wb_q[31]_i_3/O
                         net (fo=35, routed)          0.956     7.298    u_core/u_lsu/u_lsu_request/result_wb_q[31]_i_3_n_0
    SLICE_X15Y12         LUT6 (Prop_lut6_I2_O)        0.124     7.422 r  u_core/u_lsu/u_lsu_request/result_wb_q[11]_i_1/O
                         net (fo=3, routed)           0.688     8.110    u_core/u_issue/u_pipe_ctrl/result_wb_q_reg[31]_1[6]
    SLICE_X15Y12         LUT6 (Prop_lut6_I2_O)        0.124     8.234 r  u_core/u_issue/u_pipe_ctrl/mem_data_wr_q[27]_i_2/O
                         net (fo=14, routed)          0.554     8.789    u_core/u_issue/u_pipe_ctrl/DI[3]
    SLICE_X16Y11         LUT2 (Prop_lut2_I1_O)        0.124     8.913 r  u_core/u_issue/u_pipe_ctrl/buffer_q[66]_i_136/O
                         net (fo=1, routed)           0.000     8.913    u_core/u_issue/u_pipe_ctrl/buffer_q[66]_i_136_n_0
    SLICE_X16Y11         CARRY4 (Prop_carry4_S[3]_CO[3])
                                                      0.376     9.289 r  u_core/u_issue/u_pipe_ctrl/buffer_q_reg[66]_i_125/CO[3]
                         net (fo=1, routed)           0.000     9.289    u_core/u_issue/u_pipe_ctrl/buffer_q_reg[66]_i_125_n_0
    SLICE_X16Y12         CARRY4 (Prop_carry4_CI_CO[3])
                                                      0.117     9.406 r  u_core/u_issue/u_pipe_ctrl/buffer_q_reg[66]_i_115/CO[3]
                         net (fo=1, routed)           0.000     9.406    u_core/u_issue/u_pipe_ctrl/buffer_q_reg[66]_i_115_n_0
    SLICE_X16Y13         CARRY4 (Prop_carry4_CI_CO[3])
                                                      0.117     9.523 r  u_core/u_issue/u_pipe_ctrl/buffer_q_reg[66]_i_97/CO[3]
                         net (fo=1, routed)           0.000     9.523    u_core/u_issue/u_pipe_ctrl/buffer_q_reg[66]_i_97_n_0
    SLICE_X16Y14         CARRY4 (Prop_carry4_CI_CO[3])
                                                      0.117     9.640 r  u_core/u_issue/u_pipe_ctrl/buffer_q_reg[66]_i_74/CO[3]
                         net (fo=1, routed)           0.000     9.640    u_core/u_issue/u_pipe_ctrl/buffer_q_reg[66]_i_74_n_0
    SLICE_X16Y15         CARRY4 (Prop_carry4_CI_CO[3])
                                                      0.117     9.757 r  u_core/u_issue/u_pipe_ctrl/buffer_q_reg[66]_i_46/CO[3]
                         net (fo=1, routed)           0.000     9.757    u_core/u_issue/u_pipe_ctrl/buffer_q_reg[66]_i_46_n_0
    SLICE_X16Y16         CARRY4 (Prop_carry4_CI_O[3])
                                                      0.315    10.072 r  u_core/u_issue/u_pipe_ctrl/buffer_q_reg[66]_i_22/O[3]
                         net (fo=1, routed)           0.437    10.508    u_core/u_issue/u_pipe_ctrl/u_exec/less_than_signed01_out[31]
    SLICE_X17Y19         LUT3 (Prop_lut3_I2_O)        0.307    10.815 r  u_core/u_issue/u_pipe_ctrl/buffer_q[66]_i_14/O
                         net (fo=1, routed)           0.394    11.210    u_core/u_decode/buffer_q[66]_i_4_0
    SLICE_X19Y19         LUT6 (Prop_lut6_I3_O)        0.124    11.334 r  u_core/u_decode/buffer_q[66]_i_9_comp/O
                         net (fo=3, routed)           0.876    12.210    u_core/u_fetch/buffer_q[66]_i_9_n_0_alias
    SLICE_X24Y19         LUT6 (Prop_lut6_I2_O)        0.124    12.334 r  u_core/u_fetch/branch_pc_q[31]_i_1_comp/O
                         net (fo=31, routed)          0.894    13.229    u_core/u_fetch/branch_pc_q[31]_i_1_n_0
    SLICE_X18Y24         FDCE                                         r  u_core/u_fetch/branch_pc_q_reg[14]/CE
  -------------------------------------------------------------------    -------------------

                         (clock clk_i rise edge)     10.000    10.000 r  
                                                      0.000    10.000 r  clk_i (IN)
                         net (fo=2042, unset)         1.563    11.563    u_core/u_fetch/clk_i
    SLICE_X18Y24         FDCE                                         r  u_core/u_fetch/branch_pc_q_reg[14]/C
                         clock pessimism              0.115    11.678    
                         clock uncertainty           -0.035    11.643    
    SLICE_X18Y24         FDCE (Setup_fdce_C_CE)      -0.169    11.474    u_core/u_fetch/branch_pc_q_reg[14]
  -------------------------------------------------------------------
                         required time                         11.474    
                         arrival time                         -13.229    
  -------------------------------------------------------------------
                         slack                                 -1.755    

Slack (VIOLATED) :        -1.752ns  (required time - arrival time)
  Source:                 u_tcm/u_ram/ram_reg_2_3/CLKARDCLK
                            (rising edge-triggered cell RAMB36E1 clocked by clk_i  {rise@0.000ns fall@5.000ns period=10.000ns})
  Destination:            u_core/u_decode/buffer_q_reg[33]/D
                            (rising edge-triggered cell FDCE clocked by clk_i  {rise@0.000ns fall@5.000ns period=10.000ns})
  Path Group:             clk_i
  Path Type:              Setup (Max at Slow Process Corner)
  Requirement:            10.000ns  (clk_i rise@10.000ns - clk_i rise@0.000ns)
  Data Path Delay:        11.544ns  (logic 4.912ns (42.549%)  route 6.632ns (57.451%))
  Logic Levels:           15  (CARRY4=6 LUT2=1 LUT3=1 LUT5=1 LUT6=6)
  Clock Path Skew:        -0.114ns (DCD - SCD + CPR)
    Destination Clock Delay (DCD):    1.566ns = ( 11.566 - 10.000 ) 
    Source Clock Delay      (SCD):    1.795ns
    Clock Pessimism Removal (CPR):    0.115ns
  Clock Uncertainty:      0.035ns  ((TSJ^2 + TIJ^2)^1/2 + DJ) / 2 + PE
    Total System Jitter     (TSJ):    0.071ns
    Total Input Jitter      (TIJ):    0.000ns
    Discrete Jitter          (DJ):    0.000ns
    Phase Error              (PE):    0.000ns

    Location             Delay type                Incr(ns)  Path(ns)    Netlist Resource(s)
  -------------------------------------------------------------------    -------------------
                         (clock clk_i rise edge)      0.000     0.000 r  
                                                      0.000     0.000 r  clk_i (IN)
                         net (fo=2042, unset)         1.795     1.795    u_tcm/u_ram/clk_i
    RAMB36_X1Y0          RAMB36E1                                     r  u_tcm/u_ram/ram_reg_2_3/CLKARDCLK
  -------------------------------------------------------------------    -------------------
    RAMB36_X1Y0          RAMB36E1 (Prop_ramb36e1_CLKARDCLK_DOADO[1])
                                                      2.454     4.249 r  u_tcm/u_ram/ram_reg_2_3/DOADO[1]
                         net (fo=7, routed)           0.844     5.094    u_core/u_lsu/u_lsu_request/ram_read1_q[12]
    SLICE_X17Y3          LUT6 (Prop_lut6_I5_O)        0.124     5.218 r  u_core/u_lsu/u_lsu_request/result_wb_q[31]_i_11/O
                         net (fo=1, routed)           1.001     6.219    u_core/u_lsu/u_lsu_request/result_wb_q[31]_i_11_n_0
    SLICE_X15Y16         LUT6 (Prop_lut6_I4_O)        0.124     6.343 r  u_core/u_lsu/u_lsu_request/result_wb_q[31]_i_3/O
                         net (fo=35, routed)          0.956     7.298    u_core/u_lsu/u_lsu_request/result_wb_q[31]_i_3_n_0
    SLICE_X15Y12         LUT6 (Prop_lut6_I2_O)        0.124     7.422 r  u_core/u_lsu/u_lsu_request/result_wb_q[11]_i_1/O
                         net (fo=3, routed)           0.688     8.110    u_core/u_issue/u_pipe_ctrl/result_wb_q_reg[31]_1[6]
    SLICE_X15Y12         LUT6 (Prop_lut6_I2_O)        0.124     8.234 r  u_core/u_issue/u_pipe_ctrl/mem_data_wr_q[27]_i_2/O
                         net (fo=14, routed)          0.554     8.789    u_core/u_issue/u_pipe_ctrl/DI[3]
    SLICE_X16Y11         LUT2 (Prop_lut2_I1_O)        0.124     8.913 r  u_core/u_issue/u_pipe_ctrl/buffer_q[66]_i_136/O
                         net (fo=1, routed)           0.000     8.913    u_core/u_issue/u_pipe_ctrl/buffer_q[66]_i_136_n_0
    SLICE_X16Y11         CARRY4 (Prop_carry4_S[3]_CO[3])
                                                      0.376     9.289 r  u_core/u_issue/u_pipe_ctrl/buffer_q_reg[66]_i_125/CO[3]
                         net (fo=1, routed)           0.000     9.289    u_core/u_issue/u_pipe_ctrl/buffer_q_reg[66]_i_125_n_0
    SLICE_X16Y12         CARRY4 (Prop_carry4_CI_CO[3])
                                                      0.117     9.406 r  u_core/u_issue/u_pipe_ctrl/buffer_q_reg[66]_i_115/CO[3]
                         net (fo=1, routed)           0.000     9.406    u_core/u_issue/u_pipe_ctrl/buffer_q_reg[66]_i_115_n_0
    SLICE_X16Y13         CARRY4 (Prop_carry4_CI_CO[3])
                                                      0.117     9.523 r  u_core/u_issue/u_pipe_ctrl/buffer_q_reg[66]_i_97/CO[3]
                         net (fo=1, routed)           0.000     9.523    u_core/u_issue/u_pipe_ctrl/buffer_q_reg[66]_i_97_n_0
    SLICE_X16Y14         CARRY4 (Prop_carry4_CI_CO[3])
                                                      0.117     9.640 r  u_core/u_issue/u_pipe_ctrl/buffer_q_reg[66]_i_74/CO[3]
                         net (fo=1, routed)           0.000     9.640    u_core/u_issue/u_pipe_ctrl/buffer_q_reg[66]_i_74_n_0
    SLICE_X16Y15         CARRY4 (Prop_carry4_CI_CO[3])
                                                      0.117     9.757 r  u_core/u_issue/u_pipe_ctrl/buffer_q_reg[66]_i_46/CO[3]
                         net (fo=1, routed)           0.000     9.757    u_core/u_issue/u_pipe_ctrl/buffer_q_reg[66]_i_46_n_0
    SLICE_X16Y16         CARRY4 (Prop_carry4_CI_O[3])
                                                      0.315    10.072 f  u_core/u_issue/u_pipe_ctrl/buffer_q_reg[66]_i_22/O[3]
                         net (fo=1, routed)           0.437    10.508    u_core/u_issue/u_pipe_ctrl/u_exec/less_than_signed01_out[31]
    SLICE_X17Y19         LUT3 (Prop_lut3_I2_O)        0.307    10.815 f  u_core/u_issue/u_pipe_ctrl/buffer_q[66]_i_14/O
                         net (fo=1, routed)           0.394    11.210    u_core/u_decode/buffer_q[66]_i_4_0
    SLICE_X19Y19         LUT6 (Prop_lut6_I3_O)        0.124    11.334 f  u_core/u_decode/buffer_q[66]_i_9_comp/O
                         net (fo=3, routed)           0.602    11.936    u_core/u_decode/buffer_q[66]_i_9_n_0
    SLICE_X24Y19         LUT6 (Prop_lut6_I5_O)        0.124    12.060 f  u_core/u_decode/buffer_q[66]_i_4/O
                         net (fo=95, routed)          0.666    12.726    u_core/u_fetch/branch_d_exec_request_w
    SLICE_X26Y17         LUT5 (Prop_lut5_I3_O)        0.124    12.850 r  u_core/u_fetch/buffer_q[33]_i_1/O
                         net (fo=1, routed)           0.490    13.340    u_core/u_decode/buffer_q_reg[66]_0[31]
    SLICE_X27Y15         FDCE                                         r  u_core/u_decode/buffer_q_reg[33]/D
  -------------------------------------------------------------------    -------------------

                         (clock clk_i rise edge)     10.000    10.000 r  
                                                      0.000    10.000 r  clk_i (IN)
                         net (fo=2042, unset)         1.566    11.566    u_core/u_decode/clk_i
    SLICE_X27Y15         FDCE                                         r  u_core/u_decode/buffer_q_reg[33]/C
                         clock pessimism              0.115    11.681    
                         clock uncertainty           -0.035    11.646    
    SLICE_X27Y15         FDCE (Setup_fdce_C_D)       -0.058    11.588    u_core/u_decode/buffer_q_reg[33]
  -------------------------------------------------------------------
                         required time                         11.588    
                         arrival time                         -13.340    
  -------------------------------------------------------------------
                         slack                                 -1.752    

Slack (VIOLATED) :        -1.738ns  (required time - arrival time)
  Source:                 u_tcm/u_ram/ram_reg_2_3/CLKARDCLK
                            (rising edge-triggered cell RAMB36E1 clocked by clk_i  {rise@0.000ns fall@5.000ns period=10.000ns})
  Destination:            u_core/u_fetch/branch_pc_q_reg[15]/CE
                            (rising edge-triggered cell FDCE clocked by clk_i  {rise@0.000ns fall@5.000ns period=10.000ns})
  Path Group:             clk_i
  Path Type:              Setup (Max at Slow Process Corner)
  Requirement:            10.000ns  (clk_i rise@10.000ns - clk_i rise@0.000ns)
  Data Path Delay:        11.386ns  (logic 4.788ns (42.052%)  route 6.598ns (57.948%))
  Logic Levels:           14  (CARRY4=6 LUT2=1 LUT3=1 LUT6=6)
  Clock Path Skew:        -0.111ns (DCD - SCD + CPR)
    Destination Clock Delay (DCD):    1.569ns = ( 11.569 - 10.000 ) 
    Source Clock Delay      (SCD):    1.795ns
    Clock Pessimism Removal (CPR):    0.115ns
  Clock Uncertainty:      0.035ns  ((TSJ^2 + TIJ^2)^1/2 + DJ) / 2 + PE
    Total System Jitter     (TSJ):    0.071ns
    Total Input Jitter      (TIJ):    0.000ns
    Discrete Jitter          (DJ):    0.000ns
    Phase Error              (PE):    0.000ns

    Location             Delay type                Incr(ns)  Path(ns)    Netlist Resource(s)
  -------------------------------------------------------------------    -------------------
                         (clock clk_i rise edge)      0.000     0.000 r  
                                                      0.000     0.000 r  clk_i (IN)
                         net (fo=2042, unset)         1.795     1.795    u_tcm/u_ram/clk_i
    RAMB36_X1Y0          RAMB36E1                                     r  u_tcm/u_ram/ram_reg_2_3/CLKARDCLK
  -------------------------------------------------------------------    -------------------
    RAMB36_X1Y0          RAMB36E1 (Prop_ramb36e1_CLKARDCLK_DOADO[1])
                                                      2.454     4.249 r  u_tcm/u_ram/ram_reg_2_3/DOADO[1]
                         net (fo=7, routed)           0.844     5.094    u_core/u_lsu/u_lsu_request/ram_read1_q[12]
    SLICE_X17Y3          LUT6 (Prop_lut6_I5_O)        0.124     5.218 r  u_core/u_lsu/u_lsu_request/result_wb_q[31]_i_11/O
                         net (fo=1, routed)           1.001     6.219    u_core/u_lsu/u_lsu_request/result_wb_q[31]_i_11_n_0
    SLICE_X15Y16         LUT6 (Prop_lut6_I4_O)        0.124     6.343 r  u_core/u_lsu/u_lsu_request/result_wb_q[31]_i_3/O
                         net (fo=35, routed)          0.956     7.298    u_core/u_lsu/u_lsu_request/result_wb_q[31]_i_3_n_0
    SLICE_X15Y12         LUT6 (Prop_lut6_I2_O)        0.124     7.422 r  u_core/u_lsu/u_lsu_request/result_wb_q[11]_i_1/O
                         net (fo=3, routed)           0.688     8.110    u_core/u_issue/u_pipe_ctrl/result_wb_q_reg[31]_1[6]
    SLICE_X15Y12         LUT6 (Prop_lut6_I2_O)        0.124     8.234 r  u_core/u_issue/u_pipe_ctrl/mem_data_wr_q[27]_i_2/O
                         net (fo=14, routed)          0.554     8.789    u_core/u_issue/u_pipe_ctrl/DI[3]
    SLICE_X16Y11         LUT2 (Prop_lut2_I1_O)        0.124     8.913 r  u_core/u_issue/u_pipe_ctrl/buffer_q[66]_i_136/O
                         net (fo=1, routed)           0.000     8.913    u_core/u_issue/u_pipe_ctrl/buffer_q[66]_i_136_n_0
    SLICE_X16Y11         CARRY4 (Prop_carry4_S[3]_CO[3])
                                                      0.376     9.289 r  u_core/u_issue/u_pipe_ctrl/buffer_q_reg[66]_i_125/CO[3]
                         net (fo=1, routed)           0.000     9.289    u_core/u_issue/u_pipe_ctrl/buffer_q_reg[66]_i_125_n_0
    SLICE_X16Y12         CARRY4 (Prop_carry4_CI_CO[3])
                                                      0.117     9.406 r  u_core/u_issue/u_pipe_ctrl/buffer_q_reg[66]_i_115/CO[3]
                         net (fo=1, routed)           0.000     9.406    u_core/u_issue/u_pipe_ctrl/buffer_q_reg[66]_i_115_n_0
    SLICE_X16Y13         CARRY4 (Prop_carry4_CI_CO[3])
                                                      0.117     9.523 r  u_core/u_issue/u_pipe_ctrl/buffer_q_reg[66]_i_97/CO[3]
                         net (fo=1, routed)           0.000     9.523    u_core/u_issue/u_pipe_ctrl/buffer_q_reg[66]_i_97_n_0
    SLICE_X16Y14         CARRY4 (Prop_carry4_CI_CO[3])
                                                      0.117     9.640 r  u_core/u_issue/u_pipe_ctrl/buffer_q_reg[66]_i_74/CO[3]
                         net (fo=1, routed)           0.000     9.640    u_core/u_issue/u_pipe_ctrl/buffer_q_reg[66]_i_74_n_0
    SLICE_X16Y15         CARRY4 (Prop_carry4_CI_CO[3])
                                                      0.117     9.757 r  u_core/u_issue/u_pipe_ctrl/buffer_q_reg[66]_i_46/CO[3]
                         net (fo=1, routed)           0.000     9.757    u_core/u_issue/u_pipe_ctrl/buffer_q_reg[66]_i_46_n_0
    SLICE_X16Y16         CARRY4 (Prop_carry4_CI_O[3])
                                                      0.315    10.072 r  u_core/u_issue/u_pipe_ctrl/buffer_q_reg[66]_i_22/O[3]
                         net (fo=1, routed)           0.437    10.508    u_core/u_issue/u_pipe_ctrl/u_exec/less_than_signed01_out[31]
    SLICE_X17Y19         LUT3 (Prop_lut3_I2_O)        0.307    10.815 r  u_core/u_issue/u_pipe_ctrl/buffer_q[66]_i_14/O
                         net (fo=1, routed)           0.394    11.210    u_core/u_decode/buffer_q[66]_i_4_0
    SLICE_X19Y19         LUT6 (Prop_lut6_I3_O)        0.124    11.334 r  u_core/u_decode/buffer_q[66]_i_9_comp/O
                         net (fo=3, routed)           0.876    12.210    u_core/u_fetch/buffer_q[66]_i_9_n_0_alias
    SLICE_X24Y19         LUT6 (Prop_lut6_I2_O)        0.124    12.334 r  u_core/u_fetch/branch_pc_q[31]_i_1_comp/O
                         net (fo=31, routed)          0.847    13.181    u_core/u_fetch/branch_pc_q[31]_i_1_n_0
    SLICE_X19Y20         FDCE                                         r  u_core/u_fetch/branch_pc_q_reg[15]/CE
  -------------------------------------------------------------------    -------------------

                         (clock clk_i rise edge)     10.000    10.000 r  
                                                      0.000    10.000 r  clk_i (IN)
                         net (fo=2042, unset)         1.569    11.569    u_core/u_fetch/clk_i
    SLICE_X19Y20         FDCE                                         r  u_core/u_fetch/branch_pc_q_reg[15]/C
                         clock pessimism              0.115    11.684    
                         clock uncertainty           -0.035    11.649    
    SLICE_X19Y20         FDCE (Setup_fdce_C_CE)      -0.205    11.444    u_core/u_fetch/branch_pc_q_reg[15]
  -------------------------------------------------------------------
                         required time                         11.444    
                         arrival time                         -13.181    
  -------------------------------------------------------------------
                         slack                                 -1.738    

Slack (VIOLATED) :        -1.738ns  (required time - arrival time)
  Source:                 u_tcm/u_ram/ram_reg_2_3/CLKARDCLK
                            (rising edge-triggered cell RAMB36E1 clocked by clk_i  {rise@0.000ns fall@5.000ns period=10.000ns})
  Destination:            u_core/u_fetch/branch_q_reg/CE
                            (rising edge-triggered cell FDCE clocked by clk_i  {rise@0.000ns fall@5.000ns period=10.000ns})
  Path Group:             clk_i
  Path Type:              Setup (Max at Slow Process Corner)
  Requirement:            10.000ns  (clk_i rise@10.000ns - clk_i rise@0.000ns)
  Data Path Delay:        11.386ns  (logic 4.788ns (42.052%)  route 6.598ns (57.948%))
  Logic Levels:           14  (CARRY4=6 LUT2=1 LUT3=1 LUT6=6)
  Clock Path Skew:        -0.111ns (DCD - SCD + CPR)
    Destination Clock Delay (DCD):    1.569ns = ( 11.569 - 10.000 ) 
    Source Clock Delay      (SCD):    1.795ns
    Clock Pessimism Removal (CPR):    0.115ns
  Clock Uncertainty:      0.035ns  ((TSJ^2 + TIJ^2)^1/2 + DJ) / 2 + PE
    Total System Jitter     (TSJ):    0.071ns
    Total Input Jitter      (TIJ):    0.000ns
    Discrete Jitter          (DJ):    0.000ns
    Phase Error              (PE):    0.000ns

    Location             Delay type                Incr(ns)  Path(ns)    Netlist Resource(s)
  -------------------------------------------------------------------    -------------------
                         (clock clk_i rise edge)      0.000     0.000 r  
                                                      0.000     0.000 r  clk_i (IN)
                         net (fo=2042, unset)         1.795     1.795    u_tcm/u_ram/clk_i
    RAMB36_X1Y0          RAMB36E1                                     r  u_tcm/u_ram/ram_reg_2_3/CLKARDCLK
  -------------------------------------------------------------------    -------------------
    RAMB36_X1Y0          RAMB36E1 (Prop_ramb36e1_CLKARDCLK_DOADO[1])
                                                      2.454     4.249 r  u_tcm/u_ram/ram_reg_2_3/DOADO[1]
                         net (fo=7, routed)           0.844     5.094    u_core/u_lsu/u_lsu_request/ram_read1_q[12]
    SLICE_X17Y3          LUT6 (Prop_lut6_I5_O)        0.124     5.218 r  u_core/u_lsu/u_lsu_request/result_wb_q[31]_i_11/O
                         net (fo=1, routed)           1.001     6.219    u_core/u_lsu/u_lsu_request/result_wb_q[31]_i_11_n_0
    SLICE_X15Y16         LUT6 (Prop_lut6_I4_O)        0.124     6.343 r  u_core/u_lsu/u_lsu_request/result_wb_q[31]_i_3/O
                         net (fo=35, routed)          0.956     7.298    u_core/u_lsu/u_lsu_request/result_wb_q[31]_i_3_n_0
    SLICE_X15Y12         LUT6 (Prop_lut6_I2_O)        0.124     7.422 r  u_core/u_lsu/u_lsu_request/result_wb_q[11]_i_1/O
                         net (fo=3, routed)           0.688     8.110    u_core/u_issue/u_pipe_ctrl/result_wb_q_reg[31]_1[6]
    SLICE_X15Y12         LUT6 (Prop_lut6_I2_O)        0.124     8.234 r  u_core/u_issue/u_pipe_ctrl/mem_data_wr_q[27]_i_2/O
                         net (fo=14, routed)          0.554     8.789    u_core/u_issue/u_pipe_ctrl/DI[3]
    SLICE_X16Y11         LUT2 (Prop_lut2_I1_O)        0.124     8.913 r  u_core/u_issue/u_pipe_ctrl/buffer_q[66]_i_136/O
                         net (fo=1, routed)           0.000     8.913    u_core/u_issue/u_pipe_ctrl/buffer_q[66]_i_136_n_0
    SLICE_X16Y11         CARRY4 (Prop_carry4_S[3]_CO[3])
                                                      0.376     9.289 r  u_core/u_issue/u_pipe_ctrl/buffer_q_reg[66]_i_125/CO[3]
                         net (fo=1, routed)           0.000     9.289    u_core/u_issue/u_pipe_ctrl/buffer_q_reg[66]_i_125_n_0
    SLICE_X16Y12         CARRY4 (Prop_carry4_CI_CO[3])
                                                      0.117     9.406 r  u_core/u_issue/u_pipe_ctrl/buffer_q_reg[66]_i_115/CO[3]
                         net (fo=1, routed)           0.000     9.406    u_core/u_issue/u_pipe_ctrl/buffer_q_reg[66]_i_115_n_0
    SLICE_X16Y13         CARRY4 (Prop_carry4_CI_CO[3])
                                                      0.117     9.523 r  u_core/u_issue/u_pipe_ctrl/buffer_q_reg[66]_i_97/CO[3]
                         net (fo=1, routed)           0.000     9.523    u_core/u_issue/u_pipe_ctrl/buffer_q_reg[66]_i_97_n_0
    SLICE_X16Y14         CARRY4 (Prop_carry4_CI_CO[3])
                                                      0.117     9.640 r  u_core/u_issue/u_pipe_ctrl/buffer_q_reg[66]_i_74/CO[3]
                         net (fo=1, routed)           0.000     9.640    u_core/u_issue/u_pipe_ctrl/buffer_q_reg[66]_i_74_n_0
    SLICE_X16Y15         CARRY4 (Prop_carry4_CI_CO[3])
                                                      0.117     9.757 r  u_core/u_issue/u_pipe_ctrl/buffer_q_reg[66]_i_46/CO[3]
                         net (fo=1, routed)           0.000     9.757    u_core/u_issue/u_pipe_ctrl/buffer_q_reg[66]_i_46_n_0
    SLICE_X16Y16         CARRY4 (Prop_carry4_CI_O[3])
                                                      0.315    10.072 r  u_core/u_issue/u_pipe_ctrl/buffer_q_reg[66]_i_22/O[3]
                         net (fo=1, routed)           0.437    10.508    u_core/u_issue/u_pipe_ctrl/u_exec/less_than_signed01_out[31]
    SLICE_X17Y19         LUT3 (Prop_lut3_I2_O)        0.307    10.815 r  u_core/u_issue/u_pipe_ctrl/buffer_q[66]_i_14/O
                         net (fo=1, routed)           0.394    11.210    u_core/u_decode/buffer_q[66]_i_4_0
    SLICE_X19Y19         LUT6 (Prop_lut6_I3_O)        0.124    11.334 r  u_core/u_decode/buffer_q[66]_i_9_comp/O
                         net (fo=3, routed)           0.876    12.210    u_core/u_fetch/buffer_q[66]_i_9_n_0_alias
    SLICE_X24Y19         LUT6 (Prop_lut6_I2_O)        0.124    12.334 r  u_core/u_fetch/branch_pc_q[31]_i_1_comp/O
                         net (fo=31, routed)          0.847    13.181    u_core/u_fetch/branch_pc_q[31]_i_1_n_0
    SLICE_X19Y20         FDCE                                         r  u_core/u_fetch/branch_q_reg/CE
  -------------------------------------------------------------------    -------------------

                         (clock clk_i rise edge)     10.000    10.000 r  
                                                      0.000    10.000 r  clk_i (IN)
                         net (fo=2042, unset)         1.569    11.569    u_core/u_fetch/clk_i
    SLICE_X19Y20         FDCE                                         r  u_core/u_fetch/branch_q_reg/C
                         clock pessimism              0.115    11.684    
                         clock uncertainty           -0.035    11.649    
    SLICE_X19Y20         FDCE (Setup_fdce_C_CE)      -0.205    11.444    u_core/u_fetch/branch_q_reg
  -------------------------------------------------------------------
                         required time                         11.444    
                         arrival time                         -13.181    
  -------------------------------------------------------------------
                         slack                                 -1.738    

Slack (VIOLATED) :        -1.720ns  (required time - arrival time)
  Source:                 u_core/u_decode/buffer_q_reg[45]/C
                            (rising edge-triggered cell FDCE clocked by clk_i  {rise@0.000ns fall@5.000ns period=10.000ns})
  Destination:            u_core/u_lsu/mem_data_wr_q_reg[4]/D
                            (rising edge-triggered cell FDCE clocked by clk_i  {rise@0.000ns fall@5.000ns period=10.000ns})
  Path Group:             clk_i
  Path Type:              Setup (Max at Slow Process Corner)
  Requirement:            10.000ns  (clk_i rise@10.000ns - clk_i rise@0.000ns)
  Data Path Delay:        11.580ns  (logic 3.002ns (25.924%)  route 8.578ns (74.076%))
  Logic Levels:           14  (CARRY4=1 LUT2=3 LUT6=10)
  Clock Path Skew:        -0.134ns (DCD - SCD + CPR)
    Destination Clock Delay (DCD):    1.491ns = ( 11.491 - 10.000 ) 
    Source Clock Delay      (SCD):    1.740ns
    Clock Pessimism Removal (CPR):    0.115ns
  Clock Uncertainty:      0.035ns  ((TSJ^2 + TIJ^2)^1/2 + DJ) / 2 + PE
    Total System Jitter     (TSJ):    0.071ns
    Total Input Jitter      (TIJ):    0.000ns
    Discrete Jitter          (DJ):    0.000ns
    Phase Error              (PE):    0.000ns

    Location             Delay type                Incr(ns)  Path(ns)    Netlist Resource(s)
  -------------------------------------------------------------------    -------------------
                         (clock clk_i rise edge)      0.000     0.000 r  
                                                      0.000     0.000 r  clk_i (IN)
                         net (fo=2042, unset)         1.740     1.740    u_core/u_decode/clk_i
    SLICE_X26Y17         FDCE                                         r  u_core/u_decode/buffer_q_reg[45]/C
  -------------------------------------------------------------------    -------------------
    SLICE_X26Y17         FDCE (Prop_fdce_C_Q)         0.518     2.258 f  u_core/u_decode/buffer_q_reg[45]/Q
                         net (fo=79, routed)          1.094     3.352    u_core/u_decode/fetch_instr_w[13]
    SLICE_X26Y16         LUT2 (Prop_lut2_I1_O)        0.156     3.508 f  u_core/u_decode/ctrl_e1_q[2]_i_5/O
                         net (fo=2, routed)           0.503     4.011    u_core/u_decode/ctrl_e1_q[2]_i_5_n_0
    SLICE_X27Y16         LUT6 (Prop_lut6_I4_O)        0.355     4.366 f  u_core/u_decode/take_interrupt_q_i_15/O
                         net (fo=2, routed)           0.734     5.100    u_core/u_decode/take_interrupt_q_i_15_n_0
    SLICE_X28Y16         LUT6 (Prop_lut6_I1_O)        0.124     5.224 f  u_core/u_decode/rd_result_e1_q[31]_i_141/O
                         net (fo=1, routed)           0.579     5.802    u_core/u_decode/rd_result_e1_q[31]_i_141_n_0
    SLICE_X31Y15         LUT6 (Prop_lut6_I3_O)        0.124     5.926 f  u_core/u_decode/rd_result_e1_q[31]_i_119/O
                         net (fo=48, routed)          0.884     6.810    u_core/u_issue/u_pipe_ctrl/scoreboard_r1
    SLICE_X33Y17         LUT6 (Prop_lut6_I2_O)        0.124     6.934 f  u_core/u_issue/u_pipe_ctrl/rd_result_e1_q[31]_i_107/O
                         net (fo=1, routed)           0.641     7.575    u_core/u_issue/u_pipe_ctrl/rd_result_e1_q[31]_i_107_n_0
    SLICE_X33Y16         LUT6 (Prop_lut6_I1_O)        0.124     7.699 f  u_core/u_issue/u_pipe_ctrl/rd_result_e1_q[31]_i_40/O
                         net (fo=1, routed)           0.780     8.479    u_core/u_issue/u_pipe_ctrl/rd_result_e1_q[31]_i_40_n_0
    SLICE_X32Y14         LUT6 (Prop_lut6_I5_O)        0.124     8.603 f  u_core/u_issue/u_pipe_ctrl/rd_result_e1_q[31]_i_13/O
                         net (fo=2, routed)           0.529     9.131    u_core/u_issue/u_pipe_ctrl/opcode_issue_r40_in
    SLICE_X31Y13         LUT6 (Prop_lut6_I4_O)        0.124     9.255 r  u_core/u_issue/u_pipe_ctrl/rd_result_e1_q[31]_i_3/O
                         net (fo=61, routed)          0.301     9.556    u_core/u_decode/lsu_opcode_valid_w
    SLICE_X31Y13         LUT6 (Prop_lut6_I5_O)        0.124     9.680 r  u_core/u_decode/mem_writeback_q_i_4/O
                         net (fo=35, routed)          0.701    10.381    u_core/u_decode/u_lsu/mem_addr_r115_out
    SLICE_X34Y13         LUT6 (Prop_lut6_I3_O)        0.124    10.505 r  u_core/u_decode/mem_wr_q[3]_i_9_comp/O
                         net (fo=1, routed)           0.000    10.505    u_core/u_decode/mem_wr_q[3]_i_9_n_0
    SLICE_X34Y13         CARRY4 (Prop_carry4_S[0]_O[1])
                                                      0.427    10.932 f  u_core/u_decode/mem_wr_q_reg[3]_i_5/O[1]
                         net (fo=12, routed)          0.599    11.531    u_core/u_lsu/O[1]
    SLICE_X35Y13         LUT2 (Prop_lut2_I1_O)        0.306    11.837 r  u_core/u_lsu/mem_data_wr_q[23]_i_5/O
                         net (fo=2, routed)           0.605    12.442    u_core/u_decode/mem_data_wr_q_reg[7]
    SLICE_X32Y12         LUT6 (Prop_lut6_I1_O)        0.124    12.566 r  u_core/u_decode/mem_data_wr_q[7]_i_2/O
                         net (fo=8, routed)           0.630    13.196    u_core/u_decode/mem_data_wr_q[7]_i_2_n_0
    SLICE_X33Y12         LUT2 (Prop_lut2_I0_O)        0.124    13.320 r  u_core/u_decode/mem_data_wr_q[4]_i_1/O
                         net (fo=1, routed)           0.000    13.320    u_core/u_lsu/mem_data_wr_q_reg[31]_0[4]
    SLICE_X33Y12         FDCE                                         r  u_core/u_lsu/mem_data_wr_q_reg[4]/D
  -------------------------------------------------------------------    -------------------

                         (clock clk_i rise edge)     10.000    10.000 r  
                                                      0.000    10.000 r  clk_i (IN)
                         net (fo=2042, unset)         1.491    11.491    u_core/u_lsu/clk_i
    SLICE_X33Y12         FDCE                                         r  u_core/u_lsu/mem_data_wr_q_reg[4]/C
                         clock pessimism              0.115    11.606    
                         clock uncertainty           -0.035    11.571    
    SLICE_X33Y12         FDCE (Setup_fdce_C_D)        0.029    11.600    u_core/u_lsu/mem_data_wr_q_reg[4]
  -------------------------------------------------------------------
                         required time                         11.600    
                         arrival time                         -13.320    
  -------------------------------------------------------------------
                         slack                                 -1.720    

Slack (VIOLATED) :        -1.700ns  (required time - arrival time)
  Source:                 u_core/u_decode/buffer_q_reg[45]/C
                            (rising edge-triggered cell FDCE clocked by clk_i  {rise@0.000ns fall@5.000ns period=10.000ns})
  Destination:            u_core/u_lsu/mem_data_wr_q_reg[21]/D
                            (rising edge-triggered cell FDCE clocked by clk_i  {rise@0.000ns fall@5.000ns period=10.000ns})
  Path Group:             clk_i
  Path Type:              Setup (Max at Slow Process Corner)
  Requirement:            10.000ns  (clk_i rise@10.000ns - clk_i rise@0.000ns)
  Data Path Delay:        11.562ns  (logic 3.002ns (25.964%)  route 8.560ns (74.036%))
  Logic Levels:           14  (CARRY4=1 LUT2=2 LUT4=1 LUT6=10)
  Clock Path Skew:        -0.132ns (DCD - SCD + CPR)
    Destination Clock Delay (DCD):    1.493ns = ( 11.493 - 10.000 ) 
    Source Clock Delay      (SCD):    1.740ns
    Clock Pessimism Removal (CPR):    0.115ns
  Clock Uncertainty:      0.035ns  ((TSJ^2 + TIJ^2)^1/2 + DJ) / 2 + PE
    Total System Jitter     (TSJ):    0.071ns
    Total Input Jitter      (TIJ):    0.000ns
    Discrete Jitter          (DJ):    0.000ns
    Phase Error              (PE):    0.000ns

    Location             Delay type                Incr(ns)  Path(ns)    Netlist Resource(s)
  -------------------------------------------------------------------    -------------------
                         (clock clk_i rise edge)      0.000     0.000 r  
                                                      0.000     0.000 r  clk_i (IN)
                         net (fo=2042, unset)         1.740     1.740    u_core/u_decode/clk_i
    SLICE_X26Y17         FDCE                                         r  u_core/u_decode/buffer_q_reg[45]/C
  -------------------------------------------------------------------    -------------------
    SLICE_X26Y17         FDCE (Prop_fdce_C_Q)         0.518     2.258 f  u_core/u_decode/buffer_q_reg[45]/Q
                         net (fo=79, routed)          1.094     3.352    u_core/u_decode/fetch_instr_w[13]
    SLICE_X26Y16         LUT2 (Prop_lut2_I1_O)        0.156     3.508 f  u_core/u_decode/ctrl_e1_q[2]_i_5/O
                         net (fo=2, routed)           0.503     4.011    u_core/u_decode/ctrl_e1_q[2]_i_5_n_0
    SLICE_X27Y16         LUT6 (Prop_lut6_I4_O)        0.355     4.366 f  u_core/u_decode/take_interrupt_q_i_15/O
                         net (fo=2, routed)           0.734     5.100    u_core/u_decode/take_interrupt_q_i_15_n_0
    SLICE_X28Y16         LUT6 (Prop_lut6_I1_O)        0.124     5.224 f  u_core/u_decode/rd_result_e1_q[31]_i_141/O
                         net (fo=1, routed)           0.579     5.802    u_core/u_decode/rd_result_e1_q[31]_i_141_n_0
    SLICE_X31Y15         LUT6 (Prop_lut6_I3_O)        0.124     5.926 f  u_core/u_decode/rd_result_e1_q[31]_i_119/O
                         net (fo=48, routed)          0.884     6.810    u_core/u_issue/u_pipe_ctrl/scoreboard_r1
    SLICE_X33Y17         LUT6 (Prop_lut6_I2_O)        0.124     6.934 f  u_core/u_issue/u_pipe_ctrl/rd_result_e1_q[31]_i_107/O
                         net (fo=1, routed)           0.641     7.575    u_core/u_issue/u_pipe_ctrl/rd_result_e1_q[31]_i_107_n_0
    SLICE_X33Y16         LUT6 (Prop_lut6_I1_O)        0.124     7.699 f  u_core/u_issue/u_pipe_ctrl/rd_result_e1_q[31]_i_40/O
                         net (fo=1, routed)           0.780     8.479    u_core/u_issue/u_pipe_ctrl/rd_result_e1_q[31]_i_40_n_0
    SLICE_X32Y14         LUT6 (Prop_lut6_I5_O)        0.124     8.603 f  u_core/u_issue/u_pipe_ctrl/rd_result_e1_q[31]_i_13/O
                         net (fo=2, routed)           0.529     9.131    u_core/u_issue/u_pipe_ctrl/opcode_issue_r40_in
    SLICE_X31Y13         LUT6 (Prop_lut6_I4_O)        0.124     9.255 r  u_core/u_issue/u_pipe_ctrl/rd_result_e1_q[31]_i_3/O
                         net (fo=61, routed)          0.301     9.556    u_core/u_decode/lsu_opcode_valid_w
    SLICE_X31Y13         LUT6 (Prop_lut6_I5_O)        0.124     9.680 r  u_core/u_decode/mem_writeback_q_i_4/O
                         net (fo=35, routed)          0.701    10.381    u_core/u_decode/u_lsu/mem_addr_r115_out
    SLICE_X34Y13         LUT6 (Prop_lut6_I3_O)        0.124    10.505 r  u_core/u_decode/mem_wr_q[3]_i_9_comp/O
                         net (fo=1, routed)           0.000    10.505    u_core/u_decode/mem_wr_q[3]_i_9_n_0
    SLICE_X34Y13         CARRY4 (Prop_carry4_S[0]_O[1])
                                                      0.427    10.932 r  u_core/u_decode/mem_wr_q_reg[3]_i_5/O[1]
                         net (fo=12, routed)          0.599    11.531    u_core/u_lsu/O[1]
    SLICE_X35Y13         LUT2 (Prop_lut2_I1_O)        0.306    11.837 f  u_core/u_lsu/mem_data_wr_q[23]_i_5/O
                         net (fo=2, routed)           0.771    12.608    u_core/u_decode/mem_data_wr_q_reg[7]
    SLICE_X33Y9          LUT6 (Prop_lut6_I0_O)        0.124    12.732 r  u_core/u_decode/mem_data_wr_q[23]_i_3/O
                         net (fo=8, routed)           0.446    13.178    u_core/u_issue/u_pipe_ctrl/mem_data_wr_q_reg[23]_0
    SLICE_X33Y9          LUT4 (Prop_lut4_I3_O)        0.124    13.302 r  u_core/u_issue/u_pipe_ctrl/mem_data_wr_q[21]_i_1/O
                         net (fo=1, routed)           0.000    13.302    u_core/u_lsu/mem_data_wr_q_reg[31]_0[21]
    SLICE_X33Y9          FDCE                                         r  u_core/u_lsu/mem_data_wr_q_reg[21]/D
  -------------------------------------------------------------------    -------------------

                         (clock clk_i rise edge)     10.000    10.000 r  
                                                      0.000    10.000 r  clk_i (IN)
                         net (fo=2042, unset)         1.493    11.493    u_core/u_lsu/clk_i
    SLICE_X33Y9          FDCE                                         r  u_core/u_lsu/mem_data_wr_q_reg[21]/C
                         clock pessimism              0.115    11.608    
                         clock uncertainty           -0.035    11.573    
    SLICE_X33Y9          FDCE (Setup_fdce_C_D)        0.029    11.602    u_core/u_lsu/mem_data_wr_q_reg[21]
  -------------------------------------------------------------------
                         required time                         11.602    
                         arrival time                         -13.302    
  -------------------------------------------------------------------
                         slack                                 -1.700    





Min Delay Paths
--------------------------------------------------------------------------------------
Slack (MET) :             0.114ns  (arrival time - required time)
  Source:                 u_core/u_issue/u_pipe_ctrl/result_wb_q_reg[7]/C
                            (rising edge-triggered cell FDCE clocked by clk_i  {rise@0.000ns fall@5.000ns period=10.000ns})
  Destination:            u_core/u_issue/u_regfile/REGFILE_XILINX_SINGLE.u_reg/reg_loop2[7].reg_bit2b/DP/I
                            (rising edge-triggered cell RAMD32 clocked by clk_i  {rise@0.000ns fall@5.000ns period=10.000ns})
  Path Group:             clk_i
  Path Type:              Hold (Min at Fast Process Corner)
  Requirement:            0.000ns  (clk_i rise@0.000ns - clk_i rise@0.000ns)
  Data Path Delay:        0.250ns  (logic 0.141ns (56.317%)  route 0.109ns (43.683%))
  Logic Levels:           0  
  Clock Path Skew:        0.016ns (DCD - SCD - CPR)
    Destination Clock Delay (DCD):    0.863ns
    Source Clock Delay      (SCD):    0.593ns
    Clock Pessimism Removal (CPR):    0.254ns

    Location             Delay type                Incr(ns)  Path(ns)    Netlist Resource(s)
  -------------------------------------------------------------------    -------------------
                         (clock clk_i rise edge)      0.000     0.000 r  
                                                      0.000     0.000 r  clk_i (IN)
                         net (fo=2042, unset)         0.593     0.593    u_core/u_issue/u_pipe_ctrl/clk_i
    SLICE_X19Y8          FDCE                                         r  u_core/u_issue/u_pipe_ctrl/result_wb_q_reg[7]/C
  -------------------------------------------------------------------    -------------------
    SLICE_X19Y8          FDCE (Prop_fdce_C_Q)         0.141     0.734 r  u_core/u_issue/u_pipe_ctrl/result_wb_q_reg[7]/Q
                         net (fo=11, routed)          0.109     0.843    u_core/u_issue/u_regfile/REGFILE_XILINX_SINGLE.u_reg/reg_loop2[7].reg_bit2b/D
    SLICE_X16Y7          RAMD32                                       r  u_core/u_issue/u_regfile/REGFILE_XILINX_SINGLE.u_reg/reg_loop2[7].reg_bit2b/DP/I
  -------------------------------------------------------------------    -------------------

                         (clock clk_i rise edge)      0.000     0.000 r  
                                                      0.000     0.000 r  clk_i (IN)
                         net (fo=2042, unset)         0.863     0.863    u_core/u_issue/u_regfile/REGFILE_XILINX_SINGLE.u_reg/reg_loop2[7].reg_bit2b/WCLK
    SLICE_X16Y7          RAMD32                                       r  u_core/u_issue/u_regfile/REGFILE_XILINX_SINGLE.u_reg/reg_loop2[7].reg_bit2b/DP/CLK
                         clock pessimism             -0.254     0.609    
    SLICE_X16Y7          RAMD32 (Hold_ramd32_CLK_I)
                                                      0.120     0.729    u_core/u_issue/u_regfile/REGFILE_XILINX_SINGLE.u_reg/reg_loop2[7].reg_bit2b/DP
  -------------------------------------------------------------------
                         required time                         -0.729    
                         arrival time                           0.843    
  -------------------------------------------------------------------
                         slack                                  0.114    

Slack (MET) :             0.119ns  (arrival time - required time)
  Source:                 u_core/u_csr/u_csrfile/csr_mtvec_q_reg[12]/C
                            (rising edge-triggered cell FDCE clocked by clk_i  {rise@0.000ns fall@5.000ns period=10.000ns})
  Destination:            u_core/u_csr/branch_target_q_reg[12]/D
                            (rising edge-triggered cell FDCE clocked by clk_i  {rise@0.000ns fall@5.000ns period=10.000ns})
  Path Group:             clk_i
  Path Type:              Hold (Min at Fast Process Corner)
  Requirement:            0.000ns  (clk_i rise@0.000ns - clk_i rise@0.000ns)
  Data Path Delay:        0.253ns  (logic 0.186ns (73.457%)  route 0.067ns (26.543%))
  Logic Levels:           1  (LUT6=1)
  Clock Path Skew:        0.014ns (DCD - SCD - CPR)
    Destination Clock Delay (DCD):    0.818ns
    Source Clock Delay      (SCD):    0.552ns
    Clock Pessimism Removal (CPR):    0.252ns

    Location             Delay type                Incr(ns)  Path(ns)    Netlist Resource(s)
  -------------------------------------------------------------------    -------------------
                         (clock clk_i rise edge)      0.000     0.000 r  
                                                      0.000     0.000 r  clk_i (IN)
                         net (fo=2042, unset)         0.552     0.552    u_core/u_csr/u_csrfile/clk_i
    SLICE_X37Y20         FDCE                                         r  u_core/u_csr/u_csrfile/csr_mtvec_q_reg[12]/C
  -------------------------------------------------------------------    -------------------
    SLICE_X37Y20         FDCE (Prop_fdce_C_Q)         0.141     0.693 r  u_core/u_csr/u_csrfile/csr_mtvec_q_reg[12]/Q
                         net (fo=2, routed)           0.067     0.760    u_core/u_issue/u_pipe_ctrl/branch_target_q_reg[31]_0[10]
    SLICE_X36Y20         LUT6 (Prop_lut6_I3_O)        0.045     0.805 r  u_core/u_issue/u_pipe_ctrl/branch_target_q[12]_i_1/O
                         net (fo=1, routed)           0.000     0.805    u_core/u_csr/branch_target_q_reg[31]_2[10]
    SLICE_X36Y20         FDCE                                         r  u_core/u_csr/branch_target_q_reg[12]/D
  -------------------------------------------------------------------    -------------------

                         (clock clk_i rise edge)      0.000     0.000 r  
                                                      0.000     0.000 r  clk_i (IN)
                         net (fo=2042, unset)         0.818     0.818    u_core/u_csr/clk_i
    SLICE_X36Y20         FDCE                                         r  u_core/u_csr/branch_target_q_reg[12]/C
                         clock pessimism             -0.252     0.566    
    SLICE_X36Y20         FDCE (Hold_fdce_C_D)         0.120     0.686    u_core/u_csr/branch_target_q_reg[12]
  -------------------------------------------------------------------
                         required time                         -0.686    
                         arrival time                           0.805    
  -------------------------------------------------------------------
                         slack                                  0.119    

Slack (MET) :             0.135ns  (arrival time - required time)
  Source:                 u_core/u_issue/u_pipe_ctrl/pc_e1_q_reg[7]/C
                            (rising edge-triggered cell FDCE clocked by clk_i  {rise@0.000ns fall@5.000ns period=10.000ns})
  Destination:            u_core/u_issue/u_pipe_ctrl/pc_e2_q_reg[7]/D
                            (rising edge-triggered cell FDCE clocked by clk_i  {rise@0.000ns fall@5.000ns period=10.000ns})
  Path Group:             clk_i
  Path Type:              Hold (Min at Fast Process Corner)
  Requirement:            0.000ns  (clk_i rise@0.000ns - clk_i rise@0.000ns)
  Data Path Delay:        0.280ns  (logic 0.189ns (67.475%)  route 0.091ns (32.525%))
  Logic Levels:           1  (LUT2=1)
  Clock Path Skew:        0.014ns (DCD - SCD - CPR)
    Destination Clock Delay (DCD):    0.824ns
    Source Clock Delay      (SCD):    0.558ns
    Clock Pessimism Removal (CPR):    0.252ns

    Location             Delay type                Incr(ns)  Path(ns)    Netlist Resource(s)
  -------------------------------------------------------------------    -------------------
                         (clock clk_i rise edge)      0.000     0.000 r  
                                                      0.000     0.000 r  clk_i (IN)
                         net (fo=2042, unset)         0.558     0.558    u_core/u_issue/u_pipe_ctrl/clk_i
    SLICE_X37Y12         FDCE                                         r  u_core/u_issue/u_pipe_ctrl/pc_e1_q_reg[7]/C
  -------------------------------------------------------------------    -------------------
    SLICE_X37Y12         FDCE (Prop_fdce_C_Q)         0.141     0.699 r  u_core/u_issue/u_pipe_ctrl/pc_e1_q_reg[7]/Q
                         net (fo=1, routed)           0.091     0.790    u_core/u_issue/u_pipe_ctrl/pc_e1_q_reg_n_0_[7]
    SLICE_X36Y12         LUT2 (Prop_lut2_I0_O)        0.048     0.838 r  u_core/u_issue/u_pipe_ctrl/pc_e2_q[7]_i_1/O
                         net (fo=1, routed)           0.000     0.838    u_core/u_issue/u_pipe_ctrl/pc_e2_q[7]_i_1_n_0
    SLICE_X36Y12         FDCE                                         r  u_core/u_issue/u_pipe_ctrl/pc_e2_q_reg[7]/D
  -------------------------------------------------------------------    -------------------

                         (clock clk_i rise edge)      0.000     0.000 r  
                                                      0.000     0.000 r  clk_i (IN)
                         net (fo=2042, unset)         0.824     0.824    u_core/u_issue/u_pipe_ctrl/clk_i
    SLICE_X36Y12         FDCE                                         r  u_core/u_issue/u_pipe_ctrl/pc_e2_q_reg[7]/C
                         clock pessimism             -0.252     0.572    
    SLICE_X36Y12         FDCE (Hold_fdce_C_D)         0.131     0.703    u_core/u_issue/u_pipe_ctrl/pc_e2_q_reg[7]
  -------------------------------------------------------------------
                         required time                         -0.703    
                         arrival time                           0.838    
  -------------------------------------------------------------------
                         slack                                  0.135    

Slack (MET) :             0.137ns  (arrival time - required time)
  Source:                 u_core/u_issue/u_pipe_ctrl/result_wb_q_reg[20]/C
                            (rising edge-triggered cell FDCE clocked by clk_i  {rise@0.000ns fall@5.000ns period=10.000ns})
  Destination:            u_core/u_issue/u_regfile/REGFILE_XILINX_SINGLE.u_reg/reg_loop1[20].reg_bit2a/DP/I
                            (rising edge-triggered cell RAMD32 clocked by clk_i  {rise@0.000ns fall@5.000ns period=10.000ns})
  Path Group:             clk_i
  Path Type:              Hold (Min at Fast Process Corner)
  Requirement:            0.000ns  (clk_i rise@0.000ns - clk_i rise@0.000ns)
  Data Path Delay:        0.273ns  (logic 0.141ns (51.739%)  route 0.132ns (48.261%))
  Logic Levels:           0  
  Clock Path Skew:        0.016ns (DCD - SCD - CPR)
    Destination Clock Delay (DCD):    0.855ns
    Source Clock Delay      (SCD):    0.585ns
    Clock Pessimism Removal (CPR):    0.254ns

    Location             Delay type                Incr(ns)  Path(ns)    Netlist Resource(s)
  -------------------------------------------------------------------    -------------------
                         (clock clk_i rise edge)      0.000     0.000 r  
                                                      0.000     0.000 r  clk_i (IN)
                         net (fo=2042, unset)         0.585     0.585    u_core/u_issue/u_pipe_ctrl/clk_i
    SLICE_X17Y20         FDCE                                         r  u_core/u_issue/u_pipe_ctrl/result_wb_q_reg[20]/C
  -------------------------------------------------------------------    -------------------
    SLICE_X17Y20         FDCE (Prop_fdce_C_Q)         0.141     0.726 r  u_core/u_issue/u_pipe_ctrl/result_wb_q_reg[20]/Q
                         net (fo=11, routed)          0.132     0.858    u_core/u_issue/u_regfile/REGFILE_XILINX_SINGLE.u_reg/reg_loop1[20].reg_bit2a/D
    SLICE_X18Y19         RAMD32                                       r  u_core/u_issue/u_regfile/REGFILE_XILINX_SINGLE.u_reg/reg_loop1[20].reg_bit2a/DP/I
  -------------------------------------------------------------------    -------------------

                         (clock clk_i rise edge)      0.000     0.000 r  
                                                      0.000     0.000 r  clk_i (IN)
                         net (fo=2042, unset)         0.855     0.855    u_core/u_issue/u_regfile/REGFILE_XILINX_SINGLE.u_reg/reg_loop1[20].reg_bit2a/WCLK
    SLICE_X18Y19         RAMD32                                       r  u_core/u_issue/u_regfile/REGFILE_XILINX_SINGLE.u_reg/reg_loop1[20].reg_bit2a/DP/CLK
                         clock pessimism             -0.254     0.601    
    SLICE_X18Y19         RAMD32 (Hold_ramd32_CLK_I)
                                                      0.120     0.721    u_core/u_issue/u_regfile/REGFILE_XILINX_SINGLE.u_reg/reg_loop1[20].reg_bit2a/DP
  -------------------------------------------------------------------
                         required time                         -0.721    
                         arrival time                           0.858    
  -------------------------------------------------------------------
                         slack                                  0.137    

Slack (MET) :             0.142ns  (arrival time - required time)
  Source:                 u_core/u_issue/u_pipe_ctrl/result_wb_q_reg[17]/C
                            (rising edge-triggered cell FDCE clocked by clk_i  {rise@0.000ns fall@5.000ns period=10.000ns})
  Destination:            u_core/u_issue/u_regfile/REGFILE_XILINX_SINGLE.u_reg/reg_loop1[17].reg_bit2a/DP/I
                            (rising edge-triggered cell RAMD32 clocked by clk_i  {rise@0.000ns fall@5.000ns period=10.000ns})
  Path Group:             clk_i
  Path Type:              Hold (Min at Fast Process Corner)
  Requirement:            0.000ns  (clk_i rise@0.000ns - clk_i rise@0.000ns)
  Data Path Delay:        0.278ns  (logic 0.141ns (50.810%)  route 0.137ns (49.190%))
  Logic Levels:           0  
  Clock Path Skew:        0.016ns (DCD - SCD - CPR)
    Destination Clock Delay (DCD):    0.858ns
    Source Clock Delay      (SCD):    0.589ns
    Clock Pessimism Removal (CPR):    0.253ns

    Location             Delay type                Incr(ns)  Path(ns)    Netlist Resource(s)
  -------------------------------------------------------------------    -------------------
                         (clock clk_i rise edge)      0.000     0.000 r  
                                                      0.000     0.000 r  clk_i (IN)
                         net (fo=2042, unset)         0.589     0.589    u_core/u_issue/u_pipe_ctrl/clk_i
    SLICE_X11Y17         FDCE                                         r  u_core/u_issue/u_pipe_ctrl/result_wb_q_reg[17]/C
  -------------------------------------------------------------------    -------------------
    SLICE_X11Y17         FDCE (Prop_fdce_C_Q)         0.141     0.730 r  u_core/u_issue/u_pipe_ctrl/result_wb_q_reg[17]/Q
                         net (fo=11, routed)          0.137     0.867    u_core/u_issue/u_regfile/REGFILE_XILINX_SINGLE.u_reg/reg_loop1[17].reg_bit2a/D
    SLICE_X10Y16         RAMD32                                       r  u_core/u_issue/u_regfile/REGFILE_XILINX_SINGLE.u_reg/reg_loop1[17].reg_bit2a/DP/I
  -------------------------------------------------------------------    -------------------

                         (clock clk_i rise edge)      0.000     0.000 r  
                                                      0.000     0.000 r  clk_i (IN)
                         net (fo=2042, unset)         0.858     0.858    u_core/u_issue/u_regfile/REGFILE_XILINX_SINGLE.u_reg/reg_loop1[17].reg_bit2a/WCLK
    SLICE_X10Y16         RAMD32                                       r  u_core/u_issue/u_regfile/REGFILE_XILINX_SINGLE.u_reg/reg_loop1[17].reg_bit2a/DP/CLK
                         clock pessimism             -0.253     0.605    
    SLICE_X10Y16         RAMD32 (Hold_ramd32_CLK_I)
                                                      0.120     0.725    u_core/u_issue/u_regfile/REGFILE_XILINX_SINGLE.u_reg/reg_loop1[17].reg_bit2a/DP
  -------------------------------------------------------------------
                         required time                         -0.725    
                         arrival time                           0.867    
  -------------------------------------------------------------------
                         slack                                  0.142    

Slack (MET) :             0.142ns  (arrival time - required time)
  Source:                 u_core/u_fetch/pc_f_q_reg[11]/C
                            (rising edge-triggered cell FDCE clocked by clk_i  {rise@0.000ns fall@5.000ns period=10.000ns})
  Destination:            u_tcm/u_ram/ram_reg_1_2/ADDRBWRADDR[10]
                            (rising edge-triggered cell RAMB36E1 clocked by clk_i  {rise@0.000ns fall@5.000ns period=10.000ns})
  Path Group:             clk_i
  Path Type:              Hold (Min at Fast Process Corner)
  Requirement:            0.000ns  (clk_i rise@0.000ns - clk_i rise@0.000ns)
  Data Path Delay:        0.381ns  (logic 0.141ns (36.996%)  route 0.240ns (63.004%))
  Logic Levels:           0  
  Clock Path Skew:        0.056ns (DCD - SCD - CPR)
    Destination Clock Delay (DCD):    0.895ns
    Source Clock Delay      (SCD):    0.586ns
    Clock Pessimism Removal (CPR):    0.253ns

    Location             Delay type                Incr(ns)  Path(ns)    Netlist Resource(s)
  -------------------------------------------------------------------    -------------------
                         (clock clk_i rise edge)      0.000     0.000 r  
                                                      0.000     0.000 r  clk_i (IN)
                         net (fo=2042, unset)         0.586     0.586    u_core/u_fetch/clk_i
    SLICE_X9Y20          FDCE                                         r  u_core/u_fetch/pc_f_q_reg[11]/C
  -------------------------------------------------------------------    -------------------
    SLICE_X9Y20          FDCE (Prop_fdce_C_Q)         0.141     0.727 r  u_core/u_fetch/pc_f_q_reg[11]/Q
                         net (fo=18, routed)          0.240     0.967    u_tcm/u_ram/icache_pc_o[9]
    RAMB36_X0Y4          RAMB36E1                                     r  u_tcm/u_ram/ram_reg_1_2/ADDRBWRADDR[10]
  -------------------------------------------------------------------    -------------------

                         (clock clk_i rise edge)      0.000     0.000 r  
                                                      0.000     0.000 r  clk_i (IN)
                         net (fo=2042, unset)         0.895     0.895    u_tcm/u_ram/clk_i
    RAMB36_X0Y4          RAMB36E1                                     r  u_tcm/u_ram/ram_reg_1_2/CLKBWRCLK
                         clock pessimism             -0.253     0.642    
    RAMB36_X0Y4          RAMB36E1 (Hold_ramb36e1_CLKBWRCLK_ADDRBWRADDR[10])
                                                      0.183     0.825    u_tcm/u_ram/ram_reg_1_2
  -------------------------------------------------------------------
                         required time                         -0.825    
                         arrival time                           0.967    
  -------------------------------------------------------------------
                         slack                                  0.142    

Slack (MET) :             0.142ns  (arrival time - required time)
  Source:                 u_core/u_issue/u_pipe_ctrl/result_wb_q_reg[6]/C
                            (rising edge-triggered cell FDCE clocked by clk_i  {rise@0.000ns fall@5.000ns period=10.000ns})
  Destination:            u_core/u_issue/u_regfile/REGFILE_XILINX_SINGLE.u_reg/reg_loop2[6].reg_bit1b/SP/I
                            (rising edge-triggered cell RAMD32 clocked by clk_i  {rise@0.000ns fall@5.000ns period=10.000ns})
  Path Group:             clk_i
  Path Type:              Hold (Min at Fast Process Corner)
  Requirement:            0.000ns  (clk_i rise@0.000ns - clk_i rise@0.000ns)
  Data Path Delay:        0.299ns  (logic 0.141ns (47.192%)  route 0.158ns (52.808%))
  Logic Levels:           0  
  Clock Path Skew:        0.036ns (DCD - SCD - CPR)
    Destination Clock Delay (DCD):    0.858ns
    Source Clock Delay      (SCD):    0.588ns
    Clock Pessimism Removal (CPR):    0.234ns

    Location             Delay type                Incr(ns)  Path(ns)    Netlist Resource(s)
  -------------------------------------------------------------------    -------------------
                         (clock clk_i rise edge)      0.000     0.000 r  
                                                      0.000     0.000 r  clk_i (IN)
                         net (fo=2042, unset)         0.588     0.588    u_core/u_issue/u_pipe_ctrl/clk_i
    SLICE_X28Y7          FDCE                                         r  u_core/u_issue/u_pipe_ctrl/result_wb_q_reg[6]/C
  -------------------------------------------------------------------    -------------------
    SLICE_X28Y7          FDCE (Prop_fdce_C_Q)         0.141     0.729 r  u_core/u_issue/u_pipe_ctrl/result_wb_q_reg[6]/Q
                         net (fo=11, routed)          0.158     0.887    u_core/u_issue/u_regfile/REGFILE_XILINX_SINGLE.u_reg/reg_loop2[6].reg_bit1b/D
    SLICE_X26Y6          RAMD32                                       r  u_core/u_issue/u_regfile/REGFILE_XILINX_SINGLE.u_reg/reg_loop2[6].reg_bit1b/SP/I
  -------------------------------------------------------------------    -------------------

                         (clock clk_i rise edge)      0.000     0.000 r  
                                                      0.000     0.000 r  clk_i (IN)
                         net (fo=2042, unset)         0.858     0.858    u_core/u_issue/u_regfile/REGFILE_XILINX_SINGLE.u_reg/reg_loop2[6].reg_bit1b/WCLK
    SLICE_X26Y6          RAMD32                                       r  u_core/u_issue/u_regfile/REGFILE_XILINX_SINGLE.u_reg/reg_loop2[6].reg_bit1b/SP/CLK
                         clock pessimism             -0.234     0.624    
    SLICE_X26Y6          RAMD32 (Hold_ramd32_CLK_I)
                                                      0.121     0.745    u_core/u_issue/u_regfile/REGFILE_XILINX_SINGLE.u_reg/reg_loop2[6].reg_bit1b/SP
  -------------------------------------------------------------------
                         required time                         -0.745    
                         arrival time                           0.887    
  -------------------------------------------------------------------
                         slack                                  0.142    

Slack (MET) :             0.142ns  (arrival time - required time)
  Source:                 u_core/u_issue/u_pipe_ctrl/result_wb_q_reg[6]/C
                            (rising edge-triggered cell FDCE clocked by clk_i  {rise@0.000ns fall@5.000ns period=10.000ns})
  Destination:            u_core/u_issue/u_regfile/REGFILE_XILINX_SINGLE.u_reg/reg_loop2[6].reg_bit2b/DP/I
                            (rising edge-triggered cell RAMD32 clocked by clk_i  {rise@0.000ns fall@5.000ns period=10.000ns})
  Path Group:             clk_i
  Path Type:              Hold (Min at Fast Process Corner)
  Requirement:            0.000ns  (clk_i rise@0.000ns - clk_i rise@0.000ns)
  Data Path Delay:        0.298ns  (logic 0.141ns (47.266%)  route 0.157ns (52.734%))
  Logic Levels:           0  
  Clock Path Skew:        0.036ns (DCD - SCD - CPR)
    Destination Clock Delay (DCD):    0.858ns
    Source Clock Delay      (SCD):    0.588ns
    Clock Pessimism Removal (CPR):    0.234ns

    Location             Delay type                Incr(ns)  Path(ns)    Netlist Resource(s)
  -------------------------------------------------------------------    -------------------
                         (clock clk_i rise edge)      0.000     0.000 r  
                                                      0.000     0.000 r  clk_i (IN)
                         net (fo=2042, unset)         0.588     0.588    u_core/u_issue/u_pipe_ctrl/clk_i
    SLICE_X28Y7          FDCE                                         r  u_core/u_issue/u_pipe_ctrl/result_wb_q_reg[6]/C
  -------------------------------------------------------------------    -------------------
    SLICE_X28Y7          FDCE (Prop_fdce_C_Q)         0.141     0.729 r  u_core/u_issue/u_pipe_ctrl/result_wb_q_reg[6]/Q
                         net (fo=11, routed)          0.157     0.886    u_core/u_issue/u_regfile/REGFILE_XILINX_SINGLE.u_reg/reg_loop2[6].reg_bit2b/D
    SLICE_X26Y6          RAMD32                                       r  u_core/u_issue/u_regfile/REGFILE_XILINX_SINGLE.u_reg/reg_loop2[6].reg_bit2b/DP/I
  -------------------------------------------------------------------    -------------------

                         (clock clk_i rise edge)      0.000     0.000 r  
                                                      0.000     0.000 r  clk_i (IN)
                         net (fo=2042, unset)         0.858     0.858    u_core/u_issue/u_regfile/REGFILE_XILINX_SINGLE.u_reg/reg_loop2[6].reg_bit2b/WCLK
    SLICE_X26Y6          RAMD32                                       r  u_core/u_issue/u_regfile/REGFILE_XILINX_SINGLE.u_reg/reg_loop2[6].reg_bit2b/DP/CLK
                         clock pessimism             -0.234     0.624    
    SLICE_X26Y6          RAMD32 (Hold_ramd32_CLK_I)
                                                      0.120     0.744    u_core/u_issue/u_regfile/REGFILE_XILINX_SINGLE.u_reg/reg_loop2[6].reg_bit2b/DP
  -------------------------------------------------------------------
                         required time                         -0.744    
                         arrival time                           0.886    
  -------------------------------------------------------------------
                         slack                                  0.142    

Slack (MET) :             0.146ns  (arrival time - required time)
  Source:                 u_core/u_issue/u_pipe_ctrl/result_wb_q_reg[2]/C
                            (rising edge-triggered cell FDCE clocked by clk_i  {rise@0.000ns fall@5.000ns period=10.000ns})
  Destination:            u_core/u_issue/u_regfile/REGFILE_XILINX_SINGLE.u_reg/reg_loop1[2].reg_bit2a/SP/I
                            (rising edge-triggered cell RAMD32 clocked by clk_i  {rise@0.000ns fall@5.000ns period=10.000ns})
  Path Group:             clk_i
  Path Type:              Hold (Min at Fast Process Corner)
  Requirement:            0.000ns  (clk_i rise@0.000ns - clk_i rise@0.000ns)
  Data Path Delay:        0.285ns  (logic 0.141ns (49.431%)  route 0.144ns (50.569%))
  Logic Levels:           0  
  Clock Path Skew:        0.015ns (DCD - SCD - CPR)
    Destination Clock Delay (DCD):    0.856ns
    Source Clock Delay      (SCD):    0.588ns
    Clock Pessimism Removal (CPR):    0.253ns

    Location             Delay type                Incr(ns)  Path(ns)    Netlist Resource(s)
  -------------------------------------------------------------------    -------------------
                         (clock clk_i rise edge)      0.000     0.000 r  
                                                      0.000     0.000 r  clk_i (IN)
                         net (fo=2042, unset)         0.588     0.588    u_core/u_issue/u_pipe_ctrl/clk_i
    SLICE_X25Y11         FDCE                                         r  u_core/u_issue/u_pipe_ctrl/result_wb_q_reg[2]/C
  -------------------------------------------------------------------    -------------------
    SLICE_X25Y11         FDCE (Prop_fdce_C_Q)         0.141     0.729 r  u_core/u_issue/u_pipe_ctrl/result_wb_q_reg[2]/Q
                         net (fo=11, routed)          0.144     0.873    u_core/u_issue/u_regfile/REGFILE_XILINX_SINGLE.u_reg/reg_loop1[2].reg_bit2a/D
    SLICE_X26Y11         RAMD32                                       r  u_core/u_issue/u_regfile/REGFILE_XILINX_SINGLE.u_reg/reg_loop1[2].reg_bit2a/SP/I
  -------------------------------------------------------------------    -------------------

                         (clock clk_i rise edge)      0.000     0.000 r  
                                                      0.000     0.000 r  clk_i (IN)
                         net (fo=2042, unset)         0.856     0.856    u_core/u_issue/u_regfile/REGFILE_XILINX_SINGLE.u_reg/reg_loop1[2].reg_bit2a/WCLK
    SLICE_X26Y11         RAMD32                                       r  u_core/u_issue/u_regfile/REGFILE_XILINX_SINGLE.u_reg/reg_loop1[2].reg_bit2a/SP/CLK
                         clock pessimism             -0.253     0.603    
    SLICE_X26Y11         RAMD32 (Hold_ramd32_CLK_I)
                                                      0.124     0.727    u_core/u_issue/u_regfile/REGFILE_XILINX_SINGLE.u_reg/reg_loop1[2].reg_bit2a/SP
  -------------------------------------------------------------------
                         required time                         -0.727    
                         arrival time                           0.873    
  -------------------------------------------------------------------
                         slack                                  0.146    

Slack (MET) :             0.148ns  (arrival time - required time)
  Source:                 u_core/u_div/invert_res_q_reg/C
                            (rising edge-triggered cell FDCE clocked by clk_i  {rise@0.000ns fall@5.000ns period=10.000ns})
  Destination:            u_core/u_div/wb_result_q_reg[31]/D
                            (rising edge-triggered cell FDCE clocked by clk_i  {rise@0.000ns fall@5.000ns period=10.000ns})
  Path Group:             clk_i
  Path Type:              Hold (Min at Fast Process Corner)
  Requirement:            0.000ns  (clk_i rise@0.000ns - clk_i rise@0.000ns)
  Data Path Delay:        0.285ns  (logic 0.186ns (65.184%)  route 0.099ns (34.816%))
  Logic Levels:           1  (LUT6=1)
  Clock Path Skew:        0.016ns (DCD - SCD - CPR)
    Destination Clock Delay (DCD):    0.857ns
    Source Clock Delay      (SCD):    0.588ns
    Clock Pessimism Removal (CPR):    0.253ns

    Location             Delay type                Incr(ns)  Path(ns)    Netlist Resource(s)
  -------------------------------------------------------------------    -------------------
                         (clock clk_i rise edge)      0.000     0.000 r  
                                                      0.000     0.000 r  clk_i (IN)
                         net (fo=2042, unset)         0.588     0.588    u_core/u_div/clk_i
    SLICE_X31Y7          FDCE                                         r  u_core/u_div/invert_res_q_reg/C
  -------------------------------------------------------------------    -------------------
    SLICE_X31Y7          FDCE (Prop_fdce_C_Q)         0.141     0.729 r  u_core/u_div/invert_res_q_reg/Q
                         net (fo=32, routed)          0.099     0.828    u_core/u_div/invert_res_q
    SLICE_X30Y7          LUT6 (Prop_lut6_I2_O)        0.045     0.873 r  u_core/u_div/wb_result_q[31]_i_1/O
                         net (fo=1, routed)           0.000     0.873    u_core/u_div/div_result_r[31]
    SLICE_X30Y7          FDCE                                         r  u_core/u_div/wb_result_q_reg[31]/D
  -------------------------------------------------------------------    -------------------

                         (clock clk_i rise edge)      0.000     0.000 r  
                                                      0.000     0.000 r  clk_i (IN)
                         net (fo=2042, unset)         0.857     0.857    u_core/u_div/clk_i
    SLICE_X30Y7          FDCE                                         r  u_core/u_div/wb_result_q_reg[31]/C
                         clock pessimism             -0.253     0.604    
    SLICE_X30Y7          FDCE (Hold_fdce_C_D)         0.121     0.725    u_core/u_div/wb_result_q_reg[31]
  -------------------------------------------------------------------
                         required time                         -0.725    
                         arrival time                           0.873    
  -------------------------------------------------------------------
                         slack                                  0.148    

Slack (MET) :             0.149ns  (arrival time - required time)
  Source:                 u_core/u_issue/u_pipe_ctrl/result_wb_q_reg[21]/C
                            (rising edge-triggered cell FDCE clocked by clk_i  {rise@0.000ns fall@5.000ns period=10.000ns})
  Destination:            u_core/u_issue/u_regfile/REGFILE_XILINX_SINGLE.u_reg/reg_loop2[21].reg_bit2b/SP/I
                            (rising edge-triggered cell RAMD32 clocked by clk_i  {rise@0.000ns fall@5.000ns period=10.000ns})
  Path Group:             clk_i
  Path Type:              Hold (Min at Fast Process Corner)
  Requirement:            0.000ns  (clk_i rise@0.000ns - clk_i rise@0.000ns)
  Data Path Delay:        0.307ns  (logic 0.141ns (45.964%)  route 0.166ns (54.036%))
  Logic Levels:           0  
  Clock Path Skew:        0.034ns (DCD - SCD - CPR)
    Destination Clock Delay (DCD):    0.857ns
    Source Clock Delay      (SCD):    0.589ns
    Clock Pessimism Removal (CPR):    0.234ns

    Location             Delay type                Incr(ns)  Path(ns)    Netlist Resource(s)
  -------------------------------------------------------------------    -------------------
                         (clock clk_i rise edge)      0.000     0.000 r  
                                                      0.000     0.000 r  clk_i (IN)
                         net (fo=2042, unset)         0.589     0.589    u_core/u_issue/u_pipe_ctrl/clk_i
    SLICE_X11Y17         FDCE                                         r  u_core/u_issue/u_pipe_ctrl/result_wb_q_reg[21]/C
  -------------------------------------------------------------------    -------------------
    SLICE_X11Y17         FDCE (Prop_fdce_C_Q)         0.141     0.730 r  u_core/u_issue/u_pipe_ctrl/result_wb_q_reg[21]/Q
                         net (fo=11, routed)          0.166     0.896    u_core/u_issue/u_regfile/REGFILE_XILINX_SINGLE.u_reg/reg_loop2[21].reg_bit2b/D
    SLICE_X12Y17         RAMD32                                       r  u_core/u_issue/u_regfile/REGFILE_XILINX_SINGLE.u_reg/reg_loop2[21].reg_bit2b/SP/I
  -------------------------------------------------------------------    -------------------

                         (clock clk_i rise edge)      0.000     0.000 r  
                                                      0.000     0.000 r  clk_i (IN)
                         net (fo=2042, unset)         0.857     0.857    u_core/u_issue/u_regfile/REGFILE_XILINX_SINGLE.u_reg/reg_loop2[21].reg_bit2b/WCLK
    SLICE_X12Y17         RAMD32                                       r  u_core/u_issue/u_regfile/REGFILE_XILINX_SINGLE.u_reg/reg_loop2[21].reg_bit2b/SP/CLK
                         clock pessimism             -0.234     0.623    
    SLICE_X12Y17         RAMD32 (Hold_ramd32_CLK_I)
                                                      0.124     0.747    u_core/u_issue/u_regfile/REGFILE_XILINX_SINGLE.u_reg/reg_loop2[21].reg_bit2b/SP
  -------------------------------------------------------------------
                         required time                         -0.747    
                         arrival time                           0.896    
  -------------------------------------------------------------------
                         slack                                  0.149    

Slack (MET) :             0.150ns  (arrival time - required time)
  Source:                 u_core/u_fetch/pc_f_q_reg[2]/C
                            (rising edge-triggered cell FDCE clocked by clk_i  {rise@0.000ns fall@5.000ns period=10.000ns})
  Destination:            u_tcm/u_ram/ram_reg_1_2/ADDRBWRADDR[1]
                            (rising edge-triggered cell RAMB36E1 clocked by clk_i  {rise@0.000ns fall@5.000ns period=10.000ns})
  Path Group:             clk_i
  Path Type:              Hold (Min at Fast Process Corner)
  Requirement:            0.000ns  (clk_i rise@0.000ns - clk_i rise@0.000ns)
  Data Path Delay:        0.389ns  (logic 0.141ns (36.212%)  route 0.248ns (63.788%))
  Logic Levels:           0  
  Clock Path Skew:        0.056ns (DCD - SCD - CPR)
    Destination Clock Delay (DCD):    0.895ns
    Source Clock Delay      (SCD):    0.586ns
    Clock Pessimism Removal (CPR):    0.253ns

    Location             Delay type                Incr(ns)  Path(ns)    Netlist Resource(s)
  -------------------------------------------------------------------    -------------------
                         (clock clk_i rise edge)      0.000     0.000 r  
                                                      0.000     0.000 r  clk_i (IN)
                         net (fo=2042, unset)         0.586     0.586    u_core/u_fetch/clk_i
    SLICE_X9Y20          FDCE                                         r  u_core/u_fetch/pc_f_q_reg[2]/C
  -------------------------------------------------------------------    -------------------
    SLICE_X9Y20          FDCE (Prop_fdce_C_Q)         0.141     0.727 r  u_core/u_fetch/pc_f_q_reg[2]/Q
                         net (fo=19, routed)          0.248     0.975    u_tcm/u_ram/icache_pc_o[0]
    RAMB36_X0Y4          RAMB36E1                                     r  u_tcm/u_ram/ram_reg_1_2/ADDRBWRADDR[1]
  -------------------------------------------------------------------    -------------------

                         (clock clk_i rise edge)      0.000     0.000 r  
                                                      0.000     0.000 r  clk_i (IN)
                         net (fo=2042, unset)         0.895     0.895    u_tcm/u_ram/clk_i
    RAMB36_X0Y4          RAMB36E1                                     r  u_tcm/u_ram/ram_reg_1_2/CLKBWRCLK
                         clock pessimism             -0.253     0.642    
    RAMB36_X0Y4          RAMB36E1 (Hold_ramb36e1_CLKBWRCLK_ADDRBWRADDR[1])
                                                      0.183     0.825    u_tcm/u_ram/ram_reg_1_2
  -------------------------------------------------------------------
                         required time                         -0.825    
                         arrival time                           0.975    
  -------------------------------------------------------------------
                         slack                                  0.150    

Slack (MET) :             0.156ns  (arrival time - required time)
  Source:                 u_core/u_issue/u_pipe_ctrl/result_wb_q_reg[28]/C
                            (rising edge-triggered cell FDCE clocked by clk_i  {rise@0.000ns fall@5.000ns period=10.000ns})
  Destination:            u_core/u_issue/u_regfile/REGFILE_XILINX_SINGLE.u_reg/reg_loop2[28].reg_bit1b/SP/I
                            (rising edge-triggered cell RAMD32 clocked by clk_i  {rise@0.000ns fall@5.000ns period=10.000ns})
  Path Group:             clk_i
  Path Type:              Hold (Min at Fast Process Corner)
  Requirement:            0.000ns  (clk_i rise@0.000ns - clk_i rise@0.000ns)
  Data Path Delay:        0.292ns  (logic 0.141ns (48.263%)  route 0.151ns (51.737%))
  Logic Levels:           0  
  Clock Path Skew:        0.015ns (DCD - SCD - CPR)
    Destination Clock Delay (DCD):    0.858ns
    Source Clock Delay      (SCD):    0.590ns
    Clock Pessimism Removal (CPR):    0.253ns

    Location             Delay type                Incr(ns)  Path(ns)    Netlist Resource(s)
  -------------------------------------------------------------------    -------------------
                         (clock clk_i rise edge)      0.000     0.000 r  
                                                      0.000     0.000 r  clk_i (IN)
                         net (fo=2042, unset)         0.590     0.590    u_core/u_issue/u_pipe_ctrl/clk_i
    SLICE_X23Y13         FDCE                                         r  u_core/u_issue/u_pipe_ctrl/result_wb_q_reg[28]/C
  -------------------------------------------------------------------    -------------------
    SLICE_X23Y13         FDCE (Prop_fdce_C_Q)         0.141     0.731 r  u_core/u_issue/u_pipe_ctrl/result_wb_q_reg[28]/Q
                         net (fo=11, routed)          0.151     0.882    u_core/u_issue/u_regfile/REGFILE_XILINX_SINGLE.u_reg/reg_loop2[28].reg_bit1b/D
    SLICE_X22Y13         RAMD32                                       r  u_core/u_issue/u_regfile/REGFILE_XILINX_SINGLE.u_reg/reg_loop2[28].reg_bit1b/SP/I
  -------------------------------------------------------------------    -------------------

                         (clock clk_i rise edge)      0.000     0.000 r  
                                                      0.000     0.000 r  clk_i (IN)
                         net (fo=2042, unset)         0.858     0.858    u_core/u_issue/u_regfile/REGFILE_XILINX_SINGLE.u_reg/reg_loop2[28].reg_bit1b/WCLK
    SLICE_X22Y13         RAMD32                                       r  u_core/u_issue/u_regfile/REGFILE_XILINX_SINGLE.u_reg/reg_loop2[28].reg_bit1b/SP/CLK
                         clock pessimism             -0.253     0.605    
    SLICE_X22Y13         RAMD32 (Hold_ramd32_CLK_I)
                                                      0.121     0.726    u_core/u_issue/u_regfile/REGFILE_XILINX_SINGLE.u_reg/reg_loop2[28].reg_bit1b/SP
  -------------------------------------------------------------------
                         required time                         -0.726    
                         arrival time                           0.882    
  -------------------------------------------------------------------
                         slack                                  0.156    

Slack (MET) :             0.158ns  (arrival time - required time)
  Source:                 u_core/u_issue/u_pipe_ctrl/result_wb_q_reg[5]/C
                            (rising edge-triggered cell FDCE clocked by clk_i  {rise@0.000ns fall@5.000ns period=10.000ns})
  Destination:            u_core/u_issue/u_regfile/REGFILE_XILINX_SINGLE.u_reg/reg_loop2[5].reg_bit1b/SP/I
                            (rising edge-triggered cell RAMD32 clocked by clk_i  {rise@0.000ns fall@5.000ns period=10.000ns})
  Path Group:             clk_i
  Path Type:              Hold (Min at Fast Process Corner)
  Requirement:            0.000ns  (clk_i rise@0.000ns - clk_i rise@0.000ns)
  Data Path Delay:        0.295ns  (logic 0.141ns (47.807%)  route 0.154ns (52.193%))
  Logic Levels:           0  
  Clock Path Skew:        0.016ns (DCD - SCD - CPR)
    Destination Clock Delay (DCD):    0.863ns
    Source Clock Delay      (SCD):    0.593ns
    Clock Pessimism Removal (CPR):    0.254ns

    Location             Delay type                Incr(ns)  Path(ns)    Netlist Resource(s)
  -------------------------------------------------------------------    -------------------
                         (clock clk_i rise edge)      0.000     0.000 r  
                                                      0.000     0.000 r  clk_i (IN)
                         net (fo=2042, unset)         0.593     0.593    u_core/u_issue/u_pipe_ctrl/clk_i
    SLICE_X17Y9          FDCE                                         r  u_core/u_issue/u_pipe_ctrl/result_wb_q_reg[5]/C
  -------------------------------------------------------------------    -------------------
    SLICE_X17Y9          FDCE (Prop_fdce_C_Q)         0.141     0.734 r  u_core/u_issue/u_pipe_ctrl/result_wb_q_reg[5]/Q
                         net (fo=11, routed)          0.154     0.888    u_core/u_issue/u_regfile/REGFILE_XILINX_SINGLE.u_reg/reg_loop2[5].reg_bit1b/D
    SLICE_X16Y8          RAMD32                                       r  u_core/u_issue/u_regfile/REGFILE_XILINX_SINGLE.u_reg/reg_loop2[5].reg_bit1b/SP/I
  -------------------------------------------------------------------    -------------------

                         (clock clk_i rise edge)      0.000     0.000 r  
                                                      0.000     0.000 r  clk_i (IN)
                         net (fo=2042, unset)         0.863     0.863    u_core/u_issue/u_regfile/REGFILE_XILINX_SINGLE.u_reg/reg_loop2[5].reg_bit1b/WCLK
    SLICE_X16Y8          RAMD32                                       r  u_core/u_issue/u_regfile/REGFILE_XILINX_SINGLE.u_reg/reg_loop2[5].reg_bit1b/SP/CLK
                         clock pessimism             -0.254     0.609    
    SLICE_X16Y8          RAMD32 (Hold_ramd32_CLK_I)
                                                      0.121     0.730    u_core/u_issue/u_regfile/REGFILE_XILINX_SINGLE.u_reg/reg_loop2[5].reg_bit1b/SP
  -------------------------------------------------------------------
                         required time                         -0.730    
                         arrival time                           0.888    
  -------------------------------------------------------------------
                         slack                                  0.158    

Slack (MET) :             0.161ns  (arrival time - required time)
  Source:                 u_core/u_fetch/pc_f_q_reg[7]/C
                            (rising edge-triggered cell FDCE clocked by clk_i  {rise@0.000ns fall@5.000ns period=10.000ns})
  Destination:            u_tcm/u_ram/ram_reg_1_2/ADDRBWRADDR[6]
                            (rising edge-triggered cell RAMB36E1 clocked by clk_i  {rise@0.000ns fall@5.000ns period=10.000ns})
  Path Group:             clk_i
  Path Type:              Hold (Min at Fast Process Corner)
  Requirement:            0.000ns  (clk_i rise@0.000ns - clk_i rise@0.000ns)
  Data Path Delay:        0.402ns  (logic 0.164ns (40.806%)  route 0.238ns (59.194%))
  Logic Levels:           0  
  Clock Path Skew:        0.057ns (DCD - SCD - CPR)
    Destination Clock Delay (DCD):    0.895ns
    Source Clock Delay      (SCD):    0.585ns
    Clock Pessimism Removal (CPR):    0.253ns

    Location             Delay type                Incr(ns)  Path(ns)    Netlist Resource(s)
  -------------------------------------------------------------------    -------------------
                         (clock clk_i rise edge)      0.000     0.000 r  
                                                      0.000     0.000 r  clk_i (IN)
                         net (fo=2042, unset)         0.585     0.585    u_core/u_fetch/clk_i
    SLICE_X8Y21          FDCE                                         r  u_core/u_fetch/pc_f_q_reg[7]/C
  -------------------------------------------------------------------    -------------------
    SLICE_X8Y21          FDCE (Prop_fdce_C_Q)         0.164     0.749 r  u_core/u_fetch/pc_f_q_reg[7]/Q
                         net (fo=18, routed)          0.238     0.987    u_tcm/u_ram/icache_pc_o[5]
    RAMB36_X0Y4          RAMB36E1                                     r  u_tcm/u_ram/ram_reg_1_2/ADDRBWRADDR[6]
  -------------------------------------------------------------------    -------------------

                         (clock clk_i rise edge)      0.000     0.000 r  
                                                      0.000     0.000 r  clk_i (IN)
                         net (fo=2042, unset)         0.895     0.895    u_tcm/u_ram/clk_i
    RAMB36_X0Y4          RAMB36E1                                     r  u_tcm/u_ram/ram_reg_1_2/CLKBWRCLK
                         clock pessimism             -0.253     0.642    
    RAMB36_X0Y4          RAMB36E1 (Hold_ramb36e1_CLKBWRCLK_ADDRBWRADDR[6])
                                                      0.183     0.825    u_tcm/u_ram/ram_reg_1_2
  -------------------------------------------------------------------
                         required time                         -0.825    
                         arrival time                           0.987    
  -------------------------------------------------------------------
                         slack                                  0.161    

Slack (MET) :             0.163ns  (arrival time - required time)
  Source:                 u_core/u_issue/u_pipe_ctrl/result_wb_q_reg[28]/C
                            (rising edge-triggered cell FDCE clocked by clk_i  {rise@0.000ns fall@5.000ns period=10.000ns})
  Destination:            u_core/u_issue/u_regfile/REGFILE_XILINX_SINGLE.u_reg/reg_loop2[28].reg_bit1b/DP/I
                            (rising edge-triggered cell RAMD32 clocked by clk_i  {rise@0.000ns fall@5.000ns period=10.000ns})
  Path Group:             clk_i
  Path Type:              Hold (Min at Fast Process Corner)
  Requirement:            0.000ns  (clk_i rise@0.000ns - clk_i rise@0.000ns)
  Data Path Delay:        0.292ns  (logic 0.141ns (48.263%)  route 0.151ns (51.737%))
  Logic Levels:           0  
  Clock Path Skew:        0.015ns (DCD - SCD - CPR)
    Destination Clock Delay (DCD):    0.858ns
    Source Clock Delay      (SCD):    0.590ns
    Clock Pessimism Removal (CPR):    0.253ns

    Location             Delay type                Incr(ns)  Path(ns)    Netlist Resource(s)
  -------------------------------------------------------------------    -------------------
                         (clock clk_i rise edge)      0.000     0.000 r  
                                                      0.000     0.000 r  clk_i (IN)
                         net (fo=2042, unset)         0.590     0.590    u_core/u_issue/u_pipe_ctrl/clk_i
    SLICE_X23Y13         FDCE                                         r  u_core/u_issue/u_pipe_ctrl/result_wb_q_reg[28]/C
  -------------------------------------------------------------------    -------------------
    SLICE_X23Y13         FDCE (Prop_fdce_C_Q)         0.141     0.731 r  u_core/u_issue/u_pipe_ctrl/result_wb_q_reg[28]/Q
                         net (fo=11, routed)          0.151     0.882    u_core/u_issue/u_regfile/REGFILE_XILINX_SINGLE.u_reg/reg_loop2[28].reg_bit1b/D
    SLICE_X22Y13         RAMD32                                       r  u_core/u_issue/u_regfile/REGFILE_XILINX_SINGLE.u_reg/reg_loop2[28].reg_bit1b/DP/I
  -------------------------------------------------------------------    -------------------

                         (clock clk_i rise edge)      0.000     0.000 r  
                                                      0.000     0.000 r  clk_i (IN)
                         net (fo=2042, unset)         0.858     0.858    u_core/u_issue/u_regfile/REGFILE_XILINX_SINGLE.u_reg/reg_loop2[28].reg_bit1b/WCLK
    SLICE_X22Y13         RAMD32                                       r  u_core/u_issue/u_regfile/REGFILE_XILINX_SINGLE.u_reg/reg_loop2[28].reg_bit1b/DP/CLK
                         clock pessimism             -0.253     0.605    
    SLICE_X22Y13         RAMD32 (Hold_ramd32_CLK_I)
                                                      0.114     0.719    u_core/u_issue/u_regfile/REGFILE_XILINX_SINGLE.u_reg/reg_loop2[28].reg_bit1b/DP
  -------------------------------------------------------------------
                         required time                         -0.719    
                         arrival time                           0.882    
  -------------------------------------------------------------------
                         slack                                  0.163    

Slack (MET) :             0.163ns  (arrival time - required time)
  Source:                 u_core/u_csr/u_csrfile/csr_mtvec_q_reg[22]/C
                            (rising edge-triggered cell FDCE clocked by clk_i  {rise@0.000ns fall@5.000ns period=10.000ns})
  Destination:            u_core/u_csr/branch_target_q_reg[22]/D
                            (rising edge-triggered cell FDCE clocked by clk_i  {rise@0.000ns fall@5.000ns period=10.000ns})
  Path Group:             clk_i
  Path Type:              Hold (Min at Fast Process Corner)
  Requirement:            0.000ns  (clk_i rise@0.000ns - clk_i rise@0.000ns)
  Data Path Delay:        0.315ns  (logic 0.186ns (58.957%)  route 0.129ns (41.043%))
  Logic Levels:           1  (LUT6=1)
  Clock Path Skew:        0.032ns (DCD - SCD - CPR)
    Destination Clock Delay (DCD):    0.843ns
    Source Clock Delay      (SCD):    0.577ns
    Clock Pessimism Removal (CPR):    0.234ns

    Location             Delay type                Incr(ns)  Path(ns)    Netlist Resource(s)
  -------------------------------------------------------------------    -------------------
                         (clock clk_i rise edge)      0.000     0.000 r  
                                                      0.000     0.000 r  clk_i (IN)
                         net (fo=2042, unset)         0.577     0.577    u_core/u_csr/u_csrfile/clk_i
    SLICE_X28Y26         FDCE                                         r  u_core/u_csr/u_csrfile/csr_mtvec_q_reg[22]/C
  -------------------------------------------------------------------    -------------------
    SLICE_X28Y26         FDCE (Prop_fdce_C_Q)         0.141     0.718 r  u_core/u_csr/u_csrfile/csr_mtvec_q_reg[22]/Q
                         net (fo=2, routed)           0.129     0.847    u_core/u_issue/u_pipe_ctrl/branch_target_q_reg[31]_0[20]
    SLICE_X26Y26         LUT6 (Prop_lut6_I3_O)        0.045     0.892 r  u_core/u_issue/u_pipe_ctrl/branch_target_q[22]_i_1/O
                         net (fo=1, routed)           0.000     0.892    u_core/u_csr/branch_target_q_reg[31]_2[20]
    SLICE_X26Y26         FDCE                                         r  u_core/u_csr/branch_target_q_reg[22]/D
  -------------------------------------------------------------------    -------------------

                         (clock clk_i rise edge)      0.000     0.000 r  
                                                      0.000     0.000 r  clk_i (IN)
                         net (fo=2042, unset)         0.843     0.843    u_core/u_csr/clk_i
    SLICE_X26Y26         FDCE                                         r  u_core/u_csr/branch_target_q_reg[22]/C
                         clock pessimism             -0.234     0.609    
    SLICE_X26Y26         FDCE (Hold_fdce_C_D)         0.120     0.729    u_core/u_csr/branch_target_q_reg[22]
  -------------------------------------------------------------------
                         required time                         -0.729    
                         arrival time                           0.892    
  -------------------------------------------------------------------
                         slack                                  0.163    

Slack (MET) :             0.164ns  (arrival time - required time)
  Source:                 u_core/u_issue/u_pipe_ctrl/csr_wdata_e2_q_reg[4]/C
                            (rising edge-triggered cell FDCE clocked by clk_i  {rise@0.000ns fall@5.000ns period=10.000ns})
  Destination:            u_core/u_issue/u_pipe_ctrl/csr_wdata_wb_q_reg[4]/D
                            (rising edge-triggered cell FDCE clocked by clk_i  {rise@0.000ns fall@5.000ns period=10.000ns})
  Path Group:             clk_i
  Path Type:              Hold (Min at Fast Process Corner)
  Requirement:            0.000ns  (clk_i rise@0.000ns - clk_i rise@0.000ns)
  Data Path Delay:        0.187ns  (logic 0.128ns (68.352%)  route 0.059ns (31.648%))
  Logic Levels:           0  
  Clock Path Skew:        0.013ns (DCD - SCD - CPR)
    Destination Clock Delay (DCD):    0.820ns
    Source Clock Delay      (SCD):    0.555ns
    Clock Pessimism Removal (CPR):    0.252ns

    Location             Delay type                Incr(ns)  Path(ns)    Netlist Resource(s)
  -------------------------------------------------------------------    -------------------
                         (clock clk_i rise edge)      0.000     0.000 r  
                                                      0.000     0.000 r  clk_i (IN)
                         net (fo=2042, unset)         0.555     0.555    u_core/u_issue/u_pipe_ctrl/clk_i
    SLICE_X37Y17         FDCE                                         r  u_core/u_issue/u_pipe_ctrl/csr_wdata_e2_q_reg[4]/C
  -------------------------------------------------------------------    -------------------
    SLICE_X37Y17         FDCE (Prop_fdce_C_Q)         0.128     0.683 r  u_core/u_issue/u_pipe_ctrl/csr_wdata_e2_q_reg[4]/Q
                         net (fo=1, routed)           0.059     0.742    u_core/u_issue/u_pipe_ctrl/csr_wdata_e2_q[4]
    SLICE_X36Y17         FDCE                                         r  u_core/u_issue/u_pipe_ctrl/csr_wdata_wb_q_reg[4]/D
  -------------------------------------------------------------------    -------------------

                         (clock clk_i rise edge)      0.000     0.000 r  
                                                      0.000     0.000 r  clk_i (IN)
                         net (fo=2042, unset)         0.820     0.820    u_core/u_issue/u_pipe_ctrl/clk_i
    SLICE_X36Y17         FDCE                                         r  u_core/u_issue/u_pipe_ctrl/csr_wdata_wb_q_reg[4]/C
                         clock pessimism             -0.252     0.568    
    SLICE_X36Y17         FDCE (Hold_fdce_C_D)         0.010     0.578    u_core/u_issue/u_pipe_ctrl/csr_wdata_wb_q_reg[4]
  -------------------------------------------------------------------
                         required time                         -0.578    
                         arrival time                           0.742    
  -------------------------------------------------------------------
                         slack                                  0.164    

Slack (MET) :             0.166ns  (arrival time - required time)
  Source:                 u_core/u_issue/u_pipe_ctrl/csr_wdata_e2_q_reg[23]/C
                            (rising edge-triggered cell FDCE clocked by clk_i  {rise@0.000ns fall@5.000ns period=10.000ns})
  Destination:            u_core/u_issue/u_pipe_ctrl/csr_wdata_wb_q_reg[23]/D
                            (rising edge-triggered cell FDCE clocked by clk_i  {rise@0.000ns fall@5.000ns period=10.000ns})
  Path Group:             clk_i
  Path Type:              Hold (Min at Fast Process Corner)
  Requirement:            0.000ns  (clk_i rise@0.000ns - clk_i rise@0.000ns)
  Data Path Delay:        0.251ns  (logic 0.141ns (56.174%)  route 0.110ns (43.826%))
  Logic Levels:           0  
  Clock Path Skew:        0.013ns (DCD - SCD - CPR)
    Destination Clock Delay (DCD):    0.849ns
    Source Clock Delay      (SCD):    0.583ns
    Clock Pessimism Removal (CPR):    0.253ns

    Location             Delay type                Incr(ns)  Path(ns)    Netlist Resource(s)
  -------------------------------------------------------------------    -------------------
                         (clock clk_i rise edge)      0.000     0.000 r  
                                                      0.000     0.000 r  clk_i (IN)
                         net (fo=2042, unset)         0.583     0.583    u_core/u_issue/u_pipe_ctrl/clk_i
    SLICE_X25Y18         FDCE                                         r  u_core/u_issue/u_pipe_ctrl/csr_wdata_e2_q_reg[23]/C
  -------------------------------------------------------------------    -------------------
    SLICE_X25Y18         FDCE (Prop_fdce_C_Q)         0.141     0.724 r  u_core/u_issue/u_pipe_ctrl/csr_wdata_e2_q_reg[23]/Q
                         net (fo=1, routed)           0.110     0.834    u_core/u_issue/u_pipe_ctrl/csr_wdata_e2_q[23]
    SLICE_X25Y18         FDCE                                         r  u_core/u_issue/u_pipe_ctrl/csr_wdata_wb_q_reg[23]/D
  -------------------------------------------------------------------    -------------------

                         (clock clk_i rise edge)      0.000     0.000 r  
                                                      0.000     0.000 r  clk_i (IN)
                         net (fo=2042, unset)         0.849     0.849    u_core/u_issue/u_pipe_ctrl/clk_i
    SLICE_X25Y18         FDCE                                         r  u_core/u_issue/u_pipe_ctrl/csr_wdata_wb_q_reg[23]/C
                         clock pessimism             -0.253     0.596    
    SLICE_X25Y18         FDCE (Hold_fdce_C_D)         0.072     0.668    u_core/u_issue/u_pipe_ctrl/csr_wdata_wb_q_reg[23]
  -------------------------------------------------------------------
                         required time                         -0.668    
                         arrival time                           0.834    
  -------------------------------------------------------------------
                         slack                                  0.166    

Slack (MET) :             0.167ns  (arrival time - required time)
  Source:                 u_core/u_issue/u_pipe_ctrl/pc_e2_q_reg[12]/C
                            (rising edge-triggered cell FDCE clocked by clk_i  {rise@0.000ns fall@5.000ns period=10.000ns})
  Destination:            u_core/u_issue/u_pipe_ctrl/pc_wb_q_reg[12]/D
                            (rising edge-triggered cell FDCE clocked by clk_i  {rise@0.000ns fall@5.000ns period=10.000ns})
  Path Group:             clk_i
  Path Type:              Hold (Min at Fast Process Corner)
  Requirement:            0.000ns  (clk_i rise@0.000ns - clk_i rise@0.000ns)
  Data Path Delay:        0.257ns  (logic 0.141ns (54.828%)  route 0.116ns (45.172%))
  Logic Levels:           0  
  Clock Path Skew:        0.014ns (DCD - SCD - CPR)
    Destination Clock Delay (DCD):    0.823ns
    Source Clock Delay      (SCD):    0.557ns
    Clock Pessimism Removal (CPR):    0.252ns

    Location             Delay type                Incr(ns)  Path(ns)    Netlist Resource(s)
  -------------------------------------------------------------------    -------------------
                         (clock clk_i rise edge)      0.000     0.000 r  
                                                      0.000     0.000 r  clk_i (IN)
                         net (fo=2042, unset)         0.557     0.557    u_core/u_issue/u_pipe_ctrl/clk_i
    SLICE_X39Y15         FDCE                                         r  u_core/u_issue/u_pipe_ctrl/pc_e2_q_reg[12]/C
  -------------------------------------------------------------------    -------------------
    SLICE_X39Y15         FDCE (Prop_fdce_C_Q)         0.141     0.698 r  u_core/u_issue/u_pipe_ctrl/pc_e2_q_reg[12]/Q
                         net (fo=1, routed)           0.116     0.814    u_core/u_issue/u_pipe_ctrl/pc_e2_q[12]
    SLICE_X39Y15         FDCE                                         r  u_core/u_issue/u_pipe_ctrl/pc_wb_q_reg[12]/D
  -------------------------------------------------------------------    -------------------

                         (clock clk_i rise edge)      0.000     0.000 r  
                                                      0.000     0.000 r  clk_i (IN)
                         net (fo=2042, unset)         0.823     0.823    u_core/u_issue/u_pipe_ctrl/clk_i
    SLICE_X39Y15         FDCE                                         r  u_core/u_issue/u_pipe_ctrl/pc_wb_q_reg[12]/C
                         clock pessimism             -0.252     0.571    
    SLICE_X39Y15         FDCE (Hold_fdce_C_D)         0.076     0.647    u_core/u_issue/u_pipe_ctrl/pc_wb_q_reg[12]
  -------------------------------------------------------------------
                         required time                         -0.647    
                         arrival time                           0.814    
  -------------------------------------------------------------------
                         slack                                  0.167    





Pulse Width Checks
--------------------------------------------------------------------------------------
Clock Name:         clk_i
Waveform(ns):       { 0.000 5.000 }
Period(ns):         10.000
Sources:            { clk_i }

Check Type        Corner  Lib Pin             Reference Pin  Required(ns)  Actual(ns)  Slack(ns)  Location      Pin
Min Period        n/a     RAMB36E1/CLKARDCLK  n/a            2.944         10.000      7.056      RAMB36_X2Y1   u_tcm/u_ram/ram_reg_0_0/CLKARDCLK
Min Period        n/a     RAMB36E1/CLKBWRCLK  n/a            2.944         10.000      7.056      RAMB36_X2Y1   u_tcm/u_ram/ram_reg_0_0/CLKBWRCLK
Min Period        n/a     RAMB36E1/CLKARDCLK  n/a            2.944         10.000      7.056      RAMB36_X2Y0   u_tcm/u_ram/ram_reg_0_1/CLKARDCLK
Min Period        n/a     RAMB36E1/CLKBWRCLK  n/a            2.944         10.000      7.056      RAMB36_X2Y0   u_tcm/u_ram/ram_reg_0_1/CLKBWRCLK
Min Period        n/a     RAMB36E1/CLKARDCLK  n/a            2.944         10.000      7.056      RAMB36_X0Y0   u_tcm/u_ram/ram_reg_0_2/CLKARDCLK
Min Period        n/a     RAMB36E1/CLKBWRCLK  n/a            2.944         10.000      7.056      RAMB36_X0Y0   u_tcm/u_ram/ram_reg_0_2/CLKBWRCLK
Min Period        n/a     RAMB36E1/CLKARDCLK  n/a            2.944         10.000      7.056      RAMB36_X1Y3   u_tcm/u_ram/ram_reg_0_3/CLKARDCLK
Min Period        n/a     RAMB36E1/CLKBWRCLK  n/a            2.944         10.000      7.056      RAMB36_X1Y3   u_tcm/u_ram/ram_reg_0_3/CLKBWRCLK
Min Period        n/a     RAMB36E1/CLKARDCLK  n/a            2.944         10.000      7.056      RAMB36_X2Y4   u_tcm/u_ram/ram_reg_1_0/CLKARDCLK
Min Period        n/a     RAMB36E1/CLKBWRCLK  n/a            2.944         10.000      7.056      RAMB36_X2Y4   u_tcm/u_ram/ram_reg_1_0/CLKBWRCLK
Min Period        n/a     RAMB36E1/CLKARDCLK  n/a            2.944         10.000      7.056      RAMB36_X0Y1   u_tcm/u_ram/ram_reg_1_1/CLKARDCLK
Min Period        n/a     RAMB36E1/CLKBWRCLK  n/a            2.944         10.000      7.056      RAMB36_X0Y1   u_tcm/u_ram/ram_reg_1_1/CLKBWRCLK
Min Period        n/a     RAMB36E1/CLKARDCLK  n/a            2.944         10.000      7.056      RAMB36_X0Y4   u_tcm/u_ram/ram_reg_1_2/CLKARDCLK
Min Period        n/a     RAMB36E1/CLKBWRCLK  n/a            2.944         10.000      7.056      RAMB36_X0Y4   u_tcm/u_ram/ram_reg_1_2/CLKBWRCLK
Min Period        n/a     RAMB36E1/CLKARDCLK  n/a            2.944         10.000      7.056      RAMB36_X0Y3   u_tcm/u_ram/ram_reg_1_3/CLKARDCLK
Min Period        n/a     RAMB36E1/CLKBWRCLK  n/a            2.944         10.000      7.056      RAMB36_X0Y3   u_tcm/u_ram/ram_reg_1_3/CLKBWRCLK
Min Period        n/a     RAMB36E1/CLKARDCLK  n/a            2.944         10.000      7.056      RAMB36_X1Y2   u_tcm/u_ram/ram_reg_2_0/CLKARDCLK
Min Period        n/a     RAMB36E1/CLKBWRCLK  n/a            2.944         10.000      7.056      RAMB36_X1Y2   u_tcm/u_ram/ram_reg_2_0/CLKBWRCLK
Min Period        n/a     RAMB36E1/CLKARDCLK  n/a            2.944         10.000      7.056      RAMB36_X2Y2   u_tcm/u_ram/ram_reg_2_1/CLKARDCLK
Min Period        n/a     RAMB36E1/CLKBWRCLK  n/a            2.944         10.000      7.056      RAMB36_X2Y2   u_tcm/u_ram/ram_reg_2_1/CLKBWRCLK
Low Pulse Width   Slow    RAMD32/CLK          n/a            1.250         5.000       3.750      SLICE_X34Y6   u_core/u_issue/u_regfile/REGFILE_XILINX_SINGLE.u_reg/reg_loop1[0].reg_bit1a/DP/CLK
Low Pulse Width   Fast    RAMD32/CLK          n/a            1.250         5.000       3.750      SLICE_X34Y6   u_core/u_issue/u_regfile/REGFILE_XILINX_SINGLE.u_reg/reg_loop1[0].reg_bit1a/DP/CLK
Low Pulse Width   Slow    RAMD32/CLK          n/a            1.250         5.000       3.750      SLICE_X34Y6   u_core/u_issue/u_regfile/REGFILE_XILINX_SINGLE.u_reg/reg_loop1[0].reg_bit1a/SP/CLK
Low Pulse Width   Fast    RAMD32/CLK          n/a            1.250         5.000       3.750      SLICE_X34Y6   u_core/u_issue/u_regfile/REGFILE_XILINX_SINGLE.u_reg/reg_loop1[0].reg_bit1a/SP/CLK
Low Pulse Width   Slow    RAMD32/CLK          n/a            1.250         5.000       3.750      SLICE_X34Y6   u_core/u_issue/u_regfile/REGFILE_XILINX_SINGLE.u_reg/reg_loop1[0].reg_bit2a/DP/CLK
Low Pulse Width   Fast    RAMD32/CLK          n/a            1.250         5.000       3.750      SLICE_X34Y6   u_core/u_issue/u_regfile/REGFILE_XILINX_SINGLE.u_reg/reg_loop1[0].reg_bit2a/DP/CLK
Low Pulse Width   Slow    RAMD32/CLK          n/a            1.250         5.000       3.750      SLICE_X34Y6   u_core/u_issue/u_regfile/REGFILE_XILINX_SINGLE.u_reg/reg_loop1[0].reg_bit2a/SP/CLK
Low Pulse Width   Fast    RAMD32/CLK          n/a            1.250         5.000       3.750      SLICE_X34Y6   u_core/u_issue/u_regfile/REGFILE_XILINX_SINGLE.u_reg/reg_loop1[0].reg_bit2a/SP/CLK
Low Pulse Width   Slow    RAMD32/CLK          n/a            1.250         5.000       3.750      SLICE_X10Y13  u_core/u_issue/u_regfile/REGFILE_XILINX_SINGLE.u_reg/reg_loop1[10].reg_bit1a/DP/CLK
Low Pulse Width   Fast    RAMD32/CLK          n/a            1.250         5.000       3.750      SLICE_X10Y13  u_core/u_issue/u_regfile/REGFILE_XILINX_SINGLE.u_reg/reg_loop1[10].reg_bit1a/DP/CLK
Low Pulse Width   Slow    RAMD32/CLK          n/a            1.250         5.000       3.750      SLICE_X10Y13  u_core/u_issue/u_regfile/REGFILE_XILINX_SINGLE.u_reg/reg_loop1[10].reg_bit1a/SP/CLK
Low Pulse Width   Fast    RAMD32/CLK          n/a            1.250         5.000       3.750      SLICE_X10Y13  u_core/u_issue/u_regfile/REGFILE_XILINX_SINGLE.u_reg/reg_loop1[10].reg_bit1a/SP/CLK
Low Pulse Width   Slow    RAMD32/CLK          n/a            1.250         5.000       3.750      SLICE_X10Y13  u_core/u_issue/u_regfile/REGFILE_XILINX_SINGLE.u_reg/reg_loop1[10].reg_bit2a/DP/CLK
Low Pulse Width   Fast    RAMD32/CLK          n/a            1.250         5.000       3.750      SLICE_X10Y13  u_core/u_issue/u_regfile/REGFILE_XILINX_SINGLE.u_reg/reg_loop1[10].reg_bit2a/DP/CLK
Low Pulse Width   Slow    RAMD32/CLK          n/a            1.250         5.000       3.750      SLICE_X10Y13  u_core/u_issue/u_regfile/REGFILE_XILINX_SINGLE.u_reg/reg_loop1[10].reg_bit2a/SP/CLK
Low Pulse Width   Fast    RAMD32/CLK          n/a            1.250         5.000       3.750      SLICE_X10Y13  u_core/u_issue/u_regfile/REGFILE_XILINX_SINGLE.u_reg/reg_loop1[10].reg_bit2a/SP/CLK
Low Pulse Width   Slow    RAMD32/CLK          n/a            1.250         5.000       3.750      SLICE_X10Y7   u_core/u_issue/u_regfile/REGFILE_XILINX_SINGLE.u_reg/reg_loop1[11].reg_bit1a/DP/CLK
Low Pulse Width   Fast    RAMD32/CLK          n/a            1.250         5.000       3.750      SLICE_X10Y7   u_core/u_issue/u_regfile/REGFILE_XILINX_SINGLE.u_reg/reg_loop1[11].reg_bit1a/DP/CLK
Low Pulse Width   Slow    RAMD32/CLK          n/a            1.250         5.000       3.750      SLICE_X10Y7   u_core/u_issue/u_regfile/REGFILE_XILINX_SINGLE.u_reg/reg_loop1[11].reg_bit1a/SP/CLK
Low Pulse Width   Fast    RAMD32/CLK          n/a            1.250         5.000       3.750      SLICE_X10Y7   u_core/u_issue/u_regfile/REGFILE_XILINX_SINGLE.u_reg/reg_loop1[11].reg_bit1a/SP/CLK
High Pulse Width  Slow    RAMD32/CLK          n/a            1.250         5.000       3.750      SLICE_X34Y6   u_core/u_issue/u_regfile/REGFILE_XILINX_SINGLE.u_reg/reg_loop1[0].reg_bit1a/DP/CLK
High Pulse Width  Fast    RAMD32/CLK          n/a            1.250         5.000       3.750      SLICE_X34Y6   u_core/u_issue/u_regfile/REGFILE_XILINX_SINGLE.u_reg/reg_loop1[0].reg_bit1a/DP/CLK
High Pulse Width  Slow    RAMD32/CLK          n/a            1.250         5.000       3.750      SLICE_X34Y6   u_core/u_issue/u_regfile/REGFILE_XILINX_SINGLE.u_reg/reg_loop1[0].reg_bit1a/SP/CLK
High Pulse Width  Fast    RAMD32/CLK          n/a            1.250         5.000       3.750      SLICE_X34Y6   u_core/u_issue/u_regfile/REGFILE_XILINX_SINGLE.u_reg/reg_loop1[0].reg_bit1a/SP/CLK
High Pulse Width  Slow    RAMD32/CLK          n/a            1.250         5.000       3.750      SLICE_X34Y6   u_core/u_issue/u_regfile/REGFILE_XILINX_SINGLE.u_reg/reg_loop1[0].reg_bit2a/DP/CLK
High Pulse Width  Fast    RAMD32/CLK          n/a            1.250         5.000       3.750      SLICE_X34Y6   u_core/u_issue/u_regfile/REGFILE_XILINX_SINGLE.u_reg/reg_loop1[0].reg_bit2a/DP/CLK
High Pulse Width  Slow    RAMD32/CLK          n/a            1.250         5.000       3.750      SLICE_X34Y6   u_core/u_issue/u_regfile/REGFILE_XILINX_SINGLE.u_reg/reg_loop1[0].reg_bit2a/SP/CLK
High Pulse Width  Fast    RAMD32/CLK          n/a            1.250         5.000       3.750      SLICE_X34Y6   u_core/u_issue/u_regfile/REGFILE_XILINX_SINGLE.u_reg/reg_loop1[0].reg_bit2a/SP/CLK
High Pulse Width  Slow    RAMD32/CLK          n/a            1.250         5.000       3.750      SLICE_X10Y13  u_core/u_issue/u_regfile/REGFILE_XILINX_SINGLE.u_reg/reg_loop1[10].reg_bit1a/DP/CLK
High Pulse Width  Fast    RAMD32/CLK          n/a            1.250         5.000       3.750      SLICE_X10Y13  u_core/u_issue/u_regfile/REGFILE_XILINX_SINGLE.u_reg/reg_loop1[10].reg_bit1a/DP/CLK
High Pulse Width  Slow    RAMD32/CLK          n/a            1.250         5.000       3.750      SLICE_X10Y13  u_core/u_issue/u_regfile/REGFILE_XILINX_SINGLE.u_reg/reg_loop1[10].reg_bit1a/SP/CLK
High Pulse Width  Fast    RAMD32/CLK          n/a            1.250         5.000       3.750      SLICE_X10Y13  u_core/u_issue/u_regfile/REGFILE_XILINX_SINGLE.u_reg/reg_loop1[10].reg_bit1a/SP/CLK
High Pulse Width  Slow    RAMD32/CLK          n/a            1.250         5.000       3.750      SLICE_X10Y13  u_core/u_issue/u_regfile/REGFILE_XILINX_SINGLE.u_reg/reg_loop1[10].reg_bit2a/DP/CLK
High Pulse Width  Fast    RAMD32/CLK          n/a            1.250         5.000       3.750      SLICE_X10Y13  u_core/u_issue/u_regfile/REGFILE_XILINX_SINGLE.u_reg/reg_loop1[10].reg_bit2a/DP/CLK
High Pulse Width  Slow    RAMD32/CLK          n/a            1.250         5.000       3.750      SLICE_X10Y13  u_core/u_issue/u_regfile/REGFILE_XILINX_SINGLE.u_reg/reg_loop1[10].reg_bit2a/SP/CLK
High Pulse Width  Fast    RAMD32/CLK          n/a            1.250         5.000       3.750      SLICE_X10Y13  u_core/u_issue/u_regfile/REGFILE_XILINX_SINGLE.u_reg/reg_loop1[10].reg_bit2a/SP/CLK
High Pulse Width  Slow    RAMD32/CLK          n/a            1.250         5.000       3.750      SLICE_X10Y7   u_core/u_issue/u_regfile/REGFILE_XILINX_SINGLE.u_reg/reg_loop1[11].reg_bit1a/DP/CLK
High Pulse Width  Fast    RAMD32/CLK          n/a            1.250         5.000       3.750      SLICE_X10Y7   u_core/u_issue/u_regfile/REGFILE_XILINX_SINGLE.u_reg/reg_loop1[11].reg_bit1a/DP/CLK
High Pulse Width  Slow    RAMD32/CLK          n/a            1.250         5.000       3.750      SLICE_X10Y7   u_core/u_issue/u_regfile/REGFILE_XILINX_SINGLE.u_reg/reg_loop1[11].reg_bit1a/SP/CLK
High Pulse Width  Fast    RAMD32/CLK          n/a            1.250         5.000       3.750      SLICE_X10Y7   u_core/u_issue/u_regfile/REGFILE_XILINX_SINGLE.u_reg/reg_loop1[11].reg_bit1a/SP/CLK



