Copyright 1986-2022 Xilinx, Inc. All Rights Reserved.
--------------------------------------------------------------------------------------------------------------------------------------------------------------------------
| Tool Version : Vivado v.2022.2 (win64) Build 3671981 Fri Oct 14 05:00:03 MDT 2022
| Date         : Mon Sep  7 12:56:37 2026
| Host         : LAPTOP-A7P3RQOS running 64-bit major release  (build 9200)
| Command      : report_timing_summary -delay_type min_max -max_paths 20 -file D:/code/FPGA/vivado/ultra_scalar_bht_btb_xc7z020/reports/param_sweep/A1/timing_summary.rpt
| Design       : riscv_tcm_top
| Device       : 7z020-clg400
| Speed File   : -1  PRODUCTION 1.12 2019-11-22
--------------------------------------------------------------------------------------------------------------------------------------------------------------------------

Timing Summary Report

------------------------------------------------------------------------------------------------
| Timer Settings
| --------------
------------------------------------------------------------------------------------------------

  Enable Multi Corner Analysis               :  Yes
  Enable Pessimism Removal                   :  Yes
  Pessimism Removal Resolution               :  Nearest Common Node
  Enable Input Delay Default Clock           :  No
  Enable Preset / Clear Arcs                 :  No
  Disable Flight Delays                      :  No
  Ignore I/O Paths                           :  No
  Timing Early Launch at Borrowing Latches   :  No
  Borrow Time for Max Delay Exceptions       :  Yes
  Merge Timing Exceptions                    :  Yes

  Corner  Analyze    Analyze    
  Name    Max Paths  Min Paths  
  ------  ---------  ---------  
  Slow    Yes        Yes        
  Fast    Yes        Yes        


------------------------------------------------------------------------------------------------
| Report Methodology
| ------------------
------------------------------------------------------------------------------------------------

No report available as report_methodology has not been run prior. Run report_methodology on the current design for the summary of methodology violations.



check_timing report

Table of Contents
-----------------
1. checking no_clock (0)
2. checking constant_clock (0)
3. checking pulse_width_clock (0)
4. checking unconstrained_internal_endpoints (0)
5. checking no_input_delay (140)
6. checking no_output_delay (145)
7. checking multiple_clock (0)
8. checking generated_clocks (0)
9. checking loops (0)
10. checking partial_input_delay (0)
11. checking partial_output_delay (0)
12. checking latch_loops (0)

1. checking no_clock (0)
------------------------
 There are 0 register/latch pins with no clock.


2. checking constant_clock (0)
------------------------------
 There are 0 register/latch pins with constant_clock.


3. checking pulse_width_clock (0)
---------------------------------
 There are 0 register/latch pins which need pulse_width check


4. checking unconstrained_internal_endpoints (0)
------------------------------------------------
 There are 0 pins that are not constrained for maximum delay.

 There are 0 pins that are not constrained for maximum delay due to constant clock.


5. checking no_input_delay (140)
--------------------------------
 There are 138 input ports with no input delay specified. (HIGH)

 There are 2 input ports with no input delay but user has a false path constraint. (MEDIUM)


6. checking no_output_delay (145)
---------------------------------
 There are 145 ports with no output delay specified. (HIGH)

 There are 0 ports with no output delay but user has a false path constraint

 There are 0 ports with no output delay but with a timing clock defined on it or propagating through it


7. checking multiple_clock (0)
------------------------------
 There are 0 register/latch pins with multiple clocks.


8. checking generated_clocks (0)
--------------------------------
 There are 0 generated clocks that are not connected to a clock source.


9. checking loops (0)
---------------------
 There are 0 combinational loops in the design.


10. checking partial_input_delay (0)
------------------------------------
 There are 0 input ports with partial input delay specified.


11. checking partial_output_delay (0)
-------------------------------------
 There are 0 ports with partial output delay specified.


12. checking latch_loops (0)
----------------------------
 There are 0 combinational latch loops in the design through latch input



------------------------------------------------------------------------------------------------
| Design Timing Summary
| ---------------------
------------------------------------------------------------------------------------------------

    WNS(ns)      TNS(ns)  TNS Failing Endpoints  TNS Total Endpoints      WHS(ns)      THS(ns)  THS Failing Endpoints  THS Total Endpoints     WPWS(ns)     TPWS(ns)  TPWS Failing Endpoints  TPWS Total Endpoints  
    -------      -------  ---------------------  -------------------      -------      -------  ---------------------  -------------------     --------     --------  ----------------------  --------------------  
     -3.518    -1956.518                    949                 6656        0.059        0.000                      0                 6656        3.750        0.000                       0                  2948  


Timing constraints are not met.


------------------------------------------------------------------------------------------------
| Clock Summary
| -------------
------------------------------------------------------------------------------------------------

Clock  Waveform(ns)       Period(ns)      Frequency(MHz)
-----  ------------       ----------      --------------
clk_i  {0.000 5.000}      10.000          100.000         


------------------------------------------------------------------------------------------------
| Intra Clock Table
| -----------------
------------------------------------------------------------------------------------------------

Clock             WNS(ns)      TNS(ns)  TNS Failing Endpoints  TNS Total Endpoints      WHS(ns)      THS(ns)  THS Failing Endpoints  THS Total Endpoints     WPWS(ns)     TPWS(ns)  TPWS Failing Endpoints  TPWS Total Endpoints  
-----             -------      -------  ---------------------  -------------------      -------      -------  ---------------------  -------------------     --------     --------  ----------------------  --------------------  
clk_i              -3.518    -1956.518                    949                 6656        0.059        0.000                      0                 6656        3.750        0.000                       0                  2948  


------------------------------------------------------------------------------------------------
| Inter Clock Table
| -----------------
------------------------------------------------------------------------------------------------

From Clock    To Clock          WNS(ns)      TNS(ns)  TNS Failing Endpoints  TNS Total Endpoints      WHS(ns)      THS(ns)  THS Failing Endpoints  THS Total Endpoints  
----------    --------          -------      -------  ---------------------  -------------------      -------      -------  ---------------------  -------------------  


------------------------------------------------------------------------------------------------
| Other Path Groups Table
| -----------------------
------------------------------------------------------------------------------------------------

Path Group    From Clock    To Clock          WNS(ns)      TNS(ns)  TNS Failing Endpoints  TNS Total Endpoints      WHS(ns)      THS(ns)  THS Failing Endpoints  THS Total Endpoints  
----------    ----------    --------          -------      -------  ---------------------  -------------------      -------      -------  ---------------------  -------------------  


------------------------------------------------------------------------------------------------
| Timing Details
| --------------
------------------------------------------------------------------------------------------------


---------------------------------------------------------------------------------------------------
From Clock:  clk_i
  To Clock:  clk_i

Setup :          949  Failing Endpoints,  Worst Slack       -3.518ns,  Total Violation    -1956.518ns
Hold  :            0  Failing Endpoints,  Worst Slack        0.059ns,  Total Violation        0.000ns
PW    :            0  Failing Endpoints,  Worst Slack        3.750ns,  Total Violation        0.000ns
---------------------------------------------------------------------------------------------------


Max Delay Paths
--------------------------------------------------------------------------------------
Slack (VIOLATED) :        -3.518ns  (required time - arrival time)
  Source:                 u_tcm/u_ram/ram_reg_1_3/CLKBWRCLK
                            (rising edge-triggered cell RAMB36E1 clocked by clk_i  {rise@0.000ns fall@5.000ns period=10.000ns})
  Destination:            u_core/u_fetch/branch_pc_q_reg[5]/D
                            (rising edge-triggered cell FDCE clocked by clk_i  {rise@0.000ns fall@5.000ns period=10.000ns})
  Path Group:             clk_i
  Path Type:              Setup (Max at Slow Process Corner)
  Requirement:            10.000ns  (clk_i rise@10.000ns - clk_i rise@0.000ns)
  Data Path Delay:        13.330ns  (logic 5.053ns (37.907%)  route 8.277ns (62.093%))
  Logic Levels:           13  (CARRY4=2 LUT3=1 LUT5=2 LUT6=6 MUXF7=1 MUXF8=1)
  Clock Path Skew:        -0.183ns (DCD - SCD + CPR)
    Destination Clock Delay (DCD):    1.479ns = ( 11.479 - 10.000 ) 
    Source Clock Delay      (SCD):    1.777ns
    Clock Pessimism Removal (CPR):    0.115ns
  Clock Uncertainty:      0.035ns  ((TSJ^2 + TIJ^2)^1/2 + DJ) / 2 + PE
    Total System Jitter     (TSJ):    0.071ns
    Total Input Jitter      (TIJ):    0.000ns
    Discrete Jitter          (DJ):    0.000ns
    Phase Error              (PE):    0.000ns

    Location             Delay type                Incr(ns)  Path(ns)    Netlist Resource(s)
  -------------------------------------------------------------------    -------------------
                         (clock clk_i rise edge)      0.000     0.000 r  
                                                      0.000     0.000 r  clk_i (IN)
                         net (fo=2947, unset)         1.777     1.777    u_tcm/u_ram/clk_i
    RAMB36_X1Y5          RAMB36E1                                     r  u_tcm/u_ram/ram_reg_1_3/CLKBWRCLK
  -------------------------------------------------------------------    -------------------
    RAMB36_X1Y5          RAMB36E1 (Prop_ramb36e1_CLKBWRCLK_DOBDO[1])
                                                      2.454     4.231 r  u_tcm/u_ram/ram_reg_1_3/DOBDO[1]
                         net (fo=3, routed)           0.971     5.203    u_core/u_fetch/ram_read0_q[15]
    SLICE_X25Y22         LUT3 (Prop_lut3_I1_O)        0.124     5.327 r  u_core/u_fetch/sub_res_w_carry__1_i_84/O
                         net (fo=94, routed)          1.337     6.664    u_core/u_issue/u_regfile/sub_res_w_carry__1_i_45_0
    SLICE_X46Y24         LUT5 (Prop_lut5_I3_O)        0.124     6.788 r  u_core/u_issue/u_regfile/sub_res_w_carry__2_i_88/O
                         net (fo=1, routed)           0.000     6.788    u_core/u_issue/u_regfile/sub_res_w_carry__2_i_88_n_0
    SLICE_X46Y24         MUXF7 (Prop_muxf7_I0_O)      0.241     7.029 r  u_core/u_issue/u_regfile/sub_res_w_carry__2_i_58/O
                         net (fo=1, routed)           0.000     7.029    u_core/u_issue/u_regfile/sub_res_w_carry__2_i_58_n_0
    SLICE_X46Y24         MUXF8 (Prop_muxf8_I0_O)      0.098     7.127 r  u_core/u_issue/u_regfile/sub_res_w_carry__2_i_43/O
                         net (fo=1, routed)           1.053     8.180    u_core/u_issue/u_pipe_ctrl/sub_res_w_carry__2_i_20_1
    SLICE_X26Y24         LUT5 (Prop_lut5_I4_O)        0.319     8.499 r  u_core/u_issue/u_pipe_ctrl/sub_res_w_carry__2_i_33/O
                         net (fo=2, routed)           1.079     9.578    u_core/u_issue/u_pipe_ctrl/sub_res_w_carry__2_i_33_n_0
    SLICE_X22Y26         LUT6 (Prop_lut6_I0_O)        0.124     9.702 r  u_core/u_issue/u_pipe_ctrl/sub_res_w_carry__2_i_20/O
                         net (fo=16, routed)          1.001    10.703    u_core/u_issue/u_pipe_ctrl/result_q_reg[15]_0[0]
    SLICE_X28Y26         LUT6 (Prop_lut6_I5_O)        0.124    10.827 r  u_core/u_issue/u_pipe_ctrl/branch_update_valid_q_i_100/O
                         net (fo=1, routed)           0.000    10.827    u_core/u_issue/u_pipe_ctrl/branch_update_valid_q_i_100_n_0
    SLICE_X28Y26         CARRY4 (Prop_carry4_S[0]_CO[3])
                                                      0.532    11.359 r  u_core/u_issue/u_pipe_ctrl/branch_update_valid_q_reg_i_51/CO[3]
                         net (fo=1, routed)           0.000    11.359    u_core/u_issue/u_pipe_ctrl/branch_update_valid_q_reg_i_51_n_0
    SLICE_X28Y27         CARRY4 (Prop_carry4_CI_CO[2])
                                                      0.228    11.587 r  u_core/u_issue/u_pipe_ctrl/branch_update_valid_q_reg_i_23/CO[2]
                         net (fo=3, routed)           0.836    12.423    u_core/u_issue/u_pipe_ctrl/branch_update_valid_q_i_54_0[0]
    SLICE_X29Y28         LUT6 (Prop_lut6_I3_O)        0.313    12.736 r  u_core/u_issue/u_pipe_ctrl/branch_update_valid_q_i_24/O
                         net (fo=2, routed)           0.307    13.043    u_core/u_fetch/branch_update_valid_q_i_4_0
    SLICE_X29Y29         LUT6 (Prop_lut6_I2_O)        0.124    13.167 r  u_core/u_fetch/branch_update_valid_q_i_20/O
                         net (fo=61, routed)          0.857    14.024    u_core/u_fetch/branch_update_valid_q_i_20_n_0
    SLICE_X29Y27         LUT6 (Prop_lut6_I5_O)        0.124    14.148 r  u_core/u_fetch/branch_pc_q[5]_i_3/O
                         net (fo=1, routed)           0.836    14.984    u_core/u_fetch/branch_pc_q[5]_i_3_n_0
    SLICE_X35Y24         LUT6 (Prop_lut6_I4_O)        0.124    15.108 r  u_core/u_fetch/branch_pc_q[5]_i_1/O
                         net (fo=1, routed)           0.000    15.108    u_core/u_fetch/branch_pc_q[5]_i_1_n_0
    SLICE_X35Y24         FDCE                                         r  u_core/u_fetch/branch_pc_q_reg[5]/D
  -------------------------------------------------------------------    -------------------

                         (clock clk_i rise edge)     10.000    10.000 r  
                                                      0.000    10.000 r  clk_i (IN)
                         net (fo=2947, unset)         1.479    11.479    u_core/u_fetch/clk_i
    SLICE_X35Y24         FDCE                                         r  u_core/u_fetch/branch_pc_q_reg[5]/C
                         clock pessimism              0.115    11.594    
                         clock uncertainty           -0.035    11.559    
    SLICE_X35Y24         FDCE (Setup_fdce_C_D)        0.031    11.590    u_core/u_fetch/branch_pc_q_reg[5]
  -------------------------------------------------------------------
                         required time                         11.590    
                         arrival time                         -15.108    
  -------------------------------------------------------------------
                         slack                                 -3.518    

Slack (VIOLATED) :        -3.423ns  (required time - arrival time)
  Source:                 u_tcm/u_ram/ram_reg_1_3/CLKBWRCLK
                            (rising edge-triggered cell RAMB36E1 clocked by clk_i  {rise@0.000ns fall@5.000ns period=10.000ns})
  Destination:            u_core/u_fetch/branch_pc_q_reg[4]/CE
                            (rising edge-triggered cell FDCE clocked by clk_i  {rise@0.000ns fall@5.000ns period=10.000ns})
  Path Group:             clk_i
  Path Type:              Setup (Max at Slow Process Corner)
  Requirement:            10.000ns  (clk_i rise@10.000ns - clk_i rise@0.000ns)
  Data Path Delay:        13.044ns  (logic 4.929ns (37.786%)  route 8.115ns (62.214%))
  Logic Levels:           12  (CARRY4=2 LUT3=1 LUT5=2 LUT6=5 MUXF7=1 MUXF8=1)
  Clock Path Skew:        -0.174ns (DCD - SCD + CPR)
    Destination Clock Delay (DCD):    1.488ns = ( 11.488 - 10.000 ) 
    Source Clock Delay      (SCD):    1.777ns
    Clock Pessimism Removal (CPR):    0.115ns
  Clock Uncertainty:      0.035ns  ((TSJ^2 + TIJ^2)^1/2 + DJ) / 2 + PE
    Total System Jitter     (TSJ):    0.071ns
    Total Input Jitter      (TIJ):    0.000ns
    Discrete Jitter          (DJ):    0.000ns
    Phase Error              (PE):    0.000ns

    Location             Delay type                Incr(ns)  Path(ns)    Netlist Resource(s)
  -------------------------------------------------------------------    -------------------
                         (clock clk_i rise edge)      0.000     0.000 r  
                                                      0.000     0.000 r  clk_i (IN)
                         net (fo=2947, unset)         1.777     1.777    u_tcm/u_ram/clk_i
    RAMB36_X1Y5          RAMB36E1                                     r  u_tcm/u_ram/ram_reg_1_3/CLKBWRCLK
  -------------------------------------------------------------------    -------------------
    RAMB36_X1Y5          RAMB36E1 (Prop_ramb36e1_CLKBWRCLK_DOBDO[1])
                                                      2.454     4.231 r  u_tcm/u_ram/ram_reg_1_3/DOBDO[1]
                         net (fo=3, routed)           0.971     5.203    u_core/u_fetch/ram_read0_q[15]
    SLICE_X25Y22         LUT3 (Prop_lut3_I1_O)        0.124     5.327 r  u_core/u_fetch/sub_res_w_carry__1_i_84/O
                         net (fo=94, routed)          1.337     6.664    u_core/u_issue/u_regfile/sub_res_w_carry__1_i_45_0
    SLICE_X46Y24         LUT5 (Prop_lut5_I3_O)        0.124     6.788 r  u_core/u_issue/u_regfile/sub_res_w_carry__2_i_88/O
                         net (fo=1, routed)           0.000     6.788    u_core/u_issue/u_regfile/sub_res_w_carry__2_i_88_n_0
    SLICE_X46Y24         MUXF7 (Prop_muxf7_I0_O)      0.241     7.029 r  u_core/u_issue/u_regfile/sub_res_w_carry__2_i_58/O
                         net (fo=1, routed)           0.000     7.029    u_core/u_issue/u_regfile/sub_res_w_carry__2_i_58_n_0
    SLICE_X46Y24         MUXF8 (Prop_muxf8_I0_O)      0.098     7.127 r  u_core/u_issue/u_regfile/sub_res_w_carry__2_i_43/O
                         net (fo=1, routed)           1.053     8.180    u_core/u_issue/u_pipe_ctrl/sub_res_w_carry__2_i_20_1
    SLICE_X26Y24         LUT5 (Prop_lut5_I4_O)        0.319     8.499 r  u_core/u_issue/u_pipe_ctrl/sub_res_w_carry__2_i_33/O
                         net (fo=2, routed)           1.079     9.578    u_core/u_issue/u_pipe_ctrl/sub_res_w_carry__2_i_33_n_0
    SLICE_X22Y26         LUT6 (Prop_lut6_I0_O)        0.124     9.702 r  u_core/u_issue/u_pipe_ctrl/sub_res_w_carry__2_i_20/O
                         net (fo=16, routed)          1.001    10.703    u_core/u_issue/u_pipe_ctrl/result_q_reg[15]_0[0]
    SLICE_X28Y26         LUT6 (Prop_lut6_I5_O)        0.124    10.827 r  u_core/u_issue/u_pipe_ctrl/branch_update_valid_q_i_100/O
                         net (fo=1, routed)           0.000    10.827    u_core/u_issue/u_pipe_ctrl/branch_update_valid_q_i_100_n_0
    SLICE_X28Y26         CARRY4 (Prop_carry4_S[0]_CO[3])
                                                      0.532    11.359 r  u_core/u_issue/u_pipe_ctrl/branch_update_valid_q_reg_i_51/CO[3]
                         net (fo=1, routed)           0.000    11.359    u_core/u_issue/u_pipe_ctrl/branch_update_valid_q_reg_i_51_n_0
    SLICE_X28Y27         CARRY4 (Prop_carry4_CI_CO[2])
                                                      0.228    11.587 r  u_core/u_issue/u_pipe_ctrl/branch_update_valid_q_reg_i_23/CO[2]
                         net (fo=3, routed)           0.836    12.423    u_core/u_issue/u_pipe_ctrl/branch_update_valid_q_i_54_0[0]
    SLICE_X29Y28         LUT6 (Prop_lut6_I3_O)        0.313    12.736 r  u_core/u_issue/u_pipe_ctrl/branch_update_valid_q_i_24/O
                         net (fo=2, routed)           0.167    12.903    u_core/u_fetch/branch_update_valid_q_i_4_0
    SLICE_X29Y28         LUT6 (Prop_lut6_I2_O)        0.124    13.027 r  u_core/u_fetch/branch_update_valid_q_i_13/O
                         net (fo=4, routed)           0.663    13.690    u_core/u_fetch/branch_update_valid_q_i_13_n_0
    SLICE_X31Y27         LUT6 (Prop_lut6_I3_O)        0.124    13.814 r  u_core/u_fetch/branch_pc_q[31]_i_1_comp/O
                         net (fo=31, routed)          1.008    14.822    u_core/u_fetch/branch_pc_q[31]_i_1_n_0
    SLICE_X32Y33         FDCE                                         r  u_core/u_fetch/branch_pc_q_reg[4]/CE
  -------------------------------------------------------------------    -------------------

                         (clock clk_i rise edge)     10.000    10.000 r  
                                                      0.000    10.000 r  clk_i (IN)
                         net (fo=2947, unset)         1.488    11.488    u_core/u_fetch/clk_i
    SLICE_X32Y33         FDCE                                         r  u_core/u_fetch/branch_pc_q_reg[4]/C
                         clock pessimism              0.115    11.603    
                         clock uncertainty           -0.035    11.568    
    SLICE_X32Y33         FDCE (Setup_fdce_C_CE)      -0.169    11.399    u_core/u_fetch/branch_pc_q_reg[4]
  -------------------------------------------------------------------
                         required time                         11.399    
                         arrival time                         -14.822    
  -------------------------------------------------------------------
                         slack                                 -3.423    

Slack (VIOLATED) :        -3.420ns  (required time - arrival time)
  Source:                 u_tcm/u_ram/ram_reg_1_3/CLKBWRCLK
                            (rising edge-triggered cell RAMB36E1 clocked by clk_i  {rise@0.000ns fall@5.000ns period=10.000ns})
  Destination:            u_core/u_fetch/branch_pc_q_reg[10]/D
                            (rising edge-triggered cell FDCE clocked by clk_i  {rise@0.000ns fall@5.000ns period=10.000ns})
  Path Group:             clk_i
  Path Type:              Setup (Max at Slow Process Corner)
  Requirement:            10.000ns  (clk_i rise@10.000ns - clk_i rise@0.000ns)
  Data Path Delay:        13.284ns  (logic 5.053ns (38.040%)  route 8.231ns (61.960%))
  Logic Levels:           13  (CARRY4=2 LUT3=1 LUT5=2 LUT6=6 MUXF7=1 MUXF8=1)
  Clock Path Skew:        -0.182ns (DCD - SCD + CPR)
    Destination Clock Delay (DCD):    1.480ns = ( 11.480 - 10.000 ) 
    Source Clock Delay      (SCD):    1.777ns
    Clock Pessimism Removal (CPR):    0.115ns
  Clock Uncertainty:      0.035ns  ((TSJ^2 + TIJ^2)^1/2 + DJ) / 2 + PE
    Total System Jitter     (TSJ):    0.071ns
    Total Input Jitter      (TIJ):    0.000ns
    Discrete Jitter          (DJ):    0.000ns
    Phase Error              (PE):    0.000ns

    Location             Delay type                Incr(ns)  Path(ns)    Netlist Resource(s)
  -------------------------------------------------------------------    -------------------
                         (clock clk_i rise edge)      0.000     0.000 r  
                                                      0.000     0.000 r  clk_i (IN)
                         net (fo=2947, unset)         1.777     1.777    u_tcm/u_ram/clk_i
    RAMB36_X1Y5          RAMB36E1                                     r  u_tcm/u_ram/ram_reg_1_3/CLKBWRCLK
  -------------------------------------------------------------------    -------------------
    RAMB36_X1Y5          RAMB36E1 (Prop_ramb36e1_CLKBWRCLK_DOBDO[1])
                                                      2.454     4.231 r  u_tcm/u_ram/ram_reg_1_3/DOBDO[1]
                         net (fo=3, routed)           0.971     5.203    u_core/u_fetch/ram_read0_q[15]
    SLICE_X25Y22         LUT3 (Prop_lut3_I1_O)        0.124     5.327 r  u_core/u_fetch/sub_res_w_carry__1_i_84/O
                         net (fo=94, routed)          1.337     6.664    u_core/u_issue/u_regfile/sub_res_w_carry__1_i_45_0
    SLICE_X46Y24         LUT5 (Prop_lut5_I3_O)        0.124     6.788 r  u_core/u_issue/u_regfile/sub_res_w_carry__2_i_88/O
                         net (fo=1, routed)           0.000     6.788    u_core/u_issue/u_regfile/sub_res_w_carry__2_i_88_n_0
    SLICE_X46Y24         MUXF7 (Prop_muxf7_I0_O)      0.241     7.029 r  u_core/u_issue/u_regfile/sub_res_w_carry__2_i_58/O
                         net (fo=1, routed)           0.000     7.029    u_core/u_issue/u_regfile/sub_res_w_carry__2_i_58_n_0
    SLICE_X46Y24         MUXF8 (Prop_muxf8_I0_O)      0.098     7.127 r  u_core/u_issue/u_regfile/sub_res_w_carry__2_i_43/O
                         net (fo=1, routed)           1.053     8.180    u_core/u_issue/u_pipe_ctrl/sub_res_w_carry__2_i_20_1
    SLICE_X26Y24         LUT5 (Prop_lut5_I4_O)        0.319     8.499 r  u_core/u_issue/u_pipe_ctrl/sub_res_w_carry__2_i_33/O
                         net (fo=2, routed)           1.079     9.578    u_core/u_issue/u_pipe_ctrl/sub_res_w_carry__2_i_33_n_0
    SLICE_X22Y26         LUT6 (Prop_lut6_I0_O)        0.124     9.702 r  u_core/u_issue/u_pipe_ctrl/sub_res_w_carry__2_i_20/O
                         net (fo=16, routed)          1.001    10.703    u_core/u_issue/u_pipe_ctrl/result_q_reg[15]_0[0]
    SLICE_X28Y26         LUT6 (Prop_lut6_I5_O)        0.124    10.827 r  u_core/u_issue/u_pipe_ctrl/branch_update_valid_q_i_100/O
                         net (fo=1, routed)           0.000    10.827    u_core/u_issue/u_pipe_ctrl/branch_update_valid_q_i_100_n_0
    SLICE_X28Y26         CARRY4 (Prop_carry4_S[0]_CO[3])
                                                      0.532    11.359 r  u_core/u_issue/u_pipe_ctrl/branch_update_valid_q_reg_i_51/CO[3]
                         net (fo=1, routed)           0.000    11.359    u_core/u_issue/u_pipe_ctrl/branch_update_valid_q_reg_i_51_n_0
    SLICE_X28Y27         CARRY4 (Prop_carry4_CI_CO[2])
                                                      0.228    11.587 r  u_core/u_issue/u_pipe_ctrl/branch_update_valid_q_reg_i_23/CO[2]
                         net (fo=3, routed)           0.836    12.423    u_core/u_issue/u_pipe_ctrl/branch_update_valid_q_i_54_0[0]
    SLICE_X29Y28         LUT6 (Prop_lut6_I3_O)        0.313    12.736 r  u_core/u_issue/u_pipe_ctrl/branch_update_valid_q_i_24/O
                         net (fo=2, routed)           0.307    13.043    u_core/u_fetch/branch_update_valid_q_i_4_0
    SLICE_X29Y29         LUT6 (Prop_lut6_I2_O)        0.124    13.167 r  u_core/u_fetch/branch_update_valid_q_i_20/O
                         net (fo=61, routed)          1.171    14.338    u_core/u_fetch/branch_update_valid_q_i_20_n_0
    SLICE_X33Y23         LUT6 (Prop_lut6_I2_O)        0.124    14.462 r  u_core/u_fetch/branch_pc_q[10]_i_2/O
                         net (fo=1, routed)           0.475    14.937    u_core/u_fetch/branch_pc_q[10]_i_2_n_0
    SLICE_X32Y23         LUT6 (Prop_lut6_I3_O)        0.124    15.061 r  u_core/u_fetch/branch_pc_q[10]_i_1/O
                         net (fo=1, routed)           0.000    15.061    u_core/u_fetch/branch_pc_q[10]_i_1_n_0
    SLICE_X32Y23         FDCE                                         r  u_core/u_fetch/branch_pc_q_reg[10]/D
  -------------------------------------------------------------------    -------------------

                         (clock clk_i rise edge)     10.000    10.000 r  
                                                      0.000    10.000 r  clk_i (IN)
                         net (fo=2947, unset)         1.480    11.480    u_core/u_fetch/clk_i
    SLICE_X32Y23         FDCE                                         r  u_core/u_fetch/branch_pc_q_reg[10]/C
                         clock pessimism              0.115    11.595    
                         clock uncertainty           -0.035    11.560    
    SLICE_X32Y23         FDCE (Setup_fdce_C_D)        0.081    11.641    u_core/u_fetch/branch_pc_q_reg[10]
  -------------------------------------------------------------------
                         required time                         11.641    
                         arrival time                         -15.061    
  -------------------------------------------------------------------
                         slack                                 -3.420    

Slack (VIOLATED) :        -3.415ns  (required time - arrival time)
  Source:                 u_tcm/u_ram/ram_reg_1_3/CLKBWRCLK
                            (rising edge-triggered cell RAMB36E1 clocked by clk_i  {rise@0.000ns fall@5.000ns period=10.000ns})
  Destination:            u_core/u_fetch/branch_pc_q_reg[28]/D
                            (rising edge-triggered cell FDCE clocked by clk_i  {rise@0.000ns fall@5.000ns period=10.000ns})
  Path Group:             clk_i
  Path Type:              Setup (Max at Slow Process Corner)
  Requirement:            10.000ns  (clk_i rise@10.000ns - clk_i rise@0.000ns)
  Data Path Delay:        13.304ns  (logic 5.053ns (37.981%)  route 8.251ns (62.019%))
  Logic Levels:           13  (CARRY4=2 LUT3=1 LUT5=2 LUT6=6 MUXF7=1 MUXF8=1)
  Clock Path Skew:        -0.106ns (DCD - SCD + CPR)
    Destination Clock Delay (DCD):    1.556ns = ( 11.556 - 10.000 ) 
    Source Clock Delay      (SCD):    1.777ns
    Clock Pessimism Removal (CPR):    0.115ns
  Clock Uncertainty:      0.035ns  ((TSJ^2 + TIJ^2)^1/2 + DJ) / 2 + PE
    Total System Jitter     (TSJ):    0.071ns
    Total Input Jitter      (TIJ):    0.000ns
    Discrete Jitter          (DJ):    0.000ns
    Phase Error              (PE):    0.000ns

    Location             Delay type                Incr(ns)  Path(ns)    Netlist Resource(s)
  -------------------------------------------------------------------    -------------------
                         (clock clk_i rise edge)      0.000     0.000 r  
                                                      0.000     0.000 r  clk_i (IN)
                         net (fo=2947, unset)         1.777     1.777    u_tcm/u_ram/clk_i
    RAMB36_X1Y5          RAMB36E1                                     r  u_tcm/u_ram/ram_reg_1_3/CLKBWRCLK
  -------------------------------------------------------------------    -------------------
    RAMB36_X1Y5          RAMB36E1 (Prop_ramb36e1_CLKBWRCLK_DOBDO[1])
                                                      2.454     4.231 r  u_tcm/u_ram/ram_reg_1_3/DOBDO[1]
                         net (fo=3, routed)           0.971     5.203    u_core/u_fetch/ram_read0_q[15]
    SLICE_X25Y22         LUT3 (Prop_lut3_I1_O)        0.124     5.327 r  u_core/u_fetch/sub_res_w_carry__1_i_84/O
                         net (fo=94, routed)          1.337     6.664    u_core/u_issue/u_regfile/sub_res_w_carry__1_i_45_0
    SLICE_X46Y24         LUT5 (Prop_lut5_I3_O)        0.124     6.788 r  u_core/u_issue/u_regfile/sub_res_w_carry__2_i_88/O
                         net (fo=1, routed)           0.000     6.788    u_core/u_issue/u_regfile/sub_res_w_carry__2_i_88_n_0
    SLICE_X46Y24         MUXF7 (Prop_muxf7_I0_O)      0.241     7.029 r  u_core/u_issue/u_regfile/sub_res_w_carry__2_i_58/O
                         net (fo=1, routed)           0.000     7.029    u_core/u_issue/u_regfile/sub_res_w_carry__2_i_58_n_0
    SLICE_X46Y24         MUXF8 (Prop_muxf8_I0_O)      0.098     7.127 r  u_core/u_issue/u_regfile/sub_res_w_carry__2_i_43/O
                         net (fo=1, routed)           1.053     8.180    u_core/u_issue/u_pipe_ctrl/sub_res_w_carry__2_i_20_1
    SLICE_X26Y24         LUT5 (Prop_lut5_I4_O)        0.319     8.499 r  u_core/u_issue/u_pipe_ctrl/sub_res_w_carry__2_i_33/O
                         net (fo=2, routed)           1.079     9.578    u_core/u_issue/u_pipe_ctrl/sub_res_w_carry__2_i_33_n_0
    SLICE_X22Y26         LUT6 (Prop_lut6_I0_O)        0.124     9.702 r  u_core/u_issue/u_pipe_ctrl/sub_res_w_carry__2_i_20/O
                         net (fo=16, routed)          1.001    10.703    u_core/u_issue/u_pipe_ctrl/result_q_reg[15]_0[0]
    SLICE_X28Y26         LUT6 (Prop_lut6_I5_O)        0.124    10.827 r  u_core/u_issue/u_pipe_ctrl/branch_update_valid_q_i_100/O
                         net (fo=1, routed)           0.000    10.827    u_core/u_issue/u_pipe_ctrl/branch_update_valid_q_i_100_n_0
    SLICE_X28Y26         CARRY4 (Prop_carry4_S[0]_CO[3])
                                                      0.532    11.359 r  u_core/u_issue/u_pipe_ctrl/branch_update_valid_q_reg_i_51/CO[3]
                         net (fo=1, routed)           0.000    11.359    u_core/u_issue/u_pipe_ctrl/branch_update_valid_q_reg_i_51_n_0
    SLICE_X28Y27         CARRY4 (Prop_carry4_CI_CO[2])
                                                      0.228    11.587 r  u_core/u_issue/u_pipe_ctrl/branch_update_valid_q_reg_i_23/CO[2]
                         net (fo=3, routed)           0.836    12.423    u_core/u_issue/u_pipe_ctrl/branch_update_valid_q_i_54_0[0]
    SLICE_X29Y28         LUT6 (Prop_lut6_I3_O)        0.313    12.736 r  u_core/u_issue/u_pipe_ctrl/branch_update_valid_q_i_24/O
                         net (fo=2, routed)           0.307    13.043    u_core/u_fetch/branch_update_valid_q_i_4_0
    SLICE_X29Y29         LUT6 (Prop_lut6_I2_O)        0.124    13.167 r  u_core/u_fetch/branch_update_valid_q_i_20/O
                         net (fo=61, routed)          1.047    14.213    u_core/u_fetch/branch_update_valid_q_i_20_n_0
    SLICE_X29Y24         LUT6 (Prop_lut6_I2_O)        0.124    14.337 r  u_core/u_fetch/branch_pc_q[28]_i_2/O
                         net (fo=1, routed)           0.620    14.958    u_core/u_fetch/branch_pc_q[28]_i_2_n_0
    SLICE_X29Y26         LUT6 (Prop_lut6_I3_O)        0.124    15.082 r  u_core/u_fetch/branch_pc_q[28]_i_1/O
                         net (fo=1, routed)           0.000    15.082    u_core/u_fetch/branch_pc_q[28]_i_1_n_0
    SLICE_X29Y26         FDCE                                         r  u_core/u_fetch/branch_pc_q_reg[28]/D
  -------------------------------------------------------------------    -------------------

                         (clock clk_i rise edge)     10.000    10.000 r  
                                                      0.000    10.000 r  clk_i (IN)
                         net (fo=2947, unset)         1.556    11.556    u_core/u_fetch/clk_i
    SLICE_X29Y26         FDCE                                         r  u_core/u_fetch/branch_pc_q_reg[28]/C
                         clock pessimism              0.115    11.671    
                         clock uncertainty           -0.035    11.636    
    SLICE_X29Y26         FDCE (Setup_fdce_C_D)        0.031    11.667    u_core/u_fetch/branch_pc_q_reg[28]
  -------------------------------------------------------------------
                         required time                         11.667    
                         arrival time                         -15.082    
  -------------------------------------------------------------------
                         slack                                 -3.415    

Slack (VIOLATED) :        -3.413ns  (required time - arrival time)
  Source:                 u_tcm/u_ram/ram_reg_1_3/CLKBWRCLK
                            (rising edge-triggered cell RAMB36E1 clocked by clk_i  {rise@0.000ns fall@5.000ns period=10.000ns})
  Destination:            u_core/u_fetch/branch_pc_q_reg[16]/D
                            (rising edge-triggered cell FDCE clocked by clk_i  {rise@0.000ns fall@5.000ns period=10.000ns})
  Path Group:             clk_i
  Path Type:              Setup (Max at Slow Process Corner)
  Requirement:            10.000ns  (clk_i rise@10.000ns - clk_i rise@0.000ns)
  Data Path Delay:        13.272ns  (logic 5.053ns (38.074%)  route 8.219ns (61.926%))
  Logic Levels:           13  (CARRY4=2 LUT3=1 LUT5=2 LUT6=6 MUXF7=1 MUXF8=1)
  Clock Path Skew:        -0.182ns (DCD - SCD + CPR)
    Destination Clock Delay (DCD):    1.480ns = ( 11.480 - 10.000 ) 
    Source Clock Delay      (SCD):    1.777ns
    Clock Pessimism Removal (CPR):    0.115ns
  Clock Uncertainty:      0.035ns  ((TSJ^2 + TIJ^2)^1/2 + DJ) / 2 + PE
    Total System Jitter     (TSJ):    0.071ns
    Total Input Jitter      (TIJ):    0.000ns
    Discrete Jitter          (DJ):    0.000ns
    Phase Error              (PE):    0.000ns

    Location             Delay type                Incr(ns)  Path(ns)    Netlist Resource(s)
  -------------------------------------------------------------------    -------------------
                         (clock clk_i rise edge)      0.000     0.000 r  
                                                      0.000     0.000 r  clk_i (IN)
                         net (fo=2947, unset)         1.777     1.777    u_tcm/u_ram/clk_i
    RAMB36_X1Y5          RAMB36E1                                     r  u_tcm/u_ram/ram_reg_1_3/CLKBWRCLK
  -------------------------------------------------------------------    -------------------
    RAMB36_X1Y5          RAMB36E1 (Prop_ramb36e1_CLKBWRCLK_DOBDO[1])
                                                      2.454     4.231 r  u_tcm/u_ram/ram_reg_1_3/DOBDO[1]
                         net (fo=3, routed)           0.971     5.203    u_core/u_fetch/ram_read0_q[15]
    SLICE_X25Y22         LUT3 (Prop_lut3_I1_O)        0.124     5.327 r  u_core/u_fetch/sub_res_w_carry__1_i_84/O
                         net (fo=94, routed)          1.337     6.664    u_core/u_issue/u_regfile/sub_res_w_carry__1_i_45_0
    SLICE_X46Y24         LUT5 (Prop_lut5_I3_O)        0.124     6.788 r  u_core/u_issue/u_regfile/sub_res_w_carry__2_i_88/O
                         net (fo=1, routed)           0.000     6.788    u_core/u_issue/u_regfile/sub_res_w_carry__2_i_88_n_0
    SLICE_X46Y24         MUXF7 (Prop_muxf7_I0_O)      0.241     7.029 r  u_core/u_issue/u_regfile/sub_res_w_carry__2_i_58/O
                         net (fo=1, routed)           0.000     7.029    u_core/u_issue/u_regfile/sub_res_w_carry__2_i_58_n_0
    SLICE_X46Y24         MUXF8 (Prop_muxf8_I0_O)      0.098     7.127 r  u_core/u_issue/u_regfile/sub_res_w_carry__2_i_43/O
                         net (fo=1, routed)           1.053     8.180    u_core/u_issue/u_pipe_ctrl/sub_res_w_carry__2_i_20_1
    SLICE_X26Y24         LUT5 (Prop_lut5_I4_O)        0.319     8.499 r  u_core/u_issue/u_pipe_ctrl/sub_res_w_carry__2_i_33/O
                         net (fo=2, routed)           1.079     9.578    u_core/u_issue/u_pipe_ctrl/sub_res_w_carry__2_i_33_n_0
    SLICE_X22Y26         LUT6 (Prop_lut6_I0_O)        0.124     9.702 r  u_core/u_issue/u_pipe_ctrl/sub_res_w_carry__2_i_20/O
                         net (fo=16, routed)          1.001    10.703    u_core/u_issue/u_pipe_ctrl/result_q_reg[15]_0[0]
    SLICE_X28Y26         LUT6 (Prop_lut6_I5_O)        0.124    10.827 r  u_core/u_issue/u_pipe_ctrl/branch_update_valid_q_i_100/O
                         net (fo=1, routed)           0.000    10.827    u_core/u_issue/u_pipe_ctrl/branch_update_valid_q_i_100_n_0
    SLICE_X28Y26         CARRY4 (Prop_carry4_S[0]_CO[3])
                                                      0.532    11.359 r  u_core/u_issue/u_pipe_ctrl/branch_update_valid_q_reg_i_51/CO[3]
                         net (fo=1, routed)           0.000    11.359    u_core/u_issue/u_pipe_ctrl/branch_update_valid_q_reg_i_51_n_0
    SLICE_X28Y27         CARRY4 (Prop_carry4_CI_CO[2])
                                                      0.228    11.587 r  u_core/u_issue/u_pipe_ctrl/branch_update_valid_q_reg_i_23/CO[2]
                         net (fo=3, routed)           0.836    12.423    u_core/u_issue/u_pipe_ctrl/branch_update_valid_q_i_54_0[0]
    SLICE_X29Y28         LUT6 (Prop_lut6_I3_O)        0.313    12.736 r  u_core/u_issue/u_pipe_ctrl/branch_update_valid_q_i_24/O
                         net (fo=2, routed)           0.307    13.043    u_core/u_fetch/branch_update_valid_q_i_4_0
    SLICE_X29Y29         LUT6 (Prop_lut6_I2_O)        0.124    13.167 r  u_core/u_fetch/branch_update_valid_q_i_20/O
                         net (fo=61, routed)          1.032    14.199    u_core/u_fetch/branch_update_valid_q_i_20_n_0
    SLICE_X34Y23         LUT6 (Prop_lut6_I2_O)        0.124    14.323 r  u_core/u_fetch/branch_pc_q[16]_i_2/O
                         net (fo=1, routed)           0.602    14.925    u_core/u_fetch/branch_pc_q[16]_i_2_n_0
    SLICE_X32Y23         LUT6 (Prop_lut6_I3_O)        0.124    15.049 r  u_core/u_fetch/branch_pc_q[16]_i_1/O
                         net (fo=1, routed)           0.000    15.049    u_core/u_fetch/branch_pc_q[16]_i_1_n_0
    SLICE_X32Y23         FDCE                                         r  u_core/u_fetch/branch_pc_q_reg[16]/D
  -------------------------------------------------------------------    -------------------

                         (clock clk_i rise edge)     10.000    10.000 r  
                                                      0.000    10.000 r  clk_i (IN)
                         net (fo=2947, unset)         1.480    11.480    u_core/u_fetch/clk_i
    SLICE_X32Y23         FDCE                                         r  u_core/u_fetch/branch_pc_q_reg[16]/C
                         clock pessimism              0.115    11.595    
                         clock uncertainty           -0.035    11.560    
    SLICE_X32Y23         FDCE (Setup_fdce_C_D)        0.077    11.637    u_core/u_fetch/branch_pc_q_reg[16]
  -------------------------------------------------------------------
                         required time                         11.637    
                         arrival time                         -15.049    
  -------------------------------------------------------------------
                         slack                                 -3.413    

Slack (VIOLATED) :        -3.406ns  (required time - arrival time)
  Source:                 u_tcm/u_ram/ram_reg_1_3/CLKBWRCLK
                            (rising edge-triggered cell RAMB36E1 clocked by clk_i  {rise@0.000ns fall@5.000ns period=10.000ns})
  Destination:            u_core/u_fetch/branch_pc_q_reg[26]/D
                            (rising edge-triggered cell FDCE clocked by clk_i  {rise@0.000ns fall@5.000ns period=10.000ns})
  Path Group:             clk_i
  Path Type:              Setup (Max at Slow Process Corner)
  Requirement:            10.000ns  (clk_i rise@10.000ns - clk_i rise@0.000ns)
  Data Path Delay:        13.293ns  (logic 5.053ns (38.011%)  route 8.240ns (61.989%))
  Logic Levels:           13  (CARRY4=2 LUT3=1 LUT5=2 LUT6=6 MUXF7=1 MUXF8=1)
  Clock Path Skew:        -0.106ns (DCD - SCD + CPR)
    Destination Clock Delay (DCD):    1.556ns = ( 11.556 - 10.000 ) 
    Source Clock Delay      (SCD):    1.777ns
    Clock Pessimism Removal (CPR):    0.115ns
  Clock Uncertainty:      0.035ns  ((TSJ^2 + TIJ^2)^1/2 + DJ) / 2 + PE
    Total System Jitter     (TSJ):    0.071ns
    Total Input Jitter      (TIJ):    0.000ns
    Discrete Jitter          (DJ):    0.000ns
    Phase Error              (PE):    0.000ns

    Location             Delay type                Incr(ns)  Path(ns)    Netlist Resource(s)
  -------------------------------------------------------------------    -------------------
                         (clock clk_i rise edge)      0.000     0.000 r  
                                                      0.000     0.000 r  clk_i (IN)
                         net (fo=2947, unset)         1.777     1.777    u_tcm/u_ram/clk_i
    RAMB36_X1Y5          RAMB36E1                                     r  u_tcm/u_ram/ram_reg_1_3/CLKBWRCLK
  -------------------------------------------------------------------    -------------------
    RAMB36_X1Y5          RAMB36E1 (Prop_ramb36e1_CLKBWRCLK_DOBDO[1])
                                                      2.454     4.231 r  u_tcm/u_ram/ram_reg_1_3/DOBDO[1]
                         net (fo=3, routed)           0.971     5.203    u_core/u_fetch/ram_read0_q[15]
    SLICE_X25Y22         LUT3 (Prop_lut3_I1_O)        0.124     5.327 r  u_core/u_fetch/sub_res_w_carry__1_i_84/O
                         net (fo=94, routed)          1.337     6.664    u_core/u_issue/u_regfile/sub_res_w_carry__1_i_45_0
    SLICE_X46Y24         LUT5 (Prop_lut5_I3_O)        0.124     6.788 r  u_core/u_issue/u_regfile/sub_res_w_carry__2_i_88/O
                         net (fo=1, routed)           0.000     6.788    u_core/u_issue/u_regfile/sub_res_w_carry__2_i_88_n_0
    SLICE_X46Y24         MUXF7 (Prop_muxf7_I0_O)      0.241     7.029 r  u_core/u_issue/u_regfile/sub_res_w_carry__2_i_58/O
                         net (fo=1, routed)           0.000     7.029    u_core/u_issue/u_regfile/sub_res_w_carry__2_i_58_n_0
    SLICE_X46Y24         MUXF8 (Prop_muxf8_I0_O)      0.098     7.127 r  u_core/u_issue/u_regfile/sub_res_w_carry__2_i_43/O
                         net (fo=1, routed)           1.053     8.180    u_core/u_issue/u_pipe_ctrl/sub_res_w_carry__2_i_20_1
    SLICE_X26Y24         LUT5 (Prop_lut5_I4_O)        0.319     8.499 r  u_core/u_issue/u_pipe_ctrl/sub_res_w_carry__2_i_33/O
                         net (fo=2, routed)           1.079     9.578    u_core/u_issue/u_pipe_ctrl/sub_res_w_carry__2_i_33_n_0
    SLICE_X22Y26         LUT6 (Prop_lut6_I0_O)        0.124     9.702 r  u_core/u_issue/u_pipe_ctrl/sub_res_w_carry__2_i_20/O
                         net (fo=16, routed)          1.001    10.703    u_core/u_issue/u_pipe_ctrl/result_q_reg[15]_0[0]
    SLICE_X28Y26         LUT6 (Prop_lut6_I5_O)        0.124    10.827 r  u_core/u_issue/u_pipe_ctrl/branch_update_valid_q_i_100/O
                         net (fo=1, routed)           0.000    10.827    u_core/u_issue/u_pipe_ctrl/branch_update_valid_q_i_100_n_0
    SLICE_X28Y26         CARRY4 (Prop_carry4_S[0]_CO[3])
                                                      0.532    11.359 r  u_core/u_issue/u_pipe_ctrl/branch_update_valid_q_reg_i_51/CO[3]
                         net (fo=1, routed)           0.000    11.359    u_core/u_issue/u_pipe_ctrl/branch_update_valid_q_reg_i_51_n_0
    SLICE_X28Y27         CARRY4 (Prop_carry4_CI_CO[2])
                                                      0.228    11.587 r  u_core/u_issue/u_pipe_ctrl/branch_update_valid_q_reg_i_23/CO[2]
                         net (fo=3, routed)           0.836    12.423    u_core/u_issue/u_pipe_ctrl/branch_update_valid_q_i_54_0[0]
    SLICE_X29Y28         LUT6 (Prop_lut6_I3_O)        0.313    12.736 r  u_core/u_issue/u_pipe_ctrl/branch_update_valid_q_i_24/O
                         net (fo=2, routed)           0.307    13.043    u_core/u_fetch/branch_update_valid_q_i_4_0
    SLICE_X29Y29         LUT6 (Prop_lut6_I2_O)        0.124    13.167 r  u_core/u_fetch/branch_update_valid_q_i_20/O
                         net (fo=61, routed)          0.946    14.112    u_core/u_fetch/branch_update_valid_q_i_20_n_0
    SLICE_X29Y25         LUT6 (Prop_lut6_I2_O)        0.124    14.236 r  u_core/u_fetch/branch_pc_q[26]_i_2/O
                         net (fo=1, routed)           0.710    14.947    u_core/u_fetch/branch_pc_q[26]_i_2_n_0
    SLICE_X29Y26         LUT6 (Prop_lut6_I3_O)        0.124    15.071 r  u_core/u_fetch/branch_pc_q[26]_i_1/O
                         net (fo=1, routed)           0.000    15.071    u_core/u_fetch/branch_pc_q[26]_i_1_n_0
    SLICE_X29Y26         FDCE                                         r  u_core/u_fetch/branch_pc_q_reg[26]/D
  -------------------------------------------------------------------    -------------------

                         (clock clk_i rise edge)     10.000    10.000 r  
                                                      0.000    10.000 r  clk_i (IN)
                         net (fo=2947, unset)         1.556    11.556    u_core/u_fetch/clk_i
    SLICE_X29Y26         FDCE                                         r  u_core/u_fetch/branch_pc_q_reg[26]/C
                         clock pessimism              0.115    11.671    
                         clock uncertainty           -0.035    11.636    
    SLICE_X29Y26         FDCE (Setup_fdce_C_D)        0.029    11.665    u_core/u_fetch/branch_pc_q_reg[26]
  -------------------------------------------------------------------
                         required time                         11.665    
                         arrival time                         -15.071    
  -------------------------------------------------------------------
                         slack                                 -3.406    

Slack (VIOLATED) :        -3.365ns  (required time - arrival time)
  Source:                 u_tcm/u_ram/ram_reg_1_3/CLKBWRCLK
                            (rising edge-triggered cell RAMB36E1 clocked by clk_i  {rise@0.000ns fall@5.000ns period=10.000ns})
  Destination:            u_core/u_fetch/branch_pc_q_reg[10]/CE
                            (rising edge-triggered cell FDCE clocked by clk_i  {rise@0.000ns fall@5.000ns period=10.000ns})
  Path Group:             clk_i
  Path Type:              Setup (Max at Slow Process Corner)
  Requirement:            10.000ns  (clk_i rise@10.000ns - clk_i rise@0.000ns)
  Data Path Delay:        12.978ns  (logic 4.929ns (37.979%)  route 8.049ns (62.021%))
  Logic Levels:           12  (CARRY4=2 LUT3=1 LUT5=2 LUT6=5 MUXF7=1 MUXF8=1)
  Clock Path Skew:        -0.182ns (DCD - SCD + CPR)
    Destination Clock Delay (DCD):    1.480ns = ( 11.480 - 10.000 ) 
    Source Clock Delay      (SCD):    1.777ns
    Clock Pessimism Removal (CPR):    0.115ns
  Clock Uncertainty:      0.035ns  ((TSJ^2 + TIJ^2)^1/2 + DJ) / 2 + PE
    Total System Jitter     (TSJ):    0.071ns
    Total Input Jitter      (TIJ):    0.000ns
    Discrete Jitter          (DJ):    0.000ns
    Phase Error              (PE):    0.000ns

    Location             Delay type                Incr(ns)  Path(ns)    Netlist Resource(s)
  -------------------------------------------------------------------    -------------------
                         (clock clk_i rise edge)      0.000     0.000 r  
                                                      0.000     0.000 r  clk_i (IN)
                         net (fo=2947, unset)         1.777     1.777    u_tcm/u_ram/clk_i
    RAMB36_X1Y5          RAMB36E1                                     r  u_tcm/u_ram/ram_reg_1_3/CLKBWRCLK
  -------------------------------------------------------------------    -------------------
    RAMB36_X1Y5          RAMB36E1 (Prop_ramb36e1_CLKBWRCLK_DOBDO[1])
                                                      2.454     4.231 r  u_tcm/u_ram/ram_reg_1_3/DOBDO[1]
                         net (fo=3, routed)           0.971     5.203    u_core/u_fetch/ram_read0_q[15]
    SLICE_X25Y22         LUT3 (Prop_lut3_I1_O)        0.124     5.327 r  u_core/u_fetch/sub_res_w_carry__1_i_84/O
                         net (fo=94, routed)          1.337     6.664    u_core/u_issue/u_regfile/sub_res_w_carry__1_i_45_0
    SLICE_X46Y24         LUT5 (Prop_lut5_I3_O)        0.124     6.788 r  u_core/u_issue/u_regfile/sub_res_w_carry__2_i_88/O
                         net (fo=1, routed)           0.000     6.788    u_core/u_issue/u_regfile/sub_res_w_carry__2_i_88_n_0
    SLICE_X46Y24         MUXF7 (Prop_muxf7_I0_O)      0.241     7.029 r  u_core/u_issue/u_regfile/sub_res_w_carry__2_i_58/O
                         net (fo=1, routed)           0.000     7.029    u_core/u_issue/u_regfile/sub_res_w_carry__2_i_58_n_0
    SLICE_X46Y24         MUXF8 (Prop_muxf8_I0_O)      0.098     7.127 r  u_core/u_issue/u_regfile/sub_res_w_carry__2_i_43/O
                         net (fo=1, routed)           1.053     8.180    u_core/u_issue/u_pipe_ctrl/sub_res_w_carry__2_i_20_1
    SLICE_X26Y24         LUT5 (Prop_lut5_I4_O)        0.319     8.499 r  u_core/u_issue/u_pipe_ctrl/sub_res_w_carry__2_i_33/O
                         net (fo=2, routed)           1.079     9.578    u_core/u_issue/u_pipe_ctrl/sub_res_w_carry__2_i_33_n_0
    SLICE_X22Y26         LUT6 (Prop_lut6_I0_O)        0.124     9.702 r  u_core/u_issue/u_pipe_ctrl/sub_res_w_carry__2_i_20/O
                         net (fo=16, routed)          1.001    10.703    u_core/u_issue/u_pipe_ctrl/result_q_reg[15]_0[0]
    SLICE_X28Y26         LUT6 (Prop_lut6_I5_O)        0.124    10.827 r  u_core/u_issue/u_pipe_ctrl/branch_update_valid_q_i_100/O
                         net (fo=1, routed)           0.000    10.827    u_core/u_issue/u_pipe_ctrl/branch_update_valid_q_i_100_n_0
    SLICE_X28Y26         CARRY4 (Prop_carry4_S[0]_CO[3])
                                                      0.532    11.359 r  u_core/u_issue/u_pipe_ctrl/branch_update_valid_q_reg_i_51/CO[3]
                         net (fo=1, routed)           0.000    11.359    u_core/u_issue/u_pipe_ctrl/branch_update_valid_q_reg_i_51_n_0
    SLICE_X28Y27         CARRY4 (Prop_carry4_CI_CO[2])
                                                      0.228    11.587 r  u_core/u_issue/u_pipe_ctrl/branch_update_valid_q_reg_i_23/CO[2]
                         net (fo=3, routed)           0.836    12.423    u_core/u_issue/u_pipe_ctrl/branch_update_valid_q_i_54_0[0]
    SLICE_X29Y28         LUT6 (Prop_lut6_I3_O)        0.313    12.736 r  u_core/u_issue/u_pipe_ctrl/branch_update_valid_q_i_24/O
                         net (fo=2, routed)           0.167    12.903    u_core/u_fetch/branch_update_valid_q_i_4_0
    SLICE_X29Y28         LUT6 (Prop_lut6_I2_O)        0.124    13.027 r  u_core/u_fetch/branch_update_valid_q_i_13/O
                         net (fo=4, routed)           0.663    13.690    u_core/u_fetch/branch_update_valid_q_i_13_n_0
    SLICE_X31Y27         LUT6 (Prop_lut6_I3_O)        0.124    13.814 r  u_core/u_fetch/branch_pc_q[31]_i_1_comp/O
                         net (fo=31, routed)          0.942    14.756    u_core/u_fetch/branch_pc_q[31]_i_1_n_0
    SLICE_X32Y23         FDCE                                         r  u_core/u_fetch/branch_pc_q_reg[10]/CE
  -------------------------------------------------------------------    -------------------

                         (clock clk_i rise edge)     10.000    10.000 r  
                                                      0.000    10.000 r  clk_i (IN)
                         net (fo=2947, unset)         1.480    11.480    u_core/u_fetch/clk_i
    SLICE_X32Y23         FDCE                                         r  u_core/u_fetch/branch_pc_q_reg[10]/C
                         clock pessimism              0.115    11.595    
                         clock uncertainty           -0.035    11.560    
    SLICE_X32Y23         FDCE (Setup_fdce_C_CE)      -0.169    11.391    u_core/u_fetch/branch_pc_q_reg[10]
  -------------------------------------------------------------------
                         required time                         11.391    
                         arrival time                         -14.756    
  -------------------------------------------------------------------
                         slack                                 -3.365    

Slack (VIOLATED) :        -3.365ns  (required time - arrival time)
  Source:                 u_tcm/u_ram/ram_reg_1_3/CLKBWRCLK
                            (rising edge-triggered cell RAMB36E1 clocked by clk_i  {rise@0.000ns fall@5.000ns period=10.000ns})
  Destination:            u_core/u_fetch/branch_pc_q_reg[16]/CE
                            (rising edge-triggered cell FDCE clocked by clk_i  {rise@0.000ns fall@5.000ns period=10.000ns})
  Path Group:             clk_i
  Path Type:              Setup (Max at Slow Process Corner)
  Requirement:            10.000ns  (clk_i rise@10.000ns - clk_i rise@0.000ns)
  Data Path Delay:        12.978ns  (logic 4.929ns (37.979%)  route 8.049ns (62.021%))
  Logic Levels:           12  (CARRY4=2 LUT3=1 LUT5=2 LUT6=5 MUXF7=1 MUXF8=1)
  Clock Path Skew:        -0.182ns (DCD - SCD + CPR)
    Destination Clock Delay (DCD):    1.480ns = ( 11.480 - 10.000 ) 
    Source Clock Delay      (SCD):    1.777ns
    Clock Pessimism Removal (CPR):    0.115ns
  Clock Uncertainty:      0.035ns  ((TSJ^2 + TIJ^2)^1/2 + DJ) / 2 + PE
    Total System Jitter     (TSJ):    0.071ns
    Total Input Jitter      (TIJ):    0.000ns
    Discrete Jitter          (DJ):    0.000ns
    Phase Error              (PE):    0.000ns

    Location             Delay type                Incr(ns)  Path(ns)    Netlist Resource(s)
  -------------------------------------------------------------------    -------------------
                         (clock clk_i rise edge)      0.000     0.000 r  
                                                      0.000     0.000 r  clk_i (IN)
                         net (fo=2947, unset)         1.777     1.777    u_tcm/u_ram/clk_i
    RAMB36_X1Y5          RAMB36E1                                     r  u_tcm/u_ram/ram_reg_1_3/CLKBWRCLK
  -------------------------------------------------------------------    -------------------
    RAMB36_X1Y5          RAMB36E1 (Prop_ramb36e1_CLKBWRCLK_DOBDO[1])
                                                      2.454     4.231 r  u_tcm/u_ram/ram_reg_1_3/DOBDO[1]
                         net (fo=3, routed)           0.971     5.203    u_core/u_fetch/ram_read0_q[15]
    SLICE_X25Y22         LUT3 (Prop_lut3_I1_O)        0.124     5.327 r  u_core/u_fetch/sub_res_w_carry__1_i_84/O
                         net (fo=94, routed)          1.337     6.664    u_core/u_issue/u_regfile/sub_res_w_carry__1_i_45_0
    SLICE_X46Y24         LUT5 (Prop_lut5_I3_O)        0.124     6.788 r  u_core/u_issue/u_regfile/sub_res_w_carry__2_i_88/O
                         net (fo=1, routed)           0.000     6.788    u_core/u_issue/u_regfile/sub_res_w_carry__2_i_88_n_0
    SLICE_X46Y24         MUXF7 (Prop_muxf7_I0_O)      0.241     7.029 r  u_core/u_issue/u_regfile/sub_res_w_carry__2_i_58/O
                         net (fo=1, routed)           0.000     7.029    u_core/u_issue/u_regfile/sub_res_w_carry__2_i_58_n_0
    SLICE_X46Y24         MUXF8 (Prop_muxf8_I0_O)      0.098     7.127 r  u_core/u_issue/u_regfile/sub_res_w_carry__2_i_43/O
                         net (fo=1, routed)           1.053     8.180    u_core/u_issue/u_pipe_ctrl/sub_res_w_carry__2_i_20_1
    SLICE_X26Y24         LUT5 (Prop_lut5_I4_O)        0.319     8.499 r  u_core/u_issue/u_pipe_ctrl/sub_res_w_carry__2_i_33/O
                         net (fo=2, routed)           1.079     9.578    u_core/u_issue/u_pipe_ctrl/sub_res_w_carry__2_i_33_n_0
    SLICE_X22Y26         LUT6 (Prop_lut6_I0_O)        0.124     9.702 r  u_core/u_issue/u_pipe_ctrl/sub_res_w_carry__2_i_20/O
                         net (fo=16, routed)          1.001    10.703    u_core/u_issue/u_pipe_ctrl/result_q_reg[15]_0[0]
    SLICE_X28Y26         LUT6 (Prop_lut6_I5_O)        0.124    10.827 r  u_core/u_issue/u_pipe_ctrl/branch_update_valid_q_i_100/O
                         net (fo=1, routed)           0.000    10.827    u_core/u_issue/u_pipe_ctrl/branch_update_valid_q_i_100_n_0
    SLICE_X28Y26         CARRY4 (Prop_carry4_S[0]_CO[3])
                                                      0.532    11.359 r  u_core/u_issue/u_pipe_ctrl/branch_update_valid_q_reg_i_51/CO[3]
                         net (fo=1, routed)           0.000    11.359    u_core/u_issue/u_pipe_ctrl/branch_update_valid_q_reg_i_51_n_0
    SLICE_X28Y27         CARRY4 (Prop_carry4_CI_CO[2])
                                                      0.228    11.587 r  u_core/u_issue/u_pipe_ctrl/branch_update_valid_q_reg_i_23/CO[2]
                         net (fo=3, routed)           0.836    12.423    u_core/u_issue/u_pipe_ctrl/branch_update_valid_q_i_54_0[0]
    SLICE_X29Y28         LUT6 (Prop_lut6_I3_O)        0.313    12.736 r  u_core/u_issue/u_pipe_ctrl/branch_update_valid_q_i_24/O
                         net (fo=2, routed)           0.167    12.903    u_core/u_fetch/branch_update_valid_q_i_4_0
    SLICE_X29Y28         LUT6 (Prop_lut6_I2_O)        0.124    13.027 r  u_core/u_fetch/branch_update_valid_q_i_13/O
                         net (fo=4, routed)           0.663    13.690    u_core/u_fetch/branch_update_valid_q_i_13_n_0
    SLICE_X31Y27         LUT6 (Prop_lut6_I3_O)        0.124    13.814 r  u_core/u_fetch/branch_pc_q[31]_i_1_comp/O
                         net (fo=31, routed)          0.942    14.756    u_core/u_fetch/branch_pc_q[31]_i_1_n_0
    SLICE_X32Y23         FDCE                                         r  u_core/u_fetch/branch_pc_q_reg[16]/CE
  -------------------------------------------------------------------    -------------------

                         (clock clk_i rise edge)     10.000    10.000 r  
                                                      0.000    10.000 r  clk_i (IN)
                         net (fo=2947, unset)         1.480    11.480    u_core/u_fetch/clk_i
    SLICE_X32Y23         FDCE                                         r  u_core/u_fetch/branch_pc_q_reg[16]/C
                         clock pessimism              0.115    11.595    
                         clock uncertainty           -0.035    11.560    
    SLICE_X32Y23         FDCE (Setup_fdce_C_CE)      -0.169    11.391    u_core/u_fetch/branch_pc_q_reg[16]
  -------------------------------------------------------------------
                         required time                         11.391    
                         arrival time                         -14.756    
  -------------------------------------------------------------------
                         slack                                 -3.365    

Slack (VIOLATED) :        -3.339ns  (required time - arrival time)
  Source:                 u_tcm/u_ram/ram_reg_1_3/CLKBWRCLK
                            (rising edge-triggered cell RAMB36E1 clocked by clk_i  {rise@0.000ns fall@5.000ns period=10.000ns})
  Destination:            u_core/u_fetch/branch_pc_q_reg[20]/D
                            (rising edge-triggered cell FDCE clocked by clk_i  {rise@0.000ns fall@5.000ns period=10.000ns})
  Path Group:             clk_i
  Path Type:              Setup (Max at Slow Process Corner)
  Requirement:            10.000ns  (clk_i rise@10.000ns - clk_i rise@0.000ns)
  Data Path Delay:        13.149ns  (logic 5.053ns (38.430%)  route 8.096ns (61.570%))
  Logic Levels:           13  (CARRY4=2 LUT3=1 LUT5=2 LUT6=6 MUXF7=1 MUXF8=1)
  Clock Path Skew:        -0.184ns (DCD - SCD + CPR)
    Destination Clock Delay (DCD):    1.478ns = ( 11.478 - 10.000 ) 
    Source Clock Delay      (SCD):    1.777ns
    Clock Pessimism Removal (CPR):    0.115ns
  Clock Uncertainty:      0.035ns  ((TSJ^2 + TIJ^2)^1/2 + DJ) / 2 + PE
    Total System Jitter     (TSJ):    0.071ns
    Total Input Jitter      (TIJ):    0.000ns
    Discrete Jitter          (DJ):    0.000ns
    Phase Error              (PE):    0.000ns

    Location             Delay type                Incr(ns)  Path(ns)    Netlist Resource(s)
  -------------------------------------------------------------------    -------------------
                         (clock clk_i rise edge)      0.000     0.000 r  
                                                      0.000     0.000 r  clk_i (IN)
                         net (fo=2947, unset)         1.777     1.777    u_tcm/u_ram/clk_i
    RAMB36_X1Y5          RAMB36E1                                     r  u_tcm/u_ram/ram_reg_1_3/CLKBWRCLK
  -------------------------------------------------------------------    -------------------
    RAMB36_X1Y5          RAMB36E1 (Prop_ramb36e1_CLKBWRCLK_DOBDO[1])
                                                      2.454     4.231 r  u_tcm/u_ram/ram_reg_1_3/DOBDO[1]
                         net (fo=3, routed)           0.971     5.203    u_core/u_fetch/ram_read0_q[15]
    SLICE_X25Y22         LUT3 (Prop_lut3_I1_O)        0.124     5.327 r  u_core/u_fetch/sub_res_w_carry__1_i_84/O
                         net (fo=94, routed)          1.337     6.664    u_core/u_issue/u_regfile/sub_res_w_carry__1_i_45_0
    SLICE_X46Y24         LUT5 (Prop_lut5_I3_O)        0.124     6.788 r  u_core/u_issue/u_regfile/sub_res_w_carry__2_i_88/O
                         net (fo=1, routed)           0.000     6.788    u_core/u_issue/u_regfile/sub_res_w_carry__2_i_88_n_0
    SLICE_X46Y24         MUXF7 (Prop_muxf7_I0_O)      0.241     7.029 r  u_core/u_issue/u_regfile/sub_res_w_carry__2_i_58/O
                         net (fo=1, routed)           0.000     7.029    u_core/u_issue/u_regfile/sub_res_w_carry__2_i_58_n_0
    SLICE_X46Y24         MUXF8 (Prop_muxf8_I0_O)      0.098     7.127 r  u_core/u_issue/u_regfile/sub_res_w_carry__2_i_43/O
                         net (fo=1, routed)           1.053     8.180    u_core/u_issue/u_pipe_ctrl/sub_res_w_carry__2_i_20_1
    SLICE_X26Y24         LUT5 (Prop_lut5_I4_O)        0.319     8.499 r  u_core/u_issue/u_pipe_ctrl/sub_res_w_carry__2_i_33/O
                         net (fo=2, routed)           1.079     9.578    u_core/u_issue/u_pipe_ctrl/sub_res_w_carry__2_i_33_n_0
    SLICE_X22Y26         LUT6 (Prop_lut6_I0_O)        0.124     9.702 r  u_core/u_issue/u_pipe_ctrl/sub_res_w_carry__2_i_20/O
                         net (fo=16, routed)          1.001    10.703    u_core/u_issue/u_pipe_ctrl/result_q_reg[15]_0[0]
    SLICE_X28Y26         LUT6 (Prop_lut6_I5_O)        0.124    10.827 r  u_core/u_issue/u_pipe_ctrl/branch_update_valid_q_i_100/O
                         net (fo=1, routed)           0.000    10.827    u_core/u_issue/u_pipe_ctrl/branch_update_valid_q_i_100_n_0
    SLICE_X28Y26         CARRY4 (Prop_carry4_S[0]_CO[3])
                                                      0.532    11.359 r  u_core/u_issue/u_pipe_ctrl/branch_update_valid_q_reg_i_51/CO[3]
                         net (fo=1, routed)           0.000    11.359    u_core/u_issue/u_pipe_ctrl/branch_update_valid_q_reg_i_51_n_0
    SLICE_X28Y27         CARRY4 (Prop_carry4_CI_CO[2])
                                                      0.228    11.587 r  u_core/u_issue/u_pipe_ctrl/branch_update_valid_q_reg_i_23/CO[2]
                         net (fo=3, routed)           0.836    12.423    u_core/u_issue/u_pipe_ctrl/branch_update_valid_q_i_54_0[0]
    SLICE_X29Y28         LUT6 (Prop_lut6_I3_O)        0.313    12.736 r  u_core/u_issue/u_pipe_ctrl/branch_update_valid_q_i_24/O
                         net (fo=2, routed)           0.307    13.043    u_core/u_fetch/branch_update_valid_q_i_4_0
    SLICE_X29Y29         LUT6 (Prop_lut6_I2_O)        0.124    13.167 r  u_core/u_fetch/branch_update_valid_q_i_20/O
                         net (fo=61, routed)          0.993    14.160    u_core/u_fetch/branch_update_valid_q_i_20_n_0
    SLICE_X29Y25         LUT6 (Prop_lut6_I5_O)        0.124    14.284 r  u_core/u_fetch/branch_pc_q[20]_i_3/O
                         net (fo=1, routed)           0.518    14.802    u_core/u_fetch/branch_pc_q[20]_i_3_n_0
    SLICE_X33Y25         LUT6 (Prop_lut6_I4_O)        0.124    14.926 r  u_core/u_fetch/branch_pc_q[20]_i_1/O
                         net (fo=1, routed)           0.000    14.926    u_core/u_fetch/branch_pc_q[20]_i_1_n_0
    SLICE_X33Y25         FDCE                                         r  u_core/u_fetch/branch_pc_q_reg[20]/D
  -------------------------------------------------------------------    -------------------

                         (clock clk_i rise edge)     10.000    10.000 r  
                                                      0.000    10.000 r  clk_i (IN)
                         net (fo=2947, unset)         1.478    11.478    u_core/u_fetch/clk_i
    SLICE_X33Y25         FDCE                                         r  u_core/u_fetch/branch_pc_q_reg[20]/C
                         clock pessimism              0.115    11.593    
                         clock uncertainty           -0.035    11.558    
    SLICE_X33Y25         FDCE (Setup_fdce_C_D)        0.029    11.587    u_core/u_fetch/branch_pc_q_reg[20]
  -------------------------------------------------------------------
                         required time                         11.587    
                         arrival time                         -14.926    
  -------------------------------------------------------------------
                         slack                                 -3.339    

Slack (VIOLATED) :        -3.337ns  (required time - arrival time)
  Source:                 u_tcm/u_ram/ram_reg_1_3/CLKBWRCLK
                            (rising edge-triggered cell RAMB36E1 clocked by clk_i  {rise@0.000ns fall@5.000ns period=10.000ns})
  Destination:            u_core/u_fetch/branch_pc_q_reg[21]/D
                            (rising edge-triggered cell FDCE clocked by clk_i  {rise@0.000ns fall@5.000ns period=10.000ns})
  Path Group:             clk_i
  Path Type:              Setup (Max at Slow Process Corner)
  Requirement:            10.000ns  (clk_i rise@10.000ns - clk_i rise@0.000ns)
  Data Path Delay:        13.148ns  (logic 5.053ns (38.432%)  route 8.095ns (61.568%))
  Logic Levels:           13  (CARRY4=2 LUT3=1 LUT5=2 LUT6=6 MUXF7=1 MUXF8=1)
  Clock Path Skew:        -0.184ns (DCD - SCD + CPR)
    Destination Clock Delay (DCD):    1.478ns = ( 11.478 - 10.000 ) 
    Source Clock Delay      (SCD):    1.777ns
    Clock Pessimism Removal (CPR):    0.115ns
  Clock Uncertainty:      0.035ns  ((TSJ^2 + TIJ^2)^1/2 + DJ) / 2 + PE
    Total System Jitter     (TSJ):    0.071ns
    Total Input Jitter      (TIJ):    0.000ns
    Discrete Jitter          (DJ):    0.000ns
    Phase Error              (PE):    0.000ns

    Location             Delay type                Incr(ns)  Path(ns)    Netlist Resource(s)
  -------------------------------------------------------------------    -------------------
                         (clock clk_i rise edge)      0.000     0.000 r  
                                                      0.000     0.000 r  clk_i (IN)
                         net (fo=2947, unset)         1.777     1.777    u_tcm/u_ram/clk_i
    RAMB36_X1Y5          RAMB36E1                                     r  u_tcm/u_ram/ram_reg_1_3/CLKBWRCLK
  -------------------------------------------------------------------    -------------------
    RAMB36_X1Y5          RAMB36E1 (Prop_ramb36e1_CLKBWRCLK_DOBDO[1])
                                                      2.454     4.231 r  u_tcm/u_ram/ram_reg_1_3/DOBDO[1]
                         net (fo=3, routed)           0.971     5.203    u_core/u_fetch/ram_read0_q[15]
    SLICE_X25Y22         LUT3 (Prop_lut3_I1_O)        0.124     5.327 r  u_core/u_fetch/sub_res_w_carry__1_i_84/O
                         net (fo=94, routed)          1.337     6.664    u_core/u_issue/u_regfile/sub_res_w_carry__1_i_45_0
    SLICE_X46Y24         LUT5 (Prop_lut5_I3_O)        0.124     6.788 r  u_core/u_issue/u_regfile/sub_res_w_carry__2_i_88/O
                         net (fo=1, routed)           0.000     6.788    u_core/u_issue/u_regfile/sub_res_w_carry__2_i_88_n_0
    SLICE_X46Y24         MUXF7 (Prop_muxf7_I0_O)      0.241     7.029 r  u_core/u_issue/u_regfile/sub_res_w_carry__2_i_58/O
                         net (fo=1, routed)           0.000     7.029    u_core/u_issue/u_regfile/sub_res_w_carry__2_i_58_n_0
    SLICE_X46Y24         MUXF8 (Prop_muxf8_I0_O)      0.098     7.127 r  u_core/u_issue/u_regfile/sub_res_w_carry__2_i_43/O
                         net (fo=1, routed)           1.053     8.180    u_core/u_issue/u_pipe_ctrl/sub_res_w_carry__2_i_20_1
    SLICE_X26Y24         LUT5 (Prop_lut5_I4_O)        0.319     8.499 r  u_core/u_issue/u_pipe_ctrl/sub_res_w_carry__2_i_33/O
                         net (fo=2, routed)           1.079     9.578    u_core/u_issue/u_pipe_ctrl/sub_res_w_carry__2_i_33_n_0
    SLICE_X22Y26         LUT6 (Prop_lut6_I0_O)        0.124     9.702 r  u_core/u_issue/u_pipe_ctrl/sub_res_w_carry__2_i_20/O
                         net (fo=16, routed)          1.001    10.703    u_core/u_issue/u_pipe_ctrl/result_q_reg[15]_0[0]
    SLICE_X28Y26         LUT6 (Prop_lut6_I5_O)        0.124    10.827 r  u_core/u_issue/u_pipe_ctrl/branch_update_valid_q_i_100/O
                         net (fo=1, routed)           0.000    10.827    u_core/u_issue/u_pipe_ctrl/branch_update_valid_q_i_100_n_0
    SLICE_X28Y26         CARRY4 (Prop_carry4_S[0]_CO[3])
                                                      0.532    11.359 r  u_core/u_issue/u_pipe_ctrl/branch_update_valid_q_reg_i_51/CO[3]
                         net (fo=1, routed)           0.000    11.359    u_core/u_issue/u_pipe_ctrl/branch_update_valid_q_reg_i_51_n_0
    SLICE_X28Y27         CARRY4 (Prop_carry4_CI_CO[2])
                                                      0.228    11.587 r  u_core/u_issue/u_pipe_ctrl/branch_update_valid_q_reg_i_23/CO[2]
                         net (fo=3, routed)           0.836    12.423    u_core/u_issue/u_pipe_ctrl/branch_update_valid_q_i_54_0[0]
    SLICE_X29Y28         LUT6 (Prop_lut6_I3_O)        0.313    12.736 r  u_core/u_issue/u_pipe_ctrl/branch_update_valid_q_i_24/O
                         net (fo=2, routed)           0.307    13.043    u_core/u_fetch/branch_update_valid_q_i_4_0
    SLICE_X29Y29         LUT6 (Prop_lut6_I2_O)        0.124    13.167 r  u_core/u_fetch/branch_update_valid_q_i_20/O
                         net (fo=61, routed)          0.934    14.101    u_core/u_fetch/branch_update_valid_q_i_20_n_0
    SLICE_X33Y27         LUT6 (Prop_lut6_I5_O)        0.124    14.225 r  u_core/u_fetch/branch_pc_q[21]_i_3/O
                         net (fo=1, routed)           0.577    14.801    u_core/u_fetch/branch_pc_q[21]_i_3_n_0
    SLICE_X33Y24         LUT6 (Prop_lut6_I4_O)        0.124    14.925 r  u_core/u_fetch/branch_pc_q[21]_i_1/O
                         net (fo=1, routed)           0.000    14.925    u_core/u_fetch/branch_pc_q[21]_i_1_n_0
    SLICE_X33Y24         FDCE                                         r  u_core/u_fetch/branch_pc_q_reg[21]/D
  -------------------------------------------------------------------    -------------------

                         (clock clk_i rise edge)     10.000    10.000 r  
                                                      0.000    10.000 r  clk_i (IN)
                         net (fo=2947, unset)         1.478    11.478    u_core/u_fetch/clk_i
    SLICE_X33Y24         FDCE                                         r  u_core/u_fetch/branch_pc_q_reg[21]/C
                         clock pessimism              0.115    11.593    
                         clock uncertainty           -0.035    11.558    
    SLICE_X33Y24         FDCE (Setup_fdce_C_D)        0.031    11.589    u_core/u_fetch/branch_pc_q_reg[21]
  -------------------------------------------------------------------
                         required time                         11.589    
                         arrival time                         -14.925    
  -------------------------------------------------------------------
                         slack                                 -3.337    

Slack (VIOLATED) :        -3.335ns  (required time - arrival time)
  Source:                 u_tcm/u_ram/ram_reg_1_3/CLKBWRCLK
                            (rising edge-triggered cell RAMB36E1 clocked by clk_i  {rise@0.000ns fall@5.000ns period=10.000ns})
  Destination:            u_core/u_fetch/branch_pc_q_reg[17]/CE
                            (rising edge-triggered cell FDCE clocked by clk_i  {rise@0.000ns fall@5.000ns period=10.000ns})
  Path Group:             clk_i
  Path Type:              Setup (Max at Slow Process Corner)
  Requirement:            10.000ns  (clk_i rise@10.000ns - clk_i rise@0.000ns)
  Data Path Delay:        12.911ns  (logic 4.929ns (38.177%)  route 7.982ns (61.823%))
  Logic Levels:           12  (CARRY4=2 LUT3=1 LUT5=2 LUT6=5 MUXF7=1 MUXF8=1)
  Clock Path Skew:        -0.183ns (DCD - SCD + CPR)
    Destination Clock Delay (DCD):    1.479ns = ( 11.479 - 10.000 ) 
    Source Clock Delay      (SCD):    1.777ns
    Clock Pessimism Removal (CPR):    0.115ns
  Clock Uncertainty:      0.035ns  ((TSJ^2 + TIJ^2)^1/2 + DJ) / 2 + PE
    Total System Jitter     (TSJ):    0.071ns
    Total Input Jitter      (TIJ):    0.000ns
    Discrete Jitter          (DJ):    0.000ns
    Phase Error              (PE):    0.000ns

    Location             Delay type                Incr(ns)  Path(ns)    Netlist Resource(s)
  -------------------------------------------------------------------    -------------------
                         (clock clk_i rise edge)      0.000     0.000 r  
                                                      0.000     0.000 r  clk_i (IN)
                         net (fo=2947, unset)         1.777     1.777    u_tcm/u_ram/clk_i
    RAMB36_X1Y5          RAMB36E1                                     r  u_tcm/u_ram/ram_reg_1_3/CLKBWRCLK
  -------------------------------------------------------------------    -------------------
    RAMB36_X1Y5          RAMB36E1 (Prop_ramb36e1_CLKBWRCLK_DOBDO[1])
                                                      2.454     4.231 r  u_tcm/u_ram/ram_reg_1_3/DOBDO[1]
                         net (fo=3, routed)           0.971     5.203    u_core/u_fetch/ram_read0_q[15]
    SLICE_X25Y22         LUT3 (Prop_lut3_I1_O)        0.124     5.327 r  u_core/u_fetch/sub_res_w_carry__1_i_84/O
                         net (fo=94, routed)          1.337     6.664    u_core/u_issue/u_regfile/sub_res_w_carry__1_i_45_0
    SLICE_X46Y24         LUT5 (Prop_lut5_I3_O)        0.124     6.788 r  u_core/u_issue/u_regfile/sub_res_w_carry__2_i_88/O
                         net (fo=1, routed)           0.000     6.788    u_core/u_issue/u_regfile/sub_res_w_carry__2_i_88_n_0
    SLICE_X46Y24         MUXF7 (Prop_muxf7_I0_O)      0.241     7.029 r  u_core/u_issue/u_regfile/sub_res_w_carry__2_i_58/O
                         net (fo=1, routed)           0.000     7.029    u_core/u_issue/u_regfile/sub_res_w_carry__2_i_58_n_0
    SLICE_X46Y24         MUXF8 (Prop_muxf8_I0_O)      0.098     7.127 r  u_core/u_issue/u_regfile/sub_res_w_carry__2_i_43/O
                         net (fo=1, routed)           1.053     8.180    u_core/u_issue/u_pipe_ctrl/sub_res_w_carry__2_i_20_1
    SLICE_X26Y24         LUT5 (Prop_lut5_I4_O)        0.319     8.499 r  u_core/u_issue/u_pipe_ctrl/sub_res_w_carry__2_i_33/O
                         net (fo=2, routed)           1.079     9.578    u_core/u_issue/u_pipe_ctrl/sub_res_w_carry__2_i_33_n_0
    SLICE_X22Y26         LUT6 (Prop_lut6_I0_O)        0.124     9.702 r  u_core/u_issue/u_pipe_ctrl/sub_res_w_carry__2_i_20/O
                         net (fo=16, routed)          1.001    10.703    u_core/u_issue/u_pipe_ctrl/result_q_reg[15]_0[0]
    SLICE_X28Y26         LUT6 (Prop_lut6_I5_O)        0.124    10.827 r  u_core/u_issue/u_pipe_ctrl/branch_update_valid_q_i_100/O
                         net (fo=1, routed)           0.000    10.827    u_core/u_issue/u_pipe_ctrl/branch_update_valid_q_i_100_n_0
    SLICE_X28Y26         CARRY4 (Prop_carry4_S[0]_CO[3])
                                                      0.532    11.359 r  u_core/u_issue/u_pipe_ctrl/branch_update_valid_q_reg_i_51/CO[3]
                         net (fo=1, routed)           0.000    11.359    u_core/u_issue/u_pipe_ctrl/branch_update_valid_q_reg_i_51_n_0
    SLICE_X28Y27         CARRY4 (Prop_carry4_CI_CO[2])
                                                      0.228    11.587 r  u_core/u_issue/u_pipe_ctrl/branch_update_valid_q_reg_i_23/CO[2]
                         net (fo=3, routed)           0.836    12.423    u_core/u_issue/u_pipe_ctrl/branch_update_valid_q_i_54_0[0]
    SLICE_X29Y28         LUT6 (Prop_lut6_I3_O)        0.313    12.736 r  u_core/u_issue/u_pipe_ctrl/branch_update_valid_q_i_24/O
                         net (fo=2, routed)           0.167    12.903    u_core/u_fetch/branch_update_valid_q_i_4_0
    SLICE_X29Y28         LUT6 (Prop_lut6_I2_O)        0.124    13.027 r  u_core/u_fetch/branch_update_valid_q_i_13/O
                         net (fo=4, routed)           0.663    13.690    u_core/u_fetch/branch_update_valid_q_i_13_n_0
    SLICE_X31Y27         LUT6 (Prop_lut6_I3_O)        0.124    13.814 r  u_core/u_fetch/branch_pc_q[31]_i_1_comp/O
                         net (fo=31, routed)          0.874    14.688    u_core/u_fetch/branch_pc_q[31]_i_1_n_0
    SLICE_X35Y24         FDCE                                         r  u_core/u_fetch/branch_pc_q_reg[17]/CE
  -------------------------------------------------------------------    -------------------

                         (clock clk_i rise edge)     10.000    10.000 r  
                                                      0.000    10.000 r  clk_i (IN)
                         net (fo=2947, unset)         1.479    11.479    u_core/u_fetch/clk_i
    SLICE_X35Y24         FDCE                                         r  u_core/u_fetch/branch_pc_q_reg[17]/C
                         clock pessimism              0.115    11.594    
                         clock uncertainty           -0.035    11.559    
    SLICE_X35Y24         FDCE (Setup_fdce_C_CE)      -0.205    11.354    u_core/u_fetch/branch_pc_q_reg[17]
  -------------------------------------------------------------------
                         required time                         11.354    
                         arrival time                         -14.688    
  -------------------------------------------------------------------
                         slack                                 -3.335    

Slack (VIOLATED) :        -3.335ns  (required time - arrival time)
  Source:                 u_tcm/u_ram/ram_reg_1_3/CLKBWRCLK
                            (rising edge-triggered cell RAMB36E1 clocked by clk_i  {rise@0.000ns fall@5.000ns period=10.000ns})
  Destination:            u_core/u_fetch/branch_pc_q_reg[5]/CE
                            (rising edge-triggered cell FDCE clocked by clk_i  {rise@0.000ns fall@5.000ns period=10.000ns})
  Path Group:             clk_i
  Path Type:              Setup (Max at Slow Process Corner)
  Requirement:            10.000ns  (clk_i rise@10.000ns - clk_i rise@0.000ns)
  Data Path Delay:        12.911ns  (logic 4.929ns (38.177%)  route 7.982ns (61.823%))
  Logic Levels:           12  (CARRY4=2 LUT3=1 LUT5=2 LUT6=5 MUXF7=1 MUXF8=1)
  Clock Path Skew:        -0.183ns (DCD - SCD + CPR)
    Destination Clock Delay (DCD):    1.479ns = ( 11.479 - 10.000 ) 
    Source Clock Delay      (SCD):    1.777ns
    Clock Pessimism Removal (CPR):    0.115ns
  Clock Uncertainty:      0.035ns  ((TSJ^2 + TIJ^2)^1/2 + DJ) / 2 + PE
    Total System Jitter     (TSJ):    0.071ns
    Total Input Jitter      (TIJ):    0.000ns
    Discrete Jitter          (DJ):    0.000ns
    Phase Error              (PE):    0.000ns

    Location             Delay type                Incr(ns)  Path(ns)    Netlist Resource(s)
  -------------------------------------------------------------------    -------------------
                         (clock clk_i rise edge)      0.000     0.000 r  
                                                      0.000     0.000 r  clk_i (IN)
                         net (fo=2947, unset)         1.777     1.777    u_tcm/u_ram/clk_i
    RAMB36_X1Y5          RAMB36E1                                     r  u_tcm/u_ram/ram_reg_1_3/CLKBWRCLK
  -------------------------------------------------------------------    -------------------
    RAMB36_X1Y5          RAMB36E1 (Prop_ramb36e1_CLKBWRCLK_DOBDO[1])
                                                      2.454     4.231 r  u_tcm/u_ram/ram_reg_1_3/DOBDO[1]
                         net (fo=3, routed)           0.971     5.203    u_core/u_fetch/ram_read0_q[15]
    SLICE_X25Y22         LUT3 (Prop_lut3_I1_O)        0.124     5.327 r  u_core/u_fetch/sub_res_w_carry__1_i_84/O
                         net (fo=94, routed)          1.337     6.664    u_core/u_issue/u_regfile/sub_res_w_carry__1_i_45_0
    SLICE_X46Y24         LUT5 (Prop_lut5_I3_O)        0.124     6.788 r  u_core/u_issue/u_regfile/sub_res_w_carry__2_i_88/O
                         net (fo=1, routed)           0.000     6.788    u_core/u_issue/u_regfile/sub_res_w_carry__2_i_88_n_0
    SLICE_X46Y24         MUXF7 (Prop_muxf7_I0_O)      0.241     7.029 r  u_core/u_issue/u_regfile/sub_res_w_carry__2_i_58/O
                         net (fo=1, routed)           0.000     7.029    u_core/u_issue/u_regfile/sub_res_w_carry__2_i_58_n_0
    SLICE_X46Y24         MUXF8 (Prop_muxf8_I0_O)      0.098     7.127 r  u_core/u_issue/u_regfile/sub_res_w_carry__2_i_43/O
                         net (fo=1, routed)           1.053     8.180    u_core/u_issue/u_pipe_ctrl/sub_res_w_carry__2_i_20_1
    SLICE_X26Y24         LUT5 (Prop_lut5_I4_O)        0.319     8.499 r  u_core/u_issue/u_pipe_ctrl/sub_res_w_carry__2_i_33/O
                         net (fo=2, routed)           1.079     9.578    u_core/u_issue/u_pipe_ctrl/sub_res_w_carry__2_i_33_n_0
    SLICE_X22Y26         LUT6 (Prop_lut6_I0_O)        0.124     9.702 r  u_core/u_issue/u_pipe_ctrl/sub_res_w_carry__2_i_20/O
                         net (fo=16, routed)          1.001    10.703    u_core/u_issue/u_pipe_ctrl/result_q_reg[15]_0[0]
    SLICE_X28Y26         LUT6 (Prop_lut6_I5_O)        0.124    10.827 r  u_core/u_issue/u_pipe_ctrl/branch_update_valid_q_i_100/O
                         net (fo=1, routed)           0.000    10.827    u_core/u_issue/u_pipe_ctrl/branch_update_valid_q_i_100_n_0
    SLICE_X28Y26         CARRY4 (Prop_carry4_S[0]_CO[3])
                                                      0.532    11.359 r  u_core/u_issue/u_pipe_ctrl/branch_update_valid_q_reg_i_51/CO[3]
                         net (fo=1, routed)           0.000    11.359    u_core/u_issue/u_pipe_ctrl/branch_update_valid_q_reg_i_51_n_0
    SLICE_X28Y27         CARRY4 (Prop_carry4_CI_CO[2])
                                                      0.228    11.587 r  u_core/u_issue/u_pipe_ctrl/branch_update_valid_q_reg_i_23/CO[2]
                         net (fo=3, routed)           0.836    12.423    u_core/u_issue/u_pipe_ctrl/branch_update_valid_q_i_54_0[0]
    SLICE_X29Y28         LUT6 (Prop_lut6_I3_O)        0.313    12.736 r  u_core/u_issue/u_pipe_ctrl/branch_update_valid_q_i_24/O
                         net (fo=2, routed)           0.167    12.903    u_core/u_fetch/branch_update_valid_q_i_4_0
    SLICE_X29Y28         LUT6 (Prop_lut6_I2_O)        0.124    13.027 r  u_core/u_fetch/branch_update_valid_q_i_13/O
                         net (fo=4, routed)           0.663    13.690    u_core/u_fetch/branch_update_valid_q_i_13_n_0
    SLICE_X31Y27         LUT6 (Prop_lut6_I3_O)        0.124    13.814 r  u_core/u_fetch/branch_pc_q[31]_i_1_comp/O
                         net (fo=31, routed)          0.874    14.688    u_core/u_fetch/branch_pc_q[31]_i_1_n_0
    SLICE_X35Y24         FDCE                                         r  u_core/u_fetch/branch_pc_q_reg[5]/CE
  -------------------------------------------------------------------    -------------------

                         (clock clk_i rise edge)     10.000    10.000 r  
                                                      0.000    10.000 r  clk_i (IN)
                         net (fo=2947, unset)         1.479    11.479    u_core/u_fetch/clk_i
    SLICE_X35Y24         FDCE                                         r  u_core/u_fetch/branch_pc_q_reg[5]/C
                         clock pessimism              0.115    11.594    
                         clock uncertainty           -0.035    11.559    
    SLICE_X35Y24         FDCE (Setup_fdce_C_CE)      -0.205    11.354    u_core/u_fetch/branch_pc_q_reg[5]
  -------------------------------------------------------------------
                         required time                         11.354    
                         arrival time                         -14.688    
  -------------------------------------------------------------------
                         slack                                 -3.335    

Slack (VIOLATED) :        -3.330ns  (required time - arrival time)
  Source:                 u_tcm/u_ram/ram_reg_1_3/CLKBWRCLK
                            (rising edge-triggered cell RAMB36E1 clocked by clk_i  {rise@0.000ns fall@5.000ns period=10.000ns})
  Destination:            u_core/u_fetch/branch_pc_q_reg[3]/D
                            (rising edge-triggered cell FDCE clocked by clk_i  {rise@0.000ns fall@5.000ns period=10.000ns})
  Path Group:             clk_i
  Path Type:              Setup (Max at Slow Process Corner)
  Requirement:            10.000ns  (clk_i rise@10.000ns - clk_i rise@0.000ns)
  Data Path Delay:        13.273ns  (logic 5.053ns (38.069%)  route 8.220ns (61.931%))
  Logic Levels:           13  (CARRY4=2 LUT3=1 LUT5=2 LUT6=6 MUXF7=1 MUXF8=1)
  Clock Path Skew:        -0.102ns (DCD - SCD + CPR)
    Destination Clock Delay (DCD):    1.560ns = ( 11.560 - 10.000 ) 
    Source Clock Delay      (SCD):    1.777ns
    Clock Pessimism Removal (CPR):    0.115ns
  Clock Uncertainty:      0.035ns  ((TSJ^2 + TIJ^2)^1/2 + DJ) / 2 + PE
    Total System Jitter     (TSJ):    0.071ns
    Total Input Jitter      (TIJ):    0.000ns
    Discrete Jitter          (DJ):    0.000ns
    Phase Error              (PE):    0.000ns

    Location             Delay type                Incr(ns)  Path(ns)    Netlist Resource(s)
  -------------------------------------------------------------------    -------------------
                         (clock clk_i rise edge)      0.000     0.000 r  
                                                      0.000     0.000 r  clk_i (IN)
                         net (fo=2947, unset)         1.777     1.777    u_tcm/u_ram/clk_i
    RAMB36_X1Y5          RAMB36E1                                     r  u_tcm/u_ram/ram_reg_1_3/CLKBWRCLK
  -------------------------------------------------------------------    -------------------
    RAMB36_X1Y5          RAMB36E1 (Prop_ramb36e1_CLKBWRCLK_DOBDO[1])
                                                      2.454     4.231 r  u_tcm/u_ram/ram_reg_1_3/DOBDO[1]
                         net (fo=3, routed)           0.971     5.203    u_core/u_fetch/ram_read0_q[15]
    SLICE_X25Y22         LUT3 (Prop_lut3_I1_O)        0.124     5.327 r  u_core/u_fetch/sub_res_w_carry__1_i_84/O
                         net (fo=94, routed)          1.337     6.664    u_core/u_issue/u_regfile/sub_res_w_carry__1_i_45_0
    SLICE_X46Y24         LUT5 (Prop_lut5_I3_O)        0.124     6.788 r  u_core/u_issue/u_regfile/sub_res_w_carry__2_i_88/O
                         net (fo=1, routed)           0.000     6.788    u_core/u_issue/u_regfile/sub_res_w_carry__2_i_88_n_0
    SLICE_X46Y24         MUXF7 (Prop_muxf7_I0_O)      0.241     7.029 r  u_core/u_issue/u_regfile/sub_res_w_carry__2_i_58/O
                         net (fo=1, routed)           0.000     7.029    u_core/u_issue/u_regfile/sub_res_w_carry__2_i_58_n_0
    SLICE_X46Y24         MUXF8 (Prop_muxf8_I0_O)      0.098     7.127 r  u_core/u_issue/u_regfile/sub_res_w_carry__2_i_43/O
                         net (fo=1, routed)           1.053     8.180    u_core/u_issue/u_pipe_ctrl/sub_res_w_carry__2_i_20_1
    SLICE_X26Y24         LUT5 (Prop_lut5_I4_O)        0.319     8.499 r  u_core/u_issue/u_pipe_ctrl/sub_res_w_carry__2_i_33/O
                         net (fo=2, routed)           1.079     9.578    u_core/u_issue/u_pipe_ctrl/sub_res_w_carry__2_i_33_n_0
    SLICE_X22Y26         LUT6 (Prop_lut6_I0_O)        0.124     9.702 r  u_core/u_issue/u_pipe_ctrl/sub_res_w_carry__2_i_20/O
                         net (fo=16, routed)          1.001    10.703    u_core/u_issue/u_pipe_ctrl/result_q_reg[15]_0[0]
    SLICE_X28Y26         LUT6 (Prop_lut6_I5_O)        0.124    10.827 r  u_core/u_issue/u_pipe_ctrl/branch_update_valid_q_i_100/O
                         net (fo=1, routed)           0.000    10.827    u_core/u_issue/u_pipe_ctrl/branch_update_valid_q_i_100_n_0
    SLICE_X28Y26         CARRY4 (Prop_carry4_S[0]_CO[3])
                                                      0.532    11.359 r  u_core/u_issue/u_pipe_ctrl/branch_update_valid_q_reg_i_51/CO[3]
                         net (fo=1, routed)           0.000    11.359    u_core/u_issue/u_pipe_ctrl/branch_update_valid_q_reg_i_51_n_0
    SLICE_X28Y27         CARRY4 (Prop_carry4_CI_CO[2])
                                                      0.228    11.587 r  u_core/u_issue/u_pipe_ctrl/branch_update_valid_q_reg_i_23/CO[2]
                         net (fo=3, routed)           0.836    12.423    u_core/u_issue/u_pipe_ctrl/branch_update_valid_q_i_54_0[0]
    SLICE_X29Y28         LUT6 (Prop_lut6_I3_O)        0.313    12.736 r  u_core/u_issue/u_pipe_ctrl/branch_update_valid_q_i_24/O
                         net (fo=2, routed)           0.307    13.043    u_core/u_fetch/branch_update_valid_q_i_4_0
    SLICE_X29Y29         LUT6 (Prop_lut6_I2_O)        0.124    13.167 r  u_core/u_fetch/branch_update_valid_q_i_20/O
                         net (fo=61, routed)          0.848    14.014    u_core/u_fetch/branch_update_valid_q_i_20_n_0
    SLICE_X32Y30         LUT6 (Prop_lut6_I2_O)        0.124    14.138 r  u_core/u_fetch/branch_pc_q[3]_i_2/O
                         net (fo=1, routed)           0.788    14.927    u_core/u_fetch/branch_pc_q[3]_i_2_n_0
    SLICE_X30Y29         LUT6 (Prop_lut6_I3_O)        0.124    15.051 r  u_core/u_fetch/branch_pc_q[3]_i_1/O
                         net (fo=1, routed)           0.000    15.051    u_core/u_fetch/branch_pc_q[3]_i_1_n_0
    SLICE_X30Y29         FDCE                                         r  u_core/u_fetch/branch_pc_q_reg[3]/D
  -------------------------------------------------------------------    -------------------

                         (clock clk_i rise edge)     10.000    10.000 r  
                                                      0.000    10.000 r  clk_i (IN)
                         net (fo=2947, unset)         1.560    11.560    u_core/u_fetch/clk_i
    SLICE_X30Y29         FDCE                                         r  u_core/u_fetch/branch_pc_q_reg[3]/C
                         clock pessimism              0.115    11.675    
                         clock uncertainty           -0.035    11.640    
    SLICE_X30Y29         FDCE (Setup_fdce_C_D)        0.081    11.721    u_core/u_fetch/branch_pc_q_reg[3]
  -------------------------------------------------------------------
                         required time                         11.721    
                         arrival time                         -15.051    
  -------------------------------------------------------------------
                         slack                                 -3.330    

Slack (VIOLATED) :        -3.318ns  (required time - arrival time)
  Source:                 u_tcm/u_ram/ram_reg_1_3/CLKBWRCLK
                            (rising edge-triggered cell RAMB36E1 clocked by clk_i  {rise@0.000ns fall@5.000ns period=10.000ns})
  Destination:            u_core/u_fetch/branch_pc_q_reg[12]/D
                            (rising edge-triggered cell FDCE clocked by clk_i  {rise@0.000ns fall@5.000ns period=10.000ns})
  Path Group:             clk_i
  Path Type:              Setup (Max at Slow Process Corner)
  Requirement:            10.000ns  (clk_i rise@10.000ns - clk_i rise@0.000ns)
  Data Path Delay:        13.175ns  (logic 5.053ns (38.353%)  route 8.122ns (61.647%))
  Logic Levels:           13  (CARRY4=2 LUT3=1 LUT5=2 LUT6=6 MUXF7=1 MUXF8=1)
  Clock Path Skew:        -0.184ns (DCD - SCD + CPR)
    Destination Clock Delay (DCD):    1.478ns = ( 11.478 - 10.000 ) 
    Source Clock Delay      (SCD):    1.777ns
    Clock Pessimism Removal (CPR):    0.115ns
  Clock Uncertainty:      0.035ns  ((TSJ^2 + TIJ^2)^1/2 + DJ) / 2 + PE
    Total System Jitter     (TSJ):    0.071ns
    Total Input Jitter      (TIJ):    0.000ns
    Discrete Jitter          (DJ):    0.000ns
    Phase Error              (PE):    0.000ns

    Location             Delay type                Incr(ns)  Path(ns)    Netlist Resource(s)
  -------------------------------------------------------------------    -------------------
                         (clock clk_i rise edge)      0.000     0.000 r  
                                                      0.000     0.000 r  clk_i (IN)
                         net (fo=2947, unset)         1.777     1.777    u_tcm/u_ram/clk_i
    RAMB36_X1Y5          RAMB36E1                                     r  u_tcm/u_ram/ram_reg_1_3/CLKBWRCLK
  -------------------------------------------------------------------    -------------------
    RAMB36_X1Y5          RAMB36E1 (Prop_ramb36e1_CLKBWRCLK_DOBDO[1])
                                                      2.454     4.231 r  u_tcm/u_ram/ram_reg_1_3/DOBDO[1]
                         net (fo=3, routed)           0.971     5.203    u_core/u_fetch/ram_read0_q[15]
    SLICE_X25Y22         LUT3 (Prop_lut3_I1_O)        0.124     5.327 r  u_core/u_fetch/sub_res_w_carry__1_i_84/O
                         net (fo=94, routed)          1.337     6.664    u_core/u_issue/u_regfile/sub_res_w_carry__1_i_45_0
    SLICE_X46Y24         LUT5 (Prop_lut5_I3_O)        0.124     6.788 r  u_core/u_issue/u_regfile/sub_res_w_carry__2_i_88/O
                         net (fo=1, routed)           0.000     6.788    u_core/u_issue/u_regfile/sub_res_w_carry__2_i_88_n_0
    SLICE_X46Y24         MUXF7 (Prop_muxf7_I0_O)      0.241     7.029 r  u_core/u_issue/u_regfile/sub_res_w_carry__2_i_58/O
                         net (fo=1, routed)           0.000     7.029    u_core/u_issue/u_regfile/sub_res_w_carry__2_i_58_n_0
    SLICE_X46Y24         MUXF8 (Prop_muxf8_I0_O)      0.098     7.127 r  u_core/u_issue/u_regfile/sub_res_w_carry__2_i_43/O
                         net (fo=1, routed)           1.053     8.180    u_core/u_issue/u_pipe_ctrl/sub_res_w_carry__2_i_20_1
    SLICE_X26Y24         LUT5 (Prop_lut5_I4_O)        0.319     8.499 r  u_core/u_issue/u_pipe_ctrl/sub_res_w_carry__2_i_33/O
                         net (fo=2, routed)           1.079     9.578    u_core/u_issue/u_pipe_ctrl/sub_res_w_carry__2_i_33_n_0
    SLICE_X22Y26         LUT6 (Prop_lut6_I0_O)        0.124     9.702 r  u_core/u_issue/u_pipe_ctrl/sub_res_w_carry__2_i_20/O
                         net (fo=16, routed)          1.001    10.703    u_core/u_issue/u_pipe_ctrl/result_q_reg[15]_0[0]
    SLICE_X28Y26         LUT6 (Prop_lut6_I5_O)        0.124    10.827 r  u_core/u_issue/u_pipe_ctrl/branch_update_valid_q_i_100/O
                         net (fo=1, routed)           0.000    10.827    u_core/u_issue/u_pipe_ctrl/branch_update_valid_q_i_100_n_0
    SLICE_X28Y26         CARRY4 (Prop_carry4_S[0]_CO[3])
                                                      0.532    11.359 r  u_core/u_issue/u_pipe_ctrl/branch_update_valid_q_reg_i_51/CO[3]
                         net (fo=1, routed)           0.000    11.359    u_core/u_issue/u_pipe_ctrl/branch_update_valid_q_reg_i_51_n_0
    SLICE_X28Y27         CARRY4 (Prop_carry4_CI_CO[2])
                                                      0.228    11.587 r  u_core/u_issue/u_pipe_ctrl/branch_update_valid_q_reg_i_23/CO[2]
                         net (fo=3, routed)           0.836    12.423    u_core/u_issue/u_pipe_ctrl/branch_update_valid_q_i_54_0[0]
    SLICE_X29Y28         LUT6 (Prop_lut6_I3_O)        0.313    12.736 r  u_core/u_issue/u_pipe_ctrl/branch_update_valid_q_i_24/O
                         net (fo=2, routed)           0.307    13.043    u_core/u_fetch/branch_update_valid_q_i_4_0
    SLICE_X29Y29         LUT6 (Prop_lut6_I2_O)        0.124    13.167 r  u_core/u_fetch/branch_update_valid_q_i_20/O
                         net (fo=61, routed)          0.809    13.976    u_core/u_fetch/branch_update_valid_q_i_20_n_0
    SLICE_X32Y28         LUT6 (Prop_lut6_I5_O)        0.124    14.100 r  u_core/u_fetch/branch_pc_q[12]_i_3/O
                         net (fo=1, routed)           0.729    14.829    u_core/u_fetch/branch_pc_q[12]_i_3_n_0
    SLICE_X36Y25         LUT6 (Prop_lut6_I4_O)        0.124    14.953 r  u_core/u_fetch/branch_pc_q[12]_i_1/O
                         net (fo=1, routed)           0.000    14.953    u_core/u_fetch/branch_pc_q[12]_i_1_n_0
    SLICE_X36Y25         FDCE                                         r  u_core/u_fetch/branch_pc_q_reg[12]/D
  -------------------------------------------------------------------    -------------------

                         (clock clk_i rise edge)     10.000    10.000 r  
                                                      0.000    10.000 r  clk_i (IN)
                         net (fo=2947, unset)         1.478    11.478    u_core/u_fetch/clk_i
    SLICE_X36Y25         FDCE                                         r  u_core/u_fetch/branch_pc_q_reg[12]/C
                         clock pessimism              0.115    11.593    
                         clock uncertainty           -0.035    11.558    
    SLICE_X36Y25         FDCE (Setup_fdce_C_D)        0.077    11.635    u_core/u_fetch/branch_pc_q_reg[12]
  -------------------------------------------------------------------
                         required time                         11.635    
                         arrival time                         -14.953    
  -------------------------------------------------------------------
                         slack                                 -3.318    

Slack (VIOLATED) :        -3.311ns  (required time - arrival time)
  Source:                 u_tcm/u_ram/ram_reg_1_3/CLKBWRCLK
                            (rising edge-triggered cell RAMB36E1 clocked by clk_i  {rise@0.000ns fall@5.000ns period=10.000ns})
  Destination:            u_core/u_fetch/branch_pc_q_reg[29]/D
                            (rising edge-triggered cell FDCE clocked by clk_i  {rise@0.000ns fall@5.000ns period=10.000ns})
  Path Group:             clk_i
  Path Type:              Setup (Max at Slow Process Corner)
  Requirement:            10.000ns  (clk_i rise@10.000ns - clk_i rise@0.000ns)
  Data Path Delay:        13.171ns  (logic 5.053ns (38.366%)  route 8.118ns (61.634%))
  Logic Levels:           13  (CARRY4=2 LUT3=1 LUT5=2 LUT6=6 MUXF7=1 MUXF8=1)
  Clock Path Skew:        -0.184ns (DCD - SCD + CPR)
    Destination Clock Delay (DCD):    1.478ns = ( 11.478 - 10.000 ) 
    Source Clock Delay      (SCD):    1.777ns
    Clock Pessimism Removal (CPR):    0.115ns
  Clock Uncertainty:      0.035ns  ((TSJ^2 + TIJ^2)^1/2 + DJ) / 2 + PE
    Total System Jitter     (TSJ):    0.071ns
    Total Input Jitter      (TIJ):    0.000ns
    Discrete Jitter          (DJ):    0.000ns
    Phase Error              (PE):    0.000ns

    Location             Delay type                Incr(ns)  Path(ns)    Netlist Resource(s)
  -------------------------------------------------------------------    -------------------
                         (clock clk_i rise edge)      0.000     0.000 r  
                                                      0.000     0.000 r  clk_i (IN)
                         net (fo=2947, unset)         1.777     1.777    u_tcm/u_ram/clk_i
    RAMB36_X1Y5          RAMB36E1                                     r  u_tcm/u_ram/ram_reg_1_3/CLKBWRCLK
  -------------------------------------------------------------------    -------------------
    RAMB36_X1Y5          RAMB36E1 (Prop_ramb36e1_CLKBWRCLK_DOBDO[1])
                                                      2.454     4.231 r  u_tcm/u_ram/ram_reg_1_3/DOBDO[1]
                         net (fo=3, routed)           0.971     5.203    u_core/u_fetch/ram_read0_q[15]
    SLICE_X25Y22         LUT3 (Prop_lut3_I1_O)        0.124     5.327 r  u_core/u_fetch/sub_res_w_carry__1_i_84/O
                         net (fo=94, routed)          1.337     6.664    u_core/u_issue/u_regfile/sub_res_w_carry__1_i_45_0
    SLICE_X46Y24         LUT5 (Prop_lut5_I3_O)        0.124     6.788 r  u_core/u_issue/u_regfile/sub_res_w_carry__2_i_88/O
                         net (fo=1, routed)           0.000     6.788    u_core/u_issue/u_regfile/sub_res_w_carry__2_i_88_n_0
    SLICE_X46Y24         MUXF7 (Prop_muxf7_I0_O)      0.241     7.029 r  u_core/u_issue/u_regfile/sub_res_w_carry__2_i_58/O
                         net (fo=1, routed)           0.000     7.029    u_core/u_issue/u_regfile/sub_res_w_carry__2_i_58_n_0
    SLICE_X46Y24         MUXF8 (Prop_muxf8_I0_O)      0.098     7.127 r  u_core/u_issue/u_regfile/sub_res_w_carry__2_i_43/O
                         net (fo=1, routed)           1.053     8.180    u_core/u_issue/u_pipe_ctrl/sub_res_w_carry__2_i_20_1
    SLICE_X26Y24         LUT5 (Prop_lut5_I4_O)        0.319     8.499 r  u_core/u_issue/u_pipe_ctrl/sub_res_w_carry__2_i_33/O
                         net (fo=2, routed)           1.079     9.578    u_core/u_issue/u_pipe_ctrl/sub_res_w_carry__2_i_33_n_0
    SLICE_X22Y26         LUT6 (Prop_lut6_I0_O)        0.124     9.702 r  u_core/u_issue/u_pipe_ctrl/sub_res_w_carry__2_i_20/O
                         net (fo=16, routed)          1.001    10.703    u_core/u_issue/u_pipe_ctrl/result_q_reg[15]_0[0]
    SLICE_X28Y26         LUT6 (Prop_lut6_I5_O)        0.124    10.827 r  u_core/u_issue/u_pipe_ctrl/branch_update_valid_q_i_100/O
                         net (fo=1, routed)           0.000    10.827    u_core/u_issue/u_pipe_ctrl/branch_update_valid_q_i_100_n_0
    SLICE_X28Y26         CARRY4 (Prop_carry4_S[0]_CO[3])
                                                      0.532    11.359 r  u_core/u_issue/u_pipe_ctrl/branch_update_valid_q_reg_i_51/CO[3]
                         net (fo=1, routed)           0.000    11.359    u_core/u_issue/u_pipe_ctrl/branch_update_valid_q_reg_i_51_n_0
    SLICE_X28Y27         CARRY4 (Prop_carry4_CI_CO[2])
                                                      0.228    11.587 r  u_core/u_issue/u_pipe_ctrl/branch_update_valid_q_reg_i_23/CO[2]
                         net (fo=3, routed)           0.836    12.423    u_core/u_issue/u_pipe_ctrl/branch_update_valid_q_i_54_0[0]
    SLICE_X29Y28         LUT6 (Prop_lut6_I3_O)        0.313    12.736 r  u_core/u_issue/u_pipe_ctrl/branch_update_valid_q_i_24/O
                         net (fo=2, routed)           0.167    12.903    u_core/u_fetch/branch_update_valid_q_i_4_0
    SLICE_X29Y28         LUT6 (Prop_lut6_I2_O)        0.124    13.027 r  u_core/u_fetch/branch_update_valid_q_i_13/O
                         net (fo=4, routed)           0.321    13.348    u_core/u_fetch/branch_update_valid_q_i_13_n_0
    SLICE_X30Y28         LUT6 (Prop_lut6_I3_O)        0.124    13.472 r  u_core/u_fetch/branch_pc_q[31]_i_3/O
                         net (fo=30, routed)          1.352    14.824    u_core/u_fetch/branch_pc_q[31]_i_3_n_0
    SLICE_X36Y25         LUT6 (Prop_lut6_I1_O)        0.124    14.948 r  u_core/u_fetch/branch_pc_q[29]_i_1/O
                         net (fo=1, routed)           0.000    14.948    u_core/u_fetch/branch_pc_q[29]_i_1_n_0
    SLICE_X36Y25         FDCE                                         r  u_core/u_fetch/branch_pc_q_reg[29]/D
  -------------------------------------------------------------------    -------------------

                         (clock clk_i rise edge)     10.000    10.000 r  
                                                      0.000    10.000 r  clk_i (IN)
                         net (fo=2947, unset)         1.478    11.478    u_core/u_fetch/clk_i
    SLICE_X36Y25         FDCE                                         r  u_core/u_fetch/branch_pc_q_reg[29]/C
                         clock pessimism              0.115    11.593    
                         clock uncertainty           -0.035    11.558    
    SLICE_X36Y25         FDCE (Setup_fdce_C_D)        0.079    11.637    u_core/u_fetch/branch_pc_q_reg[29]
  -------------------------------------------------------------------
                         required time                         11.637    
                         arrival time                         -14.948    
  -------------------------------------------------------------------
                         slack                                 -3.311    

Slack (VIOLATED) :        -3.310ns  (required time - arrival time)
  Source:                 u_tcm/u_ram/ram_reg_1_3/CLKBWRCLK
                            (rising edge-triggered cell RAMB36E1 clocked by clk_i  {rise@0.000ns fall@5.000ns period=10.000ns})
  Destination:            u_core/u_fetch/branch_pc_q_reg[13]/D
                            (rising edge-triggered cell FDCE clocked by clk_i  {rise@0.000ns fall@5.000ns period=10.000ns})
  Path Group:             clk_i
  Path Type:              Setup (Max at Slow Process Corner)
  Requirement:            10.000ns  (clk_i rise@10.000ns - clk_i rise@0.000ns)
  Data Path Delay:        13.170ns  (logic 5.053ns (38.366%)  route 8.117ns (61.634%))
  Logic Levels:           13  (CARRY4=2 LUT3=1 LUT5=2 LUT6=6 MUXF7=1 MUXF8=1)
  Clock Path Skew:        -0.181ns (DCD - SCD + CPR)
    Destination Clock Delay (DCD):    1.481ns = ( 11.481 - 10.000 ) 
    Source Clock Delay      (SCD):    1.777ns
    Clock Pessimism Removal (CPR):    0.115ns
  Clock Uncertainty:      0.035ns  ((TSJ^2 + TIJ^2)^1/2 + DJ) / 2 + PE
    Total System Jitter     (TSJ):    0.071ns
    Total Input Jitter      (TIJ):    0.000ns
    Discrete Jitter          (DJ):    0.000ns
    Phase Error              (PE):    0.000ns

    Location             Delay type                Incr(ns)  Path(ns)    Netlist Resource(s)
  -------------------------------------------------------------------    -------------------
                         (clock clk_i rise edge)      0.000     0.000 r  
                                                      0.000     0.000 r  clk_i (IN)
                         net (fo=2947, unset)         1.777     1.777    u_tcm/u_ram/clk_i
    RAMB36_X1Y5          RAMB36E1                                     r  u_tcm/u_ram/ram_reg_1_3/CLKBWRCLK
  -------------------------------------------------------------------    -------------------
    RAMB36_X1Y5          RAMB36E1 (Prop_ramb36e1_CLKBWRCLK_DOBDO[1])
                                                      2.454     4.231 r  u_tcm/u_ram/ram_reg_1_3/DOBDO[1]
                         net (fo=3, routed)           0.971     5.203    u_core/u_fetch/ram_read0_q[15]
    SLICE_X25Y22         LUT3 (Prop_lut3_I1_O)        0.124     5.327 r  u_core/u_fetch/sub_res_w_carry__1_i_84/O
                         net (fo=94, routed)          1.337     6.664    u_core/u_issue/u_regfile/sub_res_w_carry__1_i_45_0
    SLICE_X46Y24         LUT5 (Prop_lut5_I3_O)        0.124     6.788 r  u_core/u_issue/u_regfile/sub_res_w_carry__2_i_88/O
                         net (fo=1, routed)           0.000     6.788    u_core/u_issue/u_regfile/sub_res_w_carry__2_i_88_n_0
    SLICE_X46Y24         MUXF7 (Prop_muxf7_I0_O)      0.241     7.029 r  u_core/u_issue/u_regfile/sub_res_w_carry__2_i_58/O
                         net (fo=1, routed)           0.000     7.029    u_core/u_issue/u_regfile/sub_res_w_carry__2_i_58_n_0
    SLICE_X46Y24         MUXF8 (Prop_muxf8_I0_O)      0.098     7.127 r  u_core/u_issue/u_regfile/sub_res_w_carry__2_i_43/O
                         net (fo=1, routed)           1.053     8.180    u_core/u_issue/u_pipe_ctrl/sub_res_w_carry__2_i_20_1
    SLICE_X26Y24         LUT5 (Prop_lut5_I4_O)        0.319     8.499 r  u_core/u_issue/u_pipe_ctrl/sub_res_w_carry__2_i_33/O
                         net (fo=2, routed)           1.079     9.578    u_core/u_issue/u_pipe_ctrl/sub_res_w_carry__2_i_33_n_0
    SLICE_X22Y26         LUT6 (Prop_lut6_I0_O)        0.124     9.702 r  u_core/u_issue/u_pipe_ctrl/sub_res_w_carry__2_i_20/O
                         net (fo=16, routed)          1.001    10.703    u_core/u_issue/u_pipe_ctrl/result_q_reg[15]_0[0]
    SLICE_X28Y26         LUT6 (Prop_lut6_I5_O)        0.124    10.827 r  u_core/u_issue/u_pipe_ctrl/branch_update_valid_q_i_100/O
                         net (fo=1, routed)           0.000    10.827    u_core/u_issue/u_pipe_ctrl/branch_update_valid_q_i_100_n_0
    SLICE_X28Y26         CARRY4 (Prop_carry4_S[0]_CO[3])
                                                      0.532    11.359 r  u_core/u_issue/u_pipe_ctrl/branch_update_valid_q_reg_i_51/CO[3]
                         net (fo=1, routed)           0.000    11.359    u_core/u_issue/u_pipe_ctrl/branch_update_valid_q_reg_i_51_n_0
    SLICE_X28Y27         CARRY4 (Prop_carry4_CI_CO[2])
                                                      0.228    11.587 r  u_core/u_issue/u_pipe_ctrl/branch_update_valid_q_reg_i_23/CO[2]
                         net (fo=3, routed)           0.836    12.423    u_core/u_issue/u_pipe_ctrl/branch_update_valid_q_i_54_0[0]
    SLICE_X29Y28         LUT6 (Prop_lut6_I3_O)        0.313    12.736 r  u_core/u_issue/u_pipe_ctrl/branch_update_valid_q_i_24/O
                         net (fo=2, routed)           0.307    13.043    u_core/u_fetch/branch_update_valid_q_i_4_0
    SLICE_X29Y29         LUT6 (Prop_lut6_I2_O)        0.124    13.167 r  u_core/u_fetch/branch_update_valid_q_i_20/O
                         net (fo=61, routed)          0.811    13.978    u_core/u_fetch/branch_update_valid_q_i_20_n_0
    SLICE_X32Y28         LUT6 (Prop_lut6_I2_O)        0.124    14.102 r  u_core/u_fetch/branch_pc_q[13]_i_2/O
                         net (fo=1, routed)           0.722    14.824    u_core/u_fetch/branch_pc_q[13]_i_2_n_0
    SLICE_X36Y27         LUT6 (Prop_lut6_I3_O)        0.124    14.948 r  u_core/u_fetch/branch_pc_q[13]_i_1/O
                         net (fo=1, routed)           0.000    14.948    u_core/u_fetch/branch_pc_q[13]_i_1_n_0
    SLICE_X36Y27         FDCE                                         r  u_core/u_fetch/branch_pc_q_reg[13]/D
  -------------------------------------------------------------------    -------------------

                         (clock clk_i rise edge)     10.000    10.000 r  
                                                      0.000    10.000 r  clk_i (IN)
                         net (fo=2947, unset)         1.481    11.481    u_core/u_fetch/clk_i
    SLICE_X36Y27         FDCE                                         r  u_core/u_fetch/branch_pc_q_reg[13]/C
                         clock pessimism              0.115    11.596    
                         clock uncertainty           -0.035    11.561    
    SLICE_X36Y27         FDCE (Setup_fdce_C_D)        0.077    11.638    u_core/u_fetch/branch_pc_q_reg[13]
  -------------------------------------------------------------------
                         required time                         11.638    
                         arrival time                         -14.948    
  -------------------------------------------------------------------
                         slack                                 -3.310    

Slack (VIOLATED) :        -3.302ns  (required time - arrival time)
  Source:                 u_tcm/u_ram/ram_reg_1_3/CLKBWRCLK
                            (rising edge-triggered cell RAMB36E1 clocked by clk_i  {rise@0.000ns fall@5.000ns period=10.000ns})
  Destination:            u_core/u_fetch/branch_pc_q_reg[2]/D
                            (rising edge-triggered cell FDCE clocked by clk_i  {rise@0.000ns fall@5.000ns period=10.000ns})
  Path Group:             clk_i
  Path Type:              Setup (Max at Slow Process Corner)
  Requirement:            10.000ns  (clk_i rise@10.000ns - clk_i rise@0.000ns)
  Data Path Delay:        13.165ns  (logic 5.053ns (38.382%)  route 8.112ns (61.618%))
  Logic Levels:           13  (CARRY4=2 LUT3=1 LUT5=2 LUT6=6 MUXF7=1 MUXF8=1)
  Clock Path Skew:        -0.182ns (DCD - SCD + CPR)
    Destination Clock Delay (DCD):    1.480ns = ( 11.480 - 10.000 ) 
    Source Clock Delay      (SCD):    1.777ns
    Clock Pessimism Removal (CPR):    0.115ns
  Clock Uncertainty:      0.035ns  ((TSJ^2 + TIJ^2)^1/2 + DJ) / 2 + PE
    Total System Jitter     (TSJ):    0.071ns
    Total Input Jitter      (TIJ):    0.000ns
    Discrete Jitter          (DJ):    0.000ns
    Phase Error              (PE):    0.000ns

    Location             Delay type                Incr(ns)  Path(ns)    Netlist Resource(s)
  -------------------------------------------------------------------    -------------------
                         (clock clk_i rise edge)      0.000     0.000 r  
                                                      0.000     0.000 r  clk_i (IN)
                         net (fo=2947, unset)         1.777     1.777    u_tcm/u_ram/clk_i
    RAMB36_X1Y5          RAMB36E1                                     r  u_tcm/u_ram/ram_reg_1_3/CLKBWRCLK
  -------------------------------------------------------------------    -------------------
    RAMB36_X1Y5          RAMB36E1 (Prop_ramb36e1_CLKBWRCLK_DOBDO[1])
                                                      2.454     4.231 r  u_tcm/u_ram/ram_reg_1_3/DOBDO[1]
                         net (fo=3, routed)           0.971     5.203    u_core/u_fetch/ram_read0_q[15]
    SLICE_X25Y22         LUT3 (Prop_lut3_I1_O)        0.124     5.327 r  u_core/u_fetch/sub_res_w_carry__1_i_84/O
                         net (fo=94, routed)          1.337     6.664    u_core/u_issue/u_regfile/sub_res_w_carry__1_i_45_0
    SLICE_X46Y24         LUT5 (Prop_lut5_I3_O)        0.124     6.788 r  u_core/u_issue/u_regfile/sub_res_w_carry__2_i_88/O
                         net (fo=1, routed)           0.000     6.788    u_core/u_issue/u_regfile/sub_res_w_carry__2_i_88_n_0
    SLICE_X46Y24         MUXF7 (Prop_muxf7_I0_O)      0.241     7.029 r  u_core/u_issue/u_regfile/sub_res_w_carry__2_i_58/O
                         net (fo=1, routed)           0.000     7.029    u_core/u_issue/u_regfile/sub_res_w_carry__2_i_58_n_0
    SLICE_X46Y24         MUXF8 (Prop_muxf8_I0_O)      0.098     7.127 r  u_core/u_issue/u_regfile/sub_res_w_carry__2_i_43/O
                         net (fo=1, routed)           1.053     8.180    u_core/u_issue/u_pipe_ctrl/sub_res_w_carry__2_i_20_1
    SLICE_X26Y24         LUT5 (Prop_lut5_I4_O)        0.319     8.499 r  u_core/u_issue/u_pipe_ctrl/sub_res_w_carry__2_i_33/O
                         net (fo=2, routed)           1.079     9.578    u_core/u_issue/u_pipe_ctrl/sub_res_w_carry__2_i_33_n_0
    SLICE_X22Y26         LUT6 (Prop_lut6_I0_O)        0.124     9.702 r  u_core/u_issue/u_pipe_ctrl/sub_res_w_carry__2_i_20/O
                         net (fo=16, routed)          1.001    10.703    u_core/u_issue/u_pipe_ctrl/result_q_reg[15]_0[0]
    SLICE_X28Y26         LUT6 (Prop_lut6_I5_O)        0.124    10.827 r  u_core/u_issue/u_pipe_ctrl/branch_update_valid_q_i_100/O
                         net (fo=1, routed)           0.000    10.827    u_core/u_issue/u_pipe_ctrl/branch_update_valid_q_i_100_n_0
    SLICE_X28Y26         CARRY4 (Prop_carry4_S[0]_CO[3])
                                                      0.532    11.359 r  u_core/u_issue/u_pipe_ctrl/branch_update_valid_q_reg_i_51/CO[3]
                         net (fo=1, routed)           0.000    11.359    u_core/u_issue/u_pipe_ctrl/branch_update_valid_q_reg_i_51_n_0
    SLICE_X28Y27         CARRY4 (Prop_carry4_CI_CO[2])
                                                      0.228    11.587 r  u_core/u_issue/u_pipe_ctrl/branch_update_valid_q_reg_i_23/CO[2]
                         net (fo=3, routed)           0.836    12.423    u_core/u_issue/u_pipe_ctrl/branch_update_valid_q_i_54_0[0]
    SLICE_X29Y28         LUT6 (Prop_lut6_I3_O)        0.313    12.736 r  u_core/u_issue/u_pipe_ctrl/branch_update_valid_q_i_24/O
                         net (fo=2, routed)           0.307    13.043    u_core/u_fetch/branch_update_valid_q_i_4_0
    SLICE_X29Y29         LUT6 (Prop_lut6_I2_O)        0.124    13.167 r  u_core/u_fetch/branch_update_valid_q_i_20/O
                         net (fo=61, routed)          0.938    14.105    u_core/u_fetch/branch_update_valid_q_i_20_n_0
    SLICE_X33Y27         LUT6 (Prop_lut6_I2_O)        0.124    14.229 r  u_core/u_fetch/branch_pc_q[2]_i_2/O
                         net (fo=1, routed)           0.590    14.819    u_core/u_fetch/branch_pc_q[2]_i_2_n_0
    SLICE_X32Y26         LUT6 (Prop_lut6_I3_O)        0.124    14.943 r  u_core/u_fetch/branch_pc_q[2]_i_1/O
                         net (fo=1, routed)           0.000    14.943    u_core/u_fetch/branch_pc_q[2]_i_1_n_0
    SLICE_X32Y26         FDCE                                         r  u_core/u_fetch/branch_pc_q_reg[2]/D
  -------------------------------------------------------------------    -------------------

                         (clock clk_i rise edge)     10.000    10.000 r  
                                                      0.000    10.000 r  clk_i (IN)
                         net (fo=2947, unset)         1.480    11.480    u_core/u_fetch/clk_i
    SLICE_X32Y26         FDCE                                         r  u_core/u_fetch/branch_pc_q_reg[2]/C
                         clock pessimism              0.115    11.595    
                         clock uncertainty           -0.035    11.560    
    SLICE_X32Y26         FDCE (Setup_fdce_C_D)        0.081    11.641    u_core/u_fetch/branch_pc_q_reg[2]
  -------------------------------------------------------------------
                         required time                         11.641    
                         arrival time                         -14.943    
  -------------------------------------------------------------------
                         slack                                 -3.302    

Slack (VIOLATED) :        -3.301ns  (required time - arrival time)
  Source:                 u_tcm/u_ram/ram_reg_1_3/CLKBWRCLK
                            (rising edge-triggered cell RAMB36E1 clocked by clk_i  {rise@0.000ns fall@5.000ns period=10.000ns})
  Destination:            u_core/u_exec/branch_update_valid_q_reg/D
                            (rising edge-triggered cell FDCE clocked by clk_i  {rise@0.000ns fall@5.000ns period=10.000ns})
  Path Group:             clk_i
  Path Type:              Setup (Max at Slow Process Corner)
  Requirement:            10.000ns  (clk_i rise@10.000ns - clk_i rise@0.000ns)
  Data Path Delay:        13.120ns  (logic 4.929ns (37.569%)  route 8.191ns (62.431%))
  Logic Levels:           12  (CARRY4=2 LUT3=1 LUT5=2 LUT6=5 MUXF7=1 MUXF8=1)
  Clock Path Skew:        -0.105ns (DCD - SCD + CPR)
    Destination Clock Delay (DCD):    1.557ns = ( 11.557 - 10.000 ) 
    Source Clock Delay      (SCD):    1.777ns
    Clock Pessimism Removal (CPR):    0.115ns
  Clock Uncertainty:      0.035ns  ((TSJ^2 + TIJ^2)^1/2 + DJ) / 2 + PE
    Total System Jitter     (TSJ):    0.071ns
    Total Input Jitter      (TIJ):    0.000ns
    Discrete Jitter          (DJ):    0.000ns
    Phase Error              (PE):    0.000ns

    Location             Delay type                Incr(ns)  Path(ns)    Netlist Resource(s)
  -------------------------------------------------------------------    -------------------
                         (clock clk_i rise edge)      0.000     0.000 r  
                                                      0.000     0.000 r  clk_i (IN)
                         net (fo=2947, unset)         1.777     1.777    u_tcm/u_ram/clk_i
    RAMB36_X1Y5          RAMB36E1                                     r  u_tcm/u_ram/ram_reg_1_3/CLKBWRCLK
  -------------------------------------------------------------------    -------------------
    RAMB36_X1Y5          RAMB36E1 (Prop_ramb36e1_CLKBWRCLK_DOBDO[1])
                                                      2.454     4.231 r  u_tcm/u_ram/ram_reg_1_3/DOBDO[1]
                         net (fo=3, routed)           0.971     5.203    u_core/u_fetch/ram_read0_q[15]
    SLICE_X25Y22         LUT3 (Prop_lut3_I1_O)        0.124     5.327 r  u_core/u_fetch/sub_res_w_carry__1_i_84/O
                         net (fo=94, routed)          1.337     6.664    u_core/u_issue/u_regfile/sub_res_w_carry__1_i_45_0
    SLICE_X46Y24         LUT5 (Prop_lut5_I3_O)        0.124     6.788 r  u_core/u_issue/u_regfile/sub_res_w_carry__2_i_88/O
                         net (fo=1, routed)           0.000     6.788    u_core/u_issue/u_regfile/sub_res_w_carry__2_i_88_n_0
    SLICE_X46Y24         MUXF7 (Prop_muxf7_I0_O)      0.241     7.029 r  u_core/u_issue/u_regfile/sub_res_w_carry__2_i_58/O
                         net (fo=1, routed)           0.000     7.029    u_core/u_issue/u_regfile/sub_res_w_carry__2_i_58_n_0
    SLICE_X46Y24         MUXF8 (Prop_muxf8_I0_O)      0.098     7.127 r  u_core/u_issue/u_regfile/sub_res_w_carry__2_i_43/O
                         net (fo=1, routed)           1.053     8.180    u_core/u_issue/u_pipe_ctrl/sub_res_w_carry__2_i_20_1
    SLICE_X26Y24         LUT5 (Prop_lut5_I4_O)        0.319     8.499 r  u_core/u_issue/u_pipe_ctrl/sub_res_w_carry__2_i_33/O
                         net (fo=2, routed)           1.079     9.578    u_core/u_issue/u_pipe_ctrl/sub_res_w_carry__2_i_33_n_0
    SLICE_X22Y26         LUT6 (Prop_lut6_I0_O)        0.124     9.702 r  u_core/u_issue/u_pipe_ctrl/sub_res_w_carry__2_i_20/O
                         net (fo=16, routed)          1.001    10.703    u_core/u_issue/u_pipe_ctrl/result_q_reg[15]_0[0]
    SLICE_X28Y26         LUT6 (Prop_lut6_I5_O)        0.124    10.827 r  u_core/u_issue/u_pipe_ctrl/branch_update_valid_q_i_100/O
                         net (fo=1, routed)           0.000    10.827    u_core/u_issue/u_pipe_ctrl/branch_update_valid_q_i_100_n_0
    SLICE_X28Y26         CARRY4 (Prop_carry4_S[0]_CO[3])
                                                      0.532    11.359 r  u_core/u_issue/u_pipe_ctrl/branch_update_valid_q_reg_i_51/CO[3]
                         net (fo=1, routed)           0.000    11.359    u_core/u_issue/u_pipe_ctrl/branch_update_valid_q_reg_i_51_n_0
    SLICE_X28Y27         CARRY4 (Prop_carry4_CI_CO[2])
                                                      0.228    11.587 f  u_core/u_issue/u_pipe_ctrl/branch_update_valid_q_reg_i_23/CO[2]
                         net (fo=3, routed)           0.836    12.423    u_core/u_issue/u_pipe_ctrl/branch_update_valid_q_i_54_0[0]
    SLICE_X29Y28         LUT6 (Prop_lut6_I3_O)        0.313    12.736 f  u_core/u_issue/u_pipe_ctrl/branch_update_valid_q_i_24/O
                         net (fo=2, routed)           0.307    13.043    u_core/u_fetch/branch_update_valid_q_i_4_0
    SLICE_X29Y29         LUT6 (Prop_lut6_I2_O)        0.124    13.167 f  u_core/u_fetch/branch_update_valid_q_i_20/O
                         net (fo=61, routed)          1.142    14.309    u_core/u_fetch/branch_update_valid_q_i_20_n_0
    SLICE_X31Y24         LUT6 (Prop_lut6_I4_O)        0.124    14.433 r  u_core/u_fetch/branch_update_valid_q_i_1_comp/O
                         net (fo=1, routed)           0.464    14.897    u_core/u_exec/branch_update_valid_q
    SLICE_X29Y22         FDCE                                         r  u_core/u_exec/branch_update_valid_q_reg/D
  -------------------------------------------------------------------    -------------------

                         (clock clk_i rise edge)     10.000    10.000 r  
                                                      0.000    10.000 r  clk_i (IN)
                         net (fo=2947, unset)         1.557    11.557    u_core/u_exec/clk_i
    SLICE_X29Y22         FDCE                                         r  u_core/u_exec/branch_update_valid_q_reg/C
                         clock pessimism              0.115    11.672    
                         clock uncertainty           -0.035    11.637    
    SLICE_X29Y22         FDCE (Setup_fdce_C_D)       -0.040    11.597    u_core/u_exec/branch_update_valid_q_reg
  -------------------------------------------------------------------
                         required time                         11.597    
                         arrival time                         -14.897    
  -------------------------------------------------------------------
                         slack                                 -3.301    

Slack (VIOLATED) :        -3.300ns  (required time - arrival time)
  Source:                 u_tcm/u_ram/ram_reg_1_3/CLKBWRCLK
                            (rising edge-triggered cell RAMB36E1 clocked by clk_i  {rise@0.000ns fall@5.000ns period=10.000ns})
  Destination:            u_core/u_fetch/branch_pc_q_reg[14]/CE
                            (rising edge-triggered cell FDCE clocked by clk_i  {rise@0.000ns fall@5.000ns period=10.000ns})
  Path Group:             clk_i
  Path Type:              Setup (Max at Slow Process Corner)
  Requirement:            10.000ns  (clk_i rise@10.000ns - clk_i rise@0.000ns)
  Data Path Delay:        12.875ns  (logic 4.929ns (38.284%)  route 7.946ns (61.716%))
  Logic Levels:           12  (CARRY4=2 LUT3=1 LUT5=2 LUT6=5 MUXF7=1 MUXF8=1)
  Clock Path Skew:        -0.184ns (DCD - SCD + CPR)
    Destination Clock Delay (DCD):    1.478ns = ( 11.478 - 10.000 ) 
    Source Clock Delay      (SCD):    1.777ns
    Clock Pessimism Removal (CPR):    0.115ns
  Clock Uncertainty:      0.035ns  ((TSJ^2 + TIJ^2)^1/2 + DJ) / 2 + PE
    Total System Jitter     (TSJ):    0.071ns
    Total Input Jitter      (TIJ):    0.000ns
    Discrete Jitter          (DJ):    0.000ns
    Phase Error              (PE):    0.000ns

    Location             Delay type                Incr(ns)  Path(ns)    Netlist Resource(s)
  -------------------------------------------------------------------    -------------------
                         (clock clk_i rise edge)      0.000     0.000 r  
                                                      0.000     0.000 r  clk_i (IN)
                         net (fo=2947, unset)         1.777     1.777    u_tcm/u_ram/clk_i
    RAMB36_X1Y5          RAMB36E1                                     r  u_tcm/u_ram/ram_reg_1_3/CLKBWRCLK
  -------------------------------------------------------------------    -------------------
    RAMB36_X1Y5          RAMB36E1 (Prop_ramb36e1_CLKBWRCLK_DOBDO[1])
                                                      2.454     4.231 r  u_tcm/u_ram/ram_reg_1_3/DOBDO[1]
                         net (fo=3, routed)           0.971     5.203    u_core/u_fetch/ram_read0_q[15]
    SLICE_X25Y22         LUT3 (Prop_lut3_I1_O)        0.124     5.327 r  u_core/u_fetch/sub_res_w_carry__1_i_84/O
                         net (fo=94, routed)          1.337     6.664    u_core/u_issue/u_regfile/sub_res_w_carry__1_i_45_0
    SLICE_X46Y24         LUT5 (Prop_lut5_I3_O)        0.124     6.788 r  u_core/u_issue/u_regfile/sub_res_w_carry__2_i_88/O
                         net (fo=1, routed)           0.000     6.788    u_core/u_issue/u_regfile/sub_res_w_carry__2_i_88_n_0
    SLICE_X46Y24         MUXF7 (Prop_muxf7_I0_O)      0.241     7.029 r  u_core/u_issue/u_regfile/sub_res_w_carry__2_i_58/O
                         net (fo=1, routed)           0.000     7.029    u_core/u_issue/u_regfile/sub_res_w_carry__2_i_58_n_0
    SLICE_X46Y24         MUXF8 (Prop_muxf8_I0_O)      0.098     7.127 r  u_core/u_issue/u_regfile/sub_res_w_carry__2_i_43/O
                         net (fo=1, routed)           1.053     8.180    u_core/u_issue/u_pipe_ctrl/sub_res_w_carry__2_i_20_1
    SLICE_X26Y24         LUT5 (Prop_lut5_I4_O)        0.319     8.499 r  u_core/u_issue/u_pipe_ctrl/sub_res_w_carry__2_i_33/O
                         net (fo=2, routed)           1.079     9.578    u_core/u_issue/u_pipe_ctrl/sub_res_w_carry__2_i_33_n_0
    SLICE_X22Y26         LUT6 (Prop_lut6_I0_O)        0.124     9.702 r  u_core/u_issue/u_pipe_ctrl/sub_res_w_carry__2_i_20/O
                         net (fo=16, routed)          1.001    10.703    u_core/u_issue/u_pipe_ctrl/result_q_reg[15]_0[0]
    SLICE_X28Y26         LUT6 (Prop_lut6_I5_O)        0.124    10.827 r  u_core/u_issue/u_pipe_ctrl/branch_update_valid_q_i_100/O
                         net (fo=1, routed)           0.000    10.827    u_core/u_issue/u_pipe_ctrl/branch_update_valid_q_i_100_n_0
    SLICE_X28Y26         CARRY4 (Prop_carry4_S[0]_CO[3])
                                                      0.532    11.359 r  u_core/u_issue/u_pipe_ctrl/branch_update_valid_q_reg_i_51/CO[3]
                         net (fo=1, routed)           0.000    11.359    u_core/u_issue/u_pipe_ctrl/branch_update_valid_q_reg_i_51_n_0
    SLICE_X28Y27         CARRY4 (Prop_carry4_CI_CO[2])
                                                      0.228    11.587 r  u_core/u_issue/u_pipe_ctrl/branch_update_valid_q_reg_i_23/CO[2]
                         net (fo=3, routed)           0.836    12.423    u_core/u_issue/u_pipe_ctrl/branch_update_valid_q_i_54_0[0]
    SLICE_X29Y28         LUT6 (Prop_lut6_I3_O)        0.313    12.736 r  u_core/u_issue/u_pipe_ctrl/branch_update_valid_q_i_24/O
                         net (fo=2, routed)           0.167    12.903    u_core/u_fetch/branch_update_valid_q_i_4_0
    SLICE_X29Y28         LUT6 (Prop_lut6_I2_O)        0.124    13.027 r  u_core/u_fetch/branch_update_valid_q_i_13/O
                         net (fo=4, routed)           0.663    13.690    u_core/u_fetch/branch_update_valid_q_i_13_n_0
    SLICE_X31Y27         LUT6 (Prop_lut6_I3_O)        0.124    13.814 r  u_core/u_fetch/branch_pc_q[31]_i_1_comp/O
                         net (fo=31, routed)          0.839    14.652    u_core/u_fetch/branch_pc_q[31]_i_1_n_0
    SLICE_X33Y24         FDCE                                         r  u_core/u_fetch/branch_pc_q_reg[14]/CE
  -------------------------------------------------------------------    -------------------

                         (clock clk_i rise edge)     10.000    10.000 r  
                                                      0.000    10.000 r  clk_i (IN)
                         net (fo=2947, unset)         1.478    11.478    u_core/u_fetch/clk_i
    SLICE_X33Y24         FDCE                                         r  u_core/u_fetch/branch_pc_q_reg[14]/C
                         clock pessimism              0.115    11.593    
                         clock uncertainty           -0.035    11.558    
    SLICE_X33Y24         FDCE (Setup_fdce_C_CE)      -0.205    11.353    u_core/u_fetch/branch_pc_q_reg[14]
  -------------------------------------------------------------------
                         required time                         11.353    
                         arrival time                         -14.652    
  -------------------------------------------------------------------
                         slack                                 -3.300    

Slack (VIOLATED) :        -3.300ns  (required time - arrival time)
  Source:                 u_tcm/u_ram/ram_reg_1_3/CLKBWRCLK
                            (rising edge-triggered cell RAMB36E1 clocked by clk_i  {rise@0.000ns fall@5.000ns period=10.000ns})
  Destination:            u_core/u_fetch/branch_pc_q_reg[21]/CE
                            (rising edge-triggered cell FDCE clocked by clk_i  {rise@0.000ns fall@5.000ns period=10.000ns})
  Path Group:             clk_i
  Path Type:              Setup (Max at Slow Process Corner)
  Requirement:            10.000ns  (clk_i rise@10.000ns - clk_i rise@0.000ns)
  Data Path Delay:        12.875ns  (logic 4.929ns (38.284%)  route 7.946ns (61.716%))
  Logic Levels:           12  (CARRY4=2 LUT3=1 LUT5=2 LUT6=5 MUXF7=1 MUXF8=1)
  Clock Path Skew:        -0.184ns (DCD - SCD + CPR)
    Destination Clock Delay (DCD):    1.478ns = ( 11.478 - 10.000 ) 
    Source Clock Delay      (SCD):    1.777ns
    Clock Pessimism Removal (CPR):    0.115ns
  Clock Uncertainty:      0.035ns  ((TSJ^2 + TIJ^2)^1/2 + DJ) / 2 + PE
    Total System Jitter     (TSJ):    0.071ns
    Total Input Jitter      (TIJ):    0.000ns
    Discrete Jitter          (DJ):    0.000ns
    Phase Error              (PE):    0.000ns

    Location             Delay type                Incr(ns)  Path(ns)    Netlist Resource(s)
  -------------------------------------------------------------------    -------------------
                         (clock clk_i rise edge)      0.000     0.000 r  
                                                      0.000     0.000 r  clk_i (IN)
                         net (fo=2947, unset)         1.777     1.777    u_tcm/u_ram/clk_i
    RAMB36_X1Y5          RAMB36E1                                     r  u_tcm/u_ram/ram_reg_1_3/CLKBWRCLK
  -------------------------------------------------------------------    -------------------
    RAMB36_X1Y5          RAMB36E1 (Prop_ramb36e1_CLKBWRCLK_DOBDO[1])
                                                      2.454     4.231 r  u_tcm/u_ram/ram_reg_1_3/DOBDO[1]
                         net (fo=3, routed)           0.971     5.203    u_core/u_fetch/ram_read0_q[15]
    SLICE_X25Y22         LUT3 (Prop_lut3_I1_O)        0.124     5.327 r  u_core/u_fetch/sub_res_w_carry__1_i_84/O
                         net (fo=94, routed)          1.337     6.664    u_core/u_issue/u_regfile/sub_res_w_carry__1_i_45_0
    SLICE_X46Y24         LUT5 (Prop_lut5_I3_O)        0.124     6.788 r  u_core/u_issue/u_regfile/sub_res_w_carry__2_i_88/O
                         net (fo=1, routed)           0.000     6.788    u_core/u_issue/u_regfile/sub_res_w_carry__2_i_88_n_0
    SLICE_X46Y24         MUXF7 (Prop_muxf7_I0_O)      0.241     7.029 r  u_core/u_issue/u_regfile/sub_res_w_carry__2_i_58/O
                         net (fo=1, routed)           0.000     7.029    u_core/u_issue/u_regfile/sub_res_w_carry__2_i_58_n_0
    SLICE_X46Y24         MUXF8 (Prop_muxf8_I0_O)      0.098     7.127 r  u_core/u_issue/u_regfile/sub_res_w_carry__2_i_43/O
                         net (fo=1, routed)           1.053     8.180    u_core/u_issue/u_pipe_ctrl/sub_res_w_carry__2_i_20_1
    SLICE_X26Y24         LUT5 (Prop_lut5_I4_O)        0.319     8.499 r  u_core/u_issue/u_pipe_ctrl/sub_res_w_carry__2_i_33/O
                         net (fo=2, routed)           1.079     9.578    u_core/u_issue/u_pipe_ctrl/sub_res_w_carry__2_i_33_n_0
    SLICE_X22Y26         LUT6 (Prop_lut6_I0_O)        0.124     9.702 r  u_core/u_issue/u_pipe_ctrl/sub_res_w_carry__2_i_20/O
                         net (fo=16, routed)          1.001    10.703    u_core/u_issue/u_pipe_ctrl/result_q_reg[15]_0[0]
    SLICE_X28Y26         LUT6 (Prop_lut6_I5_O)        0.124    10.827 r  u_core/u_issue/u_pipe_ctrl/branch_update_valid_q_i_100/O
                         net (fo=1, routed)           0.000    10.827    u_core/u_issue/u_pipe_ctrl/branch_update_valid_q_i_100_n_0
    SLICE_X28Y26         CARRY4 (Prop_carry4_S[0]_CO[3])
                                                      0.532    11.359 r  u_core/u_issue/u_pipe_ctrl/branch_update_valid_q_reg_i_51/CO[3]
                         net (fo=1, routed)           0.000    11.359    u_core/u_issue/u_pipe_ctrl/branch_update_valid_q_reg_i_51_n_0
    SLICE_X28Y27         CARRY4 (Prop_carry4_CI_CO[2])
                                                      0.228    11.587 r  u_core/u_issue/u_pipe_ctrl/branch_update_valid_q_reg_i_23/CO[2]
                         net (fo=3, routed)           0.836    12.423    u_core/u_issue/u_pipe_ctrl/branch_update_valid_q_i_54_0[0]
    SLICE_X29Y28         LUT6 (Prop_lut6_I3_O)        0.313    12.736 r  u_core/u_issue/u_pipe_ctrl/branch_update_valid_q_i_24/O
                         net (fo=2, routed)           0.167    12.903    u_core/u_fetch/branch_update_valid_q_i_4_0
    SLICE_X29Y28         LUT6 (Prop_lut6_I2_O)        0.124    13.027 r  u_core/u_fetch/branch_update_valid_q_i_13/O
                         net (fo=4, routed)           0.663    13.690    u_core/u_fetch/branch_update_valid_q_i_13_n_0
    SLICE_X31Y27         LUT6 (Prop_lut6_I3_O)        0.124    13.814 r  u_core/u_fetch/branch_pc_q[31]_i_1_comp/O
                         net (fo=31, routed)          0.839    14.652    u_core/u_fetch/branch_pc_q[31]_i_1_n_0
    SLICE_X33Y24         FDCE                                         r  u_core/u_fetch/branch_pc_q_reg[21]/CE
  -------------------------------------------------------------------    -------------------

                         (clock clk_i rise edge)     10.000    10.000 r  
                                                      0.000    10.000 r  clk_i (IN)
                         net (fo=2947, unset)         1.478    11.478    u_core/u_fetch/clk_i
    SLICE_X33Y24         FDCE                                         r  u_core/u_fetch/branch_pc_q_reg[21]/C
                         clock pessimism              0.115    11.593    
                         clock uncertainty           -0.035    11.558    
    SLICE_X33Y24         FDCE (Setup_fdce_C_CE)      -0.205    11.353    u_core/u_fetch/branch_pc_q_reg[21]
  -------------------------------------------------------------------
                         required time                         11.353    
                         arrival time                         -14.652    
  -------------------------------------------------------------------
                         slack                                 -3.300    





Min Delay Paths
--------------------------------------------------------------------------------------
Slack (MET) :             0.059ns  (arrival time - required time)
  Source:                 u_core/u_issue/u_pipe_ctrl/csr_wdata_wb_q_reg[12]/C
                            (rising edge-triggered cell FDCE clocked by clk_i  {rise@0.000ns fall@5.000ns period=10.000ns})
  Destination:            u_core/u_csr/u_csrfile/csr_mepc_q_reg[12]/D
                            (rising edge-triggered cell FDCE clocked by clk_i  {rise@0.000ns fall@5.000ns period=10.000ns})
  Path Group:             clk_i
  Path Type:              Hold (Min at Fast Process Corner)
  Requirement:            0.000ns  (clk_i rise@0.000ns - clk_i rise@0.000ns)
  Data Path Delay:        0.437ns  (logic 0.186ns (42.590%)  route 0.251ns (57.410%))
  Logic Levels:           1  (LUT4=1)
  Clock Path Skew:        0.257ns (DCD - SCD - CPR)
    Destination Clock Delay (DCD):    0.820ns
    Source Clock Delay      (SCD):    0.558ns
    Clock Pessimism Removal (CPR):    0.005ns

    Location             Delay type                Incr(ns)  Path(ns)    Netlist Resource(s)
  -------------------------------------------------------------------    -------------------
                         (clock clk_i rise edge)      0.000     0.000 r  
                                                      0.000     0.000 r  clk_i (IN)
                         net (fo=2947, unset)         0.558     0.558    u_core/u_issue/u_pipe_ctrl/clk_i
    SLICE_X43Y12         FDCE                                         r  u_core/u_issue/u_pipe_ctrl/csr_wdata_wb_q_reg[12]/C
  -------------------------------------------------------------------    -------------------
    SLICE_X43Y12         FDCE (Prop_fdce_C_Q)         0.141     0.699 r  u_core/u_issue/u_pipe_ctrl/csr_wdata_wb_q_reg[12]/Q
                         net (fo=6, routed)           0.251     0.950    u_core/u_issue/u_pipe_ctrl/csr_wdata_wb_q_reg[31]_0[12]
    SLICE_X50Y12         LUT4 (Prop_lut4_I3_O)        0.045     0.995 r  u_core/u_issue/u_pipe_ctrl/csr_mepc_q[12]_i_1/O
                         net (fo=1, routed)           0.000     0.995    u_core/u_csr/u_csrfile/csr_mepc_q_reg[31]_1[12]
    SLICE_X50Y12         FDCE                                         r  u_core/u_csr/u_csrfile/csr_mepc_q_reg[12]/D
  -------------------------------------------------------------------    -------------------

                         (clock clk_i rise edge)      0.000     0.000 r  
                                                      0.000     0.000 r  clk_i (IN)
                         net (fo=2947, unset)         0.820     0.820    u_core/u_csr/u_csrfile/clk_i
    SLICE_X50Y12         FDCE                                         r  u_core/u_csr/u_csrfile/csr_mepc_q_reg[12]/C
                         clock pessimism             -0.005     0.815    
    SLICE_X50Y12         FDCE (Hold_fdce_C_D)         0.121     0.936    u_core/u_csr/u_csrfile/csr_mepc_q_reg[12]
  -------------------------------------------------------------------
                         required time                         -0.936    
                         arrival time                           0.995    
  -------------------------------------------------------------------
                         slack                                  0.059    

Slack (MET) :             0.070ns  (arrival time - required time)
  Source:                 u_core/u_issue/u_pipe_ctrl/csr_wdata_wb_q_reg[6]/C
                            (rising edge-triggered cell FDCE clocked by clk_i  {rise@0.000ns fall@5.000ns period=10.000ns})
  Destination:            u_core/u_csr/u_csrfile/csr_mtval_q_reg[6]/D
                            (rising edge-triggered cell FDCE clocked by clk_i  {rise@0.000ns fall@5.000ns period=10.000ns})
  Path Group:             clk_i
  Path Type:              Hold (Min at Fast Process Corner)
  Requirement:            0.000ns  (clk_i rise@0.000ns - clk_i rise@0.000ns)
  Data Path Delay:        0.420ns  (logic 0.226ns (53.813%)  route 0.194ns (46.187%))
  Logic Levels:           1  (LUT6=1)
  Clock Path Skew:        0.258ns (DCD - SCD - CPR)
    Destination Clock Delay (DCD):    0.820ns
    Source Clock Delay      (SCD):    0.557ns
    Clock Pessimism Removal (CPR):    0.005ns

    Location             Delay type                Incr(ns)  Path(ns)    Netlist Resource(s)
  -------------------------------------------------------------------    -------------------
                         (clock clk_i rise edge)      0.000     0.000 r  
                                                      0.000     0.000 r  clk_i (IN)
                         net (fo=2947, unset)         0.557     0.557    u_core/u_issue/u_pipe_ctrl/clk_i
    SLICE_X49Y12         FDCE                                         r  u_core/u_issue/u_pipe_ctrl/csr_wdata_wb_q_reg[6]/C
  -------------------------------------------------------------------    -------------------
    SLICE_X49Y12         FDCE (Prop_fdce_C_Q)         0.128     0.685 r  u_core/u_issue/u_pipe_ctrl/csr_wdata_wb_q_reg[6]/Q
                         net (fo=6, routed)           0.194     0.879    u_core/u_issue/u_pipe_ctrl/csr_wdata_wb_q_reg[31]_0[6]
    SLICE_X51Y12         LUT6 (Prop_lut6_I0_O)        0.098     0.977 r  u_core/u_issue/u_pipe_ctrl/csr_mtval_q[6]_i_1/O
                         net (fo=1, routed)           0.000     0.977    u_core/u_csr/u_csrfile/csr_mtval_q_reg[31]_1[6]
    SLICE_X51Y12         FDCE                                         r  u_core/u_csr/u_csrfile/csr_mtval_q_reg[6]/D
  -------------------------------------------------------------------    -------------------

                         (clock clk_i rise edge)      0.000     0.000 r  
                                                      0.000     0.000 r  clk_i (IN)
                         net (fo=2947, unset)         0.820     0.820    u_core/u_csr/u_csrfile/clk_i
    SLICE_X51Y12         FDCE                                         r  u_core/u_csr/u_csrfile/csr_mtval_q_reg[6]/C
                         clock pessimism             -0.005     0.815    
    SLICE_X51Y12         FDCE (Hold_fdce_C_D)         0.092     0.907    u_core/u_csr/u_csrfile/csr_mtval_q_reg[6]
  -------------------------------------------------------------------
                         required time                         -0.907    
                         arrival time                           0.977    
  -------------------------------------------------------------------
                         slack                                  0.070    

Slack (MET) :             0.082ns  (arrival time - required time)
  Source:                 u_core/u_issue/u_pipe_ctrl/csr_wdata_wb_q_reg[9]/C
                            (rising edge-triggered cell FDCE clocked by clk_i  {rise@0.000ns fall@5.000ns period=10.000ns})
  Destination:            u_core/u_csr/u_csrfile/csr_mtvec_q_reg[9]/D
                            (rising edge-triggered cell FDCE clocked by clk_i  {rise@0.000ns fall@5.000ns period=10.000ns})
  Path Group:             clk_i
  Path Type:              Hold (Min at Fast Process Corner)
  Requirement:            0.000ns  (clk_i rise@0.000ns - clk_i rise@0.000ns)
  Data Path Delay:        0.356ns  (logic 0.128ns (35.917%)  route 0.228ns (64.083%))
  Logic Levels:           0  
  Clock Path Skew:        0.261ns (DCD - SCD - CPR)
    Destination Clock Delay (DCD):    0.823ns
    Source Clock Delay      (SCD):    0.557ns
    Clock Pessimism Removal (CPR):    0.005ns

    Location             Delay type                Incr(ns)  Path(ns)    Netlist Resource(s)
  -------------------------------------------------------------------    -------------------
                         (clock clk_i rise edge)      0.000     0.000 r  
                                                      0.000     0.000 r  clk_i (IN)
                         net (fo=2947, unset)         0.557     0.557    u_core/u_issue/u_pipe_ctrl/clk_i
    SLICE_X49Y12         FDCE                                         r  u_core/u_issue/u_pipe_ctrl/csr_wdata_wb_q_reg[9]/C
  -------------------------------------------------------------------    -------------------
    SLICE_X49Y12         FDCE (Prop_fdce_C_Q)         0.128     0.685 r  u_core/u_issue/u_pipe_ctrl/csr_wdata_wb_q_reg[9]/Q
                         net (fo=8, routed)           0.228     0.913    u_core/u_csr/u_csrfile/Q[9]
    SLICE_X53Y7          FDCE                                         r  u_core/u_csr/u_csrfile/csr_mtvec_q_reg[9]/D
  -------------------------------------------------------------------    -------------------

                         (clock clk_i rise edge)      0.000     0.000 r  
                                                      0.000     0.000 r  clk_i (IN)
                         net (fo=2947, unset)         0.823     0.823    u_core/u_csr/u_csrfile/clk_i
    SLICE_X53Y7          FDCE                                         r  u_core/u_csr/u_csrfile/csr_mtvec_q_reg[9]/C
                         clock pessimism             -0.005     0.818    
    SLICE_X53Y7          FDCE (Hold_fdce_C_D)         0.013     0.831    u_core/u_csr/u_csrfile/csr_mtvec_q_reg[9]
  -------------------------------------------------------------------
                         required time                         -0.831    
                         arrival time                           0.913    
  -------------------------------------------------------------------
                         slack                                  0.082    

Slack (MET) :             0.083ns  (arrival time - required time)
  Source:                 u_core/u_issue/u_pipe_ctrl/csr_wdata_e2_q_reg[19]/C
                            (rising edge-triggered cell FDCE clocked by clk_i  {rise@0.000ns fall@5.000ns period=10.000ns})
  Destination:            u_core/u_issue/u_pipe_ctrl/csr_wdata_wb_q_reg[19]/D
                            (rising edge-triggered cell FDCE clocked by clk_i  {rise@0.000ns fall@5.000ns period=10.000ns})
  Path Group:             clk_i
  Path Type:              Hold (Min at Fast Process Corner)
  Requirement:            0.000ns  (clk_i rise@0.000ns - clk_i rise@0.000ns)
  Data Path Delay:        0.399ns  (logic 0.141ns (35.344%)  route 0.258ns (64.656%))
  Logic Levels:           0  
  Clock Path Skew:        0.257ns (DCD - SCD - CPR)
    Destination Clock Delay (DCD):    0.818ns
    Source Clock Delay      (SCD):    0.556ns
    Clock Pessimism Removal (CPR):    0.005ns

    Location             Delay type                Incr(ns)  Path(ns)    Netlist Resource(s)
  -------------------------------------------------------------------    -------------------
                         (clock clk_i rise edge)      0.000     0.000 r  
                                                      0.000     0.000 r  clk_i (IN)
                         net (fo=2947, unset)         0.556     0.556    u_core/u_issue/u_pipe_ctrl/clk_i
    SLICE_X48Y15         FDCE                                         r  u_core/u_issue/u_pipe_ctrl/csr_wdata_e2_q_reg[19]/C
  -------------------------------------------------------------------    -------------------
    SLICE_X48Y15         FDCE (Prop_fdce_C_Q)         0.141     0.697 r  u_core/u_issue/u_pipe_ctrl/csr_wdata_e2_q_reg[19]/Q
                         net (fo=1, routed)           0.258     0.955    u_core/u_issue/u_pipe_ctrl/csr_wdata_e2_q[19]
    SLICE_X52Y15         FDCE                                         r  u_core/u_issue/u_pipe_ctrl/csr_wdata_wb_q_reg[19]/D
  -------------------------------------------------------------------    -------------------

                         (clock clk_i rise edge)      0.000     0.000 r  
                                                      0.000     0.000 r  clk_i (IN)
                         net (fo=2947, unset)         0.818     0.818    u_core/u_issue/u_pipe_ctrl/clk_i
    SLICE_X52Y15         FDCE                                         r  u_core/u_issue/u_pipe_ctrl/csr_wdata_wb_q_reg[19]/C
                         clock pessimism             -0.005     0.813    
    SLICE_X52Y15         FDCE (Hold_fdce_C_D)         0.059     0.872    u_core/u_issue/u_pipe_ctrl/csr_wdata_wb_q_reg[19]
  -------------------------------------------------------------------
                         required time                         -0.872    
                         arrival time                           0.955    
  -------------------------------------------------------------------
                         slack                                  0.083    

Slack (MET) :             0.091ns  (arrival time - required time)
  Source:                 u_core/u_issue/u_pipe_ctrl/csr_wdata_wb_q_reg[6]/C
                            (rising edge-triggered cell FDCE clocked by clk_i  {rise@0.000ns fall@5.000ns period=10.000ns})
  Destination:            u_core/u_csr/u_csrfile/csr_mtvec_q_reg[6]/D
                            (rising edge-triggered cell FDCE clocked by clk_i  {rise@0.000ns fall@5.000ns period=10.000ns})
  Path Group:             clk_i
  Path Type:              Hold (Min at Fast Process Corner)
  Requirement:            0.000ns  (clk_i rise@0.000ns - clk_i rise@0.000ns)
  Data Path Delay:        0.371ns  (logic 0.128ns (34.482%)  route 0.243ns (65.518%))
  Logic Levels:           0  
  Clock Path Skew:        0.261ns (DCD - SCD - CPR)
    Destination Clock Delay (DCD):    0.823ns
    Source Clock Delay      (SCD):    0.557ns
    Clock Pessimism Removal (CPR):    0.005ns

    Location             Delay type                Incr(ns)  Path(ns)    Netlist Resource(s)
  -------------------------------------------------------------------    -------------------
                         (clock clk_i rise edge)      0.000     0.000 r  
                                                      0.000     0.000 r  clk_i (IN)
                         net (fo=2947, unset)         0.557     0.557    u_core/u_issue/u_pipe_ctrl/clk_i
    SLICE_X49Y12         FDCE                                         r  u_core/u_issue/u_pipe_ctrl/csr_wdata_wb_q_reg[6]/C
  -------------------------------------------------------------------    -------------------
    SLICE_X49Y12         FDCE (Prop_fdce_C_Q)         0.128     0.685 r  u_core/u_issue/u_pipe_ctrl/csr_wdata_wb_q_reg[6]/Q
                         net (fo=6, routed)           0.243     0.928    u_core/u_csr/u_csrfile/Q[6]
    SLICE_X52Y10         FDCE                                         r  u_core/u_csr/u_csrfile/csr_mtvec_q_reg[6]/D
  -------------------------------------------------------------------    -------------------

                         (clock clk_i rise edge)      0.000     0.000 r  
                                                      0.000     0.000 r  clk_i (IN)
                         net (fo=2947, unset)         0.823     0.823    u_core/u_csr/u_csrfile/clk_i
    SLICE_X52Y10         FDCE                                         r  u_core/u_csr/u_csrfile/csr_mtvec_q_reg[6]/C
                         clock pessimism             -0.005     0.818    
    SLICE_X52Y10         FDCE (Hold_fdce_C_D)         0.019     0.837    u_core/u_csr/u_csrfile/csr_mtvec_q_reg[6]
  -------------------------------------------------------------------
                         required time                         -0.837    
                         arrival time                           0.928    
  -------------------------------------------------------------------
                         slack                                  0.091    

Slack (MET) :             0.092ns  (arrival time - required time)
  Source:                 u_core/u_issue/u_pipe_ctrl/csr_wdata_wb_q_reg[26]/C
                            (rising edge-triggered cell FDCE clocked by clk_i  {rise@0.000ns fall@5.000ns period=10.000ns})
  Destination:            u_core/u_csr/u_csrfile/csr_mtval_q_reg[26]/D
                            (rising edge-triggered cell FDCE clocked by clk_i  {rise@0.000ns fall@5.000ns period=10.000ns})
  Path Group:             clk_i
  Path Type:              Hold (Min at Fast Process Corner)
  Requirement:            0.000ns  (clk_i rise@0.000ns - clk_i rise@0.000ns)
  Data Path Delay:        0.440ns  (logic 0.186ns (42.312%)  route 0.254ns (57.688%))
  Logic Levels:           1  (LUT6=1)
  Clock Path Skew:        0.256ns (DCD - SCD - CPR)
    Destination Clock Delay (DCD):    0.815ns
    Source Clock Delay      (SCD):    0.554ns
    Clock Pessimism Removal (CPR):    0.005ns

    Location             Delay type                Incr(ns)  Path(ns)    Netlist Resource(s)
  -------------------------------------------------------------------    -------------------
                         (clock clk_i rise edge)      0.000     0.000 r  
                                                      0.000     0.000 r  clk_i (IN)
                         net (fo=2947, unset)         0.554     0.554    u_core/u_issue/u_pipe_ctrl/clk_i
    SLICE_X44Y18         FDCE                                         r  u_core/u_issue/u_pipe_ctrl/csr_wdata_wb_q_reg[26]/C
  -------------------------------------------------------------------    -------------------
    SLICE_X44Y18         FDCE (Prop_fdce_C_Q)         0.141     0.695 r  u_core/u_issue/u_pipe_ctrl/csr_wdata_wb_q_reg[26]/Q
                         net (fo=6, routed)           0.254     0.949    u_core/u_issue/u_pipe_ctrl/csr_wdata_wb_q_reg[31]_0[26]
    SLICE_X52Y19         LUT6 (Prop_lut6_I0_O)        0.045     0.994 r  u_core/u_issue/u_pipe_ctrl/csr_mtval_q[26]_i_1/O
                         net (fo=1, routed)           0.000     0.994    u_core/u_csr/u_csrfile/csr_mtval_q_reg[31]_1[26]
    SLICE_X52Y19         FDCE                                         r  u_core/u_csr/u_csrfile/csr_mtval_q_reg[26]/D
  -------------------------------------------------------------------    -------------------

                         (clock clk_i rise edge)      0.000     0.000 r  
                                                      0.000     0.000 r  clk_i (IN)
                         net (fo=2947, unset)         0.815     0.815    u_core/u_csr/u_csrfile/clk_i
    SLICE_X52Y19         FDCE                                         r  u_core/u_csr/u_csrfile/csr_mtval_q_reg[26]/C
                         clock pessimism             -0.005     0.810    
    SLICE_X52Y19         FDCE (Hold_fdce_C_D)         0.092     0.902    u_core/u_csr/u_csrfile/csr_mtval_q_reg[26]
  -------------------------------------------------------------------
                         required time                         -0.902    
                         arrival time                           0.994    
  -------------------------------------------------------------------
                         slack                                  0.092    

Slack (MET) :             0.095ns  (arrival time - required time)
  Source:                 u_core/u_issue/u_pipe_ctrl/csr_wdata_wb_q_reg[31]/C
                            (rising edge-triggered cell FDCE clocked by clk_i  {rise@0.000ns fall@5.000ns period=10.000ns})
  Destination:            u_core/u_csr/u_csrfile/csr_mepc_q_reg[31]/D
                            (rising edge-triggered cell FDCE clocked by clk_i  {rise@0.000ns fall@5.000ns period=10.000ns})
  Path Group:             clk_i
  Path Type:              Hold (Min at Fast Process Corner)
  Requirement:            0.000ns  (clk_i rise@0.000ns - clk_i rise@0.000ns)
  Data Path Delay:        0.442ns  (logic 0.186ns (42.071%)  route 0.256ns (57.929%))
  Logic Levels:           1  (LUT4=1)
  Clock Path Skew:        0.255ns (DCD - SCD - CPR)
    Destination Clock Delay (DCD):    0.815ns
    Source Clock Delay      (SCD):    0.555ns
    Clock Pessimism Removal (CPR):    0.005ns

    Location             Delay type                Incr(ns)  Path(ns)    Netlist Resource(s)
  -------------------------------------------------------------------    -------------------
                         (clock clk_i rise edge)      0.000     0.000 r  
                                                      0.000     0.000 r  clk_i (IN)
                         net (fo=2947, unset)         0.555     0.555    u_core/u_issue/u_pipe_ctrl/clk_i
    SLICE_X49Y16         FDCE                                         r  u_core/u_issue/u_pipe_ctrl/csr_wdata_wb_q_reg[31]/C
  -------------------------------------------------------------------    -------------------
    SLICE_X49Y16         FDCE (Prop_fdce_C_Q)         0.141     0.696 r  u_core/u_issue/u_pipe_ctrl/csr_wdata_wb_q_reg[31]/Q
                         net (fo=7, routed)           0.256     0.952    u_core/u_issue/u_pipe_ctrl/csr_wdata_wb_q_reg[31]_0[31]
    SLICE_X51Y18         LUT4 (Prop_lut4_I3_O)        0.045     0.997 r  u_core/u_issue/u_pipe_ctrl/csr_mepc_q[31]_i_2/O
                         net (fo=1, routed)           0.000     0.997    u_core/u_csr/u_csrfile/csr_mepc_q_reg[31]_1[31]
    SLICE_X51Y18         FDCE                                         r  u_core/u_csr/u_csrfile/csr_mepc_q_reg[31]/D
  -------------------------------------------------------------------    -------------------

                         (clock clk_i rise edge)      0.000     0.000 r  
                                                      0.000     0.000 r  clk_i (IN)
                         net (fo=2947, unset)         0.815     0.815    u_core/u_csr/u_csrfile/clk_i
    SLICE_X51Y18         FDCE                                         r  u_core/u_csr/u_csrfile/csr_mepc_q_reg[31]/C
                         clock pessimism             -0.005     0.810    
    SLICE_X51Y18         FDCE (Hold_fdce_C_D)         0.092     0.902    u_core/u_csr/u_csrfile/csr_mepc_q_reg[31]
  -------------------------------------------------------------------
                         required time                         -0.902    
                         arrival time                           0.997    
  -------------------------------------------------------------------
                         slack                                  0.095    

Slack (MET) :             0.095ns  (arrival time - required time)
  Source:                 u_core/u_exec/branch_update_pc_q_reg[5]/C
                            (rising edge-triggered cell FDCE clocked by clk_i  {rise@0.000ns fall@5.000ns period=10.000ns})
  Destination:            u_core/u_branch_predict/gen_predictor_enabled.gen_tag_ram[9].tag_bit/DP/WADR3
                            (rising edge-triggered cell RAMD64E clocked by clk_i  {rise@0.000ns fall@5.000ns period=10.000ns})
  Path Group:             clk_i
  Path Type:              Hold (Min at Fast Process Corner)
  Requirement:            0.000ns  (clk_i rise@0.000ns - clk_i rise@0.000ns)
  Data Path Delay:        0.348ns  (logic 0.141ns (40.484%)  route 0.207ns (59.516%))
  Logic Levels:           0  
  Clock Path Skew:        0.013ns (DCD - SCD - CPR)
    Destination Clock Delay (DCD):    0.853ns
    Source Clock Delay      (SCD):    0.587ns
    Clock Pessimism Removal (CPR):    0.253ns

    Location             Delay type                Incr(ns)  Path(ns)    Netlist Resource(s)
  -------------------------------------------------------------------    -------------------
                         (clock clk_i rise edge)      0.000     0.000 r  
                                                      0.000     0.000 r  clk_i (IN)
                         net (fo=2947, unset)         0.587     0.587    u_core/u_exec/clk_i
    SLICE_X31Y11         FDCE                                         r  u_core/u_exec/branch_update_pc_q_reg[5]/C
  -------------------------------------------------------------------    -------------------
    SLICE_X31Y11         FDCE (Prop_fdce_C_Q)         0.141     0.728 r  u_core/u_exec/branch_update_pc_q_reg[5]/Q
                         net (fo=206, routed)         0.207     0.935    u_core/u_branch_predict/gen_predictor_enabled.gen_tag_ram[9].tag_bit/A3
    SLICE_X30Y12         RAMD64E                                      r  u_core/u_branch_predict/gen_predictor_enabled.gen_tag_ram[9].tag_bit/DP/WADR3
  -------------------------------------------------------------------    -------------------

                         (clock clk_i rise edge)      0.000     0.000 r  
                                                      0.000     0.000 r  clk_i (IN)
                         net (fo=2947, unset)         0.853     0.853    u_core/u_branch_predict/gen_predictor_enabled.gen_tag_ram[9].tag_bit/WCLK
    SLICE_X30Y12         RAMD64E                                      r  u_core/u_branch_predict/gen_predictor_enabled.gen_tag_ram[9].tag_bit/DP/CLK
                         clock pessimism             -0.253     0.600    
    SLICE_X30Y12         RAMD64E (Hold_ramd64e_CLK_WADR3)
                                                      0.240     0.840    u_core/u_branch_predict/gen_predictor_enabled.gen_tag_ram[9].tag_bit/DP
  -------------------------------------------------------------------
                         required time                         -0.840    
                         arrival time                           0.935    
  -------------------------------------------------------------------
                         slack                                  0.095    

Slack (MET) :             0.095ns  (arrival time - required time)
  Source:                 u_core/u_exec/branch_update_pc_q_reg[5]/C
                            (rising edge-triggered cell FDCE clocked by clk_i  {rise@0.000ns fall@5.000ns period=10.000ns})
  Destination:            u_core/u_branch_predict/gen_predictor_enabled.gen_tag_ram[9].tag_bit/SP/WADR3
                            (rising edge-triggered cell RAMD64E clocked by clk_i  {rise@0.000ns fall@5.000ns period=10.000ns})
  Path Group:             clk_i
  Path Type:              Hold (Min at Fast Process Corner)
  Requirement:            0.000ns  (clk_i rise@0.000ns - clk_i rise@0.000ns)
  Data Path Delay:        0.348ns  (logic 0.141ns (40.484%)  route 0.207ns (59.516%))
  Logic Levels:           0  
  Clock Path Skew:        0.013ns (DCD - SCD - CPR)
    Destination Clock Delay (DCD):    0.853ns
    Source Clock Delay      (SCD):    0.587ns
    Clock Pessimism Removal (CPR):    0.253ns

    Location             Delay type                Incr(ns)  Path(ns)    Netlist Resource(s)
  -------------------------------------------------------------------    -------------------
                         (clock clk_i rise edge)      0.000     0.000 r  
                                                      0.000     0.000 r  clk_i (IN)
                         net (fo=2947, unset)         0.587     0.587    u_core/u_exec/clk_i
    SLICE_X31Y11         FDCE                                         r  u_core/u_exec/branch_update_pc_q_reg[5]/C
  -------------------------------------------------------------------    -------------------
    SLICE_X31Y11         FDCE (Prop_fdce_C_Q)         0.141     0.728 r  u_core/u_exec/branch_update_pc_q_reg[5]/Q
                         net (fo=206, routed)         0.207     0.935    u_core/u_branch_predict/gen_predictor_enabled.gen_tag_ram[9].tag_bit/A3
    SLICE_X30Y12         RAMD64E                                      r  u_core/u_branch_predict/gen_predictor_enabled.gen_tag_ram[9].tag_bit/SP/WADR3
  -------------------------------------------------------------------    -------------------

                         (clock clk_i rise edge)      0.000     0.000 r  
                                                      0.000     0.000 r  clk_i (IN)
                         net (fo=2947, unset)         0.853     0.853    u_core/u_branch_predict/gen_predictor_enabled.gen_tag_ram[9].tag_bit/WCLK
    SLICE_X30Y12         RAMD64E                                      r  u_core/u_branch_predict/gen_predictor_enabled.gen_tag_ram[9].tag_bit/SP/CLK
                         clock pessimism             -0.253     0.600    
    SLICE_X30Y12         RAMD64E (Hold_ramd64e_CLK_WADR3)
                                                      0.240     0.840    u_core/u_branch_predict/gen_predictor_enabled.gen_tag_ram[9].tag_bit/SP
  -------------------------------------------------------------------
                         required time                         -0.840    
                         arrival time                           0.935    
  -------------------------------------------------------------------
                         slack                                  0.095    

Slack (MET) :             0.095ns  (arrival time - required time)
  Source:                 u_core/u_exec/branch_update_pc_q_reg[5]/C
                            (rising edge-triggered cell FDCE clocked by clk_i  {rise@0.000ns fall@5.000ns period=10.000ns})
  Destination:            u_core/u_branch_predict/gen_predictor_enabled.gen_target_ram[10].target_bit/DP/WADR3
                            (rising edge-triggered cell RAMD64E clocked by clk_i  {rise@0.000ns fall@5.000ns period=10.000ns})
  Path Group:             clk_i
  Path Type:              Hold (Min at Fast Process Corner)
  Requirement:            0.000ns  (clk_i rise@0.000ns - clk_i rise@0.000ns)
  Data Path Delay:        0.348ns  (logic 0.141ns (40.484%)  route 0.207ns (59.516%))
  Logic Levels:           0  
  Clock Path Skew:        0.013ns (DCD - SCD - CPR)
    Destination Clock Delay (DCD):    0.853ns
    Source Clock Delay      (SCD):    0.587ns
    Clock Pessimism Removal (CPR):    0.253ns

    Location             Delay type                Incr(ns)  Path(ns)    Netlist Resource(s)
  -------------------------------------------------------------------    -------------------
                         (clock clk_i rise edge)      0.000     0.000 r  
                                                      0.000     0.000 r  clk_i (IN)
                         net (fo=2947, unset)         0.587     0.587    u_core/u_exec/clk_i
    SLICE_X31Y11         FDCE                                         r  u_core/u_exec/branch_update_pc_q_reg[5]/C
  -------------------------------------------------------------------    -------------------
    SLICE_X31Y11         FDCE (Prop_fdce_C_Q)         0.141     0.728 r  u_core/u_exec/branch_update_pc_q_reg[5]/Q
                         net (fo=206, routed)         0.207     0.935    u_core/u_branch_predict/gen_predictor_enabled.gen_target_ram[10].target_bit/A3
    SLICE_X30Y12         RAMD64E                                      r  u_core/u_branch_predict/gen_predictor_enabled.gen_target_ram[10].target_bit/DP/WADR3
  -------------------------------------------------------------------    -------------------

                         (clock clk_i rise edge)      0.000     0.000 r  
                                                      0.000     0.000 r  clk_i (IN)
                         net (fo=2947, unset)         0.853     0.853    u_core/u_branch_predict/gen_predictor_enabled.gen_target_ram[10].target_bit/WCLK
    SLICE_X30Y12         RAMD64E                                      r  u_core/u_branch_predict/gen_predictor_enabled.gen_target_ram[10].target_bit/DP/CLK
                         clock pessimism             -0.253     0.600    
    SLICE_X30Y12         RAMD64E (Hold_ramd64e_CLK_WADR3)
                                                      0.240     0.840    u_core/u_branch_predict/gen_predictor_enabled.gen_target_ram[10].target_bit/DP
  -------------------------------------------------------------------
                         required time                         -0.840    
                         arrival time                           0.935    
  -------------------------------------------------------------------
                         slack                                  0.095    

Slack (MET) :             0.095ns  (arrival time - required time)
  Source:                 u_core/u_exec/branch_update_pc_q_reg[5]/C
                            (rising edge-triggered cell FDCE clocked by clk_i  {rise@0.000ns fall@5.000ns period=10.000ns})
  Destination:            u_core/u_branch_predict/gen_predictor_enabled.gen_target_ram[10].target_bit/SP/WADR3
                            (rising edge-triggered cell RAMD64E clocked by clk_i  {rise@0.000ns fall@5.000ns period=10.000ns})
  Path Group:             clk_i
  Path Type:              Hold (Min at Fast Process Corner)
  Requirement:            0.000ns  (clk_i rise@0.000ns - clk_i rise@0.000ns)
  Data Path Delay:        0.348ns  (logic 0.141ns (40.484%)  route 0.207ns (59.516%))
  Logic Levels:           0  
  Clock Path Skew:        0.013ns (DCD - SCD - CPR)
    Destination Clock Delay (DCD):    0.853ns
    Source Clock Delay      (SCD):    0.587ns
    Clock Pessimism Removal (CPR):    0.253ns

    Location             Delay type                Incr(ns)  Path(ns)    Netlist Resource(s)
  -------------------------------------------------------------------    -------------------
                         (clock clk_i rise edge)      0.000     0.000 r  
                                                      0.000     0.000 r  clk_i (IN)
                         net (fo=2947, unset)         0.587     0.587    u_core/u_exec/clk_i
    SLICE_X31Y11         FDCE                                         r  u_core/u_exec/branch_update_pc_q_reg[5]/C
  -------------------------------------------------------------------    -------------------
    SLICE_X31Y11         FDCE (Prop_fdce_C_Q)         0.141     0.728 r  u_core/u_exec/branch_update_pc_q_reg[5]/Q
                         net (fo=206, routed)         0.207     0.935    u_core/u_branch_predict/gen_predictor_enabled.gen_target_ram[10].target_bit/A3
    SLICE_X30Y12         RAMD64E                                      r  u_core/u_branch_predict/gen_predictor_enabled.gen_target_ram[10].target_bit/SP/WADR3
  -------------------------------------------------------------------    -------------------

                         (clock clk_i rise edge)      0.000     0.000 r  
                                                      0.000     0.000 r  clk_i (IN)
                         net (fo=2947, unset)         0.853     0.853    u_core/u_branch_predict/gen_predictor_enabled.gen_target_ram[10].target_bit/WCLK
    SLICE_X30Y12         RAMD64E                                      r  u_core/u_branch_predict/gen_predictor_enabled.gen_target_ram[10].target_bit/SP/CLK
                         clock pessimism             -0.253     0.600    
    SLICE_X30Y12         RAMD64E (Hold_ramd64e_CLK_WADR3)
                                                      0.240     0.840    u_core/u_branch_predict/gen_predictor_enabled.gen_target_ram[10].target_bit/SP
  -------------------------------------------------------------------
                         required time                         -0.840    
                         arrival time                           0.935    
  -------------------------------------------------------------------
                         slack                                  0.095    

Slack (MET) :             0.098ns  (arrival time - required time)
  Source:                 u_core/u_csr/csr_wdata_e1_q_reg[27]/C
                            (rising edge-triggered cell FDCE clocked by clk_i  {rise@0.000ns fall@5.000ns period=10.000ns})
  Destination:            u_core/u_issue/u_pipe_ctrl/csr_wdata_e2_q_reg[27]/D
                            (rising edge-triggered cell FDCE clocked by clk_i  {rise@0.000ns fall@5.000ns period=10.000ns})
  Path Group:             clk_i
  Path Type:              Hold (Min at Fast Process Corner)
  Requirement:            0.000ns  (clk_i rise@0.000ns - clk_i rise@0.000ns)
  Data Path Delay:        0.475ns  (logic 0.209ns (43.959%)  route 0.266ns (56.041%))
  Logic Levels:           1  (LUT2=1)
  Clock Path Skew:        0.257ns (DCD - SCD - CPR)
    Destination Clock Delay (DCD):    0.818ns
    Source Clock Delay      (SCD):    0.556ns
    Clock Pessimism Removal (CPR):    0.005ns

    Location             Delay type                Incr(ns)  Path(ns)    Netlist Resource(s)
  -------------------------------------------------------------------    -------------------
                         (clock clk_i rise edge)      0.000     0.000 r  
                                                      0.000     0.000 r  clk_i (IN)
                         net (fo=2947, unset)         0.556     0.556    u_core/u_csr/clk_i
    SLICE_X42Y16         FDCE                                         r  u_core/u_csr/csr_wdata_e1_q_reg[27]/C
  -------------------------------------------------------------------    -------------------
    SLICE_X42Y16         FDCE (Prop_fdce_C_Q)         0.164     0.720 r  u_core/u_csr/csr_wdata_e1_q_reg[27]/Q
                         net (fo=1, routed)           0.266     0.986    u_core/u_csr/csr_result_e1_wdata_w[27]
    SLICE_X50Y16         LUT2 (Prop_lut2_I0_O)        0.045     1.031 r  u_core/u_csr/csr_wdata_e2_q[27]_i_1/O
                         net (fo=1, routed)           0.000     1.031    u_core/u_issue/u_pipe_ctrl/csr_wdata_e2_q_reg[31]_0[27]
    SLICE_X50Y16         FDCE                                         r  u_core/u_issue/u_pipe_ctrl/csr_wdata_e2_q_reg[27]/D
  -------------------------------------------------------------------    -------------------

                         (clock clk_i rise edge)      0.000     0.000 r  
                                                      0.000     0.000 r  clk_i (IN)
                         net (fo=2947, unset)         0.818     0.818    u_core/u_issue/u_pipe_ctrl/clk_i
    SLICE_X50Y16         FDCE                                         r  u_core/u_issue/u_pipe_ctrl/csr_wdata_e2_q_reg[27]/C
                         clock pessimism             -0.005     0.813    
    SLICE_X50Y16         FDCE (Hold_fdce_C_D)         0.120     0.933    u_core/u_issue/u_pipe_ctrl/csr_wdata_e2_q_reg[27]
  -------------------------------------------------------------------
                         required time                         -0.933    
                         arrival time                           1.031    
  -------------------------------------------------------------------
                         slack                                  0.098    

Slack (MET) :             0.100ns  (arrival time - required time)
  Source:                 u_core/u_issue/u_pipe_ctrl/csr_wdata_wb_q_reg[9]/C
                            (rising edge-triggered cell FDCE clocked by clk_i  {rise@0.000ns fall@5.000ns period=10.000ns})
  Destination:            u_core/u_csr/u_csrfile/csr_mepc_q_reg[9]/D
                            (rising edge-triggered cell FDCE clocked by clk_i  {rise@0.000ns fall@5.000ns period=10.000ns})
  Path Group:             clk_i
  Path Type:              Hold (Min at Fast Process Corner)
  Requirement:            0.000ns  (clk_i rise@0.000ns - clk_i rise@0.000ns)
  Data Path Delay:        0.452ns  (logic 0.226ns (49.983%)  route 0.226ns (50.017%))
  Logic Levels:           1  (LUT4=1)
  Clock Path Skew:        0.261ns (DCD - SCD - CPR)
    Destination Clock Delay (DCD):    0.823ns
    Source Clock Delay      (SCD):    0.557ns
    Clock Pessimism Removal (CPR):    0.005ns

    Location             Delay type                Incr(ns)  Path(ns)    Netlist Resource(s)
  -------------------------------------------------------------------    -------------------
                         (clock clk_i rise edge)      0.000     0.000 r  
                                                      0.000     0.000 r  clk_i (IN)
                         net (fo=2947, unset)         0.557     0.557    u_core/u_issue/u_pipe_ctrl/clk_i
    SLICE_X49Y12         FDCE                                         r  u_core/u_issue/u_pipe_ctrl/csr_wdata_wb_q_reg[9]/C
  -------------------------------------------------------------------    -------------------
    SLICE_X49Y12         FDCE (Prop_fdce_C_Q)         0.128     0.685 r  u_core/u_issue/u_pipe_ctrl/csr_wdata_wb_q_reg[9]/Q
                         net (fo=8, routed)           0.226     0.911    u_core/u_issue/u_pipe_ctrl/csr_wdata_wb_q_reg[31]_0[9]
    SLICE_X53Y8          LUT4 (Prop_lut4_I3_O)        0.098     1.009 r  u_core/u_issue/u_pipe_ctrl/csr_mepc_q[9]_i_1/O
                         net (fo=1, routed)           0.000     1.009    u_core/u_csr/u_csrfile/csr_mepc_q_reg[31]_1[9]
    SLICE_X53Y8          FDCE                                         r  u_core/u_csr/u_csrfile/csr_mepc_q_reg[9]/D
  -------------------------------------------------------------------    -------------------

                         (clock clk_i rise edge)      0.000     0.000 r  
                                                      0.000     0.000 r  clk_i (IN)
                         net (fo=2947, unset)         0.823     0.823    u_core/u_csr/u_csrfile/clk_i
    SLICE_X53Y8          FDCE                                         r  u_core/u_csr/u_csrfile/csr_mepc_q_reg[9]/C
                         clock pessimism             -0.005     0.818    
    SLICE_X53Y8          FDCE (Hold_fdce_C_D)         0.091     0.909    u_core/u_csr/u_csrfile/csr_mepc_q_reg[9]
  -------------------------------------------------------------------
                         required time                         -0.909    
                         arrival time                           1.009    
  -------------------------------------------------------------------
                         slack                                  0.100    

Slack (MET) :             0.105ns  (arrival time - required time)
  Source:                 u_core/u_fetch/pc_f_q_reg[2]/C
                            (rising edge-triggered cell FDCE clocked by clk_i  {rise@0.000ns fall@5.000ns period=10.000ns})
  Destination:            u_tcm/u_ram/ram_reg_2_2/ADDRBWRADDR[1]
                            (rising edge-triggered cell RAMB36E1 clocked by clk_i  {rise@0.000ns fall@5.000ns period=10.000ns})
  Path Group:             clk_i
  Path Type:              Hold (Min at Fast Process Corner)
  Requirement:            0.000ns  (clk_i rise@0.000ns - clk_i rise@0.000ns)
  Data Path Delay:        0.344ns  (logic 0.164ns (47.619%)  route 0.180ns (52.381%))
  Logic Levels:           0  
  Clock Path Skew:        0.056ns (DCD - SCD - CPR)
    Destination Clock Delay (DCD):    0.865ns
    Source Clock Delay      (SCD):    0.559ns
    Clock Pessimism Removal (CPR):    0.250ns

    Location             Delay type                Incr(ns)  Path(ns)    Netlist Resource(s)
  -------------------------------------------------------------------    -------------------
                         (clock clk_i rise edge)      0.000     0.000 r  
                                                      0.000     0.000 r  clk_i (IN)
                         net (fo=2947, unset)         0.559     0.559    u_core/u_fetch/clk_i
    SLICE_X32Y15         FDCE                                         r  u_core/u_fetch/pc_f_q_reg[2]/C
  -------------------------------------------------------------------    -------------------
    SLICE_X32Y15         FDCE (Prop_fdce_C_Q)         0.164     0.723 r  u_core/u_fetch/pc_f_q_reg[2]/Q
                         net (fo=91, routed)          0.180     0.903    u_tcm/u_ram/icache_pc_o[0]
    RAMB36_X2Y3          RAMB36E1                                     r  u_tcm/u_ram/ram_reg_2_2/ADDRBWRADDR[1]
  -------------------------------------------------------------------    -------------------

                         (clock clk_i rise edge)      0.000     0.000 r  
                                                      0.000     0.000 r  clk_i (IN)
                         net (fo=2947, unset)         0.865     0.865    u_tcm/u_ram/clk_i
    RAMB36_X2Y3          RAMB36E1                                     r  u_tcm/u_ram/ram_reg_2_2/CLKBWRCLK
                         clock pessimism             -0.250     0.615    
    RAMB36_X2Y3          RAMB36E1 (Hold_ramb36e1_CLKBWRCLK_ADDRBWRADDR[1])
                                                      0.183     0.798    u_tcm/u_ram/ram_reg_2_2
  -------------------------------------------------------------------
                         required time                         -0.798    
                         arrival time                           0.903    
  -------------------------------------------------------------------
                         slack                                  0.105    

Slack (MET) :             0.106ns  (arrival time - required time)
  Source:                 u_core/u_csr/csr_wdata_e1_q_reg[28]/C
                            (rising edge-triggered cell FDCE clocked by clk_i  {rise@0.000ns fall@5.000ns period=10.000ns})
  Destination:            u_core/u_issue/u_pipe_ctrl/csr_wdata_e2_q_reg[28]/D
                            (rising edge-triggered cell FDCE clocked by clk_i  {rise@0.000ns fall@5.000ns period=10.000ns})
  Path Group:             clk_i
  Path Type:              Hold (Min at Fast Process Corner)
  Requirement:            0.000ns  (clk_i rise@0.000ns - clk_i rise@0.000ns)
  Data Path Delay:        0.494ns  (logic 0.207ns (41.895%)  route 0.287ns (58.105%))
  Logic Levels:           1  (LUT2=1)
  Clock Path Skew:        0.257ns (DCD - SCD - CPR)
    Destination Clock Delay (DCD):    0.818ns
    Source Clock Delay      (SCD):    0.556ns
    Clock Pessimism Removal (CPR):    0.005ns

    Location             Delay type                Incr(ns)  Path(ns)    Netlist Resource(s)
  -------------------------------------------------------------------    -------------------
                         (clock clk_i rise edge)      0.000     0.000 r  
                                                      0.000     0.000 r  clk_i (IN)
                         net (fo=2947, unset)         0.556     0.556    u_core/u_csr/clk_i
    SLICE_X42Y16         FDCE                                         r  u_core/u_csr/csr_wdata_e1_q_reg[28]/C
  -------------------------------------------------------------------    -------------------
    SLICE_X42Y16         FDCE (Prop_fdce_C_Q)         0.164     0.720 r  u_core/u_csr/csr_wdata_e1_q_reg[28]/Q
                         net (fo=1, routed)           0.287     1.007    u_core/u_csr/csr_result_e1_wdata_w[28]
    SLICE_X50Y16         LUT2 (Prop_lut2_I0_O)        0.043     1.050 r  u_core/u_csr/csr_wdata_e2_q[28]_i_1/O
                         net (fo=1, routed)           0.000     1.050    u_core/u_issue/u_pipe_ctrl/csr_wdata_e2_q_reg[31]_0[28]
    SLICE_X50Y16         FDCE                                         r  u_core/u_issue/u_pipe_ctrl/csr_wdata_e2_q_reg[28]/D
  -------------------------------------------------------------------    -------------------

                         (clock clk_i rise edge)      0.000     0.000 r  
                                                      0.000     0.000 r  clk_i (IN)
                         net (fo=2947, unset)         0.818     0.818    u_core/u_issue/u_pipe_ctrl/clk_i
    SLICE_X50Y16         FDCE                                         r  u_core/u_issue/u_pipe_ctrl/csr_wdata_e2_q_reg[28]/C
                         clock pessimism             -0.005     0.813    
    SLICE_X50Y16         FDCE (Hold_fdce_C_D)         0.131     0.944    u_core/u_issue/u_pipe_ctrl/csr_wdata_e2_q_reg[28]
  -------------------------------------------------------------------
                         required time                         -0.944    
                         arrival time                           1.050    
  -------------------------------------------------------------------
                         slack                                  0.106    

Slack (MET) :             0.112ns  (arrival time - required time)
  Source:                 u_core/u_issue/u_pipe_ctrl/csr_wdata_wb_q_reg[5]/C
                            (rising edge-triggered cell FDCE clocked by clk_i  {rise@0.000ns fall@5.000ns period=10.000ns})
  Destination:            u_core/u_csr/u_csrfile/csr_mtimecmp_q_reg[5]/D
                            (rising edge-triggered cell FDCE clocked by clk_i  {rise@0.000ns fall@5.000ns period=10.000ns})
  Path Group:             clk_i
  Path Type:              Hold (Min at Fast Process Corner)
  Requirement:            0.000ns  (clk_i rise@0.000ns - clk_i rise@0.000ns)
  Data Path Delay:        0.433ns  (logic 0.141ns (32.572%)  route 0.292ns (67.428%))
  Logic Levels:           0  
  Clock Path Skew:        0.261ns (DCD - SCD - CPR)
    Destination Clock Delay (DCD):    0.823ns
    Source Clock Delay      (SCD):    0.557ns
    Clock Pessimism Removal (CPR):    0.005ns

    Location             Delay type                Incr(ns)  Path(ns)    Netlist Resource(s)
  -------------------------------------------------------------------    -------------------
                         (clock clk_i rise edge)      0.000     0.000 r  
                                                      0.000     0.000 r  clk_i (IN)
                         net (fo=2947, unset)         0.557     0.557    u_core/u_issue/u_pipe_ctrl/clk_i
    SLICE_X49Y12         FDCE                                         r  u_core/u_issue/u_pipe_ctrl/csr_wdata_wb_q_reg[5]/C
  -------------------------------------------------------------------    -------------------
    SLICE_X49Y12         FDCE (Prop_fdce_C_Q)         0.141     0.698 r  u_core/u_issue/u_pipe_ctrl/csr_wdata_wb_q_reg[5]/Q
                         net (fo=8, routed)           0.292     0.990    u_core/u_csr/u_csrfile/Q[5]
    SLICE_X52Y11         FDCE                                         r  u_core/u_csr/u_csrfile/csr_mtimecmp_q_reg[5]/D
  -------------------------------------------------------------------    -------------------

                         (clock clk_i rise edge)      0.000     0.000 r  
                                                      0.000     0.000 r  clk_i (IN)
                         net (fo=2947, unset)         0.823     0.823    u_core/u_csr/u_csrfile/clk_i
    SLICE_X52Y11         FDCE                                         r  u_core/u_csr/u_csrfile/csr_mtimecmp_q_reg[5]/C
                         clock pessimism             -0.005     0.818    
    SLICE_X52Y11         FDCE (Hold_fdce_C_D)         0.060     0.878    u_core/u_csr/u_csrfile/csr_mtimecmp_q_reg[5]
  -------------------------------------------------------------------
                         required time                         -0.878    
                         arrival time                           0.990    
  -------------------------------------------------------------------
                         slack                                  0.112    

Slack (MET) :             0.113ns  (arrival time - required time)
  Source:                 u_core/u_issue/u_pipe_ctrl/csr_wdata_wb_q_reg[5]/C
                            (rising edge-triggered cell FDCE clocked by clk_i  {rise@0.000ns fall@5.000ns period=10.000ns})
  Destination:            u_core/u_csr/u_csrfile/csr_mtvec_q_reg[5]/D
                            (rising edge-triggered cell FDCE clocked by clk_i  {rise@0.000ns fall@5.000ns period=10.000ns})
  Path Group:             clk_i
  Path Type:              Hold (Min at Fast Process Corner)
  Requirement:            0.000ns  (clk_i rise@0.000ns - clk_i rise@0.000ns)
  Data Path Delay:        0.440ns  (logic 0.141ns (32.011%)  route 0.299ns (67.989%))
  Logic Levels:           0  
  Clock Path Skew:        0.261ns (DCD - SCD - CPR)
    Destination Clock Delay (DCD):    0.823ns
    Source Clock Delay      (SCD):    0.557ns
    Clock Pessimism Removal (CPR):    0.005ns

    Location             Delay type                Incr(ns)  Path(ns)    Netlist Resource(s)
  -------------------------------------------------------------------    -------------------
                         (clock clk_i rise edge)      0.000     0.000 r  
                                                      0.000     0.000 r  clk_i (IN)
                         net (fo=2947, unset)         0.557     0.557    u_core/u_issue/u_pipe_ctrl/clk_i
    SLICE_X49Y12         FDCE                                         r  u_core/u_issue/u_pipe_ctrl/csr_wdata_wb_q_reg[5]/C
  -------------------------------------------------------------------    -------------------
    SLICE_X49Y12         FDCE (Prop_fdce_C_Q)         0.141     0.698 r  u_core/u_issue/u_pipe_ctrl/csr_wdata_wb_q_reg[5]/Q
                         net (fo=8, routed)           0.299     0.997    u_core/u_csr/u_csrfile/Q[5]
    SLICE_X51Y10         FDCE                                         r  u_core/u_csr/u_csrfile/csr_mtvec_q_reg[5]/D
  -------------------------------------------------------------------    -------------------

                         (clock clk_i rise edge)      0.000     0.000 r  
                                                      0.000     0.000 r  clk_i (IN)
                         net (fo=2947, unset)         0.823     0.823    u_core/u_csr/u_csrfile/clk_i
    SLICE_X51Y10         FDCE                                         r  u_core/u_csr/u_csrfile/csr_mtvec_q_reg[5]/C
                         clock pessimism             -0.005     0.818    
    SLICE_X51Y10         FDCE (Hold_fdce_C_D)         0.066     0.884    u_core/u_csr/u_csrfile/csr_mtvec_q_reg[5]
  -------------------------------------------------------------------
                         required time                         -0.884    
                         arrival time                           0.997    
  -------------------------------------------------------------------
                         slack                                  0.113    

Slack (MET) :             0.117ns  (arrival time - required time)
  Source:                 u_core/u_div/q_mask_q_reg[11]/C
                            (rising edge-triggered cell FDCE clocked by clk_i  {rise@0.000ns fall@5.000ns period=10.000ns})
  Destination:            u_core/u_div/q_mask_q_reg[10]/D
                            (rising edge-triggered cell FDCE clocked by clk_i  {rise@0.000ns fall@5.000ns period=10.000ns})
  Path Group:             clk_i
  Path Type:              Hold (Min at Fast Process Corner)
  Requirement:            0.000ns  (clk_i rise@0.000ns - clk_i rise@0.000ns)
  Data Path Delay:        0.252ns  (logic 0.186ns (73.740%)  route 0.066ns (26.260%))
  Logic Levels:           1  (LUT2=1)
  Clock Path Skew:        0.014ns (DCD - SCD - CPR)
    Destination Clock Delay (DCD):    0.888ns
    Source Clock Delay      (SCD):    0.620ns
    Clock Pessimism Removal (CPR):    0.254ns

    Location             Delay type                Incr(ns)  Path(ns)    Netlist Resource(s)
  -------------------------------------------------------------------    -------------------
                         (clock clk_i rise edge)      0.000     0.000 r  
                                                      0.000     0.000 r  clk_i (IN)
                         net (fo=2947, unset)         0.620     0.620    u_core/u_div/clk_i
    SLICE_X7Y15          FDCE                                         r  u_core/u_div/q_mask_q_reg[11]/C
  -------------------------------------------------------------------    -------------------
    SLICE_X7Y15          FDCE (Prop_fdce_C_Q)         0.141     0.761 r  u_core/u_div/q_mask_q_reg[11]/Q
                         net (fo=3, routed)           0.066     0.827    u_core/u_div/p_0_in[10]
    SLICE_X6Y15          LUT2 (Prop_lut2_I0_O)        0.045     0.872 r  u_core/u_div/q_mask_q[10]_i_1/O
                         net (fo=1, routed)           0.000     0.872    u_core/u_div/q_mask_q[10]_i_1_n_0
    SLICE_X6Y15          FDCE                                         r  u_core/u_div/q_mask_q_reg[10]/D
  -------------------------------------------------------------------    -------------------

                         (clock clk_i rise edge)      0.000     0.000 r  
                                                      0.000     0.000 r  clk_i (IN)
                         net (fo=2947, unset)         0.888     0.888    u_core/u_div/clk_i
    SLICE_X6Y15          FDCE                                         r  u_core/u_div/q_mask_q_reg[10]/C
                         clock pessimism             -0.254     0.634    
    SLICE_X6Y15          FDCE (Hold_fdce_C_D)         0.121     0.755    u_core/u_div/q_mask_q_reg[10]
  -------------------------------------------------------------------
                         required time                         -0.755    
                         arrival time                           0.872    
  -------------------------------------------------------------------
                         slack                                  0.117    

Slack (MET) :             0.127ns  (arrival time - required time)
  Source:                 u_core/u_exec/branch_update_pc_q_reg[8]/C
                            (rising edge-triggered cell FDCE clocked by clk_i  {rise@0.000ns fall@5.000ns period=10.000ns})
  Destination:            u_core/u_branch_predict/gen_predictor_enabled.gen_tag_ram[0].tag_bit/SP/I
                            (rising edge-triggered cell RAMD64E clocked by clk_i  {rise@0.000ns fall@5.000ns period=10.000ns})
  Path Group:             clk_i
  Path Type:              Hold (Min at Fast Process Corner)
  Requirement:            0.000ns  (clk_i rise@0.000ns - clk_i rise@0.000ns)
  Data Path Delay:        0.290ns  (logic 0.164ns (56.491%)  route 0.126ns (43.509%))
  Logic Levels:           0  
  Clock Path Skew:        0.017ns (DCD - SCD - CPR)
    Destination Clock Delay (DCD):    0.855ns
    Source Clock Delay      (SCD):    0.585ns
    Clock Pessimism Removal (CPR):    0.253ns

    Location             Delay type                Incr(ns)  Path(ns)    Netlist Resource(s)
  -------------------------------------------------------------------    -------------------
                         (clock clk_i rise edge)      0.000     0.000 r  
                                                      0.000     0.000 r  clk_i (IN)
                         net (fo=2947, unset)         0.585     0.585    u_core/u_exec/clk_i
    SLICE_X30Y13         FDCE                                         r  u_core/u_exec/branch_update_pc_q_reg[8]/C
  -------------------------------------------------------------------    -------------------
    SLICE_X30Y13         FDCE (Prop_fdce_C_Q)         0.164     0.749 r  u_core/u_exec/branch_update_pc_q_reg[8]/Q
                         net (fo=3, routed)           0.126     0.875    u_core/u_branch_predict/gen_predictor_enabled.gen_tag_ram[0].tag_bit/D
    SLICE_X30Y11         RAMD64E                                      r  u_core/u_branch_predict/gen_predictor_enabled.gen_tag_ram[0].tag_bit/SP/I
  -------------------------------------------------------------------    -------------------

                         (clock clk_i rise edge)      0.000     0.000 r  
                                                      0.000     0.000 r  clk_i (IN)
                         net (fo=2947, unset)         0.855     0.855    u_core/u_branch_predict/gen_predictor_enabled.gen_tag_ram[0].tag_bit/WCLK
    SLICE_X30Y11         RAMD64E                                      r  u_core/u_branch_predict/gen_predictor_enabled.gen_tag_ram[0].tag_bit/SP/CLK
                         clock pessimism             -0.253     0.602    
    SLICE_X30Y11         RAMD64E (Hold_ramd64e_CLK_I)
                                                      0.146     0.748    u_core/u_branch_predict/gen_predictor_enabled.gen_tag_ram[0].tag_bit/SP
  -------------------------------------------------------------------
                         required time                         -0.748    
                         arrival time                           0.875    
  -------------------------------------------------------------------
                         slack                                  0.127    

Slack (MET) :             0.130ns  (arrival time - required time)
  Source:                 u_core/u_issue/u_pipe_ctrl/pc_wb_q_reg[8]/C
                            (rising edge-triggered cell FDCE clocked by clk_i  {rise@0.000ns fall@5.000ns period=10.000ns})
  Destination:            u_core/u_csr/u_csrfile/csr_mepc_q_reg[8]/D
                            (rising edge-triggered cell FDCE clocked by clk_i  {rise@0.000ns fall@5.000ns period=10.000ns})
  Path Group:             clk_i
  Path Type:              Hold (Min at Fast Process Corner)
  Requirement:            0.000ns  (clk_i rise@0.000ns - clk_i rise@0.000ns)
  Data Path Delay:        0.507ns  (logic 0.209ns (41.253%)  route 0.298ns (58.747%))
  Logic Levels:           1  (LUT4=1)
  Clock Path Skew:        0.256ns (DCD - SCD - CPR)
    Destination Clock Delay (DCD):    0.820ns
    Source Clock Delay      (SCD):    0.559ns
    Clock Pessimism Removal (CPR):    0.005ns

    Location             Delay type                Incr(ns)  Path(ns)    Netlist Resource(s)
  -------------------------------------------------------------------    -------------------
                         (clock clk_i rise edge)      0.000     0.000 r  
                                                      0.000     0.000 r  clk_i (IN)
                         net (fo=2947, unset)         0.559     0.559    u_core/u_issue/u_pipe_ctrl/clk_i
    SLICE_X38Y11         FDCE                                         r  u_core/u_issue/u_pipe_ctrl/pc_wb_q_reg[8]/C
  -------------------------------------------------------------------    -------------------
    SLICE_X38Y11         FDCE (Prop_fdce_C_Q)         0.164     0.723 r  u_core/u_issue/u_pipe_ctrl/pc_wb_q_reg[8]/Q
                         net (fo=3, routed)           0.298     1.021    u_core/u_issue/u_pipe_ctrl/pc_wb_q_reg[31]_0[6]
    SLICE_X50Y12         LUT4 (Prop_lut4_I0_O)        0.045     1.066 r  u_core/u_issue/u_pipe_ctrl/csr_mepc_q[8]_i_1/O
                         net (fo=1, routed)           0.000     1.066    u_core/u_csr/u_csrfile/csr_mepc_q_reg[31]_1[8]
    SLICE_X50Y12         FDCE                                         r  u_core/u_csr/u_csrfile/csr_mepc_q_reg[8]/D
  -------------------------------------------------------------------    -------------------

                         (clock clk_i rise edge)      0.000     0.000 r  
                                                      0.000     0.000 r  clk_i (IN)
                         net (fo=2947, unset)         0.820     0.820    u_core/u_csr/u_csrfile/clk_i
    SLICE_X50Y12         FDCE                                         r  u_core/u_csr/u_csrfile/csr_mepc_q_reg[8]/C
                         clock pessimism             -0.005     0.815    
    SLICE_X50Y12         FDCE (Hold_fdce_C_D)         0.121     0.936    u_core/u_csr/u_csrfile/csr_mepc_q_reg[8]
  -------------------------------------------------------------------
                         required time                         -0.936    
                         arrival time                           1.066    
  -------------------------------------------------------------------
                         slack                                  0.130    





Pulse Width Checks
--------------------------------------------------------------------------------------
Clock Name:         clk_i
Waveform(ns):       { 0.000 5.000 }
Period(ns):         10.000
Sources:            { clk_i }

Check Type        Corner  Lib Pin             Reference Pin  Required(ns)  Actual(ns)  Slack(ns)  Location      Pin
Min Period        n/a     RAMB36E1/CLKARDCLK  n/a            2.944         10.000      7.056      RAMB36_X0Y2   u_tcm/u_ram/ram_reg_0_0/CLKARDCLK
Min Period        n/a     RAMB36E1/CLKBWRCLK  n/a            2.944         10.000      7.056      RAMB36_X0Y2   u_tcm/u_ram/ram_reg_0_0/CLKBWRCLK
Min Period        n/a     RAMB36E1/CLKARDCLK  n/a            2.944         10.000      7.056      RAMB36_X0Y5   u_tcm/u_ram/ram_reg_0_1/CLKARDCLK
Min Period        n/a     RAMB36E1/CLKBWRCLK  n/a            2.944         10.000      7.056      RAMB36_X0Y5   u_tcm/u_ram/ram_reg_0_1/CLKBWRCLK
Min Period        n/a     RAMB36E1/CLKARDCLK  n/a            2.944         10.000      7.056      RAMB36_X1Y3   u_tcm/u_ram/ram_reg_0_2/CLKARDCLK
Min Period        n/a     RAMB36E1/CLKBWRCLK  n/a            2.944         10.000      7.056      RAMB36_X1Y3   u_tcm/u_ram/ram_reg_0_2/CLKBWRCLK
Min Period        n/a     RAMB36E1/CLKARDCLK  n/a            2.944         10.000      7.056      RAMB36_X0Y6   u_tcm/u_ram/ram_reg_0_3/CLKARDCLK
Min Period        n/a     RAMB36E1/CLKBWRCLK  n/a            2.944         10.000      7.056      RAMB36_X0Y6   u_tcm/u_ram/ram_reg_0_3/CLKBWRCLK
Min Period        n/a     RAMB36E1/CLKARDCLK  n/a            2.944         10.000      7.056      RAMB36_X2Y2   u_tcm/u_ram/ram_reg_1_0/CLKARDCLK
Min Period        n/a     RAMB36E1/CLKBWRCLK  n/a            2.944         10.000      7.056      RAMB36_X2Y2   u_tcm/u_ram/ram_reg_1_0/CLKBWRCLK
Min Period        n/a     RAMB36E1/CLKARDCLK  n/a            2.944         10.000      7.056      RAMB36_X1Y0   u_tcm/u_ram/ram_reg_1_1/CLKARDCLK
Min Period        n/a     RAMB36E1/CLKBWRCLK  n/a            2.944         10.000      7.056      RAMB36_X1Y0   u_tcm/u_ram/ram_reg_1_1/CLKBWRCLK
Min Period        n/a     RAMB36E1/CLKARDCLK  n/a            2.944         10.000      7.056      RAMB36_X1Y2   u_tcm/u_ram/ram_reg_1_2/CLKARDCLK
Min Period        n/a     RAMB36E1/CLKBWRCLK  n/a            2.944         10.000      7.056      RAMB36_X1Y2   u_tcm/u_ram/ram_reg_1_2/CLKBWRCLK
Min Period        n/a     RAMB36E1/CLKARDCLK  n/a            2.944         10.000      7.056      RAMB36_X1Y5   u_tcm/u_ram/ram_reg_1_3/CLKARDCLK
Min Period        n/a     RAMB36E1/CLKBWRCLK  n/a            2.944         10.000      7.056      RAMB36_X1Y5   u_tcm/u_ram/ram_reg_1_3/CLKBWRCLK
Min Period        n/a     RAMB36E1/CLKARDCLK  n/a            2.944         10.000      7.056      RAMB36_X2Y5   u_tcm/u_ram/ram_reg_2_0/CLKARDCLK
Min Period        n/a     RAMB36E1/CLKBWRCLK  n/a            2.944         10.000      7.056      RAMB36_X2Y5   u_tcm/u_ram/ram_reg_2_0/CLKBWRCLK
Min Period        n/a     RAMB36E1/CLKARDCLK  n/a            2.944         10.000      7.056      RAMB36_X1Y6   u_tcm/u_ram/ram_reg_2_1/CLKARDCLK
Min Period        n/a     RAMB36E1/CLKBWRCLK  n/a            2.944         10.000      7.056      RAMB36_X1Y6   u_tcm/u_ram/ram_reg_2_1/CLKBWRCLK
Low Pulse Width   Slow    RAMS64E/CLK         n/a            1.250         5.000       3.750      SLICE_X46Y10  u_core/u_branch_predict/gen_predictor_enabled.gen_bht_ram[0].bht_bit/SP/CLK
Low Pulse Width   Fast    RAMS64E/CLK         n/a            1.250         5.000       3.750      SLICE_X46Y10  u_core/u_branch_predict/gen_predictor_enabled.gen_bht_ram[0].bht_bit/SP/CLK
Low Pulse Width   Slow    RAMD64E/CLK         n/a            1.250         5.000       3.750      SLICE_X46Y10  u_core/u_branch_predict/gen_predictor_enabled.gen_bht_ram[1].bht_bit/DP/CLK
Low Pulse Width   Fast    RAMD64E/CLK         n/a            1.250         5.000       3.750      SLICE_X46Y10  u_core/u_branch_predict/gen_predictor_enabled.gen_bht_ram[1].bht_bit/DP/CLK
Low Pulse Width   Slow    RAMD64E/CLK         n/a            1.250         5.000       3.750      SLICE_X46Y10  u_core/u_branch_predict/gen_predictor_enabled.gen_bht_ram[1].bht_bit/SP/CLK
Low Pulse Width   Fast    RAMD64E/CLK         n/a            1.250         5.000       3.750      SLICE_X46Y10  u_core/u_branch_predict/gen_predictor_enabled.gen_bht_ram[1].bht_bit/SP/CLK
Low Pulse Width   Slow    RAMD64E/CLK         n/a            1.250         5.000       3.750      SLICE_X30Y11  u_core/u_branch_predict/gen_predictor_enabled.gen_is_jal_ram.is_jal_bit/DP/CLK
Low Pulse Width   Fast    RAMD64E/CLK         n/a            1.250         5.000       3.750      SLICE_X30Y11  u_core/u_branch_predict/gen_predictor_enabled.gen_is_jal_ram.is_jal_bit/DP/CLK
Low Pulse Width   Slow    RAMD64E/CLK         n/a            1.250         5.000       3.750      SLICE_X30Y11  u_core/u_branch_predict/gen_predictor_enabled.gen_is_jal_ram.is_jal_bit/SP/CLK
Low Pulse Width   Fast    RAMD64E/CLK         n/a            1.250         5.000       3.750      SLICE_X30Y11  u_core/u_branch_predict/gen_predictor_enabled.gen_is_jal_ram.is_jal_bit/SP/CLK
Low Pulse Width   Slow    RAMD64E/CLK         n/a            1.250         5.000       3.750      SLICE_X30Y11  u_core/u_branch_predict/gen_predictor_enabled.gen_tag_ram[0].tag_bit/DP/CLK
Low Pulse Width   Fast    RAMD64E/CLK         n/a            1.250         5.000       3.750      SLICE_X30Y11  u_core/u_branch_predict/gen_predictor_enabled.gen_tag_ram[0].tag_bit/DP/CLK
Low Pulse Width   Slow    RAMD64E/CLK         n/a            1.250         5.000       3.750      SLICE_X30Y11  u_core/u_branch_predict/gen_predictor_enabled.gen_tag_ram[0].tag_bit/SP/CLK
Low Pulse Width   Fast    RAMD64E/CLK         n/a            1.250         5.000       3.750      SLICE_X30Y11  u_core/u_branch_predict/gen_predictor_enabled.gen_tag_ram[0].tag_bit/SP/CLK
Low Pulse Width   Slow    RAMD64E/CLK         n/a            1.250         5.000       3.750      SLICE_X26Y12  u_core/u_branch_predict/gen_predictor_enabled.gen_tag_ram[10].tag_bit/DP/CLK
Low Pulse Width   Fast    RAMD64E/CLK         n/a            1.250         5.000       3.750      SLICE_X26Y12  u_core/u_branch_predict/gen_predictor_enabled.gen_tag_ram[10].tag_bit/DP/CLK
Low Pulse Width   Slow    RAMD64E/CLK         n/a            1.250         5.000       3.750      SLICE_X26Y12  u_core/u_branch_predict/gen_predictor_enabled.gen_tag_ram[10].tag_bit/SP/CLK
Low Pulse Width   Fast    RAMD64E/CLK         n/a            1.250         5.000       3.750      SLICE_X26Y12  u_core/u_branch_predict/gen_predictor_enabled.gen_tag_ram[10].tag_bit/SP/CLK
Low Pulse Width   Slow    RAMD64E/CLK         n/a            1.250         5.000       3.750      SLICE_X26Y12  u_core/u_branch_predict/gen_predictor_enabled.gen_tag_ram[11].tag_bit/DP/CLK
Low Pulse Width   Fast    RAMD64E/CLK         n/a            1.250         5.000       3.750      SLICE_X26Y12  u_core/u_branch_predict/gen_predictor_enabled.gen_tag_ram[11].tag_bit/DP/CLK
High Pulse Width  Slow    RAMS64E/CLK         n/a            1.250         5.000       3.750      SLICE_X46Y10  u_core/u_branch_predict/gen_predictor_enabled.gen_bht_ram[0].bht_bit/SP/CLK
High Pulse Width  Fast    RAMS64E/CLK         n/a            1.250         5.000       3.750      SLICE_X46Y10  u_core/u_branch_predict/gen_predictor_enabled.gen_bht_ram[0].bht_bit/SP/CLK
High Pulse Width  Slow    RAMD64E/CLK         n/a            1.250         5.000       3.750      SLICE_X46Y10  u_core/u_branch_predict/gen_predictor_enabled.gen_bht_ram[1].bht_bit/DP/CLK
High Pulse Width  Fast    RAMD64E/CLK         n/a            1.250         5.000       3.750      SLICE_X46Y10  u_core/u_branch_predict/gen_predictor_enabled.gen_bht_ram[1].bht_bit/DP/CLK
High Pulse Width  Slow    RAMD64E/CLK         n/a            1.250         5.000       3.750      SLICE_X46Y10  u_core/u_branch_predict/gen_predictor_enabled.gen_bht_ram[1].bht_bit/SP/CLK
High Pulse Width  Fast    RAMD64E/CLK         n/a            1.250         5.000       3.750      SLICE_X46Y10  u_core/u_branch_predict/gen_predictor_enabled.gen_bht_ram[1].bht_bit/SP/CLK
High Pulse Width  Slow    RAMD64E/CLK         n/a            1.250         5.000       3.750      SLICE_X30Y11  u_core/u_branch_predict/gen_predictor_enabled.gen_is_jal_ram.is_jal_bit/DP/CLK
High Pulse Width  Fast    RAMD64E/CLK         n/a            1.250         5.000       3.750      SLICE_X30Y11  u_core/u_branch_predict/gen_predictor_enabled.gen_is_jal_ram.is_jal_bit/DP/CLK
High Pulse Width  Slow    RAMD64E/CLK         n/a            1.250         5.000       3.750      SLICE_X30Y11  u_core/u_branch_predict/gen_predictor_enabled.gen_is_jal_ram.is_jal_bit/SP/CLK
High Pulse Width  Fast    RAMD64E/CLK         n/a            1.250         5.000       3.750      SLICE_X30Y11  u_core/u_branch_predict/gen_predictor_enabled.gen_is_jal_ram.is_jal_bit/SP/CLK
High Pulse Width  Slow    RAMD64E/CLK         n/a            1.250         5.000       3.750      SLICE_X30Y11  u_core/u_branch_predict/gen_predictor_enabled.gen_tag_ram[0].tag_bit/DP/CLK
High Pulse Width  Fast    RAMD64E/CLK         n/a            1.250         5.000       3.750      SLICE_X30Y11  u_core/u_branch_predict/gen_predictor_enabled.gen_tag_ram[0].tag_bit/DP/CLK
High Pulse Width  Slow    RAMD64E/CLK         n/a            1.250         5.000       3.750      SLICE_X30Y11  u_core/u_branch_predict/gen_predictor_enabled.gen_tag_ram[0].tag_bit/SP/CLK
High Pulse Width  Fast    RAMD64E/CLK         n/a            1.250         5.000       3.750      SLICE_X30Y11  u_core/u_branch_predict/gen_predictor_enabled.gen_tag_ram[0].tag_bit/SP/CLK
High Pulse Width  Slow    RAMD64E/CLK         n/a            1.250         5.000       3.750      SLICE_X26Y12  u_core/u_branch_predict/gen_predictor_enabled.gen_tag_ram[10].tag_bit/DP/CLK
High Pulse Width  Fast    RAMD64E/CLK         n/a            1.250         5.000       3.750      SLICE_X26Y12  u_core/u_branch_predict/gen_predictor_enabled.gen_tag_ram[10].tag_bit/DP/CLK
High Pulse Width  Slow    RAMD64E/CLK         n/a            1.250         5.000       3.750      SLICE_X26Y12  u_core/u_branch_predict/gen_predictor_enabled.gen_tag_ram[10].tag_bit/SP/CLK
High Pulse Width  Fast    RAMD64E/CLK         n/a            1.250         5.000       3.750      SLICE_X26Y12  u_core/u_branch_predict/gen_predictor_enabled.gen_tag_ram[10].tag_bit/SP/CLK
High Pulse Width  Slow    RAMD64E/CLK         n/a            1.250         5.000       3.750      SLICE_X26Y12  u_core/u_branch_predict/gen_predictor_enabled.gen_tag_ram[11].tag_bit/DP/CLK
High Pulse Width  Fast    RAMD64E/CLK         n/a            1.250         5.000       3.750      SLICE_X26Y12  u_core/u_branch_predict/gen_predictor_enabled.gen_tag_ram[11].tag_bit/DP/CLK



